{"textures":{"0":"modelengine:entity/nm_squirrel_gray_texture","particle":"#0"},"elements":[{"from":[5.89375,6.5577044,4.4634953],"to":[10.09375,10.557704,9.463495],"faces":{"east":{"uv":[8.25,3.25,9.5,4.25],"tintindex":0,"rotation":0,"texture":"#0"},"south":{"uv":[9.0,7.5,10.0,8.5],"tintindex":0,"rotation":0,"texture":"#0"},"north":{"uv":[7.0,9.0,8.0,10.0],"tintindex":0,"rotation":0,"texture":"#0"},"west":{"uv":[8.25,4.25,9.5,5.25],"tintindex":0,"rotation":0,"texture":"#0"},"up":{"uv":[9.0,10.0,8.0,8.75],"tintindex":0,"rotation":0,"texture":"#0"},"down":{"uv":[5.0,9.0,4.0,10.25],"tintindex":0,"rotation":0,"texture":"#0"}}},{"from":[6.51875,6.0989003,3.1569328],"to":[9.51875,7.9489,5.156933],"faces":{"east":{"uv":[6.5,8.0,7.0,8.5],"tintindex":0,"rotation":0,"texture":"#0"},"south":{"uv":[10.75,2.0,11.5,2.5],"tintindex":0,"rotation":0,"texture":"#0"},"north":{"uv":[10.75,1.5,11.5,2.0],"tintindex":0,"rotation":0,"texture":"#0"},"west":{"uv":[6.5,8.5,7.0,9.0],"tintindex":0,"rotation":0,"texture":"#0"},"up":{"uv":[3.75,11.25,3.0,10.75],"tintindex":0,"rotation":0,"texture":"#0"},"down":{"uv":[4.5,10.75,3.75,11.25],"tintindex":0,"rotation":0,"texture":"#0"}},"rotation":{"origin":[7.01875,7.0989003,3.1569328],"angle":-22.5,"axis":"x"}},{"from":[9.315748,9.823764,6.4634953],"to":[10.465748,11.823764,8.463495],"faces":{"east":{"uv":[9.5,4.5,10.0,5.0],"tintindex":0,"rotation":0,"texture":"#0"},"south":{"uv":[11.0,2.5,11.25,3.0],"tintindex":0,"rotation":0,"texture":"#0"},"north":{"uv":[2.5,11.0,2.75,11.5],"tintindex":0,"rotation":0,"texture":"#0"},"west":{"uv":[10.75,7.75,11.25,8.25],"tintindex":0,"rotation":0,"texture":"#0"},"up":{"uv":[3.0,11.5,2.75,11.0],"tintindex":0,"rotation":0,"texture":"#0"},"down":{"uv":[11.25,4.25,11.0,4.75],"tintindex":0,"rotation":0,"texture":"#0"}},"rotation":{"origin":[10.340748,11.073764,7.4634953],"angle":-22.5,"axis":"z"}},{"from":[5.5217524,9.823764,6.4634953],"to":[6.6717525,11.823764,8.463495],"faces":{"east":{"uv":[10.75,8.25,11.25,8.75],"tintindex":0,"rotation":0,"texture":"#0"},"south":{"uv":[11.0,5.75,11.25,6.25],"tintindex":0,"rotation":0,"texture":"#0"},"north":{"uv":[11.0,4.75,11.25,5.25],"tintindex":0,"rotation":0,"texture":"#0"},"west":{"uv":[10.75,8.75,11.25,9.25],"tintindex":0,"rotation":0,"texture":"#0"},"up":{"uv":[6.25,11.5,6.0,11.0],"tintindex":0,"rotation":0,"texture":"#0"},"down":{"uv":[6.5,11.0,6.25,11.5],"tintindex":0,"rotation":0,"texture":"#0"}},"rotation":{"origin":[5.6467524,11.073764,7.4634953],"angle":22.5,"axis":"z"}}],"display":{"head":{"rotation":[0.0,0.0,0.0]},"firstperson_righthand":{"rotation":[0.0,0.0,0.0]},"thirdperson_lefthand":{"rotation":[0.0,0.0,0.0]},"firstperson_lefthand":{"rotation":[0.0,0.0,0.0]},"fixed":{"rotation":[0.0,0.0,0.0]},"ground":{"rotation":[0.0,0.0,0.0]},"thirdperson_righthand":{"rotation":[0.0,0.0,0.0]},"gui":{"rotation":[-150.0,-45.0,180.0]}}}