{"textures":{"0":"modelengine:entity/nm_squirrel_gray_texture","particle":"#0"},"elements":[{"from":[7.775,4.414242,7.46194],"to":[8.725,9.414242,10.46194],"faces":{"east":{"uv":[9.5,3.25,10.25,4.5],"tintindex":0,"rotation":0,"texture":"#0"},"south":{"uv":[5.75,10.25,6.0,11.5],"tintindex":0,"rotation":0,"texture":"#0"},"north":{"uv":[5.5,10.25,5.75,11.5],"tintindex":0,"rotation":0,"texture":"#0"},"west":{"uv":[9.0,9.5,9.75,10.75],"tintindex":0,"rotation":0,"texture":"#0"},"up":{"uv":[1.75,11.75,1.5,11.0],"tintindex":0,"rotation":0,"texture":"#0"},"down":{"uv":[2.0,11.0,1.75,11.75],"tintindex":0,"rotation":0,"texture":"#0"}},"rotation":{"origin":[8.25,7.414242,9.96194],"angle":-45.0,"axis":"x"}},{"from":[7.75,3.1464748,6.940493],"to":[8.75,4.146475,10.940493],"faces":{"east":{"uv":[10.75,5.5,11.75,5.75],"tintindex":0,"rotation":0,"texture":"#0"},"south":{"uv":[9.75,5.0,10.0,5.25],"tintindex":0,"rotation":0,"texture":"#0"},"north":{"uv":[9.5,5.0,9.75,5.25],"tintindex":0,"rotation":0,"texture":"#0"},"west":{"uv":[9.0,10.75,10.0,11.0],"tintindex":0,"rotation":0,"texture":"#0"},"up":{"uv":[10.25,11.75,10.0,10.75],"tintindex":0,"rotation":0,"texture":"#0"},"down":{"uv":[10.5,10.75,10.25,11.75],"tintindex":0,"rotation":0,"texture":"#0"}}}],"display":{"head":{"rotation":[0.0,0.0,0.0]},"firstperson_righthand":{"rotation":[0.0,0.0,0.0]},"thirdperson_lefthand":{"rotation":[0.0,0.0,0.0]},"firstperson_lefthand":{"rotation":[0.0,0.0,0.0]},"fixed":{"rotation":[0.0,0.0,0.0]},"ground":{"rotation":[0.0,0.0,0.0]},"thirdperson_righthand":{"rotation":[0.0,0.0,0.0]},"gui":{"rotation":[-150.0,-45.0,180.0]}}}