{"textures":{"0":"modelengine:entity/nm_squirrel_gray_texture","particle":"#0"},"elements":[{"from":[6.475,7.160903,8.290354],"to":[9.525,10.885902,12.290354],"faces":{"east":{"uv":[9.0,8.5,10.0,9.5],"tintindex":0,"rotation":0,"texture":"#0"},"south":{"uv":[6.75,10.0,7.5,11.0],"tintindex":0,"rotation":0,"texture":"#0"},"north":{"uv":[10.0,6.5,10.75,7.5],"tintindex":0,"rotation":0,"texture":"#0"},"west":{"uv":[3.0,9.25,4.0,10.25],"tintindex":0,"rotation":0,"texture":"#0"},"up":{"uv":[8.25,11.0,7.5,10.0],"tintindex":0,"rotation":0,"texture":"#0"},"down":{"uv":[10.75,7.5,10.0,8.5],"tintindex":0,"rotation":0,"texture":"#0"}},"rotation":{"origin":[8.0,8.685903,10.290354],"angle":-45.0,"axis":"x"}},{"from":[6.5,9.021778,9.282905],"to":[9.5,14.021778,12.782906],"faces":{"east":{"uv":[2.25,9.75,3.0,11.0],"tintindex":0,"rotation":0,"texture":"#0"},"south":{"uv":[9.75,9.5,10.5,10.75],"tintindex":0,"rotation":0,"texture":"#0"},"north":{"uv":[1.5,9.75,2.25,11.0],"tintindex":0,"rotation":0,"texture":"#0"},"west":{"uv":[10.0,0.0,10.75,1.25],"tintindex":0,"rotation":0,"texture":"#0"},"up":{"uv":[11.5,0.75,10.75,0.0],"tintindex":0,"rotation":0,"texture":"#0"},"down":{"uv":[11.5,0.75,10.75,1.5],"tintindex":0,"rotation":0,"texture":"#0"}}},{"from":[6.5249996,12.336163,8.938469],"to":[9.475,17.336163,12.238469],"faces":{"east":{"uv":[5.0,9.0,6.0,10.25],"tintindex":0,"rotation":0,"texture":"#0"},"south":{"uv":[10.0,4.5,10.75,5.75],"tintindex":0,"rotation":0,"texture":"#0"},"north":{"uv":[10.0,1.25,10.75,2.5],"tintindex":0,"rotation":0,"texture":"#0"},"west":{"uv":[9.0,5.25,10.0,6.5],"tintindex":0,"rotation":0,"texture":"#0"},"up":{"uv":[9.0,11.0,8.25,10.0],"tintindex":0,"rotation":0,"texture":"#0"},"down":{"uv":[10.75,8.5,10.0,9.5],"tintindex":0,"rotation":0,"texture":"#0"}},"rotation":{"origin":[8.0,13.836163,10.475969],"angle":-45.0,"axis":"x"}},{"from":[6.525,6.1933513,6.1794777],"to":[9.475,9.668351,9.954477],"faces":{"east":{"uv":[10.0,2.5,11.0,3.25],"tintindex":0,"rotation":0,"texture":"#0"},"south":{"uv":[10.5,10.25,11.25,11.0],"tintindex":0,"rotation":0,"texture":"#0"},"north":{"uv":[10.5,9.5,11.25,10.25],"tintindex":0,"rotation":0,"texture":"#0"},"west":{"uv":[10.0,5.75,11.0,6.5],"tintindex":0,"rotation":0,"texture":"#0"},"up":{"uv":[9.0,6.25,8.25,5.25],"tintindex":0,"rotation":0,"texture":"#0"},"down":{"uv":[6.75,10.0,6.0,11.0],"tintindex":0,"rotation":0,"texture":"#0"}}}],"display":{"head":{"rotation":[0.0,0.0,0.0]},"firstperson_righthand":{"rotation":[0.0,0.0,0.0]},"thirdperson_lefthand":{"rotation":[0.0,0.0,0.0]},"firstperson_lefthand":{"rotation":[0.0,0.0,0.0]},"fixed":{"rotation":[0.0,0.0,0.0]},"ground":{"rotation":[0.0,0.0,0.0]},"thirdperson_righthand":{"rotation":[0.0,0.0,0.0]},"gui":{"rotation":[-150.0,-45.0,180.0]}}}