{"textures":{"0":"modelengine:entity/nm_robin_texture","particle":"#0"},"elements":[{"from":[7.5,6.1996665,7.9666667],"to":[8.5,6.1996665,8.966666],"faces":{"up":{"uv":[9.5,9.0,10.0,8.5],"tintindex":0,"rotation":0,"texture":"#0"},"down":{"uv":[9.5,8.5,10.0,9.0],"tintindex":0,"rotation":0,"texture":"#0"}}},{"from":[7.5,6.2006664,7.9666667],"to":[8.5,9.200666,7.9666667],"faces":{"south":{"uv":[4.5,9.5,4.0,11.0],"tintindex":0,"rotation":0,"texture":"#0"},"north":{"uv":[4.0,9.5,4.5,11.0],"tintindex":0,"rotation":0,"texture":"#0"}}},{"from":[7.5,6.1996665,5.9666667],"to":[8.5,6.1996665,7.9666667],"faces":{"up":{"uv":[6.5,10.5,7.0,9.5],"tintindex":0,"rotation":0,"texture":"#0"},"down":{"uv":[6.5,9.5,7.0,10.5],"tintindex":0,"rotation":0,"texture":"#0"}}}],"display":{"head":{"rotation":[0.0,0.0,0.0]},"firstperson_righthand":{"rotation":[0.0,0.0,0.0]},"thirdperson_lefthand":{"rotation":[0.0,0.0,0.0]},"firstperson_lefthand":{"rotation":[0.0,0.0,0.0]},"fixed":{"rotation":[0.0,0.0,0.0]},"ground":{"rotation":[0.0,0.0,0.0]},"thirdperson_righthand":{"rotation":[0.0,0.0,0.0]},"gui":{"rotation":[-150.0,-45.0,180.0]}}}