{"textures":{"0":"modelengine:entity/nm_robin_texture","particle":"#0"},"elements":[{"from":[6.525,8.0,7.8999996],"to":[9.525,8.0,13.0],"faces":{"up":{"uv":[1.5,10.0,0.0,7.5],"tintindex":0,"rotation":0,"texture":"#0"},"down":{"uv":[3.5,7.5,2.0,10.0],"tintindex":0,"rotation":0,"texture":"#0"}}}],"display":{"head":{"rotation":[0.0,0.0,0.0]},"firstperson_righthand":{"rotation":[0.0,0.0,0.0]},"thirdperson_lefthand":{"rotation":[0.0,0.0,0.0]},"firstperson_lefthand":{"rotation":[0.0,0.0,0.0]},"fixed":{"rotation":[0.0,0.0,0.0]},"ground":{"rotation":[0.0,0.0,0.0]},"thirdperson_righthand":{"rotation":[0.0,0.0,0.0]},"gui":{"rotation":[-150.0,-45.0,180.0]}}}