{"credit":"Made with Blockbench","texture_size":[32,32],"textures":{"0":"minewave:item/thor/thoraxe","particle":"minewave:item/thor/thoraxe"},"elements":[{"from":[7.25,2.5,7.25],"to":[8.75,15,8.75],"rotation":{"angle":0,"axis":"y","origin":[8,6.25,8]},"faces":{"north":{"uv":[2,6,2.75,12.25],"texture":"#0"},"east":{"uv":[3,6,3.75,12.25],"texture":"#0"},"south":{"uv":[4,6,4.75,12.25],"texture":"#0"},"west":{"uv":[5,6,5.75,12.25],"texture":"#0"},"up":{"uv":[10.75,2.75,10,2],"texture":"#0"},"down":{"uv":[11.25,6.5,10.5,7.25],"texture":"#0"}}},{"from":[8.75,15,7.25],"to":[8.75,16.5,8.75],"rotation":{"angle":0,"axis":"y","origin":[8,6.25,8]},"faces":{"north":{"uv":[0,0,0,0.75],"texture":"#0"},"east":{"uv":[10.5,7.5,11.25,8.25],"texture":"#0"},"south":{"uv":[0,0,0,0.75],"texture":"#0"},"west":{"uv":[8,10.5,8.75,11.25],"texture":"#0"},"up":{"uv":[0,0.75,0,0],"texture":"#0"},"down":{"uv":[0,0,0,0.75],"texture":"#0"}}},{"from":[7.25,15,7.25],"to":[7.25,16.5,8.75],"rotation":{"angle":0,"axis":"y","origin":[8,6.25,8]},"faces":{"north":{"uv":[0,0,0,0.75],"texture":"#0"},"east":{"uv":[10.5,8.5,11.25,9.25],"texture":"#0"},"south":{"uv":[0,0,0,0.75],"texture":"#0"},"west":{"uv":[9,10.5,9.75,11.25],"texture":"#0"},"up":{"uv":[0,0.75,0,0],"texture":"#0"},"down":{"uv":[0,0,0,0.75],"texture":"#0"}}},{"from":[8,-1.5,5],"to":[8,2.5,11],"rotation":{"angle":0,"axis":"y","origin":[8,9.30909,8.01261]},"faces":{"north":{"uv":[0,0,0,2],"texture":"#0"},"east":{"uv":[2,4,5,6],"texture":"#0"},"south":{"uv":[0,0,0,2],"texture":"#0"},"west":{"uv":[5,4,8,6],"texture":"#0"},"up":{"uv":[0,3,0,0],"texture":"#0"},"down":{"uv":[0,0,0,3],"texture":"#0"}}},{"from":[6.75,0.5,6.75],"to":[9.25,2.5,9.25],"rotation":{"angle":0,"axis":"y","origin":[8,9.30909,8.01261]},"faces":{"north":{"uv":[0,9.5,1.25,10.5],"texture":"#0"},"east":{"uv":[9.5,0,10.75,1],"texture":"#0"},"south":{"uv":[9.5,3,10.75,4],"texture":"#0"},"west":{"uv":[9.5,4,10.75,5],"texture":"#0"},"up":{"uv":[8.25,3.25,7,2],"texture":"#0"},"down":{"uv":[8.25,6,7,7.25],"texture":"#0"}}},{"from":[6.75,11.25,6.75],"to":[9.25,13.75,9.25],"rotation":{"angle":45,"axis":"x","origin":[8,12.5,8]},"faces":{"north":{"uv":[7,7.5,8.25,8.75],"texture":"#0"},"east":{"uv":[0,8,1.25,9.25],"texture":"#0"},"south":{"uv":[8,0,9.25,1.25],"texture":"#0"},"west":{"uv":[8,3.5,9.25,4.75],"texture":"#0"},"up":{"uv":[9.75,2.75,8.5,1.5],"texture":"#0"},"down":{"uv":[9.75,5,8.5,6.25],"texture":"#0"}}},{"from":[6.25,11.75,7.25],"to":[9.75,13.25,8.75],"rotation":{"angle":45,"axis":"x","origin":[8,12.5,8]},"faces":{"north":{"uv":[8.5,6.5,10.25,7.25],"texture":"#0"},"east":{"uv":[10.5,9.5,11.25,10.25],"texture":"#0"},"south":{"uv":[8.5,7.5,10.25,8.25],"texture":"#0"},"west":{"uv":[10.5,10.5,11.25,11.25],"texture":"#0"},"up":{"uv":[10.25,9.25,8.5,8.5],"texture":"#0"},"down":{"uv":[7.75,9,6,9.75],"texture":"#0"}}},{"from":[8,11.5,5.35],"to":[8,13.5,7.35],"rotation":{"angle":0,"axis":"y","origin":[8,9.03661,5.5]},"faces":{"north":{"uv":[0,0,0,1],"texture":"#0"},"east":{"uv":[6,8,7,9],"texture":"#0"},"south":{"uv":[0,0,0,1],"texture":"#0"},"west":{"uv":[8,9.5,9,10.5],"texture":"#0"},"up":{"uv":[0,1,0,0],"texture":"#0"},"down":{"uv":[0,0,0,1],"texture":"#0"}}},{"from":[8,11.5,8.6],"to":[8,13.5,10.6],"rotation":{"angle":0,"axis":"y","origin":[8,9.03661,5.5]},"faces":{"north":{"uv":[0,0,0,1],"texture":"#0"},"east":{"uv":[9,9.5,10,10.5],"texture":"#0"},"south":{"uv":[0,0,0,1],"texture":"#0"},"west":{"uv":[10,1,11,2],"texture":"#0"},"up":{"uv":[0,1,0,0],"texture":"#0"},"down":{"uv":[0,0,0,1],"texture":"#0"}}},{"from":[7.5,10.5,3.35],"to":[8.5,14.5,5.35],"rotation":{"angle":0,"axis":"y","origin":[8,9.03661,5]},"faces":{"north":{"uv":[1.5,8,2,10],"texture":"#0"},"east":{"uv":[6,0,7,2],"texture":"#0"},"south":{"uv":[1.5,10,2,12],"texture":"#0"},"west":{"uv":[6,2,7,4],"texture":"#0"},"up":{"uv":[8.5,6,8,5],"texture":"#0"},"down":{"uv":[11.5,0,11,1],"texture":"#0"}}},{"from":[8,8.5,1.35],"to":[8,16.5,5.35],"rotation":{"angle":0,"axis":"y","origin":[8,9.03661,5]},"faces":{"north":{"uv":[0,0,0,4],"texture":"#0"},"east":{"uv":[0,0,2,4],"texture":"#0"},"south":{"uv":[0,0,0,4],"texture":"#0"},"west":{"uv":[2,0,4,4],"texture":"#0"},"up":{"uv":[0,2,0,0],"texture":"#0"},"down":{"uv":[0,0,0,2],"texture":"#0"}}},{"from":[8,8.5,10.6],"to":[8,16.5,14.6],"rotation":{"angle":0,"axis":"y","origin":[8,9.03661,14.25]},"faces":{"north":{"uv":[0,0,0,4],"texture":"#0"},"east":{"uv":[0,4,2,8],"texture":"#0"},"south":{"uv":[0,0,0,4],"texture":"#0"},"west":{"uv":[4,0,6,4],"texture":"#0"},"up":{"uv":[0,2,0,0],"texture":"#0"},"down":{"uv":[0,0,0,2],"texture":"#0"}}},{"from":[8,8.5,5.35],"to":[8,11,6.35],"rotation":{"angle":0,"axis":"y","origin":[8,9.03661,5]},"faces":{"north":{"uv":[0,0,0,1.25],"texture":"#0"},"east":{"uv":[10,5,10.5,6.25],"texture":"#0"},"south":{"uv":[0,0,0,1.25],"texture":"#0"},"west":{"uv":[7,10,7.5,11.25],"texture":"#0"},"up":{"uv":[0,0.5,0,0],"texture":"#0"},"down":{"uv":[0,0,0,0.5],"texture":"#0"}}},{"from":[8,14,9.6],"to":[8,16.5,10.6],"rotation":{"angle":0,"axis":"y","origin":[8,9.03661,9.25]},"faces":{"north":{"uv":[0,0,0,1.25],"texture":"#0"},"east":{"uv":[7.5,10,8,11.25],"texture":"#0"},"south":{"uv":[0,0,0,1.25],"texture":"#0"},"west":{"uv":[10,9.5,10.5,10.75],"texture":"#0"},"up":{"uv":[0,0.5,0,0],"texture":"#0"},"down":{"uv":[0,0,0,0.5],"texture":"#0"}}},{"from":[8,8.5,9.6],"to":[8,11,10.6],"rotation":{"angle":0,"axis":"y","origin":[8,9.03661,9.25]},"faces":{"north":{"uv":[0,0,0,1.25],"texture":"#0"},"east":{"uv":[0,10.5,0.5,11.75],"texture":"#0"},"south":{"uv":[0,0,0,1.25],"texture":"#0"},"west":{"uv":[0.5,10.5,1,11.75],"texture":"#0"},"up":{"uv":[0,0.5,0,0],"texture":"#0"},"down":{"uv":[0,0,0,0.5],"texture":"#0"}}},{"from":[8,14,5.35],"to":[8,16.5,6.35],"rotation":{"angle":0,"axis":"y","origin":[8,9.03661,5]},"faces":{"north":{"uv":[0,0,0,1.25],"texture":"#0"},"east":{"uv":[1,10.5,1.5,11.75],"texture":"#0"},"south":{"uv":[0,0,0,1.25],"texture":"#0"},"west":{"uv":[10.5,5,11,6.25],"texture":"#0"},"up":{"uv":[0,0.5,0,0],"texture":"#0"},"down":{"uv":[0,0,0,0.5],"texture":"#0"}}},{"from":[7.5,10.5,10.6],"to":[8.5,14.5,12.6],"rotation":{"angle":0,"axis":"y","origin":[8,9.03661,12.25]},"faces":{"north":{"uv":[6,10,6.5,12],"texture":"#0"},"east":{"uv":[6,6,7,8],"texture":"#0"},"south":{"uv":[6.5,10,7,12],"texture":"#0"},"west":{"uv":[7,0,8,2],"texture":"#0"},"up":{"uv":[11.5,2,11,1],"texture":"#0"},"down":{"uv":[11.5,2,11,3],"texture":"#0"}}}],"display":{"thirdperson_righthand":{"translation":[0,1,0.5],"scale":[1.2,1.2,1.2]},"thirdperson_lefthand":{"translation":[0,1,0.5],"scale":[1.2,1.2,1.2]},"firstperson_righthand":{"rotation":[-5,0,0],"translation":[0,2,0]},"firstperson_lefthand":{"rotation":[-5,0,0],"translation":[0,2,0]},"ground":{"translation":[0,6,0]},"gui":{"rotation":[-90,45,90],"translation":[0.5,-0.5,0],"scale":[0.9,0.9,0.9]},"fixed":{"rotation":[-90,45,90],"translation":[1.5,-0.5,0]}},"groups":[{"name":"thoraxe","origin":[8,8.30909,8.01261],"color":0,"children":[0,1,2,3,4,5,6,7,8,9,10,11,12,13,14,15,16]}],"mcmodels":"7b257da1ce93354a363b0be32b47f8cf"}