{"credit":"Made with Blockbench","texture_size":[32,32],"textures":{"0":"minewave:item/thor/bow_1","particle":"minewave:item/thor/bow_1"},"elements":[{"from":[6.75,7.69697,2.74684],"to":[9.25,10.19697,5.24684],"rotation":{"angle":-45,"axis":"x","origin":[8,8.94697,3.99684]},"faces":{"north":{"uv":[4,6,5.25,7.25],"texture":"#0"},"east":{"uv":[5.5,6,6.75,7.25],"texture":"#0"},"south":{"uv":[6.5,2.5,7.75,3.75],"texture":"#0"},"west":{"uv":[0,7,1.25,8.25],"texture":"#0"},"up":{"uv":[8.25,1.25,7,0],"texture":"#0"},"down":{"uv":[8.25,4,7,5.25],"texture":"#0"}}},{"from":[6.25,8.19697,3.24684],"to":[9.75,9.69697,4.74684],"rotation":{"angle":-45,"axis":"x","origin":[8,8.94697,3.99684]},"faces":{"north":{"uv":[4,9,5.75,9.75],"texture":"#0"},"east":{"uv":[12.5,9,13.25,9.75],"texture":"#0"},"south":{"uv":[9,7,10.75,7.75],"texture":"#0"},"west":{"uv":[10,12.5,10.75,13.25],"texture":"#0"},"up":{"uv":[10.75,8.75,9,8],"texture":"#0"},"down":{"uv":[10.75,9,9,9.75],"texture":"#0"}}},{"from":[6.25,12.94697,3.24684],"to":[9.75,14.44697,4.74684],"rotation":{"angle":-45,"axis":"x","origin":[8,13.69697,3.99684]},"faces":{"north":{"uv":[9.5,1.5,11.25,2.25],"texture":"#0"},"east":{"uv":[11,12.5,11.75,13.25],"texture":"#0"},"south":{"uv":[0,10,1.75,10.75],"texture":"#0"},"west":{"uv":[12,12.5,12.75,13.25],"texture":"#0"},"up":{"uv":[11.75,0.75,10,0],"texture":"#0"},"down":{"uv":[11.75,2.5,10,3.25],"texture":"#0"}}},{"from":[7.25,5.03818,1.92962],"to":[8.75,8.53818,3.42962],"rotation":{"angle":22.5,"axis":"x","origin":[8,7.03818,2.67962]},"faces":{"north":{"uv":[7.5,8.5,8.25,10.25],"texture":"#0"},"east":{"uv":[6,9,6.75,10.75],"texture":"#0"},"south":{"uv":[2,10,2.75,11.75],"texture":"#0"},"west":{"uv":[10,3.5,10.75,5.25],"texture":"#0"},"up":{"uv":[0.75,13.75,0,13],"texture":"#0"},"down":{"uv":[13.75,0,13,0.75],"texture":"#0"}}},{"from":[7.25,5.03818,0.92962],"to":[8.75,5.03818,1.92962],"rotation":{"angle":22.5,"axis":"x","origin":[8,7.03818,2.67962]},"faces":{"north":{"uv":[0,0,0.75,0],"texture":"#0"},"east":{"uv":[0,0,0.5,0],"texture":"#0"},"south":{"uv":[0,0,0.75,0],"texture":"#0"},"west":{"uv":[0,0,0.5,0],"texture":"#0"},"up":{"uv":[2.75,5,2,4.5],"texture":"#0"},"down":{"uv":[3.75,4.5,3,5],"texture":"#0"}}},{"from":[8,3.53818,0.92962],"to":[8,5.03818,4.42962],"rotation":{"angle":22.5,"axis":"x","origin":[8,7.03818,2.67962]},"faces":{"north":{"uv":[0,0,0,0.75],"texture":"#0"},"east":{"uv":[4,10,5.75,10.75],"texture":"#0"},"south":{"uv":[0,0,0,0.75],"texture":"#0"},"west":{"uv":[9,10,10.75,10.75],"texture":"#0"},"up":{"uv":[0,1.75,0,0],"texture":"#0"},"down":{"uv":[0,0,0,1.75],"texture":"#0"}}},{"from":[7.25,5.03818,3.42962],"to":[8.75,6.53818,8.42962],"rotation":{"angle":22.5,"axis":"x","origin":[8,7.03818,2.67962]},"faces":{"north":{"uv":[1,13,1.75,13.75],"texture":"#0"},"east":{"uv":[4,3,6.5,3.75],"texture":"#0"},"south":{"uv":[13,2,13.75,2.75],"texture":"#0"},"west":{"uv":[4,4,6.5,4.75],"texture":"#0"},"up":{"uv":[0.75,7,0,4.5],"texture":"#0"},"down":{"uv":[1.75,4.5,1,7],"texture":"#0"}}},{"from":[8,6.53818,3.42962],"to":[8,9.03818,7.42962],"rotation":{"angle":22.5,"axis":"x","origin":[8,7.03818,2.67962]},"faces":{"north":{"uv":[0,0,0,1.25],"texture":"#0"},"east":{"uv":[0,3,2,4.25],"texture":"#0"},"south":{"uv":[0,0,0,1.25],"texture":"#0"},"west":{"uv":[2,3,4,4.25],"texture":"#0"},"up":{"uv":[0,2,0,0],"texture":"#0"},"down":{"uv":[0,0,0,2],"texture":"#0"}}},{"from":[8,2.78818,8.42962],"to":[8,8.78818,12.42962],"rotation":{"angle":22.5,"axis":"x","origin":[8,7.03818,2.67962]},"faces":{"north":{"uv":[0,0,0,3],"texture":"#0"},"east":{"uv":[0,0,2,3],"texture":"#0"},"south":{"uv":[0,0,0,3],"texture":"#0"},"west":{"uv":[2,0,4,3],"texture":"#0"},"up":{"uv":[0,2,0,0],"texture":"#0"},"down":{"uv":[0,0,0,2],"texture":"#0"}}},{"from":[6.75,4.53818,8.42962],"to":[9.25,7.03818,10.42962],"rotation":{"angle":22.5,"axis":"x","origin":[8,7.03818,2.67962]},"faces":{"north":{"uv":[7,5.5,8.25,6.75],"texture":"#0"},"east":{"uv":[6,11,7,12.25],"texture":"#0"},"south":{"uv":[7,7,8.25,8.25],"texture":"#0"},"west":{"uv":[11,8,12,9.25],"texture":"#0"},"up":{"uv":[10.25,12,9,11],"texture":"#0"},"down":{"uv":[12.25,9.5,11,10.5],"texture":"#0"}}},{"from":[6.75,12.40733,2.76823],"to":[9.25,14.90733,5.26823],"rotation":{"angle":45,"axis":"x","origin":[8,13.65733,4.01823]},"faces":{"north":{"uv":[4,7.5,5.25,8.75],"texture":"#0"},"east":{"uv":[5.5,7.5,6.75,8.75],"texture":"#0"},"south":{"uv":[8,1.5,9.25,2.75],"texture":"#0"},"west":{"uv":[0,8.5,1.25,9.75],"texture":"#0"},"up":{"uv":[9.75,1.25,8.5,0],"texture":"#0"},"down":{"uv":[2.75,8.5,1.5,9.75],"texture":"#0"}}},{"from":[7.25,14.16612,2.00101],"to":[8.75,17.66612,3.50101],"rotation":{"angle":-22.5,"axis":"x","origin":[8,15.66612,2.75101]},"faces":{"north":{"uv":[7.5,10.5,8.25,12.25],"texture":"#0"},"east":{"uv":[0,11,0.75,12.75],"texture":"#0"},"south":{"uv":[1,11,1.75,12.75],"texture":"#0"},"west":{"uv":[11,3.5,11.75,5.25],"texture":"#0"},"up":{"uv":[13.75,3.75,13,3],"texture":"#0"},"down":{"uv":[13.75,4,13,4.75],"texture":"#0"}}},{"from":[7.25,17.66612,1.00101],"to":[8.75,17.66612,2.00101],"rotation":{"angle":-22.5,"axis":"x","origin":[8,15.66612,2.75101]},"faces":{"north":{"uv":[0,0,0.75,0],"texture":"#0"},"east":{"uv":[0,0,0.5,0],"texture":"#0"},"south":{"uv":[0,0,0.75,0],"texture":"#0"},"west":{"uv":[0,0,0.5,0],"texture":"#0"},"up":{"uv":[10.75,1.5,10,1],"texture":"#0"},"down":{"uv":[10.75,5.5,10,6],"texture":"#0"}}},{"from":[8,17.66612,1.00101],"to":[8,19.16612,4.50101],"rotation":{"angle":-22.5,"axis":"x","origin":[8,15.66612,2.75101]},"faces":{"north":{"uv":[0,0,0,0.75],"texture":"#0"},"east":{"uv":[4,11,5.75,11.75],"texture":"#0"},"south":{"uv":[0,0,0,0.75],"texture":"#0"},"west":{"uv":[11,7,12.75,7.75],"texture":"#0"},"up":{"uv":[0,1.75,0,0],"texture":"#0"},"down":{"uv":[0,0,0,1.75],"texture":"#0"}}},{"from":[7.25,16.16612,3.50101],"to":[8.75,17.66612,8.50101],"rotation":{"angle":-22.5,"axis":"x","origin":[8,15.66612,2.75101]},"faces":{"north":{"uv":[5,13,5.75,13.75],"texture":"#0"},"east":{"uv":[2,5,4.5,5.75],"texture":"#0"},"south":{"uv":[13,5,13.75,5.75],"texture":"#0"},"west":{"uv":[4.5,5,7,5.75],"texture":"#0"},"up":{"uv":[6.75,2.5,6,0],"texture":"#0"},"down":{"uv":[2.75,6,2,8.5],"texture":"#0"}}},{"from":[8,13.66612,3.50101],"to":[8,16.16612,7.50101],"rotation":{"angle":-22.5,"axis":"x","origin":[8,15.66612,2.75101]},"faces":{"north":{"uv":[0,0,0,1.25],"texture":"#0"},"east":{"uv":[4,0,6,1.25],"texture":"#0"},"south":{"uv":[0,0,0,1.25],"texture":"#0"},"west":{"uv":[4,1.5,6,2.75],"texture":"#0"},"up":{"uv":[0,2,0,0],"texture":"#0"},"down":{"uv":[0,0,0,2],"texture":"#0"}}},{"from":[6.75,15.66612,8.50101],"to":[9.25,18.16612,10.50101],"rotation":{"angle":-22.5,"axis":"x","origin":[8,15.66612,2.75101]},"faces":{"north":{"uv":[8.5,3,9.75,4.25],"texture":"#0"},"east":{"uv":[10.5,11,11.5,12.25],"texture":"#0"},"south":{"uv":[8.5,4.5,9.75,5.75],"texture":"#0"},"west":{"uv":[11.5,1,12.5,2.25],"texture":"#0"},"up":{"uv":[12.75,11.5,11.5,10.5],"texture":"#0"},"down":{"uv":[12.75,11.5,11.5,12.5],"texture":"#0"}}},{"from":[7.25,9.80046,3.22849],"to":[8.75,12.80046,4.72849],"rotation":{"angle":0,"axis":"y","origin":[8,11.30046,3.97849]},"faces":{"north":{"uv":[2,12,2.75,13.5],"texture":"#0"},"east":{"uv":[12,2.5,12.75,4],"texture":"#0"},"south":{"uv":[4,12,4.75,13.5],"texture":"#0"},"west":{"uv":[12,4,12.75,5.5],"texture":"#0"},"up":{"uv":[13.75,7.75,13,7],"texture":"#0"},"down":{"uv":[13.75,8,13,8.75],"texture":"#0"}}},{"from":[7.75,11.06606,-2.57495],"to":[8.25,11.56606,8.42505],"rotation":{"angle":0,"axis":"y","origin":[8.025,13.89106,3.87505]},"faces":{"north":{"uv":[6,2.5,6.25,2.75],"texture":"#0"},"east":{"uv":[8.5,6,14,6.25],"texture":"#0"},"south":{"uv":[6.5,4,6.75,4.25],"texture":"#0"},"west":{"uv":[8.5,6.5,14,6.75],"texture":"#0"},"up":{"uv":[7.25,14,7,8.5],"texture":"#0"},"down":{"uv":[8.75,7,8.5,12.5],"texture":"#0"}}},{"from":[7,11.31606,-3.57495],"to":[9,11.31606,-2.07495],"rotation":{"angle":0,"axis":"y","origin":[8.025,13.89106,3.87505]},"faces":{"north":{"uv":[0,0,1,0],"texture":"#0"},"east":{"uv":[0,0,0.75,0],"texture":"#0"},"south":{"uv":[0,0,1,0],"texture":"#0"},"west":{"uv":[0,0,0.75,0],"texture":"#0"},"up":{"uv":[10,12.75,9,12],"texture":"#0"},"down":{"uv":[13.5,1,12.5,1.75],"texture":"#0"}}},{"from":[8,10.31606,7.92505],"to":[8,12.31606,9.92505],"rotation":{"angle":0,"axis":"y","origin":[8.025,13.89106,15.87505]},"faces":{"north":{"uv":[0,0,0,1],"texture":"#0"},"east":{"uv":[7,1.5,8,2.5],"texture":"#0"},"south":{"uv":[0,0,0,1],"texture":"#0"},"west":{"uv":[12,0,13,1],"texture":"#0"},"up":{"uv":[0,1,0,0],"texture":"#0"},"down":{"uv":[0,0,0,1],"texture":"#0"}}},{"from":[7,11.31606,7.92505],"to":[9,11.31606,9.92505],"rotation":{"angle":0,"axis":"y","origin":[8.025,13.89106,15.87505]},"faces":{"north":{"uv":[0,0,1,0],"texture":"#0"},"east":{"uv":[0,0,1,0],"texture":"#0"},"south":{"uv":[0,0,1,0],"texture":"#0"},"west":{"uv":[0,0,1,0],"texture":"#0"},"up":{"uv":[6,13,5,12],"texture":"#0"},"down":{"uv":[13,8,12,9],"texture":"#0"}}},{"from":[8,10.31606,-3.57495],"to":[8,12.31606,-2.07495],"rotation":{"angle":0,"axis":"y","origin":[8.025,13.89106,3.87505]},"faces":{"north":{"uv":[0,0,0,1],"texture":"#0"},"east":{"uv":[6,12.5,6.75,13.5],"texture":"#0"},"south":{"uv":[0,0,0,1],"texture":"#0"},"west":{"uv":[7.5,12.5,8.25,13.5],"texture":"#0"},"up":{"uv":[0,0.75,0,0],"texture":"#0"},"down":{"uv":[0,0,0,0.75],"texture":"#0"}}},{"from":[8.1,4.1135,8.90759],"to":[8.1,18.6135,9.40759],"rotation":{"angle":0,"axis":"y","origin":[8.1,11.38377,2.7459]},"faces":{"north":{"uv":[0,0,0,7.25],"texture":"#0"},"east":{"uv":[3,6,3.25,13.25],"texture":"#0"},"south":{"uv":[0,0,0,7.25],"texture":"#0"},"west":{"uv":[3.5,6,3.75,13.25],"texture":"#0"},"up":{"uv":[0,0.25,0,0],"texture":"#0"},"down":{"uv":[0,0,0,0.25],"texture":"#0"}}}],"display":{"thirdperson_righthand":{"translation":[0,-5,3.5],"scale":[0.9,0.9,0.9]},"thirdperson_lefthand":{"translation":[0,-5,3.5],"scale":[0.9,0.9,0.9]},"firstperson_righthand":{"rotation":[-5,3,0],"translation":[0,0,1],"scale":[0.7,0.7,0.7]},"firstperson_lefthand":{"rotation":[-5,3,0],"translation":[0,0,1],"scale":[0.7,0.7,0.7]},"ground":{"translation":[0,6,0],"scale":[0.8,0.8,0.8]},"gui":{"rotation":[90,45,-90],"translation":[-0.5,-2,0],"scale":[0.7,0.7,0.7]},"fixed":{"rotation":[90,-45,90],"translation":[2,-2,0],"scale":[0.8,0.8,0.8]}},"groups":[{"name":"thorbow","origin":[8,16.75046,10.51331],"color":0,"children":[0,1,2,3,4,5,6,7,8,9,10,11,12,13,14,15,16,17,18,19,20,21,22,23]}],"mcmodels":"7b257da1ce93354a363b0be32b47f8cf"}