{
	"format_version": "1.21.6",
	"credit": "Made with Blockbench",
	"texture_size": [64, 64],
	"textures": {
		"0": "minewave:item/thor/thorcape",
		"particle": "minewave:item/thor/thorcape"
	},
	"elements": [
		{
			"from": [2, 0, 7.5],
			"to": [2, 17, 9],
			"rotation": {"angle": -22.5, "axis": "x", "origin": [8, 8.5, 8]},
			"faces": {
				"north": {"uv": [0, 0, 0, 4.25], "texture": "#0"},
				"east": {"uv": [0, 5, 0.375, 9.25], "texture": "#0"},
				"south": {"uv": [0, 0, 0, 4.25], "texture": "#0"},
				"west": {"uv": [0.5, 5, 0.875, 9.25], "texture": "#0"},
				"up": {"uv": [0, 0.375, 0, 0], "texture": "#0"},
				"down": {"uv": [0, 0, 0, 0.375], "texture": "#0"}
			}
		},
		{
			"from": [14, 0, 7.5],
			"to": [14, 17, 9],
			"rotation": {"angle": -22.5, "axis": "x", "origin": [8, 8.5, 8]},
			"faces": {
				"north": {"uv": [0, 0, 0, 4.25], "texture": "#0"},
				"east": {"uv": [1, 5, 1.375, 9.25], "texture": "#0"},
				"south": {"uv": [0, 0, 0, 4.25], "texture": "#0"},
				"west": {"uv": [1.5, 5, 1.875, 9.25], "texture": "#0"},
				"up": {"uv": [0, 0.375, 0, 0], "texture": "#0"},
				"down": {"uv": [0, 0, 0, 0.375], "texture": "#0"}
			}
		},
		{
			"from": [2, 1.01627, 12.10462],
			"to": [14, 1.01627, 15.10462],
			"rotation": {"angle": 22.5, "axis": "x", "origin": [8, 1.04389, 12.20071]},
			"faces": {
				"north": {"uv": [0, 0, 3, 0], "texture": "#0"},
				"east": {"uv": [0, 0, 0.75, 0], "texture": "#0"},
				"south": {"uv": [0, 0, 3, 0], "texture": "#0"},
				"west": {"uv": [0, 0, 0.75, 0], "texture": "#0"},
				"up": {"uv": [3, 5, 0, 4.25], "texture": "#0"},
				"down": {"uv": [6, 4.25, 3, 5], "texture": "#0"}
			}
		},
		{
			"from": [2, 0, 9],
			"to": [14, 17, 9],
			"rotation": {"angle": -22.5, "axis": "x", "origin": [8, 8.5, 8]},
			"faces": {
				"north": {"uv": [0, 0, 3, 4.25], "texture": "#0"},
				"east": {"uv": [0, 0, 0, 4.25], "texture": "#0"},
				"south": {"uv": [3, 0, 6, 4.25], "texture": "#0"},
				"west": {"uv": [0, 0, 0, 4.25], "texture": "#0"},
				"up": {"uv": [3, 0, 0, 0], "texture": "#0"},
				"down": {"uv": [3, 0, 0, 0], "texture": "#0"}
			}
		},
		{
			"from": [2, 17, 7.5],
			"to": [14, 17, 9],
			"rotation": {"angle": -22.5, "axis": "x", "origin": [8, 8.5, 8]},
			"faces": {
				"north": {"uv": [0, 0, 3, 0], "texture": "#0"},
				"east": {"uv": [0, 0, 0.375, 0], "texture": "#0"},
				"south": {"uv": [0, 0, 3, 0], "texture": "#0"},
				"west": {"uv": [0, 0, 0.375, 0], "texture": "#0"},
				"up": {"uv": [5, 5.375, 2, 5], "texture": "#0"},
				"down": {"uv": [8, 5, 5, 5.375], "texture": "#0"}
			}
		}
	],
	"display": {
		"thirdperson_righthand": {
			"rotation": [90, 0, 0],
			"translation": [0, -1, -2.5],
			"scale": [0.3, 0.3, 0.3]
		},
		"thirdperson_lefthand": {
			"rotation": [67, 0, 0],
			"translation": [-6, -9.5, 6]
		},
		"firstperson_righthand": {
			"scale": [0.3, 0.3, 0.3]
		},
		"firstperson_lefthand": {
			"scale": [0, 0, 0]
		},
		"ground": {
			"translation": [0, 6, 0],
			"scale": [0.5, 0.5, 0.5]
		},
		"gui": {
			"rotation": [15, 45, 0],
			"scale": [0.7, 0.7, 0.7]
		},
		"head": {
			"translation": [0, -23.5, 8],
			"scale": [2, 2, 2]
		},
		"fixed": {
			"rotation": [165, 0, -180]
		}
	},
	"groups": [
		{
			"name": "thorcape",
			"origin": [8, 8.5, 8],
			"color": 0,
			"children": [0, 1, 2, 3, 4]
		}
	],
	"mcmodels": "7b257da1ce93354a363b0be32b47f8cf"
}