{"credit":"Made with Blockbench","texture_size":[128,128],"textures":{"1":"minewave:item/thor/crate"},"elements":[{"from":[0,5.5,1],"to":[16,7,3],"rotation":{"angle":0,"axis":"y","origin":[-2,-4,-1]},"faces":{"north":{"uv":[2,5,4,5.1875],"texture":"#1"},"east":{"uv":[4.625,7.5,4.875,7.6875],"texture":"#1"},"south":{"uv":[4,5,6,5.1875],"texture":"#1"},"west":{"uv":[4.875,7.5,5.125,7.6875],"texture":"#1"},"up":{"uv":[6.5,3.125,4.5,2.875],"texture":"#1"},"down":{"uv":[6.125,4.5,4.125,4.75],"texture":"#1"}}},{"from":[3.5,3,1.5],"to":[7.5,5.5,1.5],"rotation":{"angle":0,"axis":"y","origin":[-2,-4,-1]},"faces":{"north":{"uv":[5.875,2.375,6.375,2.6875],"texture":"#1"},"east":{"uv":[0,0,0,0.3125],"texture":"#1"},"south":{"uv":[1.75,6,2.25,6.3125],"texture":"#1"},"west":{"uv":[0,0,0,0.3125],"texture":"#1"},"up":{"uv":[0.5,0,0,0],"texture":"#1"},"down":{"uv":[0,0,0.5,0],"texture":"#1"}}},{"from":[8.5,3,1.5],"to":[12.5,5.5,1.5],"rotation":{"angle":0,"axis":"y","origin":[3,-4,-1]},"faces":{"north":{"uv":[2.25,6,2.75,6.3125],"texture":"#1"},"east":{"uv":[0,0,0,0.3125],"texture":"#1"},"south":{"uv":[2.75,6,3.25,6.3125],"texture":"#1"},"west":{"uv":[0,0,0,0.3125],"texture":"#1"},"up":{"uv":[0,0,0.5,0],"texture":"#1"},"down":{"uv":[0,0,0.5,0],"texture":"#1"}}},{"from":[6.75,5,0.5],"to":[9.25,7.5,3],"rotation":{"angle":45,"axis":"z","origin":[8,6.25,1.75]},"faces":{"north":{"uv":[2.75,7,3.0625,7.3125],"texture":"#1"},"east":{"uv":[7,3.5,7.3125,3.8125],"texture":"#1"},"south":{"uv":[7,4.375,7.3125,4.6875],"texture":"#1"},"west":{"uv":[7,5.75,7.3125,6.0625],"texture":"#1"},"up":{"uv":[7.3125,6.4375,7,6.125],"texture":"#1"},"down":{"uv":[7.3125,6.5,7,6.8125],"texture":"#1"}}},{"from":[2.5,6.5,2.5],"to":[13.5,11.5,3.5],"rotation":{"angle":-22.5,"axis":"x","origin":[14.25,8.5,3.5]},"faces":{"north":{"uv":[3.125,2,4.5,2.625],"texture":"#1"},"east":{"uv":[0.5,7.375,0.625,8],"texture":"#1"},"south":{"uv":[3.125,2.625,4.5,3.25],"texture":"#1"},"west":{"uv":[0.625,7.375,0.75,8],"texture":"#1"},"up":{"uv":[1.375,5,0,4.875],"texture":"#1"},"down":{"uv":[7.25,0.25,5.875,0.375],"texture":"#1"}}},{"from":[2.5,11.5,2.5],"to":[13.5,12.5,10],"rotation":{"angle":-22.5,"axis":"x","origin":[14.25,8.5,3.5]},"faces":{"north":{"uv":[5.875,0.375,7.25,0.5],"texture":"#1"},"east":{"uv":[4.5,3.125,5.4375,3.25],"texture":"#1"},"south":{"uv":[5.875,0.5,7.25,0.625],"texture":"#1"},"west":{"uv":[6.125,4.875,7.0625,5],"texture":"#1"},"up":{"uv":[3.125,3.1875,1.75,2.25],"texture":"#1"},"down":{"uv":[1.375,3,0,3.9375],"texture":"#1"}}},{"from":[13.6,10.5,2],"to":[14.6,12.5,14],"rotation":{"angle":0,"axis":"y","origin":[10.1,-4.5,9.5]},"faces":{"north":{"uv":[1.25,4.625,1.375,4.875],"texture":"#1"},"east":{"uv":[0,5.25,1.5,5.5],"texture":"#1"},"south":{"uv":[6.875,4.5,7,4.75],"texture":"#1"},"west":{"uv":[1.5,5.25,3,5.5],"texture":"#1"},"up":{"uv":[4.625,7.25,4.5,5.75],"texture":"#1"},"down":{"uv":[5.25,5.75,5.125,7.25],"texture":"#1"}}},{"from":[13.6,12.5,5],"to":[14.6,13.75,11],"rotation":{"angle":0,"axis":"y","origin":[10.1,-4.5,9.5]},"faces":{"north":{"uv":[7.375,7.625,7.5,7.8125],"texture":"#1"},"east":{"uv":[3.25,6,4,6.1875],"texture":"#1"},"south":{"uv":[0,7.75,0.125,7.9375],"texture":"#1"},"west":{"uv":[6,5,6.75,5.1875],"texture":"#1"},"up":{"uv":[3.25,7.75,3.125,7],"texture":"#1"},"down":{"uv":[6.875,7.125,6.75,7.875],"texture":"#1"}}},{"from":[13.6,7,2.5],"to":[14.6,10.5,13.5],"rotation":{"angle":0,"axis":"y","origin":[10.1,-4.5,9.5]},"faces":{"north":{"uv":[7.375,6.75,7.5,7.1875],"texture":"#1"},"east":{"uv":[1.375,4.5,2.75,4.9375],"texture":"#1"},"south":{"uv":[1.625,7.5,1.75,7.9375],"texture":"#1"},"west":{"uv":[4.5,1.875,5.875,2.3125],"texture":"#1"},"up":{"uv":[5.625,7.25,5.5,5.875],"texture":"#1"},"down":{"uv":[5.75,5.875,5.625,7.25],"texture":"#1"}}},{"from":[1.4,7,2.5],"to":[2.4,10.5,13.5],"rotation":{"angle":0,"axis":"y","origin":[-2.1,-4.5,9.5]},"faces":{"north":{"uv":[7.5,2.875,7.625,3.3125],"texture":"#1"},"east":{"uv":[4.5,2.375,5.875,2.8125],"texture":"#1"},"south":{"uv":[3.5,7.5,3.625,7.9375],"texture":"#1"},"west":{"uv":[2.75,4.5,4.125,4.9375],"texture":"#1"},"up":{"uv":[5.875,7.25,5.75,5.875],"texture":"#1"},"down":{"uv":[6,5.875,5.875,7.25],"texture":"#1"}}},{"from":[1.4,12.5,5],"to":[2.4,13.75,11],"rotation":{"angle":0,"axis":"y","origin":[-2.1,-4.5,9.5]},"faces":{"north":{"uv":[0.125,7.75,0.25,7.9375],"texture":"#1"},"east":{"uv":[6,5.875,6.75,6.0625],"texture":"#1"},"south":{"uv":[0.25,7.75,0.375,7.9375],"texture":"#1"},"west":{"uv":[6.125,4.5,6.875,4.6875],"texture":"#1"},"up":{"uv":[7,7.875,6.875,7.125],"texture":"#1"},"down":{"uv":[7.375,2.125,7.25,2.875],"texture":"#1"}}},{"from":[1.4,10.5,2],"to":[2.4,12.5,14],"rotation":{"angle":0,"axis":"y","origin":[-2.1,-4.5,9.5]},"faces":{"north":{"uv":[3,7.625,3.125,7.875],"texture":"#1"},"east":{"uv":[3,5.25,4.5,5.5],"texture":"#1"},"south":{"uv":[7.25,7.625,7.375,7.875],"texture":"#1"},"west":{"uv":[5.25,3.875,6.75,4.125],"texture":"#1"},"up":{"uv":[5.375,7.25,5.25,5.75],"texture":"#1"},"down":{"uv":[5.5,5.75,5.375,7.25],"texture":"#1"}}},{"from":[1,6.5,12.5],"to":[2.5,11.5,14],"rotation":{"angle":22.5,"axis":"x","origin":[1.75,8.5,12.5]},"faces":{"north":{"uv":[3.5,6.25,3.6875,6.875],"texture":"#1"},"east":{"uv":[3.75,6.25,3.9375,6.875],"texture":"#1"},"south":{"uv":[6.25,6.125,6.4375,6.75],"texture":"#1"},"west":{"uv":[1.75,6.375,1.9375,7],"texture":"#1"},"up":{"uv":[7.8125,0.1875,7.625,0],"texture":"#1"},"down":{"uv":[7.8125,0.25,7.625,0.4375],"texture":"#1"}}},{"from":[13.5,11.5,5.75],"to":[15,13,14],"rotation":{"angle":22.5,"axis":"x","origin":[14.25,8.5,12.5]},"faces":{"north":{"uv":[7.625,0.5,7.8125,0.6875],"texture":"#1"},"east":{"uv":[3.5,5.5,4.5625,5.6875],"texture":"#1"},"south":{"uv":[7.625,0.75,7.8125,0.9375],"texture":"#1"},"west":{"uv":[5.5,3.5,6.5625,3.6875],"texture":"#1"},"up":{"uv":[4.8125,6.5625,4.625,5.5],"texture":"#1"},"down":{"uv":[5.0625,5.5,4.875,6.5625],"texture":"#1"}}},{"from":[13.5,13,14],"to":[15,13,15],"rotation":{"angle":22.5,"axis":"x","origin":[14.25,8.5,12.5]},"faces":{"north":{"uv":[0,0,0.1875,0],"texture":"#1"},"east":{"uv":[0,0,0.125,0],"texture":"#1"},"south":{"uv":[0,0,0.1875,0],"texture":"#1"},"west":{"uv":[0,0,0.125,0],"texture":"#1"},"up":{"uv":[6.6875,3.125,6.5,3],"texture":"#1"},"down":{"uv":[6.6875,5.25,6.5,5.375],"texture":"#1"}}},{"from":[1.75,13,11.5],"to":[1.75,14.5,15],"rotation":{"angle":22.5,"axis":"x","origin":[1.75,8.5,12.5]},"faces":{"north":{"uv":[0,0,0,0.1875],"texture":"#1"},"east":{"uv":[6.75,0,7.1875,0.1875],"texture":"#1"},"south":{"uv":[0,0,0,0.1875],"texture":"#1"},"west":{"uv":[6.75,3.875,7.1875,4.0625],"texture":"#1"},"up":{"uv":[0,0.4375,0,0],"texture":"#1"},"down":{"uv":[0,0,0,0.4375],"texture":"#1"}}},{"from":[1,13,14],"to":[2.5,13,15],"rotation":{"angle":22.5,"axis":"x","origin":[1.75,8.5,12.5]},"faces":{"north":{"uv":[0,0,0.1875,0],"texture":"#1"},"east":{"uv":[0,0,0.125,0],"texture":"#1"},"south":{"uv":[0,0,0.1875,0],"texture":"#1"},"west":{"uv":[0,0,0.125,0],"texture":"#1"},"up":{"uv":[7.4375,3,7.25,2.875],"texture":"#1"},"down":{"uv":[7.8125,1,7.625,1.125],"texture":"#1"}}},{"from":[14.25,13,11.5],"to":[14.25,14.5,15],"rotation":{"angle":22.5,"axis":"x","origin":[14.25,8.5,12.5]},"faces":{"north":{"uv":[0,0,0,0.1875],"texture":"#1"},"east":{"uv":[7.125,5.25,7.5625,5.4375],"texture":"#1"},"south":{"uv":[0,0,0,0.1875],"texture":"#1"},"west":{"uv":[7.25,1.125,7.6875,1.3125],"texture":"#1"},"up":{"uv":[0,0,0,0.4375],"texture":"#1"},"down":{"uv":[0,0,0,0.4375],"texture":"#1"}}},{"from":[13.5,6.5,2],"to":[15,11.5,3.5],"rotation":{"angle":-22.5,"axis":"x","origin":[14.25,8.5,3.5]},"faces":{"north":{"uv":[2,6.375,2.1875,7],"texture":"#1"},"east":{"uv":[2.25,6.375,2.4375,7],"texture":"#1"},"south":{"uv":[2.5,6.375,2.6875,7],"texture":"#1"},"west":{"uv":[2.75,6.375,2.9375,7],"texture":"#1"},"up":{"uv":[1.9375,7.8125,1.75,7.625],"texture":"#1"},"down":{"uv":[7.8125,1.75,7.625,1.9375],"texture":"#1"}}},{"from":[13.5,11.5,2],"to":[15,13,10.25],"rotation":{"angle":-22.5,"axis":"x","origin":[14.25,8.5,3.5]},"faces":{"north":{"uv":[2,7.625,2.1875,7.8125],"texture":"#1"},"east":{"uv":[5.125,5.5,6.1875,5.6875],"texture":"#1"},"south":{"uv":[2.25,7.625,2.4375,7.8125],"texture":"#1"},"west":{"uv":[5.625,0,6.6875,0.1875],"texture":"#1"},"up":{"uv":[5.8125,1.3125,5.625,0.25],"texture":"#1"},"down":{"uv":[1.1875,5.75,1,6.8125],"texture":"#1"}}},{"from":[13.5,6.5,12.5],"to":[15,11.5,14],"rotation":{"angle":22.5,"axis":"x","origin":[14.25,8.5,12.5]},"faces":{"north":{"uv":[3,6.375,3.1875,7],"texture":"#1"},"east":{"uv":[6.5,6.125,6.6875,6.75],"texture":"#1"},"south":{"uv":[4.625,6.625,4.8125,7.25],"texture":"#1"},"west":{"uv":[4.875,6.625,5.0625,7.25],"texture":"#1"},"up":{"uv":[2.6875,7.8125,2.5,7.625],"texture":"#1"},"down":{"uv":[2.9375,7.625,2.75,7.8125],"texture":"#1"}}},{"from":[1,11.5,2],"to":[2.5,13,10.25],"rotation":{"angle":-22.5,"axis":"x","origin":[1.75,8.5,3.5]},"faces":{"north":{"uv":[7.625,2.875,7.8125,3.0625],"texture":"#1"},"east":{"uv":[5.625,1.375,6.6875,1.5625],"texture":"#1"},"south":{"uv":[7.625,3.125,7.8125,3.3125],"texture":"#1"},"west":{"uv":[5.625,1.625,6.6875,1.8125],"texture":"#1"},"up":{"uv":[1.4375,6.8125,1.25,5.75],"texture":"#1"},"down":{"uv":[1.6875,5.75,1.5,6.8125],"texture":"#1"}}},{"from":[1,13,1],"to":[2.5,13,2],"rotation":{"angle":-22.5,"axis":"x","origin":[1.75,8.5,3.5]},"faces":{"north":{"uv":[0,0,0.1875,0],"texture":"#1"},"east":{"uv":[0,0,0.125,0],"texture":"#1"},"south":{"uv":[0,0,0.1875,0],"texture":"#1"},"west":{"uv":[0,0,0.125,0],"texture":"#1"},"up":{"uv":[7.8125,2.125,7.625,2],"texture":"#1"},"down":{"uv":[7.8125,5.625,7.625,5.75],"texture":"#1"}}},{"from":[14.25,13,1],"to":[14.25,14.5,4.5],"rotation":{"angle":-22.5,"axis":"x","origin":[14.25,8.5,3.5]},"faces":{"north":{"uv":[0,0,0,0.1875],"texture":"#1"},"east":{"uv":[7.25,3.875,7.6875,4.0625],"texture":"#1"},"south":{"uv":[0,0,0,0.1875],"texture":"#1"},"west":{"uv":[7.25,4.125,7.6875,4.3125],"texture":"#1"},"up":{"uv":[0,0,0,0.4375],"texture":"#1"},"down":{"uv":[0,0,0,0.4375],"texture":"#1"}}},{"from":[13.5,13,1],"to":[15,13,2],"rotation":{"angle":-22.5,"axis":"x","origin":[14.25,8.5,3.5]},"faces":{"north":{"uv":[0,0,0.1875,0],"texture":"#1"},"east":{"uv":[0,0,0.125,0],"texture":"#1"},"south":{"uv":[0,0,0.1875,0],"texture":"#1"},"west":{"uv":[0,0,0.125,0],"texture":"#1"},"up":{"uv":[7.9375,1.25,7.75,1.125],"texture":"#1"},"down":{"uv":[7.9375,1.25,7.75,1.375],"texture":"#1"}}},{"from":[1.75,13,1],"to":[1.75,14.5,4.5],"rotation":{"angle":-22.5,"axis":"x","origin":[1.75,8.5,3.5]},"faces":{"north":{"uv":[0,0,0,0.1875],"texture":"#1"},"east":{"uv":[4.5,7.25,4.9375,7.4375],"texture":"#1"},"south":{"uv":[0,0,0,0.1875],"texture":"#1"},"west":{"uv":[5,7.25,5.4375,7.4375],"texture":"#1"},"up":{"uv":[0,0,0,0.4375],"texture":"#1"},"down":{"uv":[0,0,0,0.4375],"texture":"#1"}}},{"from":[1.75,13,7.25],"to":[1.75,14,10.65],"rotation":{"angle":-22.5,"axis":"x","origin":[1.75,8.5,3.5]},"faces":{"north":{"uv":[0,0,0,0.125],"texture":"#1"},"east":{"uv":[6.5,2.875,6.9375,3],"texture":"#1"},"south":{"uv":[0,0,0,0.125],"texture":"#1"},"west":{"uv":[6.5,5.375,6.9375,5.5],"texture":"#1"},"up":{"uv":[0,0,0,0.4375],"texture":"#1"},"down":{"uv":[0,0,0,0.4375],"texture":"#1"}}},{"from":[14.25,13,5.35],"to":[14.25,14,8.75],"rotation":{"angle":22.5,"axis":"x","origin":[14.25,8.5,12.5]},"faces":{"north":{"uv":[0,0,0,0.125],"texture":"#1"},"east":{"uv":[6.75,1.75,7.1875,1.875],"texture":"#1"},"south":{"uv":[0,0,0,0.125],"texture":"#1"},"west":{"uv":[7.5,1.375,7.9375,1.5],"texture":"#1"},"up":{"uv":[0,0,0,0.4375],"texture":"#1"},"down":{"uv":[0,0,0,0.4375],"texture":"#1"}}},{"from":[14.25,13,7.25],"to":[14.25,14,10.65],"rotation":{"angle":-22.5,"axis":"x","origin":[14.25,8.5,3.5]},"faces":{"north":{"uv":[0,0,0,0.125],"texture":"#1"},"east":{"uv":[7.5,1.5,7.9375,1.625],"texture":"#1"},"south":{"uv":[0,0,0,0.125],"texture":"#1"},"west":{"uv":[7.5,1.625,7.9375,1.75],"texture":"#1"},"up":{"uv":[0,0,0,0.4375],"texture":"#1"},"down":{"uv":[0,0,0,0.4375],"texture":"#1"}}},{"from":[1.75,13,5.35],"to":[1.75,14,8.75],"rotation":{"angle":22.5,"axis":"x","origin":[1.75,8.5,12.5]},"faces":{"north":{"uv":[0,0,0,0.125],"texture":"#1"},"east":{"uv":[3.625,7.5,4.0625,7.625],"texture":"#1"},"south":{"uv":[0,0,0,0.125],"texture":"#1"},"west":{"uv":[4.125,7.5,4.5625,7.625],"texture":"#1"},"up":{"uv":[0,0,0,0.4375],"texture":"#1"},"down":{"uv":[0,0,0,0.4375],"texture":"#1"}}},{"from":[1,6.5,2],"to":[2.5,11.5,3.5],"rotation":{"angle":-22.5,"axis":"x","origin":[1.75,8.5,3.5]},"faces":{"north":{"uv":[0,6.75,0.1875,7.375],"texture":"#1"},"east":{"uv":[0.25,6.75,0.4375,7.375],"texture":"#1"},"south":{"uv":[0.5,6.75,0.6875,7.375],"texture":"#1"},"west":{"uv":[0.75,6.75,0.9375,7.375],"texture":"#1"},"up":{"uv":[3.8125,7.8125,3.625,7.625],"texture":"#1"},"down":{"uv":[4.0625,7.625,3.875,7.8125],"texture":"#1"}}},{"from":[1,11.5,5.75],"to":[2.5,13,14],"rotation":{"angle":22.5,"axis":"x","origin":[1.75,8.5,12.5]},"faces":{"north":{"uv":[4.125,7.625,4.3125,7.8125],"texture":"#1"},"east":{"uv":[1.75,5.75,2.8125,5.9375],"texture":"#1"},"south":{"uv":[4.375,7.625,4.5625,7.8125],"texture":"#1"},"west":{"uv":[2.875,5.75,3.9375,5.9375],"texture":"#1"},"up":{"uv":[4.1875,6.8125,4,5.75],"texture":"#1"},"down":{"uv":[4.4375,5.75,4.25,6.8125],"texture":"#1"}}},{"from":[2.5,11.5,5.95],"to":[13.5,12.5,13.5],"rotation":{"angle":22.5,"axis":"x","origin":[1.75,8.5,12.5]},"faces":{"north":{"uv":[5.875,0.625,7.25,0.75],"texture":"#1"},"east":{"uv":[6.25,5.5,7.1875,5.625],"texture":"#1"},"south":{"uv":[5.875,0.75,7.25,0.875],"texture":"#1"},"west":{"uv":[6.25,5.625,7.1875,5.75],"texture":"#1"},"up":{"uv":[4.5,0.9375,3.125,0],"texture":"#1"},"down":{"uv":[4.5,1,3.125,1.9375],"texture":"#1"}}},{"from":[2.5,6.5,12.5],"to":[13.5,11.5,13.5],"rotation":{"angle":22.5,"axis":"x","origin":[1.75,8.5,12.5]},"faces":{"north":{"uv":[1.375,3.25,2.75,3.875],"texture":"#1"},"east":{"uv":[0.75,7.375,0.875,8],"texture":"#1"},"south":{"uv":[2.75,3.25,4.125,3.875],"texture":"#1"},"west":{"uv":[0.875,7.375,1,8],"texture":"#1"},"up":{"uv":[7.25,1,5.875,0.875],"texture":"#1"},"down":{"uv":[7.25,1,5.875,1.125],"texture":"#1"}}},{"from":[0,5.5,13],"to":[16,7,15],"rotation":{"angle":0,"axis":"y","origin":[-2,-4,-1]},"faces":{"north":{"uv":[5.25,4.125,7.25,4.3125],"texture":"#1"},"east":{"uv":[7.5,4.875,7.75,5.0625],"texture":"#1"},"south":{"uv":[4.5,5.25,6.5,5.4375],"texture":"#1"},"west":{"uv":[5.125,7.5,5.375,7.6875],"texture":"#1"},"up":{"uv":[6.125,5,4.125,4.75],"texture":"#1"},"down":{"uv":[2,5,0,5.25],"texture":"#1"}}},{"from":[3,5,12.75],"to":[5,7.5,15.25],"rotation":{"angle":0,"axis":"y","origin":[-2,-4,-1]},"faces":{"north":{"uv":[7,7.25,7.25,7.5625],"texture":"#1"},"east":{"uv":[6.75,3,7.0625,3.3125],"texture":"#1"},"south":{"uv":[7.25,7.25,7.5,7.5625],"texture":"#1"},"west":{"uv":[6.75,5,7.0625,5.3125],"texture":"#1"},"up":{"uv":[0.25,7.6875,0,7.375],"texture":"#1"},"down":{"uv":[0.5,7.375,0.25,7.6875],"texture":"#1"}}},{"from":[11,5,12.75],"to":[13,7.5,15.25],"rotation":{"angle":0,"axis":"y","origin":[-2,-4,-1]},"faces":{"north":{"uv":[6.75,2.375,7,2.6875],"texture":"#1"},"east":{"uv":[6.375,2.375,6.6875,2.6875],"texture":"#1"},"south":{"uv":[5.5,7.25,5.75,7.5625],"texture":"#1"},"west":{"uv":[6.75,1.375,7.0625,1.6875],"texture":"#1"},"up":{"uv":[6,7.5625,5.75,7.25],"texture":"#1"},"down":{"uv":[6.25,7.25,6,7.5625],"texture":"#1"}}},{"from":[0,5.5,3],"to":[2,7,13],"rotation":{"angle":0,"axis":"y","origin":[-2,-4,-1]},"faces":{"north":{"uv":[7.5,6.75,7.75,6.9375],"texture":"#1"},"east":{"uv":[0,4.625,1.25,4.8125],"texture":"#1"},"south":{"uv":[7.5,7,7.75,7.1875],"texture":"#1"},"west":{"uv":[1,5.5,2.25,5.6875],"texture":"#1"},"up":{"uv":[0.25,6.75,0,5.5],"texture":"#1"},"down":{"uv":[0.5,5.5,0.25,6.75],"texture":"#1"}}},{"from":[14,5.5,3],"to":[16,7,13],"rotation":{"angle":0,"axis":"y","origin":[-2,-4,-1]},"faces":{"north":{"uv":[7.5,7.25,7.75,7.4375],"texture":"#1"},"east":{"uv":[2.25,5.5,3.5,5.6875],"texture":"#1"},"south":{"uv":[7.5,7.5,7.75,7.6875],"texture":"#1"},"west":{"uv":[5.5,3.125,6.75,3.3125],"texture":"#1"},"up":{"uv":[0.75,6.75,0.5,5.5],"texture":"#1"},"down":{"uv":[1,5.5,0.75,6.75],"texture":"#1"}}},{"from":[1,1,2],"to":[2.5,6,3.5],"rotation":{"angle":0,"axis":"y","origin":[1,-4.9,-1]},"faces":{"north":{"uv":[6.75,5.875,6.9375,6.5],"texture":"#1"},"east":{"uv":[6.25,6.75,6.4375,7.375],"texture":"#1"},"south":{"uv":[6.5,6.75,6.6875,7.375],"texture":"#1"},"west":{"uv":[6.75,6.5,6.9375,7.125],"texture":"#1"},"up":{"uv":[7.8125,5.3125,7.625,5.125],"texture":"#1"},"down":{"uv":[5.5625,7.625,5.375,7.8125],"texture":"#1"}}},{"from":[0.5,0,1.5],"to":[3,2,4],"rotation":{"angle":0,"axis":"y","origin":[1,-4.9,-1]},"faces":{"north":{"uv":[1.375,3,1.6875,3.25],"texture":"#1"},"east":{"uv":[6.625,3.5,6.9375,3.75],"texture":"#1"},"south":{"uv":[7.25,5.5,7.5625,5.75],"texture":"#1"},"west":{"uv":[7.375,2.125,7.6875,2.375],"texture":"#1"},"up":{"uv":[7.3125,7.1875,7,6.875],"texture":"#1"},"down":{"uv":[7.4375,1.375,7.125,1.6875],"texture":"#1"}}},{"from":[13,0,12],"to":[15.5,2,14.5],"rotation":{"angle":0,"axis":"y","origin":[14,-4.9,10]},"faces":{"north":{"uv":[7.375,2.375,7.6875,2.625],"texture":"#1"},"east":{"uv":[7.375,2.625,7.6875,2.875],"texture":"#1"},"south":{"uv":[2.75,7.375,3.0625,7.625],"texture":"#1"},"west":{"uv":[7.375,3.375,7.6875,3.625],"texture":"#1"},"up":{"uv":[7.4375,3.3125,7.125,3],"texture":"#1"},"down":{"uv":[7.4375,4.875,7.125,5.1875],"texture":"#1"}}},{"from":[0.5,0,12],"to":[3,2,14.5],"rotation":{"angle":0,"axis":"y","origin":[1,-4.9,10]},"faces":{"north":{"uv":[7.375,3.625,7.6875,3.875],"texture":"#1"},"east":{"uv":[7.375,4.375,7.6875,4.625],"texture":"#1"},"south":{"uv":[7.375,4.625,7.6875,4.875],"texture":"#1"},"west":{"uv":[7.375,5.75,7.6875,6],"texture":"#1"},"up":{"uv":[7.5625,0.3125,7.25,0],"texture":"#1"},"down":{"uv":[7.5625,0.375,7.25,0.6875],"texture":"#1"}}},{"from":[13,0,1.5],"to":[15.5,2,4],"rotation":{"angle":0,"axis":"y","origin":[14,-4.9,-1]},"faces":{"north":{"uv":[7.375,6,7.6875,6.25],"texture":"#1"},"east":{"uv":[6.25,7.375,6.5625,7.625],"texture":"#1"},"south":{"uv":[7.375,6.25,7.6875,6.5],"texture":"#1"},"west":{"uv":[7.375,6.5,7.6875,6.75],"texture":"#1"},"up":{"uv":[7.5625,1.0625,7.25,0.75],"texture":"#1"},"down":{"uv":[7.5625,1.75,7.25,2.0625],"texture":"#1"}}},{"from":[1,0,2],"to":[15,1,14],"rotation":{"angle":0,"axis":"y","origin":[1,-2.9,-1]},"faces":{"north":{"uv":[5.25,4.375,7,4.5],"texture":"#1"},"east":{"uv":[5.5,3.75,7,3.875],"texture":"#1"},"south":{"uv":[5.5,3.375,7.25,3.5],"texture":"#1"},"west":{"uv":[5.5,5.75,7,5.875],"texture":"#1"},"up":{"uv":[1.75,1.5,0,0],"texture":"#1"},"down":{"uv":[1.75,1.5,0,3],"texture":"#1"}}},{"from":[13.5,1,2],"to":[15,6,3.5],"rotation":{"angle":0,"axis":"y","origin":[-2,-5,-1]},"faces":{"north":{"uv":[1,6.875,1.1875,7.5],"texture":"#1"},"east":{"uv":[1.25,6.875,1.4375,7.5],"texture":"#1"},"south":{"uv":[1.5,6.875,1.6875,7.5],"texture":"#1"},"west":{"uv":[3.5,6.875,3.6875,7.5],"texture":"#1"},"up":{"uv":[7.8125,5.5625,7.625,5.375],"texture":"#1"},"down":{"uv":[5.8125,7.625,5.625,7.8125],"texture":"#1"}}},{"from":[13.5,1,12.5],"to":[15,6,14],"rotation":{"angle":0,"axis":"y","origin":[-2,-5,9.5]},"faces":{"north":{"uv":[3.75,6.875,3.9375,7.5],"texture":"#1"},"east":{"uv":[4,6.875,4.1875,7.5],"texture":"#1"},"south":{"uv":[4.25,6.875,4.4375,7.5],"texture":"#1"},"west":{"uv":[1.75,7,1.9375,7.625],"texture":"#1"},"up":{"uv":[6.0625,7.8125,5.875,7.625],"texture":"#1"},"down":{"uv":[6.3125,7.625,6.125,7.8125],"texture":"#1"}}},{"from":[1,1,12.5],"to":[2.5,6,14],"rotation":{"angle":0,"axis":"y","origin":[1,-4.9,9.5]},"faces":{"north":{"uv":[2,7,2.1875,7.625],"texture":"#1"},"east":{"uv":[2.25,7,2.4375,7.625],"texture":"#1"},"south":{"uv":[7,2.375,7.1875,3],"texture":"#1"},"west":{"uv":[2.5,7,2.6875,7.625],"texture":"#1"},"up":{"uv":[6.5625,7.8125,6.375,7.625],"texture":"#1"},"down":{"uv":[7.1875,7.625,7,7.8125],"texture":"#1"}}},{"from":[2.5,1,2.5],"to":[13.5,6,3.5],"rotation":{"angle":0,"axis":"y","origin":[-2,-5,-1]},"faces":{"north":{"uv":[1.375,3.875,2.75,4.5],"texture":"#1"},"east":{"uv":[3.25,7.375,3.375,8],"texture":"#1"},"south":{"uv":[2.75,3.875,4.125,4.5],"texture":"#1"},"west":{"uv":[3.375,7.375,3.5,8],"texture":"#1"},"up":{"uv":[7.25,1.25,5.875,1.125],"texture":"#1"},"down":{"uv":[7.25,1.25,5.875,1.375],"texture":"#1"}}},{"from":[2.5,1,12.5],"to":[13.5,6,13.5],"rotation":{"angle":0,"axis":"y","origin":[-2,-4,-1]},"faces":{"north":{"uv":[0,4,1.375,4.625],"texture":"#1"},"east":{"uv":[6.625,7.375,6.75,8],"texture":"#1"},"south":{"uv":[4.125,3.25,5.5,3.875],"texture":"#1"},"west":{"uv":[1,7.5,1.125,8.125],"texture":"#1"},"up":{"uv":[7.25,2,5.875,1.875],"texture":"#1"},"down":{"uv":[7.25,2,5.875,2.125],"texture":"#1"}}},{"from":[13.5,1,3.5],"to":[14.5,6,12.5],"rotation":{"angle":0,"axis":"y","origin":[-2,-4,-1]},"faces":{"north":{"uv":[1.125,7.5,1.25,8.125],"texture":"#1"},"east":{"uv":[4.125,3.875,5.25,4.5],"texture":"#1"},"south":{"uv":[1.25,7.5,1.375,8.125],"texture":"#1"},"west":{"uv":[4.5,0,5.625,0.625],"texture":"#1"},"up":{"uv":[6.125,7.25,6,6.125],"texture":"#1"},"down":{"uv":[6.25,6.125,6.125,7.25],"texture":"#1"}}},{"from":[2.5,1,3.5],"to":[13.5,2,12.5],"rotation":{"angle":0,"axis":"y","origin":[-2,-3,-1]},"faces":{"north":{"uv":[5.875,2.125,7.25,2.25],"texture":"#1"},"east":{"uv":[5.875,2.75,7,2.875],"texture":"#1"},"south":{"uv":[5.875,2.25,7.25,2.375],"texture":"#1"},"west":{"uv":[6.125,4.75,7.25,4.875],"texture":"#1"},"up":{"uv":[3.125,1.125,1.75,0],"texture":"#1"},"down":{"uv":[3.125,1.125,1.75,2.25],"texture":"#1"}}},{"from":[1.5,1,3.5],"to":[2.5,6,12.5],"rotation":{"angle":0,"axis":"y","origin":[1,-4,-1]},"faces":{"north":{"uv":[1.375,7.5,1.5,8.125],"texture":"#1"},"east":{"uv":[4.5,0.625,5.625,1.25],"texture":"#1"},"south":{"uv":[1.5,7.5,1.625,8.125],"texture":"#1"},"west":{"uv":[4.5,1.25,5.625,1.875],"texture":"#1"},"up":{"uv":[3.375,7.375,3.25,6.25],"texture":"#1"},"down":{"uv":[3.5,6.25,3.375,7.375],"texture":"#1"}}}],"display":{"thirdperson_righthand":{"rotation":[55,0,0],"translation":[0,1,-1],"scale":[0.3,0.3,0.3]},"thirdperson_lefthand":{"rotation":[55,0,0],"translation":[0,1,-1],"scale":[0.3,0.3,0.3]},"firstperson_righthand":{"translation":[0,1,0],"scale":[0.4,0.4,0.4]},"firstperson_lefthand":{"translation":[0,1,0],"scale":[0.4,0.4,0.4]},"ground":{"translation":[0,6,0],"scale":[0.7,0.7,0.7]},"gui":{"rotation":[-165,35,-180],"scale":[0.7,0.7,0.7]},"head":{"rotation":[-180,0,-180],"translation":[0,-27,0],"scale":[2,2,2]},"fixed":{"rotation":[-90,0,0],"translation":[0,0.5,-22.5],"scale":[3,3,3]}},"groups":[{"name":"crate","origin":[0.82752,6.29479,8],"color":0,"children":[0,1,2,3,4,5,6,7,8,9,10,11,12,13,14,15,16,17,18,19,20,21,22,23,24,25,26,27,28,29,30,31,32,33,34,35,36,37,38,39,40,41,42,43,44,45,46,47,48,49,50,51,52]}],"mcmodels":"7b257da1ce93354a363b0be32b47f8cf"}