{"credit":"Made with Blockbench","texture_size":[64,64],"textures":{"0":"minewave:item/thor/crossbow_0","particle":"minewave:item/thor/crossbow_0"},"elements":[{"from":[0.2,3.65,7.6],"to":[11.3,3.65,8.1],"rotation":{"angle":0,"axis":"y","origin":[0.75,3.65,7.85]},"faces":{"north":{"uv":[0,0,2.75,0],"texture":"#0"},"east":{"uv":[0,0,0.125,0],"texture":"#0"},"south":{"uv":[0,0,2.75,0],"texture":"#0"},"west":{"uv":[0,0,0.125,0],"texture":"#0"},"up":{"uv":[8.5,2.875,5.75,2.75],"texture":"#0"},"down":{"uv":[8.5,3,5.75,3.125],"texture":"#0"}}},{"from":[5.25,3.65,7.6],"to":[15.55,3.65,8.1],"rotation":{"angle":0,"axis":"y","origin":[15.325,3.65,7.85]},"faces":{"north":{"uv":[0,0,2.625,0],"texture":"#0"},"east":{"uv":[0,0,0.125,0],"texture":"#0"},"south":{"uv":[0,0,2.625,0],"texture":"#0"},"west":{"uv":[0,0,0.125,0],"texture":"#0"},"up":{"uv":[8.375,3.375,5.75,3.25],"texture":"#0"},"down":{"uv":[8.375,3.5,5.75,3.625],"texture":"#0"}}},{"from":[9.58463,0.7816,1.89684],"to":[12.08463,3.7816,4.39684],"rotation":{"angle":45,"axis":"y","origin":[10.83463,2.2816,3.14684]},"faces":{"north":{"uv":[3,3.5,3.625,4.25],"texture":"#0"},"east":{"uv":[1,3.75,1.625,4.5],"texture":"#0"},"south":{"uv":[1.75,3.75,2.375,4.5],"texture":"#0"},"west":{"uv":[3.75,3.5,4.375,4.25],"texture":"#0"},"up":{"uv":[2.875,5.625,2.25,5],"texture":"#0"},"down":{"uv":[3.625,5,3,5.625],"texture":"#0"}}},{"from":[10.08463,0.2816,2.39684],"to":[11.58463,4.2816,3.89684],"rotation":{"angle":45,"axis":"y","origin":[10.83463,2.2816,3.14684]},"faces":{"north":{"uv":[0.75,5.25,1.125,6.25],"texture":"#0"},"east":{"uv":[5.25,0.75,5.625,1.75],"texture":"#0"},"south":{"uv":[5,5.25,5.375,6.25],"texture":"#0"},"west":{"uv":[1.25,5.5,1.625,6.5],"texture":"#0"},"up":{"uv":[1.375,3.625,1,3.25],"texture":"#0"},"down":{"uv":[0.875,4,0.5,4.375],"texture":"#0"}}},{"from":[11.27917,1.4316,1.0523],"to":[14.27917,2.9316,2.5523],"rotation":{"angle":22.5,"axis":"y","origin":[12.77917,2.1816,1.8023]},"faces":{"north":{"uv":[6.75,1.5,7.5,1.875],"texture":"#0"},"east":{"uv":[2,7.25,2.375,7.625],"texture":"#0"},"south":{"uv":[2,6.75,2.75,7.125],"texture":"#0"},"west":{"uv":[2.5,7.25,2.875,7.625],"texture":"#0"},"up":{"uv":[7.5,2.375,6.75,2],"texture":"#0"},"down":{"uv":[3.5,6.75,2.75,7.125],"texture":"#0"}}},{"from":[14.27917,2.1816,0.0523],"to":[15.77917,2.1816,3.5523],"rotation":{"angle":22.5,"axis":"y","origin":[12.77917,2.1816,1.8023]},"faces":{"north":{"uv":[0,0,0.375,0],"texture":"#0"},"east":{"uv":[0,0,0.875,0],"texture":"#0"},"south":{"uv":[0,0,0.375,0],"texture":"#0"},"west":{"uv":[0,0,0.875,0],"texture":"#0"},"up":{"uv":[3.625,6.625,3.25,5.75],"texture":"#0"},"down":{"uv":[4.125,5.75,3.75,6.625],"texture":"#0"}}},{"from":[14.27917,1.4316,0.0523],"to":[14.27917,2.9316,1.0523],"rotation":{"angle":22.5,"axis":"y","origin":[12.77917,2.1816,1.8023]},"faces":{"north":{"uv":[0,0,0,0.375],"texture":"#0"},"east":{"uv":[2,6.25,2.25,6.625],"texture":"#0"},"south":{"uv":[0,0,0,0.375],"texture":"#0"},"west":{"uv":[4,7.25,4.25,7.625],"texture":"#0"},"up":{"uv":[0,0.25,0,0],"texture":"#0"},"down":{"uv":[0,0,0,0.25],"texture":"#0"}}},{"from":[12.77917,1.4316,2.5523],"to":[14.27917,2.9316,7.5523],"rotation":{"angle":22.5,"axis":"y","origin":[12.77917,2.1816,1.8023]},"faces":{"north":{"uv":[3,7.25,3.375,7.625],"texture":"#0"},"east":{"uv":[4,0,5.25,0.375],"texture":"#0"},"south":{"uv":[3.5,7.25,3.875,7.625],"texture":"#0"},"west":{"uv":[4,0.5,5.25,0.875],"texture":"#0"},"up":{"uv":[2.875,5,2.5,3.75],"texture":"#0"},"down":{"uv":[0.375,4,0,5.25],"texture":"#0"}}},{"from":[10.52917,2.1816,7.5523],"to":[16.52917,2.1816,11.5523],"rotation":{"angle":22.5,"axis":"y","origin":[12.77917,2.1816,1.8023]},"faces":{"north":{"uv":[0,0,1.5,0],"texture":"#0"},"east":{"uv":[0,0,1,0],"texture":"#0"},"south":{"uv":[0,0,1.5,0],"texture":"#0"},"west":{"uv":[0,0,1,0],"texture":"#0"},"up":{"uv":[1.5,1,0,0],"texture":"#0"},"down":{"uv":[1.5,1,0,2],"texture":"#0"}}},{"from":[12.27917,0.9316,7.5523],"to":[14.77917,3.4316,9.5523],"rotation":{"angle":22.5,"axis":"y","origin":[12.77917,2.1816,1.8023]},"faces":{"north":{"uv":[5,3,5.625,3.625],"texture":"#0"},"east":{"uv":[0,6,0.5,6.625],"texture":"#0"},"south":{"uv":[3.75,5,4.375,5.625],"texture":"#0"},"west":{"uv":[6,0,6.5,0.625],"texture":"#0"},"up":{"uv":[6.375,5.25,5.75,4.75],"texture":"#0"},"down":{"uv":[6.625,5.25,6,5.75],"texture":"#0"}}},{"from":[6.55057,1.1816,2.39576],"to":[9.05057,2.6816,3.89576],"rotation":{"angle":0,"axis":"y","origin":[10.30057,2.1816,3.14576]},"faces":{"north":{"uv":[6.75,6.5,7.375,6.875],"texture":"#0"},"east":{"uv":[7.25,4.75,7.625,5.125],"texture":"#0"},"south":{"uv":[7,3.75,7.625,4.125],"texture":"#0"},"west":{"uv":[5.5,7.25,5.875,7.625],"texture":"#0"},"up":{"uv":[7.625,4.625,7,4.25],"texture":"#0"},"down":{"uv":[7.375,7,6.75,7.375],"texture":"#0"}}},{"from":[6.55057,1.1816,8.89576],"to":[9.05057,3.1816,12.89576],"rotation":{"angle":0,"axis":"y","origin":[10.30057,2.1816,3.14576]},"faces":{"north":{"uv":[5.5,6,6.125,6.5],"texture":"#0"},"east":{"uv":[3,1.5,4,2],"texture":"#0"},"south":{"uv":[0.5,6.25,1.125,6.75],"texture":"#0"},"west":{"uv":[3.5,2,4.5,2.5],"texture":"#0"},"up":{"uv":[2.125,3.75,1.5,2.75],"texture":"#0"},"down":{"uv":[2.875,2.75,2.25,3.75],"texture":"#0"}}},{"from":[6.05057,0.6816,12.89576],"to":[9.55057,3.6816,14.89576],"rotation":{"angle":0,"axis":"y","origin":[10.30057,2.1816,3.14576]},"faces":{"north":{"uv":[1.5,2,2.375,2.75],"texture":"#0"},"east":{"uv":[1.75,5.5,2.25,6.25],"texture":"#0"},"south":{"uv":[2.5,2,3.375,2.75],"texture":"#0"},"west":{"uv":[5.5,5.25,6,6],"texture":"#0"},"up":{"uv":[5.625,3,4.75,2.5],"texture":"#0"},"down":{"uv":[2.125,5,1.25,5.5],"texture":"#0"}}},{"from":[6.55057,1.1816,3.89576],"to":[9.05057,2.6816,8.89576],"rotation":{"angle":0,"axis":"y","origin":[10.30057,2.1816,3.14576]},"faces":{"north":{"uv":[0,7.25,0.625,7.625],"texture":"#0"},"east":{"uv":[4,1,5.25,1.375],"texture":"#0"},"south":{"uv":[7.25,0,7.875,0.375],"texture":"#0"},"west":{"uv":[4,1.5,5.25,1.875],"texture":"#0"},"up":{"uv":[0.625,3.25,0,2],"texture":"#0"},"down":{"uv":[1.375,2,0.75,3.25],"texture":"#0"}}},{"from":[7.55057,3.6816,0.89576],"to":[8.05057,4.1816,10.89576],"rotation":{"angle":0,"axis":"y","origin":[10.30057,2.6816,3.14576]},"faces":{"north":{"uv":[7.5,0.5,7.625,0.625],"texture":"#0"},"east":{"uv":[6,5.75,8.5,5.875],"texture":"#0"},"south":{"uv":[7.5,2.5,7.625,2.625],"texture":"#0"},"west":{"uv":[6.25,0.75,8.75,0.875],"texture":"#0"},"up":{"uv":[4.875,8.25,4.75,5.75],"texture":"#0"},"down":{"uv":[1.875,6.25,1.75,8.75],"texture":"#0"}}},{"from":[6.80057,3.9316,-0.10424],"to":[8.80057,3.9316,2.39576],"rotation":{"angle":0,"axis":"y","origin":[10.30057,2.6816,3.14576]},"faces":{"north":{"uv":[0,0,0.5,0],"texture":"#0"},"east":{"uv":[0,0,0.625,0],"texture":"#0"},"south":{"uv":[0,0,0.5,0],"texture":"#0"},"west":{"uv":[0,0,0.625,0],"texture":"#0"},"up":{"uv":[6.75,1.625,6.25,1],"texture":"#0"},"down":{"uv":[6.75,1.75,6.25,2.375],"texture":"#0"}}},{"from":[7.80057,2.9316,9.39576],"to":[7.80057,4.9316,11.89576],"rotation":{"angle":0,"axis":"y","origin":[10.30057,2.6816,12.64576]},"faces":{"north":{"uv":[0,0,0,0.5],"texture":"#0"},"east":{"uv":[6.25,3.75,6.875,4.25],"texture":"#0"},"south":{"uv":[0,0,0,0.5],"texture":"#0"},"west":{"uv":[6.25,4.25,6.875,4.75],"texture":"#0"},"up":{"uv":[0,0.625,0,0],"texture":"#0"},"down":{"uv":[0,0,0,0.625],"texture":"#0"}}},{"from":[6.80057,3.9316,9.39576],"to":[8.80057,3.9316,11.89576],"rotation":{"angle":0,"axis":"y","origin":[10.30057,2.6816,12.64576]},"faces":{"north":{"uv":[0,0,0.5,0],"texture":"#0"},"east":{"uv":[0,0,0.625,0],"texture":"#0"},"south":{"uv":[0,0,0.5,0],"texture":"#0"},"west":{"uv":[0,0,0.625,0],"texture":"#0"},"up":{"uv":[5.5,6.875,5,6.25],"texture":"#0"},"down":{"uv":[6.75,6,6.25,6.625],"texture":"#0"}}},{"from":[7.80057,2.9316,-0.10424],"to":[7.80057,4.9316,2.39576],"rotation":{"angle":0,"axis":"y","origin":[10.30057,2.6816,3.14576]},"faces":{"north":{"uv":[0,0,0,0.5],"texture":"#0"},"east":{"uv":[6.5,0,7.125,0.5],"texture":"#0"},"south":{"uv":[0,0,0,0.5],"texture":"#0"},"west":{"uv":[6.5,4.75,7.125,5.25],"texture":"#0"},"up":{"uv":[0,0.625,0,0],"texture":"#0"},"down":{"uv":[0,0,0,0.625],"texture":"#0"}}},{"from":[9.05057,0.6816,1.39576],"to":[10.05057,3.1816,4.89576],"rotation":{"angle":0,"axis":"y","origin":[10.30057,2.1816,3.14576]},"faces":{"north":{"uv":[5,7,5.25,7.625],"texture":"#0"},"east":{"uv":[3,0,3.875,0.625],"texture":"#0"},"south":{"uv":[5.25,7,5.5,7.625],"texture":"#0"},"west":{"uv":[3,0.75,3.875,1.375],"texture":"#0"},"up":{"uv":[1,7.625,0.75,6.75],"texture":"#0"},"down":{"uv":[1.25,6.75,1,7.625],"texture":"#0"}}},{"from":[5.55057,0.6816,1.39576],"to":[6.55057,3.1816,4.89576],"rotation":{"angle":0,"axis":"y","origin":[6.80057,2.1816,3.14576]},"faces":{"north":{"uv":[1.25,7.25,1.5,7.875],"texture":"#0"},"east":{"uv":[3,2.75,3.875,3.375],"texture":"#0"},"south":{"uv":[1.5,7.25,1.75,7.875],"texture":"#0"},"west":{"uv":[0,3.25,0.875,3.875],"texture":"#0"},"up":{"uv":[4.5,7.625,4.25,6.75],"texture":"#0"},"down":{"uv":[4.75,6.75,4.5,7.625],"texture":"#0"}}},{"from":[6.55057,0.6816,1.39576],"to":[9.05057,0.6816,2.39576],"rotation":{"angle":0,"axis":"y","origin":[6.80057,2.1816,3.14576]},"faces":{"north":{"uv":[0,0,0.625,0],"texture":"#0"},"east":{"uv":[0,0,0.25,0],"texture":"#0"},"south":{"uv":[0,0,0.625,0],"texture":"#0"},"west":{"uv":[0,0,0.25,0],"texture":"#0"},"up":{"uv":[6.875,2.75,6.25,2.5],"texture":"#0"},"down":{"uv":[7.125,0.5,6.5,0.75],"texture":"#0"}}},{"from":[3.52428,0.7816,1.91823],"to":[6.02428,3.7816,4.41823],"rotation":{"angle":-45,"axis":"y","origin":[4.77428,2.2816,3.16823]},"faces":{"north":{"uv":[4,2.5,4.625,3.25],"texture":"#0"},"east":{"uv":[3,4.25,3.625,5],"texture":"#0"},"south":{"uv":[3.75,4.25,4.375,5],"texture":"#0"},"west":{"uv":[0.5,4.5,1.125,5.25],"texture":"#0"},"up":{"uv":[5.625,4.375,5,3.75],"texture":"#0"},"down":{"uv":[5.625,4.5,5,5.125],"texture":"#0"}}},{"from":[4.02428,0.2816,2.41823],"to":[5.52428,4.2816,3.91823],"rotation":{"angle":-45,"axis":"y","origin":[4.77428,2.2816,3.16823]},"faces":{"north":{"uv":[5.75,0.75,6.125,1.75],"texture":"#0"},"east":{"uv":[5.75,1.75,6.125,2.75],"texture":"#0"},"south":{"uv":[2.25,5.75,2.625,6.75],"texture":"#0"},"west":{"uv":[2.75,5.75,3.125,6.75],"texture":"#0"},"up":{"uv":[6.375,7.625,6,7.25],"texture":"#0"},"down":{"uv":[7.875,1,7.5,1.375],"texture":"#0"}}},{"from":[1.32974,1.4316,1.07369],"to":[4.32974,2.9316,2.57369],"rotation":{"angle":-22.5,"axis":"y","origin":[2.82974,2.1816,1.82369]},"faces":{"north":{"uv":[3.5,6.75,4.25,7.125],"texture":"#0"},"east":{"uv":[7.5,1.5,7.875,1.875],"texture":"#0"},"south":{"uv":[6.75,5.25,7.5,5.625],"texture":"#0"},"west":{"uv":[7.5,2,7.875,2.375],"texture":"#0"},"up":{"uv":[6.75,7.125,6,6.75],"texture":"#0"},"down":{"uv":[7.5,6,6.75,6.375],"texture":"#0"}}},{"from":[1.32974,1.4316,0.07369],"to":[1.32974,2.9316,1.07369],"rotation":{"angle":-22.5,"axis":"y","origin":[2.82974,2.1816,1.82369]},"faces":{"north":{"uv":[0,0,0,0.375],"texture":"#0"},"east":{"uv":[6.5,7.25,6.75,7.625],"texture":"#0"},"south":{"uv":[0,0,0,0.375],"texture":"#0"},"west":{"uv":[7.5,6.5,7.75,6.875],"texture":"#0"},"up":{"uv":[0,0.25,0,0],"texture":"#0"},"down":{"uv":[0,0,0,0.25],"texture":"#0"}}},{"from":[1.32974,1.4316,2.57369],"to":[2.82974,2.9316,7.57369],"rotation":{"angle":-22.5,"axis":"y","origin":[2.82974,2.1816,1.82369]},"faces":{"north":{"uv":[7.5,5.25,7.875,5.625],"texture":"#0"},"east":{"uv":[1.25,4.5,2.5,4.875],"texture":"#0"},"south":{"uv":[7.5,6,7.875,6.375],"texture":"#0"},"west":{"uv":[4.5,2,5.75,2.375],"texture":"#0"},"up":{"uv":[4.875,4.5,4.5,3.25],"texture":"#0"},"down":{"uv":[4.875,4.5,4.5,5.75],"texture":"#0"}}},{"from":[-0.17026,2.1816,0.07369],"to":[1.32974,2.1816,3.57369],"rotation":{"angle":-22.5,"axis":"y","origin":[2.82974,2.1816,1.82369]},"faces":{"north":{"uv":[0,0,0.375,0],"texture":"#0"},"east":{"uv":[0,0,0.875,0],"texture":"#0"},"south":{"uv":[0,0,0.375,0],"texture":"#0"},"west":{"uv":[0,0,0.875,0],"texture":"#0"},"up":{"uv":[6.125,4.625,5.75,3.75],"texture":"#0"},"down":{"uv":[4.625,5.75,4.25,6.625],"texture":"#0"}}},{"from":[0.82974,0.9316,7.57369],"to":[3.32974,3.4316,9.57369],"rotation":{"angle":-22.5,"axis":"y","origin":[2.82974,2.1816,1.82369]},"faces":{"north":{"uv":[0,5.25,0.625,5.875],"texture":"#0"},"east":{"uv":[1.25,6.5,1.75,7.125],"texture":"#0"},"south":{"uv":[5.25,0,5.875,0.625],"texture":"#0"},"west":{"uv":[5.5,6.5,6,7.125],"texture":"#0"},"up":{"uv":[0.625,7.25,0,6.75],"texture":"#0"},"down":{"uv":[7.375,1,6.75,1.5],"texture":"#0"}}},{"from":[-0.92026,2.1816,7.57369],"to":[5.07974,2.1816,11.57369],"rotation":{"angle":-22.5,"axis":"y","origin":[2.82974,2.1816,1.82369]},"faces":{"north":{"uv":[0,0,1.5,0],"texture":"#0"},"east":{"uv":[0,0,1,0],"texture":"#0"},"south":{"uv":[0,0,1.5,0],"texture":"#0"},"west":{"uv":[0,0,1,0],"texture":"#0"},"up":{"uv":[3,1,1.5,0],"texture":"#0"},"down":{"uv":[3,1,1.5,2],"texture":"#0"}}},{"from":[-0.79735,2.9316,7.36107],"to":[0.20265,3.9316,8.36107],"rotation":{"angle":0,"axis":"y","origin":[-0.29735,3.6816,7.86107]},"faces":{"north":{"uv":[3.5,2.5,3.75,2.75],"texture":"#0"},"east":{"uv":[3.75,2.5,4,2.75],"texture":"#0"},"south":{"uv":[4,3.25,4.25,3.5],"texture":"#0"},"west":{"uv":[4.25,3.25,4.5,3.5],"texture":"#0"},"up":{"uv":[5,3.25,4.75,3],"texture":"#0"},"down":{"uv":[5.5,1.75,5.25,2],"texture":"#0"}}},{"from":[15.55265,2.9316,7.36107],"to":[16.55265,3.9316,8.36107],"rotation":{"angle":0,"axis":"y","origin":[0.55265,3.4316,7.86107]},"faces":{"north":{"uv":[5.5,1.75,5.75,2],"texture":"#0"},"east":{"uv":[0.5,6,0.75,6.25],"texture":"#0"},"south":{"uv":[6,6.5,6.25,6.75],"texture":"#0"},"west":{"uv":[7,2.5,7.25,2.75],"texture":"#0"},"up":{"uv":[7.5,0.75,7.25,0.5],"texture":"#0"},"down":{"uv":[7.5,2.5,7.25,2.75],"texture":"#0"}}}],"display":{"thirdperson_righthand":{"translation":[0,5.5,4],"scale":[0.8,0.8,0.8]},"thirdperson_lefthand":{"translation":[0,5.5,4],"scale":[0.8,0.8,0.8]},"firstperson_righthand":{"rotation":[0,3,0],"translation":[0,5.5,1],"scale":[0.7,0.7,0.7]},"firstperson_lefthand":{"rotation":[0,3,0],"translation":[0,5.5,1],"scale":[0.7,0.7,0.7]},"ground":{"translation":[0,6,0],"scale":[0.8,0.8,0.8]},"gui":{"rotation":[45,45,0],"translation":[0.75,2,0],"scale":[0.7,0.7,0.7]},"fixed":{"rotation":[90,0,-180],"translation":[0,0,-5],"scale":[0.8,0.8,0.8]}},"groups":[{"name":"crossbow","origin":[8,16.75046,10.51331],"color":0,"children":[0,1,2,3,4,5,6,7,8,9,10,11,12,13,14,15,16,17,18,19,20,21,22,23,24,25,26,27,28,29,30,31]}],"mcmodels":"7b257da1ce93354a363b0be32b47f8cf"}