{"credit":"Made with Blockbench","texture_size":[32,32],"textures":{"0":"minewave:item/thor/fishing_rod_cast","particle":"minewave:item/thor/fishing_rod_cast"},"elements":[{"from":[6.75,8.6793,7.27549],"to":[9.25,11.1793,9.77549],"rotation":{"angle":-45,"axis":"x","origin":[8,9.40758,7.99088]},"faces":{"north":{"uv":[7,0,8.25,1.25],"texture":"#0"},"east":{"uv":[7,1.5,8.25,2.75],"texture":"#0"},"south":{"uv":[3,7,4.25,8.25],"texture":"#0"},"west":{"uv":[7,3,8.25,4.25],"texture":"#0"},"up":{"uv":[5.75,8.25,4.5,7],"texture":"#0"},"down":{"uv":[8.25,4.5,7,5.75],"texture":"#0"}}},{"from":[8,11.1793,5.27549],"to":[8,12.6793,8.77549],"rotation":{"angle":-45,"axis":"x","origin":[8,9.40758,7.99088]},"faces":{"north":{"uv":[0,0,0,0.75],"texture":"#0"},"east":{"uv":[7,7.5,8.75,8.25],"texture":"#0"},"south":{"uv":[0,0,0,0.75],"texture":"#0"},"west":{"uv":[8.5,0,10.25,0.75],"texture":"#0"},"up":{"uv":[0,1.75,0,0],"texture":"#0"},"down":{"uv":[0,0,0,1.75],"texture":"#0"}}},{"from":[8,6.6793,9.77549],"to":[8,10.1793,11.27549],"rotation":{"angle":-45,"axis":"x","origin":[8,9.40758,7.99088]},"faces":{"north":{"uv":[0,0,0,1.75],"texture":"#0"},"east":{"uv":[1.5,7.5,2.25,9.25],"texture":"#0"},"south":{"uv":[0,0,0,1.75],"texture":"#0"},"west":{"uv":[8.5,1,9.25,2.75],"texture":"#0"},"up":{"uv":[0,0.75,0,0],"texture":"#0"},"down":{"uv":[0,0,0,0.75],"texture":"#0"}}},{"from":[6.25,9.1793,7.77549],"to":[9.75,10.6793,9.27549],"rotation":{"angle":-45,"axis":"x","origin":[8,9.40758,7.99088]},"faces":{"north":{"uv":[2.5,8.5,4.25,9.25],"texture":"#0"},"east":{"uv":[9.5,1,10.25,1.75],"texture":"#0"},"south":{"uv":[8.5,3,10.25,3.75],"texture":"#0"},"west":{"uv":[2,9.5,2.75,10.25],"texture":"#0"},"up":{"uv":[10.25,4.75,8.5,4],"texture":"#0"},"down":{"uv":[10.25,5,8.5,5.75],"texture":"#0"}}},{"from":[7.25,2.85,7.25],"to":[8.75,9.35,8.75],"rotation":{"angle":0,"axis":"y","origin":[8,9.40758,7.99088]},"faces":{"north":{"uv":[1,4,1.75,7.25],"texture":"#0"},"east":{"uv":[2,4,2.75,7.25],"texture":"#0"},"south":{"uv":[4,3.5,4.75,6.75],"texture":"#0"},"west":{"uv":[5,0,5.75,3.25],"texture":"#0"},"up":{"uv":[10.25,2.75,9.5,2],"texture":"#0"},"down":{"uv":[3.75,9.5,3,10.25],"texture":"#0"}}},{"from":[6.75,1,6.75],"to":[9.25,3,9.25],"rotation":{"angle":0,"axis":"y","origin":[8,9.80909,8.01261]},"faces":{"north":{"uv":[4.5,8.5,5.75,9.5],"texture":"#0"},"east":{"uv":[8.5,6,9.75,7],"texture":"#0"},"south":{"uv":[7,8.5,8.25,9.5],"texture":"#0"},"west":{"uv":[8.5,8.5,9.75,9.5],"texture":"#0"},"up":{"uv":[8.25,7.25,7,6],"texture":"#0"},"down":{"uv":[1.25,7.5,0,8.75],"texture":"#0"}}},{"from":[8,-1,5],"to":[8,3,11],"rotation":{"angle":0,"axis":"y","origin":[8,9.80909,8.01261]},"faces":{"north":{"uv":[0,0,0,2],"texture":"#0"},"east":{"uv":[0,0,3,2],"texture":"#0"},"south":{"uv":[0,0,0,2],"texture":"#0"},"west":{"uv":[0,2,3,4],"texture":"#0"},"up":{"uv":[0,3,0,0],"texture":"#0"},"down":{"uv":[0,0,0,3],"texture":"#0"}}},{"from":[7.25,11.1,7.25],"to":[8.75,18.1,8.75],"rotation":{"angle":0,"axis":"y","origin":[8,13.55,8]},"faces":{"north":{"uv":[3,0,3.75,3.5],"texture":"#0"},"east":{"uv":[3,3.5,3.75,7],"texture":"#0"},"south":{"uv":[0,4,0.75,7.5],"texture":"#0"},"west":{"uv":[4,0,4.75,3.5],"texture":"#0"},"up":{"uv":[4.75,10.25,4,9.5],"texture":"#0"},"down":{"uv":[5.75,9.5,5,10.25],"texture":"#0"}}},{"from":[7.25,17.9,6.4],"to":[8.75,23.9,7.9],"rotation":{"angle":-22.5,"axis":"x","origin":[8,20.15,7.9]},"faces":{"north":{"uv":[5,3.5,5.75,6.5],"texture":"#0"},"east":{"uv":[6,0,6.75,3],"texture":"#0"},"south":{"uv":[6,3,6.75,6],"texture":"#0"},"west":{"uv":[6,6,6.75,9],"texture":"#0"},"up":{"uv":[7.75,10.25,7,9.5],"texture":"#0"},"down":{"uv":[8.75,9.5,8,10.25],"texture":"#0"}}},{"from":[7.25,23.9,7.9],"to":[8.75,23.9,8.9],"rotation":{"angle":-22.5,"axis":"x","origin":[8,20.15,7.9]},"faces":{"north":{"uv":[0,0,0.75,0],"texture":"#0"},"east":{"uv":[0,0,0.5,0],"texture":"#0"},"south":{"uv":[0,0,0.75,0],"texture":"#0"},"west":{"uv":[0,0,0.5,0],"texture":"#0"},"up":{"uv":[4.75,11,4,10.5],"texture":"#0"},"down":{"uv":[11.25,4.5,10.5,5],"texture":"#0"}}},{"from":[7,17.4,5.9],"to":[9,18.4,8.15],"rotation":{"angle":-22.5,"axis":"x","origin":[8,20.15,7.9]},"faces":{"north":{"uv":[5,6.5,6,7],"texture":"#0"},"east":{"uv":[8.5,7,9.75,7.5],"texture":"#0"},"south":{"uv":[9,8,10,8.5],"texture":"#0"},"west":{"uv":[9,7.5,10.25,8],"texture":"#0"},"up":{"uv":[1,10.25,0,9],"texture":"#0"},"down":{"uv":[7,9,6,10.25],"texture":"#0"}}},{"from":[7,18.4,8.15],"to":[9,18.4,9.15],"rotation":{"angle":-22.5,"axis":"x","origin":[8,20.15,7.9]},"faces":{"north":{"uv":[0,0,1,0],"texture":"#0"},"east":{"uv":[0,0,0.5,0],"texture":"#0"},"south":{"uv":[0,0,1,0],"texture":"#0"},"west":{"uv":[0,0,0.5,0],"texture":"#0"},"up":{"uv":[11,7.5,10,7],"texture":"#0"},"down":{"uv":[11.5,0,10.5,0.5],"texture":"#0"}}},{"from":[8,19.00745,5.10878],"to":[8,23.00745,5.60878],"rotation":{"angle":0,"axis":"y","origin":[8,22.30745,6.60878]},"faces":{"north":{"uv":[0,0,0,2],"texture":"#0"},"east":{"uv":[10.5,0.5,10.75,2.5],"texture":"#0"},"south":{"uv":[0,0,0,2],"texture":"#0"},"west":{"uv":[2,10.5,2.25,12.5],"texture":"#0"},"up":{"uv":[0,0.25,0,0],"texture":"#0"},"down":{"uv":[0,0,0,0.25],"texture":"#0"}}},{"from":[8,17.75745,5.10878],"to":[8,23.00745,5.60878],"rotation":{"angle":22.5,"axis":"x","origin":[8,23.00745,5.10878]},"faces":{"north":{"uv":[0,0,0,2.75],"texture":"#0"},"east":{"uv":[1,9,1.25,11.75],"texture":"#0"},"south":{"uv":[0,0,0,2.75],"texture":"#0"},"west":{"uv":[1.5,9.5,1.75,12.25],"texture":"#0"},"up":{"uv":[0,0.25,0,0],"texture":"#0"},"down":{"uv":[0,0,0,0.25],"texture":"#0"}}},{"from":[8.1,10.30745,5.50878],"to":[8.1,14.30745,6.00878],"rotation":{"angle":-22.5,"axis":"x","origin":[8.1,14.30745,5.50878]},"faces":{"north":{"uv":[0,0,0,2],"texture":"#0"},"east":{"uv":[2.5,10.5,2.75,12.5],"texture":"#0"},"south":{"uv":[0,0,0,2],"texture":"#0"},"west":{"uv":[10.5,2.5,10.75,4.5],"texture":"#0"},"up":{"uv":[0,0.25,0,0],"texture":"#0"},"down":{"uv":[0,0,0,0.25],"texture":"#0"}}},{"from":[8.1,14.00745,6.35878],"to":[8.1,17.50745,6.85878],"rotation":{"angle":22.5,"axis":"x","origin":[8.1,16.25745,6.60878]},"faces":{"north":{"uv":[0,0,0,1.75],"texture":"#0"},"east":{"uv":[3,10.5,3.25,12.25],"texture":"#0"},"south":{"uv":[0,0,0,1.75],"texture":"#0"},"west":{"uv":[3.5,10.5,3.75,12.25],"texture":"#0"},"up":{"uv":[0,0.25,0,0],"texture":"#0"},"down":{"uv":[0,0,0,0.25],"texture":"#0"}}},{"from":[8,16.00745,5.10878],"to":[8,19.00745,5.60878],"rotation":{"angle":-45,"axis":"x","origin":[8,19.00745,5.10878]},"faces":{"north":{"uv":[0,0,0,1.5],"texture":"#0"},"east":{"uv":[5,10.5,5.25,12],"texture":"#0"},"south":{"uv":[0,0,0,1.5],"texture":"#0"},"west":{"uv":[5.5,10.5,5.75,12],"texture":"#0"},"up":{"uv":[0,0.25,0,0],"texture":"#0"},"down":{"uv":[0,0,0,0.25],"texture":"#0"}}},{"from":[8,15.00745,3.20878],"to":[8,17.00745,3.70878],"rotation":{"angle":0,"axis":"y","origin":[8,26.80745,4.35878]},"faces":{"north":{"uv":[0,0,0,1],"texture":"#0"},"east":{"uv":[2.5,7.5,2.75,8.5],"texture":"#0"},"south":{"uv":[0,0,0,1],"texture":"#0"},"west":{"uv":[10.5,5,10.75,6],"texture":"#0"},"up":{"uv":[0,0.25,0,0],"texture":"#0"},"down":{"uv":[0,0,0,0.25],"texture":"#0"}}},{"from":[8,15.00745,3.70878],"to":[8,15.50745,4.70878],"rotation":{"angle":0,"axis":"y","origin":[8,26.80745,4.35878]},"faces":{"north":{"uv":[0,0,0,0.25],"texture":"#0"},"east":{"uv":[6,10.5,6.5,10.75],"texture":"#0"},"south":{"uv":[0,0,0,0.25],"texture":"#0"},"west":{"uv":[6.5,10.5,7,10.75],"texture":"#0"},"up":{"uv":[0,0.5,0,0],"texture":"#0"},"down":{"uv":[0,0,0,0.5],"texture":"#0"}}},{"from":[8,15.50745,4.20878],"to":[8,16.00745,4.70878],"rotation":{"angle":0,"axis":"y","origin":[8,26.80745,4.35878]},"faces":{"north":{"uv":[0,0,0,0.25],"texture":"#0"},"east":{"uv":[7,10.5,7.25,10.75],"texture":"#0"},"south":{"uv":[0,0,0,0.25],"texture":"#0"},"west":{"uv":[7.5,10.5,7.75,10.75],"texture":"#0"},"up":{"uv":[0,0.25,0,0],"texture":"#0"},"down":{"uv":[0,0,0,0.25],"texture":"#0"}}},{"from":[7.25,16.75745,2.70878],"to":[8.75,18.25745,4.20878],"rotation":{"angle":-45,"axis":"x","origin":[8,17.50745,3.45878]},"faces":{"north":{"uv":[9,9.5,9.75,10.25],"texture":"#0"},"east":{"uv":[10,6,10.75,6.75],"texture":"#0"},"south":{"uv":[10,8,10.75,8.75],"texture":"#0"},"west":{"uv":[10,9,10.75,9.75],"texture":"#0"},"up":{"uv":[10.75,10.75,10,10],"texture":"#0"},"down":{"uv":[0.75,10.5,0,11.25],"texture":"#0"}}}],"display":{"thirdperson_righthand":{"rotation":[10,0,0],"translation":[0,0.5,1],"scale":[1.1,1.1,1.1]},"thirdperson_lefthand":{"rotation":[10,0,0],"translation":[0,0.5,1],"scale":[1.1,1.1,1.1]},"firstperson_righthand":{"rotation":[-7,0,0]},"firstperson_lefthand":{"rotation":[-7,0,0]},"ground":{"translation":[0,6,0]},"gui":{"rotation":[-90,45,90],"translation":[1.75,-1.5,0],"scale":[0.7,0.7,0.7]},"fixed":{"rotation":[-90,45,90],"translation":[3.5,-1.5,0],"scale":[0.9,0.9,0.9]}},"groups":[{"name":"fishingrod","origin":[8,14.25,6.25],"color":0,"children":[0,1,2,3,4,5,6,7,8,9,10,11,12,13,14,15,16,17,18,19,20]}],"mcmodels":"7b257da1ce93354a363b0be32b47f8cf"}