{"credit":"Made with Blockbench","texture_size":[32,32],"textures":{"2":"minewave:item/thor/thorhammer","particle":"minewave:item/thor/thorhammer"},"elements":[{"from":[7.5,2,7.75],"to":[9,12.5,9.25],"rotation":{"angle":0,"axis":"y","origin":[10.25,25.75,5.5]},"faces":{"north":{"uv":[0,6.5,0.75,11.75],"texture":"#2"},"east":{"uv":[1,6.5,1.75,11.75],"texture":"#2"},"south":{"uv":[2,6.5,2.75,11.75],"texture":"#2"},"west":{"uv":[3,6.5,3.75,11.75],"texture":"#2"},"up":{"uv":[12.25,12.25,11.5,11.5],"texture":"#2"},"down":{"uv":[0.75,12,0,12.75],"texture":"#2"}}},{"from":[7,0,7.25],"to":[9.5,2,9.75],"rotation":{"angle":0,"axis":"y","origin":[10.25,23.75,5.5]},"faces":{"north":{"uv":[8,10.5,9.25,11.5],"texture":"#2"},"east":{"uv":[10.5,8.5,11.75,9.5],"texture":"#2"},"south":{"uv":[10.5,9.5,11.75,10.5],"texture":"#2"},"west":{"uv":[10.5,10.5,11.75,11.5],"texture":"#2"},"up":{"uv":[9.25,10.25,8,9],"texture":"#2"},"down":{"uv":[10.75,0,9.5,1.25],"texture":"#2"}}},{"from":[8.25,-2,5.5],"to":[8.25,2,11.5],"rotation":{"angle":0,"axis":"y","origin":[10.25,23.75,5.5]},"faces":{"north":{"uv":[0,0,0,2],"texture":"#2"},"east":{"uv":[0,0,3,2],"texture":"#2"},"south":{"uv":[0,0,0,2],"texture":"#2"},"west":{"uv":[0,2,3,4],"texture":"#2"},"up":{"uv":[0,3,0,0],"texture":"#2"},"down":{"uv":[0,0,0,3],"texture":"#2"}}},{"from":[7.25,11.5,7.5],"to":[9.25,12.5,9.5],"rotation":{"angle":0,"axis":"y","origin":[10.25,34.25,5.5]},"faces":{"north":{"uv":[12,0,13,0.5],"texture":"#2"},"east":{"uv":[12,0.5,13,1],"texture":"#2"},"south":{"uv":[1,12,2,12.5],"texture":"#2"},"west":{"uv":[12,1,13,1.5],"texture":"#2"},"up":{"uv":[12,5.5,11,4.5],"texture":"#2"},"down":{"uv":[6,11,5,12],"texture":"#2"}}},{"from":[6.25,12.5,6.25],"to":[10.25,16.5,10.75],"rotation":{"angle":0,"axis":"y","origin":[10.25,25.75,5.5]},"faces":{"north":{"uv":[4,4,6,6],"texture":"#2"},"east":{"uv":[3,0,5.25,2],"texture":"#2"},"south":{"uv":[5.5,0,7.5,2],"texture":"#2"},"west":{"uv":[3,2,5.25,4],"texture":"#2"},"up":{"uv":[2,6.25,0,4],"texture":"#2"},"down":{"uv":[4,4,2,6.25],"texture":"#2"}}},{"from":[6.25,12.5,3.75],"to":[10.25,16.5,5.25],"rotation":{"angle":0,"axis":"y","origin":[10.25,25.75,5.5]},"faces":{"north":{"uv":[5.5,2,7.5,4],"texture":"#2"},"east":{"uv":[9.5,1.5,10.25,3.5],"texture":"#2"},"south":{"uv":[4,6,6,8],"texture":"#2"},"west":{"uv":[9.5,9,10.25,11],"texture":"#2"},"up":{"uv":[12,4.25,10,3.5],"texture":"#2"},"down":{"uv":[6,10,4,10.75],"texture":"#2"}}},{"from":[6.5,12.75,10.75],"to":[10,16.25,11.75],"rotation":{"angle":0,"axis":"y","origin":[8.25,14.5,5.125]},"faces":{"north":{"uv":[7.5,0,9.25,1.75],"texture":"#2"},"east":{"uv":[11,6.5,11.5,8.25],"texture":"#2"},"south":{"uv":[7.5,2,9.25,3.75],"texture":"#2"},"west":{"uv":[7,11,7.5,12.75],"texture":"#2"},"up":{"uv":[13.25,7,11.5,6.5],"texture":"#2"},"down":{"uv":[13.25,7,11.5,7.5],"texture":"#2"}}},{"from":[6.25,12.5,11.75],"to":[10.25,16.5,13.25],"rotation":{"angle":0,"axis":"y","origin":[8.25,14.5,5.125]},"faces":{"north":{"uv":[6,4,8,6],"texture":"#2"},"east":{"uv":[10,4.5,10.75,6.5],"texture":"#2"},"south":{"uv":[6,6,8,8],"texture":"#2"},"west":{"uv":[10,6.5,10.75,8.5],"texture":"#2"},"up":{"uv":[12.5,2.25,10.5,1.5],"texture":"#2"},"down":{"uv":[12.5,2.5,10.5,3.25],"texture":"#2"}}},{"from":[6.5,12.75,5.25],"to":[10,16.25,6.25],"rotation":{"angle":0,"axis":"y","origin":[10.25,25.75,5.5]},"faces":{"north":{"uv":[4,8,5.75,9.75],"texture":"#2"},"east":{"uv":[7.5,11,8,12.75],"texture":"#2"},"south":{"uv":[8,4,9.75,5.75],"texture":"#2"},"west":{"uv":[9.5,11,10,12.75],"texture":"#2"},"up":{"uv":[13.25,8,11.5,7.5],"texture":"#2"},"down":{"uv":[13.25,8,11.5,8.5],"texture":"#2"}}},{"from":[7.25,16,7.25],"to":[9.25,17,9.75],"rotation":{"angle":0,"axis":"y","origin":[7.25,16,7.25]},"faces":{"north":{"uv":[2,12,3,12.5],"texture":"#2"},"east":{"uv":[8,11.5,9.25,12],"texture":"#2"},"south":{"uv":[3,12,4,12.5],"texture":"#2"},"west":{"uv":[10,11.5,11.25,12],"texture":"#2"},"up":{"uv":[12,1.25,11,0],"texture":"#2"},"down":{"uv":[5,11,4,12.25],"texture":"#2"}}}],"display":{"thirdperson_righthand":{"translation":[0,0.5,0],"scale":[1.1,1.1,1.1]},"thirdperson_lefthand":{"translation":[0,0.5,0],"scale":[1.1,1.1,1.1]},"firstperson_righthand":{"rotation":[-15,0,0],"translation":[-0.5,0,-0.5],"scale":[0.9,0.9,0.9]},"firstperson_lefthand":{"rotation":[-15,0,0],"translation":[-0.5,0,-0.5],"scale":[0.9,0.9,0.9]},"ground":{"translation":[0,6,0]},"gui":{"rotation":[75,-45,90],"translation":[0.75,-0.25,0],"scale":[0.8,0.8,0.8]},"fixed":{"rotation":[-90,-45,-90]}},"groups":[{"name":"thorhammer","origin":[0,0,0],"color":0,"children":[0,1,2,3,4,5,6,7,8,9]}],"mcmodels":"7b257da1ce93354a363b0be32b47f8cf"}