{"credit":"Made with Blockbench","texture_size":[64,64],"textures":{"1":"minewave:item/thor/thorhelmet"},"elements":[{"from":[4,9,3],"to":[12,9,11],"rotation":{"angle":0,"axis":"y","origin":[3,7,4]},"faces":{"north":{"uv":[0,0,2,0],"texture":"#1"},"east":{"uv":[0,0,2,0],"texture":"#1"},"south":{"uv":[0,0,2,0],"texture":"#1"},"west":{"uv":[0,0,2,0],"texture":"#1"},"up":{"uv":[2,2,0,0],"texture":"#1"},"down":{"uv":[2,2,0,4],"texture":"#1"}}},{"from":[4,2,3],"to":[4,9,11],"rotation":{"angle":0,"axis":"y","origin":[3,7,4]},"faces":{"north":{"uv":[0,0,0,1.75],"texture":"#1"},"east":{"uv":[2,0,4,1.75],"texture":"#1"},"south":{"uv":[0,0,0,1.75],"texture":"#1"},"west":{"uv":[2,1.75,4,3.5],"texture":"#1"},"up":{"uv":[0,2,0,0],"texture":"#1"},"down":{"uv":[0,0,0,2],"texture":"#1"}}},{"from":[12,2,3],"to":[12,9,11],"rotation":{"angle":0,"axis":"y","origin":[11,7,4]},"faces":{"north":{"uv":[0,0,0,1.75],"texture":"#1"},"east":{"uv":[2,3.5,4,5.25],"texture":"#1"},"south":{"uv":[0,0,0,1.75],"texture":"#1"},"west":{"uv":[0,4,2,5.75],"texture":"#1"},"up":{"uv":[0,0,0,2],"texture":"#1"},"down":{"uv":[0,0,0,2],"texture":"#1"}}},{"from":[4,2,11],"to":[12,9,11],"rotation":{"angle":0,"axis":"y","origin":[11,7,4]},"faces":{"north":{"uv":[4,0,6,1.75],"texture":"#1"},"east":{"uv":[0,0,0,1.75],"texture":"#1"},"south":{"uv":[4,1.75,6,3.5],"texture":"#1"},"west":{"uv":[0,0,0,1.75],"texture":"#1"},"up":{"uv":[0,0,2,0],"texture":"#1"},"down":{"uv":[0,0,2,0],"texture":"#1"}}},{"from":[4.05,2.1,3],"to":[5.05,5.1,11],"rotation":{"angle":-22.5,"axis":"x","origin":[4.55,2.1,11]},"faces":{"north":{"uv":[3.25,5.25,3.5,6],"texture":"#1"},"east":{"uv":[6,1.5,8,2.25],"texture":"#1"},"south":{"uv":[3.5,5.25,3.75,6],"texture":"#1"},"west":{"uv":[6,2.25,8,3],"texture":"#1"},"up":{"uv":[2.5,7.25,2.25,5.25],"texture":"#1"},"down":{"uv":[2.75,5.25,2.5,7.25],"texture":"#1"}}},{"from":[10.95,2.1,3],"to":[11.95,5.1,11],"rotation":{"angle":-22.5,"axis":"x","origin":[11.45,2.1,11]},"faces":{"north":{"uv":[3.75,5.25,4,6],"texture":"#1"},"east":{"uv":[6.25,3,8.25,3.75],"texture":"#1"},"south":{"uv":[3.25,6,3.5,6.75],"texture":"#1"},"west":{"uv":[6.25,3.75,8.25,4.5],"texture":"#1"},"up":{"uv":[3,7.25,2.75,5.25],"texture":"#1"},"down":{"uv":[3.25,5.25,3,7.25],"texture":"#1"}}},{"from":[4.05,1.1,3],"to":[5.05,2.1,6],"rotation":{"angle":-22.5,"axis":"x","origin":[4.55,2.1,11]},"faces":{"north":{"uv":[2,5.25,2.25,5.5],"texture":"#1"},"east":{"uv":[3.5,6.5,4.25,6.75],"texture":"#1"},"south":{"uv":[2,5.5,2.25,5.75],"texture":"#1"},"west":{"uv":[4.25,6.5,5,6.75],"texture":"#1"},"up":{"uv":[5.25,7.25,5,6.5],"texture":"#1"},"down":{"uv":[5.5,6.5,5.25,7.25],"texture":"#1"}}},{"from":[10.95,1.1,3],"to":[11.95,2.1,6],"rotation":{"angle":-22.5,"axis":"x","origin":[11.45,2.1,11]},"faces":{"north":{"uv":[6,3,6.25,3.25],"texture":"#1"},"east":{"uv":[5.5,6.5,6.25,6.75],"texture":"#1"},"south":{"uv":[6,3.25,6.25,3.5],"texture":"#1"},"west":{"uv":[6.25,6.5,7,6.75],"texture":"#1"},"up":{"uv":[3.5,7.5,3.25,6.75],"texture":"#1"},"down":{"uv":[3.75,6.75,3.5,7.5],"texture":"#1"}}},{"from":[4,6,3],"to":[12,9,3],"rotation":{"angle":0,"axis":"y","origin":[3,7,4]},"faces":{"north":{"uv":[6.25,4.5,8.25,5.25],"texture":"#1"},"east":{"uv":[0,0,0,0.75],"texture":"#1"},"south":{"uv":[6.25,5.25,8.25,6],"texture":"#1"},"west":{"uv":[0,0,0,0.75],"texture":"#1"},"up":{"uv":[0,0,2,0],"texture":"#1"},"down":{"uv":[0,0,2,0],"texture":"#1"}}},{"from":[3.9,2,6],"to":[3.9,8,15],"rotation":{"angle":-22.5,"axis":"x","origin":[3.9,7,5]},"faces":{"north":{"uv":[0,0,0,1.5],"texture":"#1"},"east":{"uv":[4,3.5,6.25,5],"texture":"#1"},"south":{"uv":[0,0,0,1.5],"texture":"#1"},"west":{"uv":[4,5,6.25,6.5],"texture":"#1"},"up":{"uv":[0,2.25,0,0],"texture":"#1"},"down":{"uv":[0,0,0,2.25],"texture":"#1"}}},{"from":[6,5,3],"to":[10,6,3],"rotation":{"angle":0,"axis":"y","origin":[3,7,4]},"faces":{"north":{"uv":[6.25,6,7.25,6.25],"texture":"#1"},"east":{"uv":[0,0,0,0.25],"texture":"#1"},"south":{"uv":[6.25,6.25,7.25,6.5],"texture":"#1"},"west":{"uv":[0,0,0,0.25],"texture":"#1"},"up":{"uv":[1,0,0,0],"texture":"#1"},"down":{"uv":[0,0,1,0],"texture":"#1"}}},{"from":[12.1,2,6],"to":[12.1,8,15],"rotation":{"angle":-22.5,"axis":"x","origin":[12.1,7,5]},"faces":{"north":{"uv":[0,0,0,1.5],"texture":"#1"},"east":{"uv":[0,5.75,2.25,7.25],"texture":"#1"},"south":{"uv":[0,0,0,1.5],"texture":"#1"},"west":{"uv":[6,0,8.25,1.5],"texture":"#1"},"up":{"uv":[0,0,0,2.25],"texture":"#1"},"down":{"uv":[0,0,0,2.25],"texture":"#1"}}},{"from":[3.9,8,12],"to":[3.9,9,15],"rotation":{"angle":-22.5,"axis":"x","origin":[3.9,7,5]},"faces":{"north":{"uv":[0,0,0,0.25],"texture":"#1"},"east":{"uv":[3.75,6.75,4.5,7],"texture":"#1"},"south":{"uv":[0,0,0,0.25],"texture":"#1"},"west":{"uv":[5.5,6.75,6.25,7],"texture":"#1"},"up":{"uv":[0,0,0,0.75],"texture":"#1"},"down":{"uv":[0,0,0,0.75],"texture":"#1"}}},{"from":[12.1,8,12],"to":[12.1,9,15],"rotation":{"angle":-22.5,"axis":"x","origin":[12.1,7,5]},"faces":{"north":{"uv":[0,0,0,0.25],"texture":"#1"},"east":{"uv":[6.25,6.75,7,7],"texture":"#1"},"south":{"uv":[0,0,0,0.25],"texture":"#1"},"west":{"uv":[3.75,7,4.5,7.25],"texture":"#1"},"up":{"uv":[0,0,0,0.75],"texture":"#1"},"down":{"uv":[0,0,0,0.75],"texture":"#1"}}}],"display":{"thirdperson_righthand":{"rotation":[70,0,0],"scale":[0.5,0.5,0.5]},"thirdperson_lefthand":{"rotation":[70,0,0],"scale":[0.5,0.5,0.5]},"firstperson_righthand":{"translation":[0,3,0],"scale":[0.5,0.5,0.5]},"firstperson_lefthand":{"translation":[0,3,0],"scale":[0.5,0.5,0.5]},"ground":{"translation":[0,6,0]},"gui":{"rotation":[-165,45,-180],"translation":[-0.25,2.25,0],"scale":[0.9,0.9,0.9]},"head":{"translation":[0,6,2],"scale":[1.8,1.8,1.8]},"fixed":{"translation":[0,4,-1.75]}},"groups":[{"name":"thorhelmet","origin":[3,7,5],"color":0,"children":[0,1,2,3,4,5,6,7,8,9,10,11,12,13]}],"mcmodels":"7b257da1ce93354a363b0be32b47f8cf"}