{"credit":"Made with Blockbench","texture_size":[32,32],"textures":{"0":"minewave:item/thor/thorhoe","particle":"minewave:item/thor/thorhoe"},"elements":[{"from":[6.75,14.0712,12.06178],"to":[9.25,16.5712,14.56178],"rotation":{"angle":-45,"axis":"x","origin":[8,9.37584,9.28816]},"faces":{"north":{"uv":[5,3,6.25,4.25],"texture":"#0"},"east":{"uv":[5,4.5,6.25,5.75],"texture":"#0"},"south":{"uv":[5,6,6.25,7.25],"texture":"#0"},"west":{"uv":[6.5,3,7.75,4.25],"texture":"#0"},"up":{"uv":[7.75,5.75,6.5,4.5],"texture":"#0"},"down":{"uv":[7.75,6,6.5,7.25],"texture":"#0"}}},{"from":[8,12.0712,14.56178],"to":[8,15.5712,16.06178],"rotation":{"angle":-45,"axis":"x","origin":[8,9.37584,9.28816]},"faces":{"north":{"uv":[0,0,0,1.75],"texture":"#0"},"east":{"uv":[7,7.5,7.75,9.25],"texture":"#0"},"south":{"uv":[0,0,0,1.75],"texture":"#0"},"west":{"uv":[8,3,8.75,4.75],"texture":"#0"},"up":{"uv":[0,0.75,0,0],"texture":"#0"},"down":{"uv":[0,0,0,0.75],"texture":"#0"}}},{"from":[6.25,14.5712,12.56178],"to":[9.75,16.0712,14.06178],"rotation":{"angle":-45,"axis":"x","origin":[8,9.37584,9.28816]},"faces":{"north":{"uv":[8,5,9.75,5.75],"texture":"#0"},"east":{"uv":[2,9.5,2.75,10.25],"texture":"#0"},"south":{"uv":[8,6,9.75,6.75],"texture":"#0"},"west":{"uv":[3,9.5,3.75,10.25],"texture":"#0"},"up":{"uv":[9.75,7.75,8,7],"texture":"#0"},"down":{"uv":[9.75,8,8,8.75],"texture":"#0"}}},{"from":[7.25,4,7.25],"to":[8.75,18.5,8.75],"rotation":{"angle":0,"axis":"y","origin":[8,9.37584,9.28816]},"faces":{"north":{"uv":[3,0,3.75,7.25],"texture":"#0"},"east":{"uv":[0,4,0.75,11.25],"texture":"#0"},"south":{"uv":[4,0,4.75,7.25],"texture":"#0"},"west":{"uv":[1,4,1.75,11.25],"texture":"#0"},"up":{"uv":[4.75,10.25,4,9.5],"texture":"#0"},"down":{"uv":[6.75,9.5,6,10.25],"texture":"#0"}}},{"from":[8,0,5],"to":[8,4,11],"rotation":{"angle":0,"axis":"y","origin":[10,25.75,5]},"faces":{"north":{"uv":[0,0,0,2],"texture":"#0"},"east":{"uv":[0,0,3,2],"texture":"#0"},"south":{"uv":[0,0,0,2],"texture":"#0"},"west":{"uv":[0,2,3,4],"texture":"#0"},"up":{"uv":[0,3,0,0],"texture":"#0"},"down":{"uv":[0,0,0,3],"texture":"#0"}}},{"from":[6.75,2,6.75],"to":[9.25,4,9.25],"rotation":{"angle":0,"axis":"y","origin":[10,25.75,5]},"faces":{"north":{"uv":[2,8.5,3.25,9.5],"texture":"#0"},"east":{"uv":[8.5,2,9.75,3],"texture":"#0"},"south":{"uv":[3.5,8.5,4.75,9.5],"texture":"#0"},"west":{"uv":[9,3,10.25,4],"texture":"#0"},"up":{"uv":[8.25,1.25,7,0],"texture":"#0"},"down":{"uv":[8.25,1.5,7,2.75],"texture":"#0"}}},{"from":[7.25,18.5,7.25],"to":[7.25,20,8.75],"rotation":{"angle":0,"axis":"y","origin":[8,9.37584,9.28816]},"faces":{"north":{"uv":[0,0,0,0.75],"texture":"#0"},"east":{"uv":[7,9.5,7.75,10.25],"texture":"#0"},"south":{"uv":[0,0,0,0.75],"texture":"#0"},"west":{"uv":[9.5,9,10.25,9.75],"texture":"#0"},"up":{"uv":[0,0.75,0,0],"texture":"#0"},"down":{"uv":[0,0,0,0.75],"texture":"#0"}}},{"from":[8.75,18.5,7.25],"to":[8.75,20,8.75],"rotation":{"angle":0,"axis":"y","origin":[8,9.37584,9.28816]},"faces":{"north":{"uv":[0,0,0,0.75],"texture":"#0"},"east":{"uv":[10,2,10.75,2.75],"texture":"#0"},"south":{"uv":[0,0,0,0.75],"texture":"#0"},"west":{"uv":[5,10,5.75,10.75],"texture":"#0"},"up":{"uv":[0,0.75,0,0],"texture":"#0"},"down":{"uv":[0,0,0,0.75],"texture":"#0"}}},{"from":[7.25,15.71027,3.54291],"to":[8.75,17.21027,7.54291],"rotation":{"angle":0,"axis":"y","origin":[8,16.19828,4.00967]},"faces":{"north":{"uv":[10,5,10.75,5.75],"texture":"#0"},"east":{"uv":[2,7.5,4,8.25],"texture":"#0"},"south":{"uv":[10,6,10.75,6.75],"texture":"#0"},"west":{"uv":[4,7.5,6,8.25],"texture":"#0"},"up":{"uv":[2.75,6,2,4],"texture":"#0"},"down":{"uv":[6.75,7.5,6,9.5],"texture":"#0"}}},{"from":[8,13.21027,3.54291],"to":[8,15.71027,7.29291],"rotation":{"angle":0,"axis":"y","origin":[8,16.19828,4.50967]},"faces":{"north":{"uv":[0,0,0,1.25],"texture":"#0"},"east":{"uv":[5,0,7,1.25],"texture":"#0"},"south":{"uv":[0,0,0,1.25],"texture":"#0"},"west":{"uv":[5,1.5,7,2.75],"texture":"#0"},"up":{"uv":[0,2,0,0],"texture":"#0"},"down":{"uv":[0,0,0,2],"texture":"#0"}}},{"from":[8,17.21027,3.54291],"to":[8,18.71027,7.04291],"rotation":{"angle":0,"axis":"y","origin":[8,16.19828,4.50967]},"faces":{"north":{"uv":[0,0,0,0.75],"texture":"#0"},"east":{"uv":[8.5,0,10.25,0.75],"texture":"#0"},"south":{"uv":[0,0,0,0.75],"texture":"#0"},"west":{"uv":[8.5,1,10.25,1.75],"texture":"#0"},"up":{"uv":[0,1.75,0,0],"texture":"#0"},"down":{"uv":[0,0,0,1.75],"texture":"#0"}}},{"from":[8.65,15.68325,-0.422],"to":[8.65,17.18325,0.578],"rotation":{"angle":-45,"axis":"x","origin":[8,17.18628,3.52643]},"faces":{"north":{"uv":[0,0,0,0.75],"texture":"#0"},"east":{"uv":[10,8,10.5,8.75],"texture":"#0"},"south":{"uv":[0,0,0,0.75],"texture":"#0"},"west":{"uv":[9,10,9.5,10.75],"texture":"#0"},"up":{"uv":[0,0.5,0,0],"texture":"#0"},"down":{"uv":[0,0,0,0.5],"texture":"#0"}}},{"from":[7.35,15.68325,0.578],"to":[8.65,17.18325,3.578],"rotation":{"angle":-45,"axis":"x","origin":[8,17.18628,3.52643]},"faces":{"north":{"uv":[10,7,10.75,7.75],"texture":"#0"},"east":{"uv":[9,4,10.5,4.75],"texture":"#0"},"south":{"uv":[8,10,8.75,10.75],"texture":"#0"},"west":{"uv":[8,9,9.5,9.75],"texture":"#0"},"up":{"uv":[2.75,7.5,2,6],"texture":"#0"},"down":{"uv":[5.75,8.5,5,10],"texture":"#0"}}},{"from":[7.35,15.68325,-0.422],"to":[7.35,17.18325,0.578],"rotation":{"angle":-45,"axis":"x","origin":[8,17.18628,3.52643]},"faces":{"north":{"uv":[0,0,0,0.75],"texture":"#0"},"east":{"uv":[9.5,10,10,10.75],"texture":"#0"},"south":{"uv":[0,0,0,0.75],"texture":"#0"},"west":{"uv":[10,10,10.5,10.75],"texture":"#0"},"up":{"uv":[0,0.5,0,0],"texture":"#0"},"down":{"uv":[0,0,0,0.5],"texture":"#0"}}},{"from":[7.35,17.18325,-0.422],"to":[8.65,17.18325,0.578],"rotation":{"angle":-45,"axis":"x","origin":[8,17.18628,3.52643]},"faces":{"north":{"uv":[0,0,0.75,0],"texture":"#0"},"east":{"uv":[0,0,0.5,0],"texture":"#0"},"south":{"uv":[0,0,0.75,0],"texture":"#0"},"west":{"uv":[0,0,0.5,0],"texture":"#0"},"up":{"uv":[11.25,0.5,10.5,0],"texture":"#0"},"down":{"uv":[11.25,0.5,10.5,1],"texture":"#0"}}}],"display":{"thirdperson_righthand":{"translation":[0,-2,0.25]},"thirdperson_lefthand":{"translation":[0,-2,0.25]},"firstperson_righthand":{"rotation":[-5,0,0]},"firstperson_lefthand":{"rotation":[-5,0,0]},"ground":{"translation":[0,7,0]},"gui":{"rotation":[-90,45,90],"translation":[1.5,-1,0],"scale":[0.85,0.85,0.85]},"head":{"rotation":[-180,0,-180]},"fixed":{"rotation":[-90,45,90],"translation":[2.5,-1.5,0]}},"groups":[{"name":"thorhoe","origin":[8,11.04874,8],"color":0,"children":[0,1,2,3,4,5,6,7,8,9,10,11,12,13,14]}],"mcmodels":"7b257da1ce93354a363b0be32b47f8cf"}