{"credit":"Made with Blockbench","textures":{"0":"minewave:item/thor/thorkey","particle":"minewave:item/thor/thorkey"},"elements":[{"from":[7,2.96872,2.03128],"to":[9,4.96872,4.53128],"rotation":{"angle":0,"axis":"y","origin":[8,4.09372,8.775]},"faces":{"north":{"uv":[8,10,10,12],"texture":"#0"},"east":{"uv":[8,8,10.5,10],"texture":"#0"},"south":{"uv":[10,10,12,12],"texture":"#0"},"west":{"uv":[2,9,4.5,11],"texture":"#0"},"up":{"uv":[2,12.5,0,10],"texture":"#0"},"down":{"uv":[12,4,10,6.5],"texture":"#0"}}},{"from":[8,4.96872,2.03128],"to":[8,5.96872,4.53128],"rotation":{"angle":0,"axis":"y","origin":[8,4.09372,8.775]},"faces":{"north":{"uv":[0,0,0,1],"texture":"#0"},"east":{"uv":[11,9,13.5,10],"texture":"#0"},"south":{"uv":[0,0,0,1],"texture":"#0"},"west":{"uv":[12,2,14.5,3],"texture":"#0"},"up":{"uv":[0,2.5,0,0],"texture":"#0"},"down":{"uv":[0,0,0,2.5],"texture":"#0"}}},{"from":[7.25,3.21872,4.53128],"to":[8.75,4.71872,8.53128],"rotation":{"angle":0,"axis":"y","origin":[8,4.09372,8.525]},"faces":{"north":{"uv":[12,3,13.5,4.5],"texture":"#0"},"east":{"uv":[0,4,4,5.5],"texture":"#0"},"south":{"uv":[12,5,13.5,6.5],"texture":"#0"},"west":{"uv":[4,0,8,1.5],"texture":"#0"},"up":{"uv":[5.5,6,4,2],"texture":"#0"},"down":{"uv":[1.5,6,0,10],"texture":"#0"}}},{"from":[7,2.96872,10.88128],"to":[9,4.96872,11.38128],"rotation":{"angle":45,"axis":"x","origin":[8,3.96872,9.88128]},"faces":{"north":{"uv":[2,11,4,13],"texture":"#0"},"east":{"uv":[5,9,5.5,11],"texture":"#0"},"south":{"uv":[4,11,6,13],"texture":"#0"},"west":{"uv":[6,13,6.5,15],"texture":"#0"},"up":{"uv":[9,13.5,7,13],"texture":"#0"},"down":{"uv":[15,7,13,7.5],"texture":"#0"}}},{"from":[7,2.46872,8.38128],"to":[9,2.96872,11.38128],"rotation":{"angle":45,"axis":"x","origin":[8,3.96872,9.88128]},"faces":{"north":{"uv":[13,8,15,8.5],"texture":"#0"},"east":{"uv":[12,11,15,11.5],"texture":"#0"},"south":{"uv":[9,13,11,13.5],"texture":"#0"},"west":{"uv":[12,12,15,12.5],"texture":"#0"},"up":{"uv":[4,9,2,6],"texture":"#0"},"down":{"uv":[8,2,6,5],"texture":"#0"}}},{"from":[7,2.46872,11.38128],"to":[9,2.46872,12.38128],"rotation":{"angle":45,"axis":"x","origin":[8,3.96872,9.88128]},"faces":{"north":{"uv":[0,0,2,0],"texture":"#0"},"east":{"uv":[0,0,1,0],"texture":"#0"},"south":{"uv":[0,0,2,0],"texture":"#0"},"west":{"uv":[0,0,1,0],"texture":"#0"},"up":{"uv":[8,13,6,12],"texture":"#0"},"down":{"uv":[10,12,8,13],"texture":"#0"}}},{"from":[8,0.96872,8.88128],"to":[8,2.46872,12.38128],"rotation":{"angle":45,"axis":"x","origin":[8,3.96872,9.88128]},"faces":{"north":{"uv":[0,0,0,1.5],"texture":"#0"},"east":{"uv":[8,0,11.5,1.5],"texture":"#0"},"south":{"uv":[0,0,0,1.5],"texture":"#0"},"west":{"uv":[8,2,11.5,3.5],"texture":"#0"},"up":{"uv":[0,3.5,0,0],"texture":"#0"},"down":{"uv":[0,0,0,3.5],"texture":"#0"}}},{"from":[7,2.96872,8.38128],"to":[9,4.96872,8.88128],"rotation":{"angle":45,"axis":"x","origin":[8,3.96872,9.88128]},"faces":{"north":{"uv":[11,7,13,9],"texture":"#0"},"east":{"uv":[11,13,11.5,15],"texture":"#0"},"south":{"uv":[12,0,14,2],"texture":"#0"},"west":{"uv":[12,13,12.5,15],"texture":"#0"},"up":{"uv":[15,13.5,13,13],"texture":"#0"},"down":{"uv":[2,14,0,14.5],"texture":"#0"}}},{"from":[8,2.96872,6.88128],"to":[8,6.46872,8.38128],"rotation":{"angle":45,"axis":"x","origin":[8,3.96872,9.88128]},"faces":{"north":{"uv":[0,0,0,3.5],"texture":"#0"},"east":{"uv":[8,4,9.5,7.5],"texture":"#0"},"south":{"uv":[0,0,0,3.5],"texture":"#0"},"west":{"uv":[6,8,7.5,11.5],"texture":"#0"},"up":{"uv":[0,1.5,0,0],"texture":"#0"},"down":{"uv":[0,0,0,1.5],"texture":"#0"}}},{"from":[7,5.46872,8.38128],"to":[9,6.46872,8.38128],"rotation":{"angle":45,"axis":"x","origin":[8,3.96872,9.88128]},"faces":{"north":{"uv":[10,12,12,13],"texture":"#0"},"east":{"uv":[0,0,0,1],"texture":"#0"},"south":{"uv":[12,10,14,11],"texture":"#0"},"west":{"uv":[0,0,0,1],"texture":"#0"},"up":{"uv":[2,0,0,0],"texture":"#0"},"down":{"uv":[2,0,0,0],"texture":"#0"}}},{"from":[7,4.96872,8.38128],"to":[9,5.46872,11.38128],"rotation":{"angle":45,"axis":"x","origin":[8,3.96872,9.88128]},"faces":{"north":{"uv":[14,0,16,0.5],"texture":"#0"},"east":{"uv":[0,13,3,13.5],"texture":"#0"},"south":{"uv":[14,1,16,1.5],"texture":"#0"},"west":{"uv":[3,13,6,13.5],"texture":"#0"},"up":{"uv":[6,9,4,6],"texture":"#0"},"down":{"uv":[8,5,6,8],"texture":"#0"}}},{"from":[8,0.96872,2.03128],"to":[8,2.96872,6.03128],"rotation":{"angle":0,"axis":"y","origin":[8,4.09372,8.775]},"faces":{"north":{"uv":[0,0,0,2],"texture":"#0"},"east":{"uv":[0,0,4,2],"texture":"#0"},"south":{"uv":[0,0,0,2],"texture":"#0"},"west":{"uv":[0,2,4,4],"texture":"#0"},"up":{"uv":[0,4,0,0],"texture":"#0"},"down":{"uv":[0,0,0,4],"texture":"#0"}}}],"display":{"thirdperson_righthand":{"rotation":[55,0,0],"translation":[0,3,2],"scale":[0.8,0.8,0.8]},"thirdperson_lefthand":{"rotation":[55,0,0],"translation":[0,3,2],"scale":[0.8,0.8,0.8]},"firstperson_righthand":{"translation":[0,6,0]},"firstperson_lefthand":{"translation":[0,6,0]},"ground":{"translation":[0,5,0]},"gui":{"rotation":[105,60,-90],"translation":[4,3,0],"scale":[1.2,1.2,1.2]},"fixed":{"rotation":[-45,-90,-45],"translation":[-0.5,3,0]}},"groups":[{"name":"thorkey","origin":[0,0,0],"color":0,"children":[0,1,2,3,4,5,6,7,8,9,10,11]}],"mcmodels":"7b257da1ce93354a363b0be32b47f8cf"}