{"credit":"Made with Blockbench","texture_size":[32,32],"textures":{"0":"minewave:item/thor/pickaxe","particle":"minewave:item/thor/pickaxe"},"elements":[{"from":[6.75,11.9293,9.22549],"to":[9.25,14.4293,11.72549],"rotation":{"angle":-45,"axis":"x","origin":[8,10.65758,8.04088]},"faces":{"north":{"uv":[5,6,6.25,7.25],"texture":"#0"},"east":{"uv":[6.5,6,7.75,7.25],"texture":"#0"},"south":{"uv":[7,0,8.25,1.25],"texture":"#0"},"west":{"uv":[7,1.5,8.25,2.75],"texture":"#0"},"up":{"uv":[3.25,8.25,2,7],"texture":"#0"},"down":{"uv":[8.25,3,7,4.25],"texture":"#0"}}},{"from":[6.25,12.4293,9.72549],"to":[9.75,13.9293,11.22549],"rotation":{"angle":-45,"axis":"x","origin":[8,10.65758,8.04088]},"faces":{"north":{"uv":[5,7.5,6.75,8.25],"texture":"#0"},"east":{"uv":[10,6,10.75,6.75],"texture":"#0"},"south":{"uv":[7,7.5,8.75,8.25],"texture":"#0"},"west":{"uv":[10.5,1.5,11.25,2.25],"texture":"#0"},"up":{"uv":[9.75,6.75,8,6],"texture":"#0"},"down":{"uv":[10.25,0,8.5,0.75],"texture":"#0"}}},{"from":[7.25,16.5,7.25],"to":[7.25,18,8.75],"rotation":{"angle":0,"axis":"y","origin":[8,10.65758,7.99088]},"faces":{"north":{"uv":[0,0,0,0.75],"texture":"#0"},"east":{"uv":[2,10.5,2.75,11.25],"texture":"#0"},"south":{"uv":[0,0,0,0.75],"texture":"#0"},"west":{"uv":[10.5,2.5,11.25,3.25],"texture":"#0"},"up":{"uv":[0,0.75,0,0],"texture":"#0"},"down":{"uv":[0,0,0,0.75],"texture":"#0"}}},{"from":[7.25,3,7.25],"to":[8.75,16.5,8.75],"rotation":{"angle":0,"axis":"y","origin":[8,10.65758,7.99088]},"faces":{"north":{"uv":[3,0,3.75,6.75],"texture":"#0"},"east":{"uv":[0,4,0.75,10.75],"texture":"#0"},"south":{"uv":[4,0,4.75,6.75],"texture":"#0"},"west":{"uv":[1,4,1.75,10.75],"texture":"#0"},"up":{"uv":[6.25,11.25,5.5,10.5],"texture":"#0"},"down":{"uv":[7.25,10.5,6.5,11.25],"texture":"#0"}}},{"from":[8.75,16.5,7.25],"to":[8.75,18,8.75],"rotation":{"angle":0,"axis":"y","origin":[8,10.65758,7.99088]},"faces":{"north":{"uv":[0,0,0,0.75],"texture":"#0"},"east":{"uv":[10.5,7,11.25,7.75],"texture":"#0"},"south":{"uv":[0,0,0,0.75],"texture":"#0"},"west":{"uv":[7.5,10.5,8.25,11.25],"texture":"#0"},"up":{"uv":[0,0.75,0,0],"texture":"#0"},"down":{"uv":[0,0,0,0.75],"texture":"#0"}}},{"from":[7.25,13.5,8.85],"to":[8.75,15,11.35],"rotation":{"angle":0,"axis":"y","origin":[8,10.65758,8.59088]},"faces":{"north":{"uv":[10.5,9.5,11.25,10.25],"texture":"#0"},"east":{"uv":[5.5,9.5,6.75,10.25],"texture":"#0"},"south":{"uv":[10.5,10.5,11.25,11.25],"texture":"#0"},"west":{"uv":[7,9.5,8.25,10.25],"texture":"#0"},"up":{"uv":[9.25,10.75,8.5,9.5],"texture":"#0"},"down":{"uv":[10.25,9.5,9.5,10.75],"texture":"#0"}}},{"from":[7.25,15,11.35],"to":[8.75,15,12.35],"rotation":{"angle":0,"axis":"y","origin":[8,10.65758,8.59088]},"faces":{"north":{"uv":[0,0,0.75,0],"texture":"#0"},"east":{"uv":[0,0,0.5,0],"texture":"#0"},"south":{"uv":[0,0,0.75,0],"texture":"#0"},"west":{"uv":[0,0,0.5,0],"texture":"#0"},"up":{"uv":[8.75,7.5,8,7],"texture":"#0"},"down":{"uv":[9.75,8,9,8.5],"texture":"#0"}}},{"from":[7.35,13.5,11.35],"to":[8.65,15,14.35],"rotation":{"angle":22.5,"axis":"x","origin":[8,15,11.35]},"faces":{"north":{"uv":[0,11,0.75,11.75],"texture":"#0"},"east":{"uv":[7,8.5,8.5,9.25],"texture":"#0"},"south":{"uv":[1,11,1.75,11.75],"texture":"#0"},"west":{"uv":[8.5,8.5,10,9.25],"texture":"#0"},"up":{"uv":[2.75,5.5,2,4],"texture":"#0"},"down":{"uv":[2.75,5.5,2,7],"texture":"#0"}}},{"from":[8.65,13.5,14.35],"to":[8.65,15,15.35],"rotation":{"angle":22.5,"axis":"x","origin":[8,15,11.35]},"faces":{"north":{"uv":[0,0,0,0.75],"texture":"#0"},"east":{"uv":[5,11,5.5,11.75],"texture":"#0"},"south":{"uv":[0,0,0,0.75],"texture":"#0"},"west":{"uv":[8.5,11,9,11.75],"texture":"#0"},"up":{"uv":[0,0.5,0,0],"texture":"#0"},"down":{"uv":[0,0,0,0.5],"texture":"#0"}}},{"from":[7.35,15,14.35],"to":[8.65,15,15.35],"rotation":{"angle":22.5,"axis":"x","origin":[8,15,11.35]},"faces":{"north":{"uv":[0,0,0.75,0],"texture":"#0"},"east":{"uv":[0,0,0.5,0],"texture":"#0"},"south":{"uv":[0,0,0.75,0],"texture":"#0"},"west":{"uv":[0,0,0.5,0],"texture":"#0"},"up":{"uv":[11.25,4,10.5,3.5],"texture":"#0"},"down":{"uv":[9.75,11,9,11.5],"texture":"#0"}}},{"from":[7.35,13.5,14.35],"to":[7.35,15,15.35],"rotation":{"angle":22.5,"axis":"x","origin":[8,15,11.35]},"faces":{"north":{"uv":[0,0,0,0.75],"texture":"#0"},"east":{"uv":[10,11,10.5,11.75],"texture":"#0"},"south":{"uv":[0,0,0,0.75],"texture":"#0"},"west":{"uv":[11.5,0,12,0.75],"texture":"#0"},"up":{"uv":[0,0.5,0,0],"texture":"#0"},"down":{"uv":[0,0,0,0.5],"texture":"#0"}}},{"from":[8,-1,5],"to":[8,3,11],"rotation":{"angle":0,"axis":"y","origin":[8,9.80909,8.01261]},"faces":{"north":{"uv":[0,0,0,2],"texture":"#0"},"east":{"uv":[0,0,3,2],"texture":"#0"},"south":{"uv":[0,0,0,2],"texture":"#0"},"west":{"uv":[0,2,3,4],"texture":"#0"},"up":{"uv":[0,3,0,0],"texture":"#0"},"down":{"uv":[0,0,0,3],"texture":"#0"}}},{"from":[6.75,1,6.75],"to":[9.25,3,9.25],"rotation":{"angle":0,"axis":"y","origin":[8,9.80909,8.01261]},"faces":{"north":{"uv":[4,8.5,5.25,9.5],"texture":"#0"},"east":{"uv":[8.5,4,9.75,5],"texture":"#0"},"south":{"uv":[8.5,5,9.75,6],"texture":"#0"},"west":{"uv":[5.5,8.5,6.75,9.5],"texture":"#0"},"up":{"uv":[4.75,8.25,3.5,7],"texture":"#0"},"down":{"uv":[8.25,4.5,7,5.75],"texture":"#0"}}},{"from":[8,15,8.85],"to":[8,16.5,12.35],"rotation":{"angle":0,"axis":"y","origin":[8,10.65758,8.59088]},"faces":{"north":{"uv":[0,0,0,0.75],"texture":"#0"},"east":{"uv":[8.5,1,10.25,1.75],"texture":"#0"},"south":{"uv":[0,0,0,0.75],"texture":"#0"},"west":{"uv":[2,8.5,3.75,9.25],"texture":"#0"},"up":{"uv":[0,1.75,0,0],"texture":"#0"},"down":{"uv":[0,0,0,1.75],"texture":"#0"}}},{"from":[7.25,13.5,4.54625],"to":[8.75,15,7.04625],"rotation":{"angle":0,"axis":"y","origin":[8,10.65758,7.84088]},"faces":{"north":{"uv":[3,11,3.75,11.75],"texture":"#0"},"east":{"uv":[10,4,11.25,4.75],"texture":"#0"},"south":{"uv":[4,11,4.75,11.75],"texture":"#0"},"west":{"uv":[10,5,11.25,5.75],"texture":"#0"},"up":{"uv":[10.75,9.25,10,8],"texture":"#0"},"down":{"uv":[11.25,0,10.5,1.25],"texture":"#0"}}},{"from":[8,11,3.54625],"to":[8,13.5,7.29625],"rotation":{"angle":0,"axis":"y","origin":[8,10.65758,7.84088]},"faces":{"north":{"uv":[0,0,0,1.25],"texture":"#0"},"east":{"uv":[5,0,7,1.25],"texture":"#0"},"south":{"uv":[0,0,0,1.25],"texture":"#0"},"west":{"uv":[5,1.5,7,2.75],"texture":"#0"},"up":{"uv":[0,2,0,0],"texture":"#0"},"down":{"uv":[0,0,0,2],"texture":"#0"}}},{"from":[8,11,8.74625],"to":[8,13.5,12.49625],"rotation":{"angle":0,"axis":"y","origin":[8,10.65758,13.04088]},"faces":{"north":{"uv":[0,0,0,1.25],"texture":"#0"},"east":{"uv":[5,3,7,4.25],"texture":"#0"},"south":{"uv":[0,0,0,1.25],"texture":"#0"},"west":{"uv":[5,4.5,7,5.75],"texture":"#0"},"up":{"uv":[0,2,0,0],"texture":"#0"},"down":{"uv":[0,0,0,2],"texture":"#0"}}},{"from":[7.25,15,3.54625],"to":[8.75,15,4.54625],"rotation":{"angle":0,"axis":"y","origin":[8,10.65758,7.84088]},"faces":{"north":{"uv":[0,0,0.75,0],"texture":"#0"},"east":{"uv":[0,0,0.5,0],"texture":"#0"},"south":{"uv":[0,0,0.75,0],"texture":"#0"},"west":{"uv":[0,0,0.5,0],"texture":"#0"},"up":{"uv":[11.75,9.5,11,9],"texture":"#0"},"down":{"uv":[12.25,1,11.5,1.5],"texture":"#0"}}},{"from":[8,15,3.54625],"to":[8,16.5,7.04625],"rotation":{"angle":0,"axis":"y","origin":[8,11.15758,7.84088]},"faces":{"north":{"uv":[0,0,0,0.75],"texture":"#0"},"east":{"uv":[8.5,2,10.25,2.75],"texture":"#0"},"south":{"uv":[0,0,0,0.75],"texture":"#0"},"west":{"uv":[8.5,3,10.25,3.75],"texture":"#0"},"up":{"uv":[0,1.75,0,0],"texture":"#0"},"down":{"uv":[0,0,0,1.75],"texture":"#0"}}},{"from":[7.35,13.5,1.54625],"to":[8.65,15,4.54625],"rotation":{"angle":-22.5,"axis":"x","origin":[8,15,4.54625]},"faces":{"north":{"uv":[11,6,11.75,6.75],"texture":"#0"},"east":{"uv":[9,7,10.5,7.75],"texture":"#0"},"south":{"uv":[11,8,11.75,8.75],"texture":"#0"},"west":{"uv":[2,9.5,3.5,10.25],"texture":"#0"},"up":{"uv":[4.25,11,3.5,9.5],"texture":"#0"},"down":{"uv":[5.25,9.5,4.5,11],"texture":"#0"}}},{"from":[8.65,13.5,0.54625],"to":[8.65,15,1.54625],"rotation":{"angle":-22.5,"axis":"x","origin":[8,15,4.54625]},"faces":{"north":{"uv":[0,0,0,0.75],"texture":"#0"},"east":{"uv":[11.5,1.5,12,2.25],"texture":"#0"},"south":{"uv":[0,0,0,0.75],"texture":"#0"},"west":{"uv":[2,11.5,2.5,12.25],"texture":"#0"},"up":{"uv":[0,0.5,0,0],"texture":"#0"},"down":{"uv":[0,0,0,0.5],"texture":"#0"}}},{"from":[7.35,15,0.54625],"to":[8.65,15,1.54625],"rotation":{"angle":-22.5,"axis":"x","origin":[8,15,4.54625]},"faces":{"north":{"uv":[0,0,0.75,0],"texture":"#0"},"east":{"uv":[0,0,0.5,0],"texture":"#0"},"south":{"uv":[0,0,0.75,0],"texture":"#0"},"west":{"uv":[0,0,0.5,0],"texture":"#0"},"up":{"uv":[12.25,3,11.5,2.5],"texture":"#0"},"down":{"uv":[12.25,3,11.5,3.5],"texture":"#0"}}},{"from":[7.35,13.5,0.54625],"to":[7.35,15,1.54625],"rotation":{"angle":-22.5,"axis":"x","origin":[8,15,4.54625]},"faces":{"north":{"uv":[0,0,0,0.75],"texture":"#0"},"east":{"uv":[2.5,11.5,3,12.25],"texture":"#0"},"south":{"uv":[0,0,0,0.75],"texture":"#0"},"west":{"uv":[11.5,3.5,12,4.25],"texture":"#0"},"up":{"uv":[0,0.5,0,0],"texture":"#0"},"down":{"uv":[0,0,0,0.5],"texture":"#0"}}}],"display":{"thirdperson_righthand":{"translation":[0,0,0.5],"scale":[1.2,1.2,1.2]},"thirdperson_lefthand":{"translation":[0,0,0.5],"scale":[1.2,1.2,1.2]},"firstperson_righthand":{"rotation":[-5,0,0],"translation":[0,1.5,0],"scale":[0.8,0.8,0.8]},"firstperson_lefthand":{"rotation":[-5,0,0],"translation":[0,1.5,0],"scale":[0.8,0.8,0.8]},"ground":{"translation":[0,6,0]},"gui":{"rotation":[90,-45,90],"translation":[0.75,-0.75,0],"scale":[0.9,0.9,0.9]},"head":{"translation":[0,3.5,0]},"fixed":{"rotation":[-90,45,90],"translation":[1.5,-1.25,-0.5]}},"groups":[{"name":"pickaxe","origin":[8,14.25,6.25],"color":0,"children":[0,1,2,3,4,5,6,7,8,9,10,11,12,13,14,15,16,17,18,19,20,21,22]}],"mcmodels":"7b257da1ce93354a363b0be32b47f8cf"}