{"credit":"Made with Blockbench","texture_size":[32,32],"textures":{"0":"minewave:item/thor/shield","particle":"minewave:item/thor/shield"},"elements":[{"from":[7.5,7,8],"to":[8.5,8,9],"rotation":{"angle":0,"axis":"y","origin":[9.35583,5.125,8.61118]},"faces":{"north":{"uv":[11.5,7,12,7.5],"texture":"#0"},"east":{"uv":[7.5,11.5,8,12],"texture":"#0"},"south":{"uv":[11.5,7.5,12,8],"texture":"#0"},"west":{"uv":[8,11.5,8.5,12],"texture":"#0"},"up":{"uv":[12,8.5,11.5,8],"texture":"#0"},"down":{"uv":[9,11.5,8.5,12],"texture":"#0"}}},{"from":[7.5,4.5,8],"to":[8.5,5.5,9],"rotation":{"angle":0,"axis":"y","origin":[9.35583,5.125,8.61118]},"faces":{"north":{"uv":[11.5,8.5,12,9],"texture":"#0"},"east":{"uv":[9,11.5,9.5,12],"texture":"#0"},"south":{"uv":[11.5,9,12,9.5],"texture":"#0"},"west":{"uv":[11.5,9.5,12,10],"texture":"#0"},"up":{"uv":[12,10.5,11.5,10],"texture":"#0"},"down":{"uv":[12,10.5,11.5,11],"texture":"#0"}}},{"from":[7.5,5.5,9],"to":[8.5,7,9],"rotation":{"angle":0,"axis":"y","origin":[9.35583,5.125,8.61118]},"faces":{"north":{"uv":[11.5,1,12,1.75],"texture":"#0"},"east":{"uv":[0,0,0,0.75],"texture":"#0"},"south":{"uv":[11.5,2,12,2.75],"texture":"#0"},"west":{"uv":[0,0,0,0.75],"texture":"#0"},"up":{"uv":[0.5,0,0,0],"texture":"#0"},"down":{"uv":[0.5,0,0,0],"texture":"#0"}}},{"from":[5,0.25,7],"to":[11,10.25,8],"rotation":{"angle":0,"axis":"y","origin":[7.35583,8.125,8.61118]},"faces":{"north":{"uv":[0,0,3,5],"texture":"#0"},"east":{"uv":[7,0,7.5,5],"texture":"#0"},"south":{"uv":[3,0,6,5],"texture":"#0"},"west":{"uv":[7,5,7.5,10],"texture":"#0"},"up":{"uv":[10.5,3.5,7.5,3],"texture":"#0"},"down":{"uv":[10.5,3.5,7.5,4],"texture":"#0"}}},{"from":[4.25,1.25,6.75],"to":[5.75,2.75,8],"rotation":{"angle":45,"axis":"z","origin":[5,2,7.25]},"faces":{"north":{"uv":[9.5,5,10.25,5.75],"texture":"#0"},"east":{"uv":[9.5,6,10.25,6.75],"texture":"#0"},"south":{"uv":[9.5,7,10.25,7.75],"texture":"#0"},"west":{"uv":[7.5,9.5,8.25,10.25],"texture":"#0"},"up":{"uv":[10.25,8.75,9.5,8],"texture":"#0"},"down":{"uv":[9.25,9.5,8.5,10.25],"texture":"#0"}}},{"from":[10.25,7.5,6.75],"to":[11.75,9,8],"rotation":{"angle":45,"axis":"z","origin":[11,8.25,7.25]},"faces":{"north":{"uv":[9.5,9,10.25,9.75],"texture":"#0"},"east":{"uv":[9.5,10,10.25,10.75],"texture":"#0"},"south":{"uv":[10.5,0,11.25,0.75],"texture":"#0"},"west":{"uv":[10.5,1,11.25,1.75],"texture":"#0"},"up":{"uv":[11.25,2.75,10.5,2],"texture":"#0"},"down":{"uv":[11.25,3,10.5,3.75],"texture":"#0"}}},{"from":[4.25,7.5,6.75],"to":[5.75,9,8],"rotation":{"angle":45,"axis":"z","origin":[5,8.25,7.25]},"faces":{"north":{"uv":[10.5,5,11.25,5.75],"texture":"#0"},"east":{"uv":[10.5,6,11.25,6.75],"texture":"#0"},"south":{"uv":[7,10.5,7.75,11.25],"texture":"#0"},"west":{"uv":[10.5,7,11.25,7.75],"texture":"#0"},"up":{"uv":[8.75,11.25,8,10.5],"texture":"#0"},"down":{"uv":[11.25,8,10.5,8.75],"texture":"#0"}}},{"from":[10.25,1.25,6.75],"to":[11.75,2.75,8],"rotation":{"angle":45,"axis":"z","origin":[11,2,7.25]},"faces":{"north":{"uv":[10.5,9,11.25,9.75],"texture":"#0"},"east":{"uv":[10.5,10,11.25,10.75],"texture":"#0"},"south":{"uv":[0,11,0.75,11.75],"texture":"#0"},"west":{"uv":[1,11,1.75,11.75],"texture":"#0"},"up":{"uv":[2.75,11.75,2,11],"texture":"#0"},"down":{"uv":[3.75,11,3,11.75],"texture":"#0"}}},{"from":[10,10.25,7],"to":[11,12.25,8],"rotation":{"angle":0,"axis":"y","origin":[7.35583,8.125,8.61118]},"faces":{"north":{"uv":[9,10.5,9.5,11.5],"texture":"#0"},"east":{"uv":[5,11,5.5,12],"texture":"#0"},"south":{"uv":[5.5,11,6,12],"texture":"#0"},"west":{"uv":[9.5,11,10,12],"texture":"#0"},"up":{"uv":[12,11.5,11.5,11],"texture":"#0"},"down":{"uv":[12,11.5,11.5,12],"texture":"#0"}}},{"from":[5,10.25,7],"to":[6,12.25,8],"rotation":{"angle":0,"axis":"y","origin":[2.35583,8.125,8.61118]},"faces":{"north":{"uv":[10,11,10.5,12],"texture":"#0"},"east":{"uv":[10.5,11,11,12],"texture":"#0"},"south":{"uv":[11,11,11.5,12],"texture":"#0"},"west":{"uv":[11.5,0,12,1],"texture":"#0"},"up":{"uv":[0.5,12.5,0,12],"texture":"#0"},"down":{"uv":[12.5,0,12,0.5],"texture":"#0"}}},{"from":[2,0.25,7],"to":[5,12.25,8],"rotation":{"angle":45,"axis":"y","origin":[5,9.25,7]},"faces":{"north":{"uv":[0,5,1.5,11],"texture":"#0"},"east":{"uv":[6,0,6.5,6],"texture":"#0"},"south":{"uv":[1.5,5,3,11],"texture":"#0"},"west":{"uv":[6,6,6.5,12],"texture":"#0"},"up":{"uv":[10.5,2.5,9,2],"texture":"#0"},"down":{"uv":[10.5,2.5,9,3],"texture":"#0"}}},{"from":[1,12.25,7],"to":[2,12.25,8],"rotation":{"angle":45,"axis":"y","origin":[5,9.25,7]},"faces":{"north":{"uv":[0,0,0.5,0],"texture":"#0"},"east":{"uv":[0,0,0.5,0],"texture":"#0"},"south":{"uv":[0,0,0.5,0],"texture":"#0"},"west":{"uv":[0,0,0.5,0],"texture":"#0"},"up":{"uv":[1,12.5,0.5,12],"texture":"#0"},"down":{"uv":[12.5,0.5,12,1],"texture":"#0"}}},{"from":[1.5,12.25,7.5],"to":[5,13.75,7.5],"rotation":{"angle":45,"axis":"y","origin":[5,9.25,7]},"faces":{"north":{"uv":[7.5,4,9.25,4.75],"texture":"#0"},"east":{"uv":[0,0,0,0.75],"texture":"#0"},"south":{"uv":[7.5,5,9.25,5.75],"texture":"#0"},"west":{"uv":[0,0,0,0.75],"texture":"#0"},"up":{"uv":[1.75,0,0,0],"texture":"#0"},"down":{"uv":[1.75,0,0,0],"texture":"#0"}}},{"from":[11,0.25,7],"to":[14,12.25,8],"rotation":{"angle":-45,"axis":"y","origin":[11,9.25,7]},"faces":{"north":{"uv":[3,5,4.5,11],"texture":"#0"},"east":{"uv":[6.5,0,7,6],"texture":"#0"},"south":{"uv":[4.5,5,6,11],"texture":"#0"},"west":{"uv":[6.5,6,7,12],"texture":"#0"},"up":{"uv":[11,4.5,9.5,4],"texture":"#0"},"down":{"uv":[11,4.5,9.5,5],"texture":"#0"}}},{"from":[14,12.25,7],"to":[15,12.25,8],"rotation":{"angle":-45,"axis":"y","origin":[11,9.25,7]},"faces":{"north":{"uv":[0,0,0.5,0],"texture":"#0"},"east":{"uv":[0,0,0.5,0],"texture":"#0"},"south":{"uv":[0,0,0.5,0],"texture":"#0"},"west":{"uv":[0,0,0.5,0],"texture":"#0"},"up":{"uv":[7.5,10.5,7,10],"texture":"#0"},"down":{"uv":[7.5,11.5,7,12],"texture":"#0"}}},{"from":[11,12.25,7.5],"to":[14.5,13.75,7.5],"rotation":{"angle":-45,"axis":"y","origin":[11,9.25,7]},"faces":{"north":{"uv":[7.5,6,9.25,6.75],"texture":"#0"},"east":{"uv":[0,0,0,0.75],"texture":"#0"},"south":{"uv":[7.5,7,9.25,7.75],"texture":"#0"},"west":{"uv":[0,0,0,0.75],"texture":"#0"},"up":{"uv":[1.75,0,0,0],"texture":"#0"},"down":{"uv":[1.75,0,0,0],"texture":"#0"}}},{"from":[7.25,8.6,6],"to":[8.75,10.1,7],"rotation":{"angle":45,"axis":"z","origin":[6.9,9.75,6.5]},"faces":{"north":{"uv":[4,11,4.75,11.75],"texture":"#0"},"east":{"uv":[11.5,3,12,3.75],"texture":"#0"},"south":{"uv":[11,4,11.75,4.75],"texture":"#0"},"west":{"uv":[11.5,5,12,5.75],"texture":"#0"},"up":{"uv":[12.25,6.5,11.5,6],"texture":"#0"},"down":{"uv":[12.25,6.5,11.5,7],"texture":"#0"}}},{"from":[6.75,8.1,6.5],"to":[9.25,10.6,7.95],"rotation":{"angle":45,"axis":"z","origin":[6.9,9.75,6.5]},"faces":{"north":{"uv":[7.5,0,8.75,1.25],"texture":"#0"},"east":{"uv":[7.5,8,8.25,9.25],"texture":"#0"},"south":{"uv":[7.5,1.5,8.75,2.75],"texture":"#0"},"west":{"uv":[8.5,8,9.25,9.25],"texture":"#0"},"up":{"uv":[10.25,0.75,9,0],"texture":"#0"},"down":{"uv":[10.25,1,9,1.75],"texture":"#0"}}}],"display":{"thirdperson_righthand":{"rotation":[75,-75,9],"translation":[2.5,-0.5,6.5],"scale":[1.3,1.3,1.3]},"thirdperson_lefthand":{"rotation":[75,-75,9],"translation":[2.5,-0.5,6.5],"scale":[1.3,1.3,1.3]},"firstperson_righthand":{"rotation":[0,0,15],"translation":[0,0.5,1.5],"scale":[1.3,1.3,1.3]},"firstperson_lefthand":{"rotation":[0,0,15],"translation":[0,0.5,1.5],"scale":[1.3,1.3,1.3]},"ground":{"translation":[0,6,0]},"gui":{"rotation":[-165,0,-180],"translation":[0.25,1,0],"scale":[1.1,1.1,1.1]},"fixed":{"translation":[0,1.5,0],"scale":[1.3,1.3,1.3]}},"groups":[{"name":"thorshield","origin":[5.5,9,8.5],"color":0,"children":[0,1,2,3,4,5,6,7,8,9,10,11,12,13,14,15,16,17]}],"mcmodels":"7b257da1ce93354a363b0be32b47f8cf"}