{"credit":"Made with Blockbench","texture_size":[32,32],"textures":{"0":"minewave:item/thor/thorshovel","particle":"minewave:item/thor/thorshovel"},"elements":[{"from":[8,15,5.75],"to":[8,20,10.25],"rotation":{"angle":0,"axis":"y","origin":[8,10.90255,8]},"faces":{"north":{"uv":[0,0,0,2.5],"texture":"#0"},"east":{"uv":[3,0,5.25,2.5],"texture":"#0"},"south":{"uv":[0,0,0,2.5],"texture":"#0"},"west":{"uv":[3,2.5,5.25,5],"texture":"#0"},"up":{"uv":[0,2.25,0,0],"texture":"#0"},"down":{"uv":[0,0,0,2.25],"texture":"#0"}}},{"from":[8,19,7.85],"to":[8,22.15,11],"rotation":{"angle":45,"axis":"x","origin":[8,22,8]},"faces":{"north":{"uv":[0,0,0,1.5],"texture":"#0"},"east":{"uv":[4,5,5.5,6.5],"texture":"#0"},"south":{"uv":[0,0,0,1.5],"texture":"#0"},"west":{"uv":[5.5,0,7,1.5],"texture":"#0"},"up":{"uv":[0,1.5,0,0],"texture":"#0"},"down":{"uv":[0,0,0,1.5],"texture":"#0"}}},{"from":[6.75,12.03427,9.38172],"to":[9.25,14.53427,11.88172],"rotation":{"angle":-45,"axis":"x","origin":[8,10.65255,8]},"faces":{"north":{"uv":[4,6.5,5.25,7.75],"texture":"#0"},"east":{"uv":[7,0,8.25,1.25],"texture":"#0"},"south":{"uv":[7.5,1.5,8.75,2.75],"texture":"#0"},"west":{"uv":[7.5,3,8.75,4.25],"texture":"#0"},"up":{"uv":[8.75,5.75,7.5,4.5],"texture":"#0"},"down":{"uv":[6.75,7.5,5.5,8.75],"texture":"#0"}}},{"from":[6.25,12.53427,9.88172],"to":[9.75,14.03427,11.38172],"rotation":{"angle":-45,"axis":"x","origin":[8,10.65255,8]},"faces":{"north":{"uv":[9,5,10.75,5.75],"texture":"#0"},"east":{"uv":[2,9.5,2.75,10.25],"texture":"#0"},"south":{"uv":[6,9,7.75,9.75],"texture":"#0"},"west":{"uv":[4,10,4.75,10.75],"texture":"#0"},"up":{"uv":[10.75,6.75,9,6],"texture":"#0"},"down":{"uv":[1.75,9.5,0,10.25],"texture":"#0"}}},{"from":[7.25,3,7.25],"to":[8.75,13.5,8.75],"rotation":{"angle":0,"axis":"y","origin":[8,10.65255,8]},"faces":{"north":{"uv":[0,4,0.75,9.25],"texture":"#0"},"east":{"uv":[1,4,1.75,9.25],"texture":"#0"},"south":{"uv":[2,4,2.75,9.25],"texture":"#0"},"west":{"uv":[3,5,3.75,10.25],"texture":"#0"},"up":{"uv":[8.25,10.75,7.5,10],"texture":"#0"},"down":{"uv":[3.75,10.5,3,11.25],"texture":"#0"}}},{"from":[8,12.25,3.6],"to":[8,14.75,7.3],"rotation":{"angle":0,"axis":"y","origin":[8,10.65255,8]},"faces":{"north":{"uv":[0,0,0,1.25],"texture":"#0"},"east":{"uv":[5.5,1.5,7.25,2.75],"texture":"#0"},"south":{"uv":[0,0,0,1.25],"texture":"#0"},"west":{"uv":[5.5,3,7.25,4.25],"texture":"#0"},"up":{"uv":[0,1.75,0,0],"texture":"#0"},"down":{"uv":[0,0,0,1.75],"texture":"#0"}}},{"from":[8,12.25,8.7],"to":[8,14.75,12.4],"rotation":{"angle":0,"axis":"y","origin":[8,10.65255,8]},"faces":{"north":{"uv":[0,0,0,1.25],"texture":"#0"},"east":{"uv":[5.5,4.5,7.25,5.75],"texture":"#0"},"south":{"uv":[0,0,0,1.25],"texture":"#0"},"west":{"uv":[5.5,6,7.25,7.25],"texture":"#0"},"up":{"uv":[0,1.75,0,0],"texture":"#0"},"down":{"uv":[0,0,0,1.75],"texture":"#0"}}},{"from":[6.75,1,6.75],"to":[9.25,3,9.25],"rotation":{"angle":0,"axis":"y","origin":[8,9.80909,8.01261]},"faces":{"north":{"uv":[6,10,7.25,11],"texture":"#0"},"east":{"uv":[0,10.5,1.25,11.5],"texture":"#0"},"south":{"uv":[10.5,0,11.75,1],"texture":"#0"},"west":{"uv":[1.5,10.5,2.75,11.5],"texture":"#0"},"up":{"uv":[8.75,7.25,7.5,6],"texture":"#0"},"down":{"uv":[8.25,7.5,7,8.75],"texture":"#0"}}},{"from":[8,-1,5],"to":[8,3,11],"rotation":{"angle":0,"axis":"y","origin":[8,9.80909,8.01261]},"faces":{"north":{"uv":[0,0,0,2],"texture":"#0"},"east":{"uv":[0,0,3,2],"texture":"#0"},"south":{"uv":[0,0,0,2],"texture":"#0"},"west":{"uv":[0,2,3,4],"texture":"#0"},"up":{"uv":[0,3,0,0],"texture":"#0"},"down":{"uv":[0,0,0,3],"texture":"#0"}}},{"from":[7.25,14,8.35],"to":[8.75,15.5,12.35],"rotation":{"angle":-22.5,"axis":"x","origin":[8,14.5,10.5]},"faces":{"north":{"uv":[10.5,7,11.25,7.75],"texture":"#0"},"east":{"uv":[8.5,0,10.5,0.75],"texture":"#0"},"south":{"uv":[8.5,10.5,9.25,11.25],"texture":"#0"},"west":{"uv":[8.5,7.5,10.5,8.25],"texture":"#0"},"up":{"uv":[4.75,10,4,8],"texture":"#0"},"down":{"uv":[9.25,8.5,8.5,10.5],"texture":"#0"}}},{"from":[7.25,15.5,12.35],"to":[8.75,15.5,13.35],"rotation":{"angle":-22.5,"axis":"x","origin":[8,14.5,10.5]},"faces":{"north":{"uv":[0,0,0.75,0],"texture":"#0"},"east":{"uv":[0,0,0.5,0],"texture":"#0"},"south":{"uv":[0,0,0.75,0],"texture":"#0"},"west":{"uv":[0,0,0.5,0],"texture":"#0"},"up":{"uv":[9.75,7.5,9,7],"texture":"#0"},"down":{"uv":[11.25,8,10.5,8.5],"texture":"#0"}}},{"from":[8,15.5,11.35],"to":[8,17,14.85],"rotation":{"angle":-22.5,"axis":"x","origin":[8,14.5,10.5]},"faces":{"north":{"uv":[0,0,0,0.75],"texture":"#0"},"east":{"uv":[9.5,8.5,11.25,9.25],"texture":"#0"},"south":{"uv":[0,0,0,0.75],"texture":"#0"},"west":{"uv":[9.5,9.5,11.25,10.25],"texture":"#0"},"up":{"uv":[0,1.75,0,0],"texture":"#0"},"down":{"uv":[0,0,0,1.75],"texture":"#0"}}},{"from":[7.25,12.34396,3.96142],"to":[8.75,13.84396,7.96142],"rotation":{"angle":22.5,"axis":"x","origin":[8,14.44396,9.71142]},"faces":{"north":{"uv":[9.5,10.5,10.25,11.25],"texture":"#0"},"east":{"uv":[9,1,11,1.75],"texture":"#0"},"south":{"uv":[10.5,10.5,11.25,11.25],"texture":"#0"},"west":{"uv":[9,2,11,2.75],"texture":"#0"},"up":{"uv":[9.75,5,9,3],"texture":"#0"},"down":{"uv":[5.75,9,5,11],"texture":"#0"}}},{"from":[7.25,13.84396,2.96142],"to":[8.75,13.84396,3.96142],"rotation":{"angle":22.5,"axis":"x","origin":[8,14.44396,9.71142]},"faces":{"north":{"uv":[0,0,0.75,0],"texture":"#0"},"east":{"uv":[0,0,0.5,0],"texture":"#0"},"south":{"uv":[0,0,0.75,0],"texture":"#0"},"west":{"uv":[0,0,0.5,0],"texture":"#0"},"up":{"uv":[11.75,1.5,11,1],"texture":"#0"},"down":{"uv":[11.75,1.5,11,2],"texture":"#0"}}},{"from":[8,13.84396,1.46142],"to":[8,15.34396,4.96142],"rotation":{"angle":22.5,"axis":"x","origin":[8,14.44396,9.71142]},"faces":{"north":{"uv":[0,0,0,0.75],"texture":"#0"},"east":{"uv":[10,3,11.75,3.75],"texture":"#0"},"south":{"uv":[0,0,0,0.75],"texture":"#0"},"west":{"uv":[10,4,11.75,4.75],"texture":"#0"},"up":{"uv":[0,1.75,0,0],"texture":"#0"},"down":{"uv":[0,0,0,1.75],"texture":"#0"}}}],"display":{"thirdperson_righthand":{"translation":[0,-1,0.25]},"thirdperson_lefthand":{"translation":[0,-1,0.25]},"firstperson_righthand":{"rotation":[-5,0,0]},"firstperson_lefthand":{"rotation":[-5,0,0]},"ground":{"translation":[0,6,0]},"gui":{"rotation":[-84,-45,-90],"translation":[-1.5,-1.5,0],"scale":[0.8,0.8,0.8]},"fixed":{"rotation":[-90,45,90],"translation":[2,-1,0]}},"groups":[{"name":"thorshovel","origin":[8,10.65758,7.99088],"color":0,"children":[0,1,2,3,4,5,6,7,8,9,10,11,12,13,14]}],"mcmodels":"7b257da1ce93354a363b0be32b47f8cf"}