{"credit":"Made with Blockbench","texture_size":[32,32],"textures":{"2":"minewave:item/thor/thorspear","particle":"minewave:item/thor/thorspear"},"elements":[{"from":[6.75,13.90031,16.85157],"to":[9.25,16.40031,19.35157],"rotation":{"angle":-45,"axis":"x","origin":[8,5.04874,8]},"faces":{"north":{"uv":[7,5.5,8.25,6.75],"texture":"#2"},"east":{"uv":[7,7,8.25,8.25],"texture":"#2"},"south":{"uv":[8,0,9.25,1.25],"texture":"#2"},"west":{"uv":[8,1.5,9.25,2.75],"texture":"#2"},"up":{"uv":[4.25,9.25,3,8],"texture":"#2"},"down":{"uv":[5.75,8.5,4.5,9.75],"texture":"#2"}}},{"from":[6.25,14.40031,17.35157],"to":[9.75,15.90031,18.85157],"rotation":{"angle":-45,"axis":"x","origin":[8,5.04874,8]},"faces":{"north":{"uv":[9.5,8,11.25,8.75],"texture":"#2"},"east":{"uv":[5.5,11,6.25,11.75],"texture":"#2"},"south":{"uv":[9.5,9,11.25,9.75],"texture":"#2"},"west":{"uv":[6.5,11,7.25,11.75],"texture":"#2"},"up":{"uv":[11.75,3.75,10,3],"texture":"#2"},"down":{"uv":[5.75,10,4,10.75],"texture":"#2"}}},{"from":[7.25,18.75,3.85],"to":[8.75,20.25,7.85],"rotation":{"angle":22.5,"axis":"x","origin":[8,19.75,6]},"faces":{"north":{"uv":[9.5,11,10.25,11.75],"texture":"#2"},"east":{"uv":[8,3,10,3.75],"texture":"#2"},"south":{"uv":[11,10,11.75,10.75],"texture":"#2"},"west":{"uv":[8.5,7,10.5,7.75],"texture":"#2"},"up":{"uv":[3.75,6,3,4],"texture":"#2"},"down":{"uv":[3.75,6,3,8],"texture":"#2"}}},{"from":[8,20.25,1.85],"to":[8,21.75,5.35],"rotation":{"angle":22.5,"axis":"x","origin":[8,19.75,6]},"faces":{"north":{"uv":[0,0,0,0.75],"texture":"#2"},"east":{"uv":[9.5,2,11.25,2.75],"texture":"#2"},"south":{"uv":[0,0,0,0.75],"texture":"#2"},"west":{"uv":[7.5,9.5,9.25,10.25],"texture":"#2"},"up":{"uv":[0,1.75,0,0],"texture":"#2"},"down":{"uv":[0,0,0,1.75],"texture":"#2"}}},{"from":[7.25,20.25,2.85],"to":[8.75,20.25,3.85],"rotation":{"angle":22.5,"axis":"x","origin":[8,19.75,6]},"faces":{"north":{"uv":[0,0,0.75,0],"texture":"#2"},"east":{"uv":[0,0,0.5,0],"texture":"#2"},"south":{"uv":[0,0,0.75,0],"texture":"#2"},"west":{"uv":[0,0,0.5,0],"texture":"#2"},"up":{"uv":[9.25,8.5,8.5,8],"texture":"#2"},"down":{"uv":[9.75,5,9,5.5],"texture":"#2"}}},{"from":[7.25,17.40136,7.9],"to":[8.75,18.90136,11.9],"rotation":{"angle":-22.5,"axis":"x","origin":[8,19.75136,6.65]},"faces":{"north":{"uv":[10.5,11,11.25,11.75],"texture":"#2"},"east":{"uv":[7.5,8.5,9.5,9.25],"texture":"#2"},"south":{"uv":[11.5,2,12.25,2.75],"texture":"#2"},"west":{"uv":[9,4,11,4.75],"texture":"#2"},"up":{"uv":[10.25,2,9.5,0],"texture":"#2"},"down":{"uv":[3.75,9.5,3,11.5],"texture":"#2"}}},{"from":[7.25,18.90136,11.9],"to":[8.75,18.90136,12.9],"rotation":{"angle":-22.5,"axis":"x","origin":[8,19.75136,6.65]},"faces":{"north":{"uv":[0,0,0.75,0],"texture":"#2"},"east":{"uv":[0,0,0.5,0],"texture":"#2"},"south":{"uv":[0,0,0.75,0],"texture":"#2"},"west":{"uv":[0,0,0.5,0],"texture":"#2"},"up":{"uv":[1.25,12.5,0.5,12],"texture":"#2"},"down":{"uv":[12.75,1,12,1.5],"texture":"#2"}}},{"from":[8,18.90136,10.4],"to":[8,20.40136,13.9],"rotation":{"angle":-22.5,"axis":"x","origin":[8,19.75136,6.65]},"faces":{"north":{"uv":[0,0,0,0.75],"texture":"#2"},"east":{"uv":[10,5,11.75,5.75],"texture":"#2"},"south":{"uv":[0,0,0,0.75],"texture":"#2"},"west":{"uv":[10,6,11.75,6.75],"texture":"#2"},"up":{"uv":[0,1.75,0,0],"texture":"#2"},"down":{"uv":[0,0,0,1.75],"texture":"#2"}}},{"from":[7.25,3.01741,7.22954],"to":[8.75,19.01741,8.72954],"rotation":{"angle":0,"axis":"y","origin":[7.92788,2.87374,8.58278]},"faces":{"north":{"uv":[0,4,0.75,12],"texture":"#2"},"east":{"uv":[4,0,4.75,8],"texture":"#2"},"south":{"uv":[1,4,1.75,12],"texture":"#2"},"west":{"uv":[2,4,2.75,12],"texture":"#2"},"up":{"uv":[3.75,12.25,3,11.5],"texture":"#2"},"down":{"uv":[8.25,11.5,7.5,12.25],"texture":"#2"}}},{"from":[8,17.16741,3.62954],"to":[8,19.66741,7.22954],"rotation":{"angle":0,"axis":"y","origin":[7.92788,2.87374,8.58278]},"faces":{"north":{"uv":[0,0,0,1.25],"texture":"#2"},"east":{"uv":[5,4,6.75,5.25],"texture":"#2"},"south":{"uv":[0,0,0,1.25],"texture":"#2"},"west":{"uv":[5,5.5,6.75,6.75],"texture":"#2"},"up":{"uv":[0,1.75,0,0],"texture":"#2"},"down":{"uv":[0,0,0,1.75],"texture":"#2"}}},{"from":[8,17.16741,8.72954],"to":[8,19.66741,12.37954],"rotation":{"angle":0,"axis":"y","origin":[7.92788,2.87374,8.58278]},"faces":{"north":{"uv":[0,0,0,1.25],"texture":"#2"},"east":{"uv":[7,4,8.75,5.25],"texture":"#2"},"south":{"uv":[0,0,0,1.25],"texture":"#2"},"west":{"uv":[5,7,6.75,8.25],"texture":"#2"},"up":{"uv":[0,1.75,0,0],"texture":"#2"},"down":{"uv":[0,0,0,1.75],"texture":"#2"}}},{"from":[6.75,1,6.75],"to":[9.25,3,9.25],"rotation":{"angle":0,"axis":"y","origin":[8,9.80909,8.01261]},"faces":{"north":{"uv":[6,10,7.25,11],"texture":"#2"},"east":{"uv":[9.5,10,10.75,11],"texture":"#2"},"south":{"uv":[10.5,0,11.75,1],"texture":"#2"},"west":{"uv":[10.5,1,11.75,2],"texture":"#2"},"up":{"uv":[9.75,6.75,8.5,5.5],"texture":"#2"},"down":{"uv":[7.25,8.5,6,9.75],"texture":"#2"}}},{"from":[8,-1,5],"to":[8,3,11],"rotation":{"angle":0,"axis":"y","origin":[8,9.80909,8.01261]},"faces":{"north":{"uv":[0,0,0,1.75],"texture":"#2"},"east":{"uv":[5,0,8,2],"texture":"#2"},"south":{"uv":[0,0,0,1.75],"texture":"#2"},"west":{"uv":[5,2,8,4],"texture":"#2"},"up":{"uv":[0,3,0,0],"texture":"#2"},"down":{"uv":[0,0,0,3],"texture":"#2"}}},{"from":[7.5,19.76741,6.72954],"to":[8.5,21.76741,9.22954],"rotation":{"angle":0,"axis":"y","origin":[7.92788,2.87374,8.58278]},"faces":{"north":{"uv":[11.5,8,12,9],"texture":"#2"},"east":{"uv":[10.5,7,11.75,8],"texture":"#2"},"south":{"uv":[8.5,11.5,9,12.5],"texture":"#2"},"west":{"uv":[7.5,10.5,8.75,11.5],"texture":"#2"},"up":{"uv":[9.5,11.75,9,10.5],"texture":"#2"},"down":{"uv":[5.5,11,5,12.25],"texture":"#2"}}},{"from":[7.55,21.26741,6.22954],"to":[8.45,23.01741,7.97954],"rotation":{"angle":-45,"axis":"x","origin":[8,23.01741,7.97954]},"faces":{"north":{"uv":[11.5,9,12,10],"texture":"#2"},"east":{"uv":[4,11,5,12],"texture":"#2"},"south":{"uv":[11.5,11,12,12],"texture":"#2"},"west":{"uv":[11,4,12,5],"texture":"#2"},"up":{"uv":[0.5,13,0,12],"texture":"#2"},"down":{"uv":[12.5,0,12,1],"texture":"#2"}}},{"from":[8,19.76741,6.22954],"to":[8,27.76741,9.72954],"rotation":{"angle":0,"axis":"y","origin":[7.92788,2.87374,8.58278]},"faces":{"north":{"uv":[0,0,0,4],"texture":"#2"},"east":{"uv":[0,0,1.75,4],"texture":"#2"},"south":{"uv":[0,0,0,4],"texture":"#2"},"west":{"uv":[2,0,3.75,4],"texture":"#2"},"up":{"uv":[0,1.75,0,0],"texture":"#2"},"down":{"uv":[0,0,0,1.75],"texture":"#2"}}}],"display":{"thirdperson_righthand":{"translation":[0,-1.5,0.25]},"thirdperson_lefthand":{"translation":[0,-1.5,0.25]},"firstperson_righthand":{"rotation":[-5,0,0],"translation":[0,-3,0]},"firstperson_lefthand":{"rotation":[-5,0,0],"translation":[0,-3,0]},"ground":{"translation":[0,6,0]},"gui":{"rotation":[99.25,45,-90],"translation":[-2.5,-2.5,0],"scale":[0.7,0.7,0.7]},"fixed":{"rotation":[-90,45,90],"translation":[3.25,-3,0],"scale":[0.9,0.9,0.9]}},"groups":[{"name":"spear","origin":[0,0,0],"color":0,"children":[0,1,2,3,4,5,6,7,8,9,10,11,12,13,14,15]}],"mcmodels":"7b257da1ce93354a363b0be32b47f8cf"}