{"credit":"Made with Blockbench","texture_size":[32,32],"textures":{"0":"minewave:item/thor/thorstaff","particle":"minewave:item/thor/thorstaff"},"elements":[{"from":[7.1365,3.02132,7.26352],"to":[8.6365,16.02132,8.76352],"rotation":{"angle":0,"axis":"y","origin":[7.8865,9.02132,8.01352]},"faces":{"north":{"uv":[3,0,3.75,6.5],"texture":"#0"},"east":{"uv":[0,4,0.75,10.5],"texture":"#0"},"south":{"uv":[4,0,4.75,6.5],"texture":"#0"},"west":{"uv":[1,4,1.75,10.5],"texture":"#0"},"up":{"uv":[11.25,4.75,10.5,4],"texture":"#0"},"down":{"uv":[11.25,5,10.5,5.75],"texture":"#0"}}},{"from":[8,15.48754,3.41127],"to":[8,17.98754,7.26127],"rotation":{"angle":0,"axis":"y","origin":[8,16.28754,5.91127]},"faces":{"north":{"uv":[0,0,0,1.25],"texture":"#0"},"east":{"uv":[5,0,7,1.25],"texture":"#0"},"south":{"uv":[0,0,0,1.25],"texture":"#0"},"west":{"uv":[5,1.5,7,2.75],"texture":"#0"},"up":{"uv":[0,2,0,0],"texture":"#0"},"down":{"uv":[0,0,0,2],"texture":"#0"}}},{"from":[8,15.48754,8.76127],"to":[8,17.98754,12.61127],"rotation":{"angle":0,"axis":"y","origin":[8,16.28754,11.26127]},"faces":{"north":{"uv":[0,0,0,1.25],"texture":"#0"},"east":{"uv":[5,3,7,4.25],"texture":"#0"},"south":{"uv":[0,0,0,1.25],"texture":"#0"},"west":{"uv":[5,4.5,7,5.75],"texture":"#0"},"up":{"uv":[0,2,0,0],"texture":"#0"},"down":{"uv":[0,0,0,2],"texture":"#0"}}},{"from":[8,17.98754,3.41127],"to":[8,19.48754,4.91127],"rotation":{"angle":0,"axis":"y","origin":[8,16.28754,5.91127]},"faces":{"north":{"uv":[0,0,0,0.75],"texture":"#0"},"east":{"uv":[10.5,6,11.25,6.75],"texture":"#0"},"south":{"uv":[0,0,0,0.75],"texture":"#0"},"west":{"uv":[10.5,7,11.25,7.75],"texture":"#0"},"up":{"uv":[0,0.75,0,0],"texture":"#0"},"down":{"uv":[0,0,0,0.75],"texture":"#0"}}},{"from":[8,17.98754,11.11127],"to":[8,19.48754,12.61127],"rotation":{"angle":0,"axis":"y","origin":[8,16.28754,13.61127]},"faces":{"north":{"uv":[0,0,0,0.75],"texture":"#0"},"east":{"uv":[10.5,8,11.25,8.75],"texture":"#0"},"south":{"uv":[0,0,0,0.75],"texture":"#0"},"west":{"uv":[10.5,9,11.25,9.75],"texture":"#0"},"up":{"uv":[0,0.75,0,0],"texture":"#0"},"down":{"uv":[0,0,0,0.75],"texture":"#0"}}},{"from":[6.75,1,6.75],"to":[9.25,3,9.25],"rotation":{"angle":0,"axis":"y","origin":[8,9.80909,8.01261]},"faces":{"north":{"uv":[5,9,6.25,10],"texture":"#0"},"east":{"uv":[9,6,10.25,7],"texture":"#0"},"south":{"uv":[6.5,9,7.75,10],"texture":"#0"},"west":{"uv":[9,7,10.25,8],"texture":"#0"},"up":{"uv":[4.75,7.75,3.5,6.5],"texture":"#0"},"down":{"uv":[7.75,6,6.5,7.25],"texture":"#0"}}},{"from":[8,-1,5],"to":[8,3,11],"rotation":{"angle":0,"axis":"y","origin":[8,9.80909,8.01261]},"faces":{"north":{"uv":[0,0,0,2],"texture":"#0"},"east":{"uv":[0,0,3,2],"texture":"#0"},"south":{"uv":[0,0,0,2],"texture":"#0"},"west":{"uv":[0,2,3,4],"texture":"#0"},"up":{"uv":[0,3,0,0],"texture":"#0"},"down":{"uv":[0,0,0,3],"texture":"#0"}}},{"from":[6.6365,15.22826,11.94867],"to":[9.1365,17.72826,14.44867],"rotation":{"angle":-45,"axis":"x","origin":[7.38649,10.3046,10.40001]},"faces":{"north":{"uv":[7,0,8.25,1.25],"texture":"#0"},"east":{"uv":[7,1.5,8.25,2.75],"texture":"#0"},"south":{"uv":[7,3,8.25,4.25],"texture":"#0"},"west":{"uv":[7,4.5,8.25,5.75],"texture":"#0"},"up":{"uv":[6.25,8.75,5,7.5],"texture":"#0"},"down":{"uv":[7.75,7.5,6.5,8.75],"texture":"#0"}}},{"from":[7.1365,15.22826,14.44867],"to":[8.6365,16.72826,17.44867],"rotation":{"angle":-45,"axis":"x","origin":[7.38649,10.3046,10.40001]},"faces":{"north":{"uv":[10.5,10,11.25,10.75],"texture":"#0"},"east":{"uv":[9,8,10.5,8.75],"texture":"#0"},"south":{"uv":[8,11,8.75,11.75],"texture":"#0"},"west":{"uv":[9,9,10.5,9.75],"texture":"#0"},"up":{"uv":[2.75,11.5,2,10],"texture":"#0"},"down":{"uv":[3.75,10,3,11.5],"texture":"#0"}}},{"from":[7.8865,17.72826,18.44867],"to":[7.8865,21.22826,19.94867],"rotation":{"angle":-45,"axis":"x","origin":[7.38649,10.3046,10.40001]},"faces":{"north":{"uv":[0,0,0,1.75],"texture":"#0"},"east":{"uv":[2,4,2.75,5.75],"texture":"#0"},"south":{"uv":[0,0,0,1.75],"texture":"#0"},"west":{"uv":[2,8,2.75,9.75],"texture":"#0"},"up":{"uv":[0,0.75,0,0],"texture":"#0"},"down":{"uv":[0,0,0,0.75],"texture":"#0"}}},{"from":[7.1365,15.22826,17.44867],"to":[8.6365,18.72826,18.44867],"rotation":{"angle":-45,"axis":"x","origin":[7.38649,10.3046,10.40001]},"faces":{"north":{"uv":[3,8,3.75,9.75],"texture":"#0"},"east":{"uv":[10,10,10.5,11.75],"texture":"#0"},"south":{"uv":[4,8,4.75,9.75],"texture":"#0"},"west":{"uv":[0,10.5,0.5,12.25],"texture":"#0"},"up":{"uv":[2.75,6.5,2,6],"texture":"#0"},"down":{"uv":[2.25,11.5,1.5,12],"texture":"#0"}}},{"from":[7.1365,18.72826,18.44867],"to":[8.6365,19.72826,18.44867],"rotation":{"angle":-45,"axis":"x","origin":[7.38649,10.3046,10.40001]},"faces":{"north":{"uv":[11.5,2,12.25,2.5],"texture":"#0"},"east":{"uv":[0,0,0,0.5],"texture":"#0"},"south":{"uv":[2.5,11.5,3.25,12],"texture":"#0"},"west":{"uv":[0,0,0,0.5],"texture":"#0"},"up":{"uv":[0.75,0,0,0],"texture":"#0"},"down":{"uv":[0.75,0,0,0],"texture":"#0"}}},{"from":[7.1365,17.72826,11.94867],"to":[8.6365,20.72826,13.44867],"rotation":{"angle":-45,"axis":"x","origin":[7.38649,10.3046,10.40001]},"faces":{"north":{"uv":[4,10,4.75,11.5],"texture":"#0"},"east":{"uv":[5,10,5.75,11.5],"texture":"#0"},"south":{"uv":[6,10,6.75,11.5],"texture":"#0"},"west":{"uv":[7,10,7.75,11.5],"texture":"#0"},"up":{"uv":[9.75,11.75,9,11],"texture":"#0"},"down":{"uv":[11.25,11,10.5,11.75],"texture":"#0"}}},{"from":[7.1365,20.72826,11.94867],"to":[8.6365,21.72826,15.44867],"rotation":{"angle":-45,"axis":"x","origin":[7.38649,10.3046,10.40001]},"faces":{"north":{"uv":[11.5,2.5,12.25,3],"texture":"#0"},"east":{"uv":[10.5,0,12.25,0.5],"texture":"#0"},"south":{"uv":[11.5,3,12.25,3.5],"texture":"#0"},"west":{"uv":[10.5,0.5,12.25,1],"texture":"#0"},"up":{"uv":[8.75,7.75,8,6],"texture":"#0"},"down":{"uv":[8.75,8,8,9.75],"texture":"#0"}}},{"from":[7.1365,21.72826,15.44867],"to":[8.6365,21.72826,16.44867],"rotation":{"angle":-45,"axis":"x","origin":[7.38649,10.3046,10.40001]},"faces":{"north":{"uv":[0,0,0.75,0],"texture":"#0"},"east":{"uv":[0,0,0.5,0],"texture":"#0"},"south":{"uv":[0,0,0.75,0],"texture":"#0"},"west":{"uv":[0,0,0.5,0],"texture":"#0"},"up":{"uv":[4.25,12,3.5,11.5],"texture":"#0"},"down":{"uv":[12.25,3.5,11.5,4],"texture":"#0"}}},{"from":[7.8865,21.72826,14.44867],"to":[7.8865,23.22826,17.94867],"rotation":{"angle":-45,"axis":"x","origin":[7.38649,10.3046,10.40001]},"faces":{"north":{"uv":[0,0,0,0.75],"texture":"#0"},"east":{"uv":[8.5,0,10.25,0.75],"texture":"#0"},"south":{"uv":[0,0,0,0.75],"texture":"#0"},"west":{"uv":[8.5,1,10.25,1.75],"texture":"#0"},"up":{"uv":[0,1.75,0,0],"texture":"#0"},"down":{"uv":[0,0,0,1.75],"texture":"#0"}}},{"from":[6.1365,15.72826,12.44867],"to":[9.6365,17.22826,13.94867],"rotation":{"angle":-45,"axis":"x","origin":[7.38649,10.3046,10.40001]},"faces":{"north":{"uv":[8.5,2,10.25,2.75],"texture":"#0"},"east":{"uv":[0.5,11.5,1.25,12.25],"texture":"#0"},"south":{"uv":[8.5,3,10.25,3.75],"texture":"#0"},"west":{"uv":[11.5,1,12.25,1.75],"texture":"#0"},"up":{"uv":[10.25,4.75,8.5,4],"texture":"#0"},"down":{"uv":[10.25,5,8.5,5.75],"texture":"#0"}}},{"from":[7.1365,19.50254,7.01352],"to":[8.6365,21.50254,9.01352],"rotation":{"angle":-45,"axis":"x","origin":[7.8865,20.50254,8.01352]},"faces":{"north":{"uv":[0.5,10.5,1.25,11.5],"texture":"#0"},"east":{"uv":[8,10,9,11],"texture":"#0"},"south":{"uv":[10.5,1,11.25,2],"texture":"#0"},"west":{"uv":[9,10,10,11],"texture":"#0"},"up":{"uv":[11.25,3,10.5,2],"texture":"#0"},"down":{"uv":[11.25,3,10.5,4],"texture":"#0"}}},{"from":[7.8865,19.00254,6.51352],"to":[7.8865,22.00254,9.51352],"rotation":{"angle":-45,"axis":"x","origin":[7.8865,20.50254,8.01352]},"faces":{"north":{"uv":[0,0,0,1.5],"texture":"#0"},"east":{"uv":[5,6,6.5,7.5],"texture":"#0"},"south":{"uv":[0,0,0,1.5],"texture":"#0"},"west":{"uv":[2,6.5,3.5,8],"texture":"#0"},"up":{"uv":[0,1.5,0,0],"texture":"#0"},"down":{"uv":[0,0,0,1.5],"texture":"#0"}}}],"display":{"thirdperson_righthand":{"translation":[0,-1.5,0.25],"scale":[0.9,0.9,0.9]},"thirdperson_lefthand":{"translation":[0,-1.5,0.25],"scale":[0.9,0.9,0.9]},"firstperson_righthand":{"rotation":[-5,0,0],"translation":[0,0,-1],"scale":[0.8,0.8,0.8]},"firstperson_lefthand":{"rotation":[-5,0,0],"translation":[0,0,-1],"scale":[0.8,0.8,0.8]},"ground":{"translation":[0,6,0],"scale":[0.7,0.7,0.7]},"gui":{"rotation":[90,-45,90],"translation":[1.75,-1.75,0],"scale":[0.7,0.7,0.7]},"fixed":{"rotation":[-90,45,90],"translation":[2.25,-2.5,0],"scale":[0.9,0.9,0.9]}},"groups":[{"name":"thorstaff","origin":[8,4.75,7.5],"color":0,"children":[0,1,2,3,4,5,6,7,8,9,10,11,12,13,14,15,16,17,18]}],"mcmodels":"7b257da1ce93354a363b0be32b47f8cf"}