{"credit":"Made with Blockbench","texture_size":[32,32],"textures":{"1":"minewave:item/thor/thorsword"},"elements":[{"from":[7.25,2.75,7.25],"to":[8.75,8.75,8.75],"rotation":{"angle":0,"axis":"y","origin":[8,9.55909,8.01261]},"faces":{"north":{"uv":[6.016,0.016,6.75,2.984],"texture":"#1"},"east":{"uv":[6.016,3.016,6.75,5.984],"texture":"#1"},"south":{"uv":[6.016,6.016,6.75,8.984],"texture":"#1"},"west":{"uv":[0.016,7.016,0.75,9.984],"texture":"#1"},"up":{"uv":[11.75,4.25,11.016,3.516],"texture":"#1"},"down":{"uv":[6.25,11.016,5.516,11.75],"texture":"#1"}}},{"from":[7.25,8.75,3.75],"to":[8.75,10.25,7.75],"rotation":{"angle":22.5,"axis":"x","origin":[8,9.5,6.25]},"faces":{"north":{"uv":[6.516,11.016,7.25,11.75],"texture":"#1"},"east":{"uv":[9.016,1.516,10.984,2.25],"texture":"#1"},"south":{"uv":[7.516,11.016,8.25,11.75],"texture":"#1"},"west":{"uv":[9.016,2.516,10.984,3.25],"texture":"#1"},"up":{"uv":[6.75,10.984,6.016,9.016],"texture":"#1"},"down":{"uv":[7.75,9.016,7.016,10.984],"texture":"#1"}}},{"from":[7.25,10.25,2.25],"to":[8.75,10.25,3.75],"rotation":{"angle":22.5,"axis":"x","origin":[8,9.5,6.25]},"faces":{"north":{"uv":[0.016,0.016,0.75,0.016],"texture":"#1"},"east":{"uv":[0.016,0.016,0.75,0.016],"texture":"#1"},"south":{"uv":[0.016,0.016,0.75,0.016],"texture":"#1"},"west":{"uv":[0.016,0.016,0.75,0.016],"texture":"#1"},"up":{"uv":[9.25,11.75,8.516,11.016],"texture":"#1"},"down":{"uv":[4.25,11.516,3.516,12.25],"texture":"#1"}}},{"from":[8,7.28754,3.66127],"to":[8,9.78754,7.36127],"rotation":{"angle":0,"axis":"y","origin":[8,8.58754,6.36127]},"faces":{"north":{"uv":[0.016,0.016,0.016,1.25],"texture":"#1"},"east":{"uv":[7.016,0.016,8.75,1.25],"texture":"#1"},"south":{"uv":[0.016,0.016,0.016,1.25],"texture":"#1"},"west":{"uv":[1.016,7.016,2.75,8.25],"texture":"#1"},"up":{"uv":[0.016,1.75,0.016,0.016],"texture":"#1"},"down":{"uv":[0.016,0.016,0.016,1.75],"texture":"#1"}}},{"from":[8,7.28754,8.61127],"to":[8,9.78754,12.31127],"rotation":{"angle":0,"axis":"y","origin":[8,8.58754,10.86127]},"faces":{"north":{"uv":[0.016,0.016,0.016,1.25],"texture":"#1"},"east":{"uv":[7.016,1.516,8.75,2.75],"texture":"#1"},"south":{"uv":[0.016,0.016,0.016,1.25],"texture":"#1"},"west":{"uv":[7.016,3.016,8.75,4.25],"texture":"#1"},"up":{"uv":[0.016,0.016,0.016,1.75],"texture":"#1"},"down":{"uv":[0.016,0.016,0.016,1.75],"texture":"#1"}}},{"from":[8,10.25,2.25],"to":[8,11.75,5.75],"rotation":{"angle":22.5,"axis":"x","origin":[8,9.5,6.25]},"faces":{"north":{"uv":[0.016,0.016,0.016,0.75],"texture":"#1"},"east":{"uv":[4.016,10.016,5.75,10.75],"texture":"#1"},"south":{"uv":[0.016,0.016,0.016,0.75],"texture":"#1"},"west":{"uv":[10.016,4.516,11.75,5.25],"texture":"#1"},"up":{"uv":[0.016,0.016,0.016,1.75],"texture":"#1"},"down":{"uv":[0.016,0.016,0.016,1.75],"texture":"#1"}}},{"from":[7.25,8.75,8.25],"to":[8.75,10.25,12.25],"rotation":{"angle":-22.5,"axis":"x","origin":[8,9.5,9.75]},"faces":{"north":{"uv":[9.516,11.516,10.25,12.25],"texture":"#1"},"east":{"uv":[9.016,3.516,10.984,4.25],"texture":"#1"},"south":{"uv":[10.516,11.516,11.25,12.25],"texture":"#1"},"west":{"uv":[8.016,9.016,9.984,9.75],"texture":"#1"},"up":{"uv":[0.75,11.984,0.016,10.016],"texture":"#1"},"down":{"uv":[1.75,10.016,1.016,11.984],"texture":"#1"}}},{"from":[7.25,10.25,12.25],"to":[8.75,10.25,13.75],"rotation":{"angle":-22.5,"axis":"x","origin":[8,9.5,9.75]},"faces":{"north":{"uv":[0.016,0.016,0.75,0.016],"texture":"#1"},"east":{"uv":[0.016,0.016,0.75,0.016],"texture":"#1"},"south":{"uv":[0.016,0.016,0.75,0.016],"texture":"#1"},"west":{"uv":[0.016,0.016,0.75,0.016],"texture":"#1"},"up":{"uv":[12.25,11.25,11.516,10.516],"texture":"#1"},"down":{"uv":[12.25,11.516,11.516,12.25],"texture":"#1"}}},{"from":[8,10.25,10.25],"to":[8,11.75,13.75],"rotation":{"angle":-22.5,"axis":"x","origin":[8,9.5,9.75]},"faces":{"north":{"uv":[0.016,0.016,0.016,0.75],"texture":"#1"},"east":{"uv":[10.016,5.516,11.75,6.25],"texture":"#1"},"south":{"uv":[0.016,0.016,0.016,0.75],"texture":"#1"},"west":{"uv":[10.016,6.516,11.75,7.25],"texture":"#1"},"up":{"uv":[0.016,0.016,0.016,1.75],"texture":"#1"},"down":{"uv":[0.016,0.016,0.016,1.75],"texture":"#1"}}},{"from":[6.75,0.75,6.75],"to":[9.25,2.75,9.25],"rotation":{"angle":0,"axis":"y","origin":[8,9.55909,8.01261]},"faces":{"north":{"uv":[10.516,0.016,11.75,0.984],"texture":"#1"},"east":{"uv":[10.016,10.516,11.25,11.484],"texture":"#1"},"south":{"uv":[11.016,1.016,12.25,1.984],"texture":"#1"},"west":{"uv":[2.016,11.016,3.25,11.984],"texture":"#1"},"up":{"uv":[8.25,5.75,7.016,4.516],"texture":"#1"},"down":{"uv":[8.25,6.016,7.016,7.25],"texture":"#1"}}},{"from":[8,-1.25,5],"to":[8,2.75,11],"rotation":{"angle":0,"axis":"y","origin":[8,9.55909,8.01261]},"faces":{"north":{"uv":[0.016,0.016,0.016,1.984],"texture":"#1"},"east":{"uv":[3.016,0.016,5.984,1.984],"texture":"#1"},"south":{"uv":[0.016,0.016,0.016,1.984],"texture":"#1"},"west":{"uv":[3.016,2.016,5.984,3.984],"texture":"#1"},"up":{"uv":[0.016,2.984,0.016,0.016],"texture":"#1"},"down":{"uv":[0.016,0.016,0.016,2.984],"texture":"#1"}}},{"from":[6.75,8.30183,6.75],"to":[9.25,10.80183,9.25],"rotation":{"angle":45,"axis":"x","origin":[8,9.55183,8]},"faces":{"north":{"uv":[7.016,7.516,8.25,8.75],"texture":"#1"},"east":{"uv":[1.016,8.516,2.25,9.75],"texture":"#1"},"south":{"uv":[8.516,4.516,9.75,5.75],"texture":"#1"},"west":{"uv":[8.516,6.016,9.75,7.25],"texture":"#1"},"up":{"uv":[9.75,8.75,8.516,7.516],"texture":"#1"},"down":{"uv":[10.25,0.016,9.016,1.25],"texture":"#1"}}},{"from":[6.25,8.80183,7.25],"to":[9.75,10.30183,8.75],"rotation":{"angle":45,"axis":"x","origin":[8,9.55183,8]},"faces":{"north":{"uv":[10.016,7.516,11.75,8.25],"texture":"#1"},"east":{"uv":[0.016,12.016,0.75,12.75],"texture":"#1"},"south":{"uv":[8.016,10.016,9.75,10.75],"texture":"#1"},"west":{"uv":[12.016,0.016,12.75,0.75],"texture":"#1"},"up":{"uv":[11.75,9.25,10.016,8.516],"texture":"#1"},"down":{"uv":[11.75,9.516,10.016,10.25],"texture":"#1"}}},{"from":[7.5,10,6.75],"to":[8.5,24,9.25],"rotation":{"angle":0,"axis":"y","origin":[8,13.80909,8.01261]},"faces":{"north":{"uv":[3.016,4.016,3.484,10.984],"texture":"#1"},"east":{"uv":[0.016,0.016,1.25,6.984],"texture":"#1"},"south":{"uv":[3.516,4.016,3.984,10.984],"texture":"#1"},"west":{"uv":[1.516,0.016,2.75,6.984],"texture":"#1"},"up":{"uv":[2.984,9.75,2.516,8.516],"texture":"#1"},"down":{"uv":[5.484,11.016,5.016,12.25],"texture":"#1"}}},{"from":[8,13,9.25],"to":[8,24.4,10.25],"rotation":{"angle":0,"axis":"y","origin":[8,13.80909,8.01261]},"faces":{"north":{"uv":[0.016,0.016,0.016,5.75],"texture":"#1"},"east":{"uv":[4.016,4.016,4.484,9.75],"texture":"#1"},"south":{"uv":[0.016,0.016,0.016,5.75],"texture":"#1"},"west":{"uv":[4.516,4.016,4.984,9.75],"texture":"#1"},"up":{"uv":[0.016,0.484,0.016,0.016],"texture":"#1"},"down":{"uv":[0.016,0.016,0.016,0.484],"texture":"#1"}}},{"from":[8,13,5.75],"to":[8,24.4,6.75],"rotation":{"angle":0,"axis":"y","origin":[8,13.80909,8.01261]},"faces":{"north":{"uv":[0.016,0.016,0.016,5.75],"texture":"#1"},"east":{"uv":[5.016,4.016,5.484,9.75],"texture":"#1"},"south":{"uv":[0.016,0.016,0.016,5.75],"texture":"#1"},"west":{"uv":[5.516,4.016,5.984,9.75],"texture":"#1"},"up":{"uv":[0.016,0.016,0.016,0.484],"texture":"#1"},"down":{"uv":[0.016,0.016,0.016,0.484],"texture":"#1"}}},{"from":[7.55,23.5,6.25],"to":[8.45,25.25,8],"rotation":{"angle":-45,"axis":"x","origin":[8,25.25,8]},"faces":{"north":{"uv":[4.516,11.516,4.984,12.484],"texture":"#1"},"east":{"uv":[2.016,10.016,2.984,10.984],"texture":"#1"},"south":{"uv":[1.016,12.016,1.484,12.984],"texture":"#1"},"west":{"uv":[11.016,2.016,11.984,2.984],"texture":"#1"},"up":{"uv":[1.984,12.984,1.516,12.016],"texture":"#1"},"down":{"uv":[2.484,12.016,2.016,12.984],"texture":"#1"}}},{"from":[8,23.05,8],"to":[8,25.25,9],"rotation":{"angle":-45,"axis":"x","origin":[8,25.25,8]},"faces":{"north":{"uv":[0.016,0.016,0.016,0.984],"texture":"#1"},"east":{"uv":[12.016,2.016,12.484,2.984],"texture":"#1"},"south":{"uv":[0.016,0.016,0.016,0.984],"texture":"#1"},"west":{"uv":[2.516,12.016,2.984,12.984],"texture":"#1"},"up":{"uv":[0.016,0.016,0.016,0.484],"texture":"#1"},"down":{"uv":[0.016,0.016,0.016,0.484],"texture":"#1"}}},{"from":[8,25.25,5.8],"to":[8,26.25,9],"rotation":{"angle":-45,"axis":"x","origin":[8,25.25,8]},"faces":{"north":{"uv":[0.016,0.016,0.016,0.484],"texture":"#1"},"east":{"uv":[11.016,3.016,12.484,3.484],"texture":"#1"},"south":{"uv":[0.016,0.016,0.016,0.484],"texture":"#1"},"west":{"uv":[3.516,11.016,4.984,11.484],"texture":"#1"},"up":{"uv":[0.016,1.484,0.016,0.016],"texture":"#1"},"down":{"uv":[0.016,0.016,0.016,1.484],"texture":"#1"}}}],"display":{"thirdperson_righthand":{"translation":[0,1,0.25],"scale":[1.1,1.1,1.1]},"thirdperson_lefthand":{"translation":[0,1,0.25],"scale":[1.1,1.1,1.1]},"firstperson_righthand":{"rotation":[-7,0,0],"translation":[0,1.25,0],"scale":[0.8,0.8,0.8]},"firstperson_lefthand":{"rotation":[-7,0,0],"translation":[0,1.25,0],"scale":[0.8,0.8,0.8]},"ground":{"translation":[0,6,0]},"gui":{"rotation":[90,-45,90],"translation":[2,-2,0],"scale":[0.7,0.7,0.7]},"head":{"translation":[0,14.25,0]},"fixed":{"rotation":[-90,45,90],"translation":[3,-3,0.25]}},"groups":[{"name":"thorsword","origin":[7,2,9],"color":0,"children":[0,1,2,3,4,5,6,7,8,9,10,11,12,13,14,15,16,17,18]}],"mcmodels":"7b257da1ce93354a363b0be32b47f8cf"}