{"credit":"Made with Blockbench","texture_size":[32,32],"textures":{"1":"minewave:item/thor/thortrident"},"elements":[{"from":[7.1365,3.12132,7.26352],"to":[8.6365,16.12132,8.76352],"rotation":{"angle":0,"axis":"y","origin":[7.8865,9.12132,8.01352]},"faces":{"north":{"uv":[3,0,3.75,6.5],"texture":"#1"},"east":{"uv":[0,4,0.75,10.5],"texture":"#1"},"south":{"uv":[4,0,4.75,6.5],"texture":"#1"},"west":{"uv":[1,4,1.75,10.5],"texture":"#1"},"up":{"uv":[11.75,4.25,11,3.5],"texture":"#1"},"down":{"uv":[10.25,11,9.5,11.75],"texture":"#1"}}},{"from":[8,-0.9,5],"to":[8,3.1,11],"rotation":{"angle":0,"axis":"y","origin":[8,9.90909,8.01261]},"faces":{"north":{"uv":[0,0,0,2],"texture":"#1"},"east":{"uv":[0,0,3,2],"texture":"#1"},"south":{"uv":[0,0,0,2],"texture":"#1"},"west":{"uv":[0,2,3,4],"texture":"#1"},"up":{"uv":[0,3,0,0],"texture":"#1"},"down":{"uv":[0,0,0,3],"texture":"#1"}}},{"from":[6.75,1.1,6.75],"to":[9.25,3.1,9.25],"rotation":{"angle":0,"axis":"y","origin":[8,9.90909,8.01261]},"faces":{"north":{"uv":[5,10,6.25,11],"texture":"#1"},"east":{"uv":[6.5,10.5,7.75,11.5],"texture":"#1"},"south":{"uv":[8,10.5,9.25,11.5],"texture":"#1"},"west":{"uv":[11,0,12.25,1],"texture":"#1"},"up":{"uv":[6.25,9.75,5,8.5],"texture":"#1"},"down":{"uv":[3.25,9,2,10.25],"texture":"#1"}}},{"from":[6.6365,15.22826,11.94867],"to":[9.1365,17.72826,14.44867],"rotation":{"angle":-45,"axis":"x","origin":[7.38649,10.3046,10.40001]},"faces":{"north":{"uv":[3.5,9,4.75,10.25],"texture":"#1"},"east":{"uv":[6.5,9,7.75,10.25],"texture":"#1"},"south":{"uv":[8,9,9.25,10.25],"texture":"#1"},"west":{"uv":[9.5,0,10.75,1.25],"texture":"#1"},"up":{"uv":[10.75,2.75,9.5,1.5],"texture":"#1"},"down":{"uv":[10.75,3,9.5,4.25],"texture":"#1"}}},{"from":[6.1365,15.72826,12.44867],"to":[9.6365,17.22826,13.94867],"rotation":{"angle":-45,"axis":"x","origin":[7.38649,10.3046,10.40001]},"faces":{"north":{"uv":[9.5,6,11.25,6.75],"texture":"#1"},"east":{"uv":[10.5,11,11.25,11.75],"texture":"#1"},"south":{"uv":[9.5,7,11.25,7.75],"texture":"#1"},"west":{"uv":[0,11.5,0.75,12.25],"texture":"#1"},"up":{"uv":[11.25,8.75,9.5,8],"texture":"#1"},"down":{"uv":[11.25,9,9.5,9.75],"texture":"#1"}}},{"from":[7.3865,17.64899,7.26352],"to":[8.3865,22.64899,8.76352],"rotation":{"angle":0,"axis":"y","origin":[7.8865,16.89899,8.01352]},"faces":{"north":{"uv":[4,10.5,4.5,13],"texture":"#1"},"east":{"uv":[2,4,2.75,6.5],"texture":"#1"},"south":{"uv":[4.5,10.5,5,13],"texture":"#1"},"west":{"uv":[5,6,5.75,8.5],"texture":"#1"},"up":{"uv":[12.5,4.75,12,4],"texture":"#1"},"down":{"uv":[10,12,9.5,12.75],"texture":"#1"}}},{"from":[7.3865,22.64899,7.26352],"to":[7.3865,24.14899,8.76352],"rotation":{"angle":0,"axis":"y","origin":[7.8865,16.89899,8.01352]},"faces":{"north":{"uv":[0,0,0,0.75],"texture":"#1"},"east":{"uv":[1,11.5,1.75,12.25],"texture":"#1"},"south":{"uv":[0,0,0,0.75],"texture":"#1"},"west":{"uv":[11.5,1,12.25,1.75],"texture":"#1"},"up":{"uv":[0,0,0,0.75],"texture":"#1"},"down":{"uv":[0,0,0,0.75],"texture":"#1"}}},{"from":[8.3865,22.64899,7.26352],"to":[8.3865,24.14899,8.76352],"rotation":{"angle":0,"axis":"y","origin":[7.8865,16.89899,8.01352]},"faces":{"north":{"uv":[0,0,0,0.75],"texture":"#1"},"east":{"uv":[2,11.5,2.75,12.25],"texture":"#1"},"south":{"uv":[0,0,0,0.75],"texture":"#1"},"west":{"uv":[11.5,2,12.25,2.75],"texture":"#1"},"up":{"uv":[0,0,0,0.75],"texture":"#1"},"down":{"uv":[0,0,0,0.75],"texture":"#1"}}},{"from":[7.3865,16.89899,4.76352],"to":[8.3865,21.39899,6.26352],"rotation":{"angle":-22.5,"axis":"x","origin":[7.8865,19.39899,5.51352]},"faces":{"north":{"uv":[11,1,11.5,3.25],"texture":"#1"},"east":{"uv":[6,6,6.75,8.25],"texture":"#1"},"south":{"uv":[5,11,5.5,13.25],"texture":"#1"},"west":{"uv":[2,6.5,2.75,8.75],"texture":"#1"},"up":{"uv":[10.5,12.75,10,12],"texture":"#1"},"down":{"uv":[11,12,10.5,12.75],"texture":"#1"}}},{"from":[7.3865,21.39899,4.76352],"to":[7.3865,22.89899,6.26352],"rotation":{"angle":-22.5,"axis":"x","origin":[7.8865,19.39899,5.51352]},"faces":{"north":{"uv":[0,0,0,0.75],"texture":"#1"},"east":{"uv":[3,11.5,3.75,12.25],"texture":"#1"},"south":{"uv":[0,0,0,0.75],"texture":"#1"},"west":{"uv":[11.5,5.5,12.25,6.25],"texture":"#1"},"up":{"uv":[0,0,0,0.75],"texture":"#1"},"down":{"uv":[0,0,0,0.75],"texture":"#1"}}},{"from":[8.3865,21.39899,4.76352],"to":[8.3865,22.89899,6.26352],"rotation":{"angle":-22.5,"axis":"x","origin":[7.8865,19.39899,5.51352]},"faces":{"north":{"uv":[0,0,0,0.75],"texture":"#1"},"east":{"uv":[6.5,11.5,7.25,12.25],"texture":"#1"},"south":{"uv":[0,0,0,0.75],"texture":"#1"},"west":{"uv":[11.5,6.5,12.25,7.25],"texture":"#1"},"up":{"uv":[0,0,0,0.75],"texture":"#1"},"down":{"uv":[0,0,0,0.75],"texture":"#1"}}},{"from":[7.3865,16.89899,9.76352],"to":[8.3865,21.39899,11.26352],"rotation":{"angle":22.5,"axis":"x","origin":[7.8865,19.39899,10.51352]},"faces":{"north":{"uv":[5.5,11,6,13.25],"texture":"#1"},"east":{"uv":[3,6.5,3.75,8.75],"texture":"#1"},"south":{"uv":[6,11,6.5,13.25],"texture":"#1"},"west":{"uv":[4,6.5,4.75,8.75],"texture":"#1"},"up":{"uv":[11.5,12.75,11,12],"texture":"#1"},"down":{"uv":[0.5,12.5,0,13.25],"texture":"#1"}}},{"from":[7.3865,21.39899,9.76352],"to":[7.3865,22.89899,11.26352],"rotation":{"angle":22.5,"axis":"x","origin":[7.8865,19.39899,10.51352]},"faces":{"north":{"uv":[0,0,0,0.75],"texture":"#1"},"east":{"uv":[7.5,11.5,8.25,12.25],"texture":"#1"},"south":{"uv":[0,0,0,0.75],"texture":"#1"},"west":{"uv":[11.5,7.5,12.25,8.25],"texture":"#1"},"up":{"uv":[0,0,0,0.75],"texture":"#1"},"down":{"uv":[0,0,0,0.75],"texture":"#1"}}},{"from":[8.3865,21.39899,9.76352],"to":[8.3865,22.89899,11.26352],"rotation":{"angle":22.5,"axis":"x","origin":[7.8865,19.39899,10.51352]},"faces":{"north":{"uv":[0,0,0,0.75],"texture":"#1"},"east":{"uv":[8.5,11.5,9.25,12.25],"texture":"#1"},"south":{"uv":[0,0,0,0.75],"texture":"#1"},"west":{"uv":[11.5,8.5,12.25,9.25],"texture":"#1"},"up":{"uv":[0,0,0,0.75],"texture":"#1"},"down":{"uv":[0,0,0,0.75],"texture":"#1"}}},{"from":[7.1365,16.23998,8.46162],"to":[8.6365,17.73998,12.96162],"rotation":{"angle":-22.5,"axis":"x","origin":[7.8865,16.98998,9.96162]},"faces":{"north":{"uv":[11.5,9.5,12.25,10.25],"texture":"#1"},"east":{"uv":[7,6,9.25,6.75],"texture":"#1"},"south":{"uv":[11.5,10.5,12.25,11.25],"texture":"#1"},"west":{"uv":[7,7,9.25,7.75],"texture":"#1"},"up":{"uv":[8.25,2.25,7.5,0],"texture":"#1"},"down":{"uv":[8.25,2.5,7.5,4.75],"texture":"#1"}}},{"from":[7.8865,17.73998,11.96162],"to":[7.8865,19.23998,15.46162],"rotation":{"angle":-22.5,"axis":"x","origin":[7.8865,16.98998,9.96162]},"faces":{"north":{"uv":[0,0,0,0.75],"texture":"#1"},"east":{"uv":[10,4.5,11.75,5.25],"texture":"#1"},"south":{"uv":[0,0,0,0.75],"texture":"#1"},"west":{"uv":[9.5,10,11.25,10.75],"texture":"#1"},"up":{"uv":[0,1.75,0,0],"texture":"#1"},"down":{"uv":[0,0,0,1.75],"texture":"#1"}}},{"from":[7.1365,17.73998,12.96162],"to":[8.6365,17.73998,13.96162],"rotation":{"angle":-22.5,"axis":"x","origin":[7.8865,16.98998,9.96162]},"faces":{"north":{"uv":[0,0,0.75,0],"texture":"#1"},"east":{"uv":[0,0,0.5,0],"texture":"#1"},"south":{"uv":[0,0,0.75,0],"texture":"#1"},"west":{"uv":[0,0,0.5,0],"texture":"#1"},"up":{"uv":[10.75,6,10,5.5],"texture":"#1"},"down":{"uv":[12.75,5,12,5.5],"texture":"#1"}}},{"from":[7.1365,16.58565,2.98065],"to":[8.6365,18.08565,7.48065],"rotation":{"angle":22.5,"axis":"x","origin":[7.8865,17.33565,5.48065]},"faces":{"north":{"uv":[11.5,11.5,12.25,12.25],"texture":"#1"},"east":{"uv":[7.5,5,9.75,5.75],"texture":"#1"},"south":{"uv":[12,3,12.75,3.75],"texture":"#1"},"west":{"uv":[7,8,9.25,8.75],"texture":"#1"},"up":{"uv":[9.25,2.25,8.5,0],"texture":"#1"},"down":{"uv":[9.25,2.5,8.5,4.75],"texture":"#1"}}},{"from":[8,14.61741,8.72954],"to":[8,17.61741,12.97954],"rotation":{"angle":0,"axis":"y","origin":[7.92788,0.57374,8.58278]},"faces":{"north":{"uv":[0,0,0,1.5],"texture":"#1"},"east":{"uv":[5,0,7.25,1.5],"texture":"#1"},"south":{"uv":[0,0,0,1.5],"texture":"#1"},"west":{"uv":[5,1.5,7.25,3],"texture":"#1"},"up":{"uv":[0,2.25,0,0],"texture":"#1"},"down":{"uv":[0,0,0,2.25],"texture":"#1"}}},{"from":[8,14.61741,2.92954],"to":[8,17.61741,7.22954],"rotation":{"angle":0,"axis":"y","origin":[7.92788,0.47374,8.58278]},"faces":{"north":{"uv":[0,0,0,1.5],"texture":"#1"},"east":{"uv":[5,3,7.25,4.5],"texture":"#1"},"south":{"uv":[0,0,0,1.5],"texture":"#1"},"west":{"uv":[5,4.5,7.25,6],"texture":"#1"},"up":{"uv":[0,2.25,0,0],"texture":"#1"},"down":{"uv":[0,0,0,2.25],"texture":"#1"}}},{"from":[7.8865,18.08565,0.48065],"to":[7.8865,19.58565,3.98065],"rotation":{"angle":22.5,"axis":"x","origin":[7.8865,17.33565,5.48065]},"faces":{"north":{"uv":[0,0,0,0.75],"texture":"#1"},"east":{"uv":[0,10.5,1.75,11.25],"texture":"#1"},"south":{"uv":[0,0,0,0.75],"texture":"#1"},"west":{"uv":[2,10.5,3.75,11.25],"texture":"#1"},"up":{"uv":[0,0,0,1.75],"texture":"#1"},"down":{"uv":[0,0,0,1.75],"texture":"#1"}}},{"from":[7.1365,18.08565,1.98065],"to":[8.6365,18.08565,2.98065],"rotation":{"angle":22.5,"axis":"x","origin":[7.8865,17.33565,5.48065]},"faces":{"north":{"uv":[0,0,0.75,0],"texture":"#1"},"east":{"uv":[0,0,0.5,0],"texture":"#1"},"south":{"uv":[0,0,0.75,0],"texture":"#1"},"west":{"uv":[0,0,0.5,0],"texture":"#1"},"up":{"uv":[13.25,0.5,12.5,0],"texture":"#1"},"down":{"uv":[1.25,12.5,0.5,13],"texture":"#1"}}}],"display":{"thirdperson_righthand":{"translation":[0,-1,0.25]},"thirdperson_lefthand":{"translation":[0,-1,0.25]},"firstperson_righthand":{"rotation":[-5,0,0],"translation":[0,0,-1],"scale":[0.8,0.8,0.8]},"firstperson_lefthand":{"rotation":[-5,0,0],"translation":[0,0,-1],"scale":[0.8,0.8,0.8]},"ground":{"translation":[0,6,0],"scale":[0.7,0.7,0.7]},"gui":{"rotation":[90,-45,90],"translation":[2,-2,0],"scale":[0.7,0.7,0.7]},"fixed":{"rotation":[-90,45,90],"translation":[2.5,-2,0],"scale":[0.8,0.8,0.8]}},"groups":[{"name":"thortrident","origin":[8,4.75,7.5],"color":0,"children":[0,1,2,3,4,5,6,7,8,9,10,11,12,13,14,15,16,17,18,19,20,21]}],"mcmodels":"7b257da1ce93354a363b0be32b47f8cf"}