{"credit":"Made with Blockbench","texture_size":[32,32],"textures":{"0":"minewave:item/dinosaur/dinosauraxe","particle":"minewave:item/dinosaur/dinosauraxe"},"elements":[{"from":[7.25,2,7.25],"to":[8.75,11.5,8.75],"rotation":{"angle":0,"axis":"y","origin":[8,9.28661,5.5]},"faces":{"north":{"uv":[0,0,0.75,4.75],"texture":"#0"},"east":{"uv":[1,0,1.75,4.75],"texture":"#0"},"south":{"uv":[2,0,2.75,4.75],"texture":"#0"},"west":{"uv":[3,0,3.75,4.75],"texture":"#0"},"up":{"uv":[10.75,9.25,10,8.5],"texture":"#0"},"down":{"uv":[4.25,10.5,3.5,11.25],"texture":"#0"}}},{"from":[6.75,3.25,6.75],"to":[9.25,4.25,9.25],"rotation":{"angle":45,"axis":"y","origin":[8,3.75,8]},"faces":{"north":{"uv":[8.5,7.5,9.75,8],"texture":"#0"},"east":{"uv":[9.5,0,10.75,0.5],"texture":"#0"},"south":{"uv":[9.5,0.5,10.75,1],"texture":"#0"},"west":{"uv":[9.5,5,10.75,5.5],"texture":"#0"},"up":{"uv":[8.25,1.25,7,0],"texture":"#0"},"down":{"uv":[2.25,7,1,8.25],"texture":"#0"}}},{"from":[9.25,4.25,6.75],"to":[9.25,5.25,9.25],"rotation":{"angle":45,"axis":"y","origin":[8,3.75,8]},"faces":{"north":{"uv":[0,0,0,0.5],"texture":"#0"},"east":{"uv":[9.5,6.5,10.75,7],"texture":"#0"},"south":{"uv":[0,0,0,0.5],"texture":"#0"},"west":{"uv":[9.5,7,10.75,7.5],"texture":"#0"},"up":{"uv":[0,1.25,0,0],"texture":"#0"},"down":{"uv":[0,0,0,1.25],"texture":"#0"}}},{"from":[6.75,4.25,6.75],"to":[6.75,5.25,9.25],"rotation":{"angle":45,"axis":"y","origin":[8,3.75,8]},"faces":{"north":{"uv":[0,0,0,0.5],"texture":"#0"},"east":{"uv":[9.5,8,10.75,8.5],"texture":"#0"},"south":{"uv":[0,0,0,0.5],"texture":"#0"},"west":{"uv":[9,9.5,10.25,10],"texture":"#0"},"up":{"uv":[0,1.25,0,0],"texture":"#0"},"down":{"uv":[0,0,0,1.25],"texture":"#0"}}},{"from":[6.75,4.25,9.25],"to":[9.25,5.25,9.25],"rotation":{"angle":45,"axis":"y","origin":[8,3.75,8]},"faces":{"north":{"uv":[10,1.5,11.25,2],"texture":"#0"},"east":{"uv":[0,0,0,0.5],"texture":"#0"},"south":{"uv":[10,2,11.25,2.5],"texture":"#0"},"west":{"uv":[0,0,0,0.5],"texture":"#0"},"up":{"uv":[1.25,0,0,0],"texture":"#0"},"down":{"uv":[1.25,0,0,0],"texture":"#0"}}},{"from":[6.75,4.25,6.75],"to":[9.25,5.25,6.75],"rotation":{"angle":45,"axis":"y","origin":[8,3.75,8]},"faces":{"north":{"uv":[10,2.5,11.25,3],"texture":"#0"},"east":{"uv":[0,0,0,0.5],"texture":"#0"},"south":{"uv":[3,10,4.25,10.5],"texture":"#0"},"west":{"uv":[0,0,0,0.5],"texture":"#0"},"up":{"uv":[1.25,0,0,0],"texture":"#0"},"down":{"uv":[1.25,0,0,0],"texture":"#0"}}},{"from":[7,11.25,7.1],"to":[9,14.75,8.9],"rotation":{"angle":0,"axis":"y","origin":[8,9.03661,5.5]},"faces":{"north":{"uv":[4.5,6,5.5,7.75],"texture":"#0"},"east":{"uv":[5.5,6.5,6.5,8.25],"texture":"#0"},"south":{"uv":[6.5,6.5,7.5,8.25],"texture":"#0"},"west":{"uv":[0,7,1,8.75],"texture":"#0"},"up":{"uv":[4,6,3,5],"texture":"#0"},"down":{"uv":[8.5,6,7.5,7],"texture":"#0"}}},{"from":[6.85,10.75,7.5],"to":[9.15,14.25,8.5],"rotation":{"angle":45,"axis":"x","origin":[8,12.5,8]},"faces":{"north":{"uv":[4,4,5.25,5.75],"texture":"#0"},"east":{"uv":[2,8.5,2.5,10.25],"texture":"#0"},"south":{"uv":[0,5,1.25,6.75],"texture":"#0"},"west":{"uv":[7,8.5,7.5,10.25],"texture":"#0"},"up":{"uv":[11.25,3.5,10,3],"texture":"#0"},"down":{"uv":[11.25,3.5,10,4],"texture":"#0"}}},{"from":[6.75,10.75,7.5],"to":[9.25,14.25,8.5],"rotation":{"angle":-45,"axis":"x","origin":[8,12.5,8]},"faces":{"north":{"uv":[1.5,5,2.75,6.75],"texture":"#0"},"east":{"uv":[7.5,8.5,8,10.25],"texture":"#0"},"south":{"uv":[5.5,0,6.75,1.75],"texture":"#0"},"west":{"uv":[8,8.5,8.5,10.25],"texture":"#0"},"up":{"uv":[11.25,4.5,10,4],"texture":"#0"},"down":{"uv":[11.25,4.5,10,5],"texture":"#0"}}},{"from":[7.5,11.75,5],"to":[8.5,13.25,7.1],"rotation":{"angle":0,"axis":"y","origin":[8,9.03661,5.5]},"faces":{"north":{"uv":[1.5,11,2,11.75],"texture":"#0"},"east":{"uv":[8.5,6.5,9.5,7.25],"texture":"#0"},"south":{"uv":[2.5,11,3,11.75],"texture":"#0"},"west":{"uv":[9,1.5,10,2.25],"texture":"#0"},"up":{"uv":[11,6.5,10.5,5.5],"texture":"#0"},"down":{"uv":[7.5,10.5,7,11.5],"texture":"#0"}}},{"from":[7.5,11.5,8.9],"to":[8.5,13.5,10.65],"rotation":{"angle":0,"axis":"y","origin":[8,8.78661,6]},"faces":{"north":{"uv":[7.5,10.5,8,11.5],"texture":"#0"},"east":{"uv":[7.5,7,8.5,8],"texture":"#0"},"south":{"uv":[8,10.5,8.5,11.5],"texture":"#0"},"west":{"uv":[8,1.5,9,2.5],"texture":"#0"},"up":{"uv":[9,11.5,8.5,10.5],"texture":"#0"},"down":{"uv":[11,9.5,10.5,10.5],"texture":"#0"}}},{"from":[7,11.25,10.15],"to":[9,14.25,11.65],"rotation":{"angle":-22.5,"axis":"x","origin":[8,12.75,10.9]},"faces":{"north":{"uv":[7,1.5,8,3],"texture":"#0"},"east":{"uv":[7,4.5,7.75,6],"texture":"#0"},"south":{"uv":[7,3,8,4.5],"texture":"#0"},"west":{"uv":[3.5,7.5,4.25,9],"texture":"#0"},"up":{"uv":[4.5,9.75,3.5,9],"texture":"#0"},"down":{"uv":[10,8.5,9,9.25],"texture":"#0"}}},{"from":[8,14.25,10.65],"to":[8,15.25,11.65],"rotation":{"angle":-22.5,"axis":"x","origin":[8,12.75,10.9]},"faces":{"north":{"uv":[0,0,0,0.5],"texture":"#0"},"east":{"uv":[7,6,7.5,6.5],"texture":"#0"},"south":{"uv":[0,0,0,0.5],"texture":"#0"},"west":{"uv":[5,8,5.5,8.5],"texture":"#0"},"up":{"uv":[0,0.5,0,0],"texture":"#0"},"down":{"uv":[0,0,0,0.5],"texture":"#0"}}},{"from":[8,10.25,11.65],"to":[8,15.25,12.65],"rotation":{"angle":-22.5,"axis":"x","origin":[8,12.75,10.9]},"faces":{"north":{"uv":[0,0,0,2.5],"texture":"#0"},"east":{"uv":[2.5,7,3,9.5],"texture":"#0"},"south":{"uv":[0,0,0,2.5],"texture":"#0"},"west":{"uv":[3,7.5,3.5,10],"texture":"#0"},"up":{"uv":[0,0.5,0,0],"texture":"#0"},"down":{"uv":[0,0,0,0.5],"texture":"#0"}}},{"from":[8,10.25,10.65],"to":[8,11.25,11.65],"rotation":{"angle":-22.5,"axis":"x","origin":[8,12.75,10.9]},"faces":{"north":{"uv":[0,0,0,0.5],"texture":"#0"},"east":{"uv":[10,5.5,10.5,6],"texture":"#0"},"south":{"uv":[0,0,0,0.5],"texture":"#0"},"west":{"uv":[10,7.5,10.5,8],"texture":"#0"},"up":{"uv":[0,0.5,0,0],"texture":"#0"},"down":{"uv":[0,0,0,0.5],"texture":"#0"}}},{"from":[7.5,10.75,2],"to":[8.5,14.25,5],"rotation":{"angle":0,"axis":"y","origin":[8,10.03661,4.5]},"faces":{"north":{"uv":[8.5,8.5,9,10.25],"texture":"#0"},"east":{"uv":[4,0,5.5,1.75],"texture":"#0"},"south":{"uv":[0,9,0.5,10.75],"texture":"#0"},"west":{"uv":[4,2,5.5,3.75],"texture":"#0"},"up":{"uv":[1,10.5,0.5,9],"texture":"#0"},"down":{"uv":[1.5,9.5,1,11],"texture":"#0"}}},{"from":[7.55,14.25,2],"to":[8.45,16.75,5],"rotation":{"angle":22.5,"axis":"x","origin":[8,14.25,2]},"faces":{"north":{"uv":[6.5,9.5,7,10.75],"texture":"#0"},"east":{"uv":[5.5,2,7,3.25],"texture":"#0"},"south":{"uv":[4.5,10,5,11.25],"texture":"#0"},"west":{"uv":[5.5,3.5,7,4.75],"texture":"#0"},"up":{"uv":[2,11,1.5,9.5],"texture":"#0"},"down":{"uv":[3,9.5,2.5,11],"texture":"#0"}}},{"from":[7.95,14.1,1],"to":[7.95,16.75,2],"rotation":{"angle":22.5,"axis":"x","origin":[8,14.25,2]},"faces":{"north":{"uv":[0,0,0,1.25],"texture":"#0"},"east":{"uv":[9,10,9.5,11.25],"texture":"#0"},"south":{"uv":[0,0,0,1.25],"texture":"#0"},"west":{"uv":[9.5,10,10,11.25],"texture":"#0"},"up":{"uv":[0,0.5,0,0],"texture":"#0"},"down":{"uv":[0,0,0,0.5],"texture":"#0"}}},{"from":[7.95,16.75,1],"to":[7.95,17.75,5],"rotation":{"angle":22.5,"axis":"x","origin":[8,14.25,2]},"faces":{"north":{"uv":[0,0,0,0.5],"texture":"#0"},"east":{"uv":[8,2.5,10,3],"texture":"#0"},"south":{"uv":[0,0,0,0.5],"texture":"#0"},"west":{"uv":[8,3,10,3.5],"texture":"#0"},"up":{"uv":[0,2,0,0],"texture":"#0"},"down":{"uv":[0,0,0,2],"texture":"#0"}}},{"from":[7.95,15.75,5],"to":[7.95,17.75,6],"rotation":{"angle":22.5,"axis":"x","origin":[8,14.25,2]},"faces":{"north":{"uv":[0,0,0,1],"texture":"#0"},"east":{"uv":[10.5,10.5,11,11.5],"texture":"#0"},"south":{"uv":[0,0,0,1],"texture":"#0"},"west":{"uv":[0,11,0.5,12],"texture":"#0"},"up":{"uv":[0,0.5,0,0],"texture":"#0"},"down":{"uv":[0,0,0,0.5],"texture":"#0"}}},{"from":[7.95,10.5,1],"to":[7.95,14.5,2],"rotation":{"angle":0,"axis":"y","origin":[8.2,10.03661,4.5]},"faces":{"north":{"uv":[0,0,0,2],"texture":"#0"},"east":{"uv":[8,3.5,8.5,5.5],"texture":"#0"},"south":{"uv":[0,0,0,2],"texture":"#0"},"west":{"uv":[4.5,8,5,10],"texture":"#0"},"up":{"uv":[0,0.5,0,0],"texture":"#0"},"down":{"uv":[0,0,0,0.5],"texture":"#0"}}},{"from":[7.55,8.75,2.5],"to":[8.45,11.25,5.5],"rotation":{"angle":-22.5,"axis":"x","origin":[8,9.75,3.5]},"faces":{"north":{"uv":[10,10,10.5,11.25],"texture":"#0"},"east":{"uv":[5.5,5,7,6.25],"texture":"#0"},"south":{"uv":[0.5,10.5,1,11.75],"texture":"#0"},"west":{"uv":[3,6,4.5,7.25],"texture":"#0"},"up":{"uv":[10,5,9.5,3.5],"texture":"#0"},"down":{"uv":[5.5,9.5,5,11],"texture":"#0"}}},{"from":[7.95,7.75,1.5],"to":[7.95,8.75,5.5],"rotation":{"angle":-22.5,"axis":"x","origin":[8.2,9.75,3.5]},"faces":{"north":{"uv":[0,0,0,0.5],"texture":"#0"},"east":{"uv":[8,5.5,10,6],"texture":"#0"},"south":{"uv":[0,0,0,0.5],"texture":"#0"},"west":{"uv":[7.5,8,9.5,8.5],"texture":"#0"},"up":{"uv":[0,2,0,0],"texture":"#0"},"down":{"uv":[0,0,0,2],"texture":"#0"}}},{"from":[7.95,7.75,5.5],"to":[7.95,9.75,6.5],"rotation":{"angle":-22.5,"axis":"x","origin":[8.2,9.75,3.5]},"faces":{"north":{"uv":[0,0,0,1],"texture":"#0"},"east":{"uv":[11,0,11.5,1],"texture":"#0"},"south":{"uv":[0,0,0,1],"texture":"#0"},"west":{"uv":[1,11,1.5,12],"texture":"#0"},"up":{"uv":[0,0.5,0,0],"texture":"#0"},"down":{"uv":[0,0,0,0.5],"texture":"#0"}}},{"from":[7.95,8.75,1.5],"to":[7.95,11.4,2.5],"rotation":{"angle":-22.5,"axis":"x","origin":[8.2,9.75,3.5]},"faces":{"north":{"uv":[0,0,0,1.25],"texture":"#0"},"east":{"uv":[2,10.5,2.5,11.75],"texture":"#0"},"south":{"uv":[0,0,0,1.25],"texture":"#0"},"west":{"uv":[3,10.5,3.5,11.75],"texture":"#0"},"up":{"uv":[0,0.5,0,0],"texture":"#0"},"down":{"uv":[0,0,0,0.5],"texture":"#0"}}},{"from":[7,0.82354,1.57246],"to":[9,2.82354,3.57246],"rotation":{"angle":-45,"axis":"x","origin":[8,8.28661,5.5]},"faces":{"north":{"uv":[8.5,0,9.5,1],"texture":"#0"},"east":{"uv":[1,8.5,2,9.5],"texture":"#0"},"south":{"uv":[8.5,3.5,9.5,4.5],"texture":"#0"},"west":{"uv":[8.5,4.5,9.5,5.5],"texture":"#0"},"up":{"uv":[6,9.5,5,8.5],"texture":"#0"},"down":{"uv":[7,8.5,6,9.5],"texture":"#0"}}},{"from":[8,0.82354,3.57246],"to":[8,1.82354,4.57246],"rotation":{"angle":-45,"axis":"x","origin":[8,8.28661,5.5]},"faces":{"north":{"uv":[0,0,0,0.5],"texture":"#0"},"east":{"uv":[10.5,1,11,1.5],"texture":"#0"},"south":{"uv":[0,0,0,0.5],"texture":"#0"},"west":{"uv":[10.5,7.5,11,8],"texture":"#0"},"up":{"uv":[0,0.5,0,0],"texture":"#0"},"down":{"uv":[0,0,0,0.5],"texture":"#0"}}},{"from":[8,-0.17646,0.57246],"to":[8,0.82354,4.57246],"rotation":{"angle":-45,"axis":"x","origin":[8,8.28661,5.5]},"faces":{"north":{"uv":[0,0,0,0.5],"texture":"#0"},"east":{"uv":[8.5,1,10.5,1.5],"texture":"#0"},"south":{"uv":[0,0,0,0.5],"texture":"#0"},"west":{"uv":[8.5,6,10.5,6.5],"texture":"#0"},"up":{"uv":[0,2,0,0],"texture":"#0"},"down":{"uv":[0,0,0,2],"texture":"#0"}}},{"from":[8,2.82354,1.57246],"to":[8,3.82354,2.57246],"rotation":{"angle":-45,"axis":"x","origin":[8,8.28661,5.5]},"faces":{"north":{"uv":[0,0,0,0.5],"texture":"#0"},"east":{"uv":[11,1,11.5,1.5],"texture":"#0"},"south":{"uv":[0,0,0,0.5],"texture":"#0"},"west":{"uv":[5,11,5.5,11.5],"texture":"#0"},"up":{"uv":[0,0.5,0,0],"texture":"#0"},"down":{"uv":[0,0,0,0.5],"texture":"#0"}}},{"from":[8,0.82354,0.57246],"to":[8,3.82354,1.57246],"rotation":{"angle":-45,"axis":"x","origin":[8,8.28661,5.5]},"faces":{"north":{"uv":[0,0,0,1.5],"texture":"#0"},"east":{"uv":[5.5,9.5,6,11],"texture":"#0"},"south":{"uv":[0,0,0,1.5],"texture":"#0"},"west":{"uv":[6,9.5,6.5,11],"texture":"#0"},"up":{"uv":[0,0.5,0,0],"texture":"#0"},"down":{"uv":[0,0,0,0.5],"texture":"#0"}}}],"display":{"thirdperson_righthand":{"translation":[0,-1,0.5],"scale":[1.2,1.2,1.2]},"thirdperson_lefthand":{"translation":[0,-1,0.5],"scale":[1.2,1.2,1.2]},"firstperson_righthand":{"rotation":[-5,0,0],"translation":[0,2,0]},"firstperson_lefthand":{"rotation":[-5,0,0],"translation":[0,2,0]},"ground":{"translation":[0,6,0]},"gui":{"rotation":[-90,45,90],"translation":[1.5,0,0],"scale":[0.9,0.9,0.9]},"fixed":{"rotation":[-90,45,90],"translation":[1.5,-0.5,0]}},"groups":[{"name":"dinosauraxe","origin":[8,8.30909,8.01261],"color":0,"children":[0,1,2,3,4,5,6,7,8,9,10,11,12,13,14,15,16,17,18,19,20,21,22,23,24,25,26,27,28,29]}],"mcmodels":"ad448cca3a91523b9be3317134cddebf"}