{"credit":"Made with Blockbench","texture_size":[32,32],"textures":{"2":"minewave:item/dinosaur/bow","particle":"minewave:item/dinosaur/bow"},"elements":[{"from":[7,3.26752,3.09657],"to":[9,6.76752,4.59657],"rotation":{"angle":-22.5,"axis":"x","origin":[8,4.51752,3.84657]},"faces":{"north":{"uv":[6.5,3.5,7.5,5.25],"texture":"#2"},"east":{"uv":[3.5,10,4.25,11.75],"texture":"#2"},"south":{"uv":[4,6.5,5,8.25],"texture":"#2"},"west":{"uv":[4.5,10,5.25,11.75],"texture":"#2"},"up":{"uv":[5,2.75,4,2],"texture":"#2"},"down":{"uv":[12,8.5,11,9.25],"texture":"#2"}}},{"from":[8,3.26752,2.09657],"to":[8,5.76752,3.09657],"rotation":{"angle":-22.5,"axis":"x","origin":[8,4.51752,3.84657]},"faces":{"north":{"uv":[0,0,0,1.25],"texture":"#2"},"east":{"uv":[5,12,5.5,13.25],"texture":"#2"},"south":{"uv":[0,0,0,1.25],"texture":"#2"},"west":{"uv":[12.5,1.5,13,2.75],"texture":"#2"},"up":{"uv":[0,0.5,0,0],"texture":"#2"},"down":{"uv":[0,0,0,0.5],"texture":"#2"}}},{"from":[6.5,5.53716,4.69152],"to":[9.5,8.03716,7.19152],"rotation":{"angle":22.5,"axis":"x","origin":[8,12.38377,5.2459]},"faces":{"north":{"uv":[2,5,3.5,6.25],"texture":"#2"},"east":{"uv":[6,7.5,7.25,8.75],"texture":"#2"},"south":{"uv":[5,2,6.5,3.25],"texture":"#2"},"west":{"uv":[7.5,7.5,8.75,8.75],"texture":"#2"},"up":{"uv":[5,6.25,3.5,5],"texture":"#2"},"down":{"uv":[6.5,3.5,5,4.75],"texture":"#2"}}},{"from":[6.5,8.03716,7.19152],"to":[9.5,8.03716,8.19152],"rotation":{"angle":22.5,"axis":"x","origin":[8,12.38377,5.2459]},"faces":{"north":{"uv":[0,0,1.5,0],"texture":"#2"},"east":{"uv":[0,0,0.5,0],"texture":"#2"},"south":{"uv":[0,0,1.5,0],"texture":"#2"},"west":{"uv":[0,0,0.5,0],"texture":"#2"},"up":{"uv":[12.5,10,11,9.5],"texture":"#2"},"down":{"uv":[11.5,11,10,11.5],"texture":"#2"}}},{"from":[6.5,4.53716,4.69152],"to":[9.5,5.53716,4.69152],"rotation":{"angle":22.5,"axis":"x","origin":[8,12.38377,5.2459]},"faces":{"north":{"uv":[11,10,12.5,10.5],"texture":"#2"},"east":{"uv":[0,0,0,0.5],"texture":"#2"},"south":{"uv":[11,10.5,12.5,11],"texture":"#2"},"west":{"uv":[0,0,0,0.5],"texture":"#2"},"up":{"uv":[1.5,0,0,0],"texture":"#2"},"down":{"uv":[1.5,0,0,0],"texture":"#2"}}},{"from":[7,8.65505,1.14657],"to":[9,11.65505,2.64657],"rotation":{"angle":-22.5,"axis":"x","origin":[8,12.13377,5.2459]},"faces":{"north":{"uv":[1.5,9.5,2.5,11],"texture":"#2"},"east":{"uv":[8.5,10.5,9.25,12],"texture":"#2"},"south":{"uv":[9.5,1.5,10.5,3],"texture":"#2"},"west":{"uv":[0,11,0.75,12.5],"texture":"#2"},"up":{"uv":[12.5,3.25,11.5,2.5],"texture":"#2"},"down":{"uv":[12.5,3.5,11.5,4.25],"texture":"#2"}}},{"from":[7,11.65505,0.14657],"to":[9,11.65505,1.14657],"rotation":{"angle":-22.5,"axis":"x","origin":[8,12.13377,5.2459]},"faces":{"north":{"uv":[0,0,1,0],"texture":"#2"},"east":{"uv":[0,0,0.5,0],"texture":"#2"},"south":{"uv":[0,0,1,0],"texture":"#2"},"west":{"uv":[0,0,0.5,0],"texture":"#2"},"up":{"uv":[2,6.5,1,6],"texture":"#2"},"down":{"uv":[3,13,2,13.5],"texture":"#2"}}},{"from":[7,17.52838,7.86389],"to":[9,19.02838,13.36389],"rotation":{"angle":-22.5,"axis":"x","origin":[8,8.58377,4.7959]},"faces":{"north":{"uv":[6.5,11.5,7.5,12.25],"texture":"#2"},"east":{"uv":[2,3,4.75,3.75],"texture":"#2"},"south":{"uv":[7.5,11.5,8.5,12.25],"texture":"#2"},"west":{"uv":[4,0,6.75,0.75],"texture":"#2"},"up":{"uv":[2,2.75,1,0],"texture":"#2"},"down":{"uv":[3,0,2,2.75],"texture":"#2"}}},{"from":[8,19.02838,7.86389],"to":[8,20.02838,13.36389],"rotation":{"angle":-22.5,"axis":"x","origin":[8,8.58377,4.7959]},"faces":{"north":{"uv":[0,0,0,0.5],"texture":"#2"},"east":{"uv":[10,4.5,12.75,5],"texture":"#2"},"south":{"uv":[0,0,0,0.5],"texture":"#2"},"west":{"uv":[10,5,12.75,5.5],"texture":"#2"},"up":{"uv":[0,2.75,0,0],"texture":"#2"},"down":{"uv":[0,0,0,2.75],"texture":"#2"}}},{"from":[7,15.76046,2.97712],"to":[9,19.26046,4.47712],"rotation":{"angle":22.5,"axis":"x","origin":[8,17.76046,3.72712]},"faces":{"north":{"uv":[5,6.5,6,8.25],"texture":"#2"},"east":{"uv":[10,9,10.75,10.75],"texture":"#2"},"south":{"uv":[6.5,5.5,7.5,7.25],"texture":"#2"},"west":{"uv":[5.5,10.5,6.25,12.25],"texture":"#2"},"up":{"uv":[11,12.25,10,11.5],"texture":"#2"},"down":{"uv":[12,11.5,11,12.25],"texture":"#2"}}},{"from":[8,16.76046,1.97712],"to":[8,19.26046,2.97712],"rotation":{"angle":22.5,"axis":"x","origin":[8,17.76046,3.72712]},"faces":{"north":{"uv":[0,0,0,1.25],"texture":"#2"},"east":{"uv":[12.5,3,13,4.25],"texture":"#2"},"south":{"uv":[0,0,0,1.25],"texture":"#2"},"west":{"uv":[5.5,12.5,6,13.75],"texture":"#2"},"up":{"uv":[0,0.5,0,0],"texture":"#2"},"down":{"uv":[0,0,0,0.5],"texture":"#2"}}},{"from":[6.5,14.66377,4.68708],"to":[9.5,17.16377,7.18708],"rotation":{"angle":-22.5,"axis":"x","origin":[8,10.38377,5.2459]},"faces":{"north":{"uv":[5,5,6.5,6.25],"texture":"#2"},"east":{"uv":[8,0,9.25,1.25],"texture":"#2"},"south":{"uv":[1,6.5,2.5,7.75],"texture":"#2"},"west":{"uv":[1,8,2.25,9.25],"texture":"#2"},"up":{"uv":[8,3.25,6.5,2],"texture":"#2"},"down":{"uv":[4,6.5,2.5,7.75],"texture":"#2"}}},{"from":[6.5,14.66377,7.18708],"to":[9.5,14.66377,8.18708],"rotation":{"angle":-22.5,"axis":"x","origin":[8,10.38377,5.2459]},"faces":{"north":{"uv":[0,0,1.5,0],"texture":"#2"},"east":{"uv":[0,0,0.5,0],"texture":"#2"},"south":{"uv":[0,0,1.5,0],"texture":"#2"},"west":{"uv":[0,0,0.5,0],"texture":"#2"},"up":{"uv":[13,11.5,11.5,11],"texture":"#2"},"down":{"uv":[13.5,0,12,0.5],"texture":"#2"}}},{"from":[6.5,17.16377,4.68708],"to":[9.5,18.16377,4.68708],"rotation":{"angle":-22.5,"axis":"x","origin":[8,10.38377,5.2459]},"faces":{"north":{"uv":[12,0.5,13.5,1],"texture":"#2"},"east":{"uv":[0,0,0,0.5],"texture":"#2"},"south":{"uv":[12,1,13.5,1.5],"texture":"#2"},"west":{"uv":[0,0,0,0.5],"texture":"#2"},"up":{"uv":[1.5,0,0,0],"texture":"#2"},"down":{"uv":[1.5,0,0,0],"texture":"#2"}}},{"from":[7,11.12649,1.11271],"to":[9,14.12649,2.61271],"rotation":{"angle":22.5,"axis":"x","origin":[8,10.38377,4.9959]},"faces":{"north":{"uv":[2.5,9.5,3.5,11],"texture":"#2"},"east":{"uv":[11,0,11.75,1.5],"texture":"#2"},"south":{"uv":[10,3,11,4.5],"texture":"#2"},"west":{"uv":[1,11,1.75,12.5],"texture":"#2"},"up":{"uv":[4,12.75,3,12],"texture":"#2"},"down":{"uv":[5,12,4,12.75],"texture":"#2"}}},{"from":[7,11.12649,0.11271],"to":[9,11.12649,1.11271],"rotation":{"angle":22.5,"axis":"x","origin":[8,10.38377,4.9959]},"faces":{"north":{"uv":[0,0,1,0],"texture":"#2"},"east":{"uv":[0,0,0.5,0],"texture":"#2"},"south":{"uv":[0,0,1,0],"texture":"#2"},"west":{"uv":[0,0,0.5,0],"texture":"#2"},"up":{"uv":[4,13.5,3,13],"texture":"#2"},"down":{"uv":[14,3,13,3.5],"texture":"#2"}}},{"from":[7.5,9.55046,2.47849],"to":[8.5,13.05046,3.47849],"rotation":{"angle":0,"axis":"y","origin":[8,11.38377,4.9959]},"faces":{"north":{"uv":[9.5,10.5,10,12.25],"texture":"#2"},"east":{"uv":[2,11,2.5,12.75],"texture":"#2"},"south":{"uv":[2.5,11,3,12.75],"texture":"#2"},"west":{"uv":[11,2.5,11.5,4.25],"texture":"#2"},"up":{"uv":[6.5,7,6,6.5],"texture":"#2"},"down":{"uv":[6.5,7,6,7.5],"texture":"#2"}}},{"from":[7,1.9796,3.74508],"to":[9,3.4796,9.24508],"rotation":{"angle":22.5,"axis":"x","origin":[8,2.7296,6.44508]},"faces":{"north":{"uv":[12,6.5,13,7.25],"texture":"#2"},"east":{"uv":[4,1,6.75,1.75],"texture":"#2"},"south":{"uv":[8.5,12,9.5,12.75],"texture":"#2"},"west":{"uv":[2,4,4.75,4.75],"texture":"#2"},"up":{"uv":[4,2.75,3,0],"texture":"#2"},"down":{"uv":[2,3,1,5.75],"texture":"#2"}}},{"from":[8,0.9796,3.74508],"to":[8,1.9796,9.24508],"rotation":{"angle":22.5,"axis":"x","origin":[8,2.7296,6.44508]},"faces":{"north":{"uv":[0,0,0,0.5],"texture":"#2"},"east":{"uv":[10,5.5,12.75,6],"texture":"#2"},"south":{"uv":[0,0,0,0.5],"texture":"#2"},"west":{"uv":[10,6,12.75,6.5],"texture":"#2"},"up":{"uv":[0,2.75,0,0],"texture":"#2"},"down":{"uv":[0,0,0,2.75],"texture":"#2"}}},{"from":[7,0.53073,3.51722],"to":[9,2.03073,7.01722],"rotation":{"angle":-22.5,"axis":"x","origin":[8,13.78377,5.0459]},"faces":{"north":{"uv":[12,8.5,13,9.25],"texture":"#2"},"east":{"uv":[10,6.5,11.75,7.25],"texture":"#2"},"south":{"uv":[12,11.5,13,12.25],"texture":"#2"},"west":{"uv":[10.5,1.5,12.25,2.25],"texture":"#2"},"up":{"uv":[8,1.75,7,0],"texture":"#2"},"down":{"uv":[1,7.5,0,9.25],"texture":"#2"}}},{"from":[8,-0.46927,3.51722],"to":[8,0.53073,6.01722],"rotation":{"angle":-22.5,"axis":"x","origin":[8,13.78377,5.0459]},"faces":{"north":{"uv":[0,0,0,0.5],"texture":"#2"},"east":{"uv":[6,12.5,7.25,13],"texture":"#2"},"south":{"uv":[0,0,0,0.5],"texture":"#2"},"west":{"uv":[12.5,7.5,13.75,8],"texture":"#2"},"up":{"uv":[0,1.25,0,0],"texture":"#2"},"down":{"uv":[0,0,0,1.25],"texture":"#2"}}},{"from":[6.75,5.4135,14.95759],"to":[9.25,7.9135,17.45759],"rotation":{"angle":22.5,"axis":"x","origin":[8,14.18377,6.0459]},"faces":{"north":{"uv":[8,1.5,9.25,2.75],"texture":"#2"},"east":{"uv":[2.5,8,3.75,9.25],"texture":"#2"},"south":{"uv":[8.5,3,9.75,4.25],"texture":"#2"},"west":{"uv":[4,8.5,5.25,9.75],"texture":"#2"},"up":{"uv":[9.75,5.75,8.5,4.5],"texture":"#2"},"down":{"uv":[9.75,6,8.5,7.25],"texture":"#2"}}},{"from":[8,5.4135,17.45759],"to":[8,7.9135,18.45759],"rotation":{"angle":22.5,"axis":"x","origin":[8,14.18377,6.0459]},"faces":{"north":{"uv":[0,0,0,1.25],"texture":"#2"},"east":{"uv":[7.5,12.5,8,13.75],"texture":"#2"},"south":{"uv":[0,0,0,1.25],"texture":"#2"},"west":{"uv":[8,12.5,8.5,13.75],"texture":"#2"},"up":{"uv":[0,0.5,0,0],"texture":"#2"},"down":{"uv":[0,0,0,0.5],"texture":"#2"}}},{"from":[8,4.4135,15.95759],"to":[8,5.4135,18.45759],"rotation":{"angle":22.5,"axis":"x","origin":[8,14.18377,6.0459]},"faces":{"north":{"uv":[0,0,0,0.5],"texture":"#2"},"east":{"uv":[12.5,8,13.75,8.5],"texture":"#2"},"south":{"uv":[0,0,0,0.5],"texture":"#2"},"west":{"uv":[9.5,12.5,10.75,13],"texture":"#2"},"up":{"uv":[0,1.25,0,0],"texture":"#2"},"down":{"uv":[0,0,0,1.25],"texture":"#2"}}},{"from":[8.1,4.1135,12.90759],"to":[8.1,18.6135,13.90759],"rotation":{"angle":0,"axis":"y","origin":[8.1,11.38377,5.9959]},"faces":{"north":{"uv":[0,0,0,7.25],"texture":"#2"},"east":{"uv":[0,0,0.5,7.25],"texture":"#2"},"south":{"uv":[0,0,0,7.25],"texture":"#2"},"west":{"uv":[0.5,0,1,7.25],"texture":"#2"},"up":{"uv":[0,0,0,0.5],"texture":"#2"},"down":{"uv":[0,0,0,0.5],"texture":"#2"}}},{"from":[7,20.45804,3.50992],"to":[9,21.95804,7.00992],"rotation":{"angle":22.5,"axis":"x","origin":[8,8.58377,4.9959]},"faces":{"north":{"uv":[0,12.5,1,13.25],"texture":"#2"},"east":{"uv":[6.5,10.5,8.25,11.25],"texture":"#2"},"south":{"uv":[1,12.5,2,13.25],"texture":"#2"},"west":{"uv":[10.5,7.5,12.25,8.25],"texture":"#2"},"up":{"uv":[8.5,5.25,7.5,3.5],"texture":"#2"},"down":{"uv":[8.5,5.5,7.5,7.25],"texture":"#2"}}},{"from":[8,21.95804,3.50992],"to":[8,22.95804,6.00992],"rotation":{"angle":22.5,"axis":"x","origin":[8,8.58377,4.9959]},"faces":{"north":{"uv":[0,0,0,0.5],"texture":"#2"},"east":{"uv":[12.5,9.5,13.75,10],"texture":"#2"},"south":{"uv":[0,0,0,0.5],"texture":"#2"},"west":{"uv":[12.5,10,13.75,10.5],"texture":"#2"},"up":{"uv":[0,1.25,0,0],"texture":"#2"},"down":{"uv":[0,0,0,1.25],"texture":"#2"}}},{"from":[6.75,14.73279,14.95029],"to":[9.25,17.23279,17.45029],"rotation":{"angle":-22.5,"axis":"x","origin":[8,8.58377,6.2459]},"faces":{"north":{"uv":[5.5,9,6.75,10.25],"texture":"#2"},"east":{"uv":[7,9,8.25,10.25],"texture":"#2"},"south":{"uv":[9,7.5,10.25,8.75],"texture":"#2"},"west":{"uv":[8.5,9,9.75,10.25],"texture":"#2"},"up":{"uv":[1.25,10.75,0,9.5],"texture":"#2"},"down":{"uv":[10.75,0,9.5,1.25],"texture":"#2"}}},{"from":[8,17.23279,15.95029],"to":[8,18.23279,18.45029],"rotation":{"angle":-22.5,"axis":"x","origin":[8,8.58377,6.2459]},"faces":{"north":{"uv":[0,0,0,0.5],"texture":"#2"},"east":{"uv":[12.5,10.5,13.75,11],"texture":"#2"},"south":{"uv":[0,0,0,0.5],"texture":"#2"},"west":{"uv":[11,12.5,12.25,13],"texture":"#2"},"up":{"uv":[0,1.25,0,0],"texture":"#2"},"down":{"uv":[0,0,0,1.25],"texture":"#2"}}},{"from":[8,14.73279,17.45029],"to":[8,17.23279,18.45029],"rotation":{"angle":-22.5,"axis":"x","origin":[8,8.58377,6.2459]},"faces":{"north":{"uv":[0,0,0,1.25],"texture":"#2"},"east":{"uv":[12.5,12.5,13,13.75],"texture":"#2"},"south":{"uv":[0,0,0,1.25],"texture":"#2"},"west":{"uv":[13,1.5,13.5,2.75],"texture":"#2"},"up":{"uv":[0,0.5,0,0],"texture":"#2"},"down":{"uv":[0,0,0,0.5],"texture":"#2"}}}],"display":{"thirdperson_righthand":{"translation":[0,-4.5,4],"scale":[0.8,0.8,0.8]},"thirdperson_lefthand":{"translation":[0,-4.5,4],"scale":[0.8,0.8,0.8]},"firstperson_righthand":{"rotation":[0,3,0],"translation":[0,0,1],"scale":[0.7,0.7,0.7]},"firstperson_lefthand":{"rotation":[0,3,0],"translation":[0,0,1],"scale":[0.7,0.7,0.7]},"ground":{"translation":[0,6,0],"scale":[0.8,0.8,0.8]},"gui":{"rotation":[90,45,-90],"translation":[-1.5,-1,0],"scale":[0.6,0.6,0.6]},"fixed":{"rotation":[90,-45,90],"translation":[2.5,-1,0],"scale":[0.8,0.8,0.8]}},"groups":[{"name":"dinosaurbow","origin":[8,16.75046,10.51331],"color":0,"children":[0,1,2,3,4,5,6,7,8,9,10,11,12,13,14,15,16,17,18,19,20,21,22,23,24,25,26,27,28,29]}],"mcmodels":"ad448cca3a91523b9be3317134cddebf"}