{"credit":"Made with Blockbench","texture_size":[64,64],"textures":{"0":"minewave:item/dinosaur/crate","particle":"minewave:item/dinosaur/crate"},"elements":[{"from":[0,6.5,1],"to":[16,8,3],"rotation":{"angle":0,"axis":"y","origin":[-2,-3,-1]},"faces":{"north":{"uv":[10,9,14,9.375],"texture":"#0"},"east":{"uv":[13.75,13,14.25,13.375],"texture":"#0"},"south":{"uv":[10,9.5,14,9.875],"texture":"#0"},"west":{"uv":[13.75,13.5,14.25,13.875],"texture":"#0"},"up":{"uv":[13.75,8.5,9.75,8],"texture":"#0"},"down":{"uv":[9,10,5,10.5],"texture":"#0"}}},{"from":[1.25,7.9,3.1],"to":[14.75,13.35,4.1],"rotation":{"angle":22.5,"axis":"x","origin":[8,10.5,2.6]},"faces":{"north":{"uv":[2.75,6.25,6.125,7.625],"texture":"#0"},"east":{"uv":[7.75,13.75,8,15.125],"texture":"#0"},"south":{"uv":[6.25,4,9.625,5.375],"texture":"#0"},"west":{"uv":[8,13.75,8.25,15.125],"texture":"#0"},"up":{"uv":[9.875,11.75,6.5,11.5],"texture":"#0"},"down":{"uv":[13.375,11.5,10,11.75],"texture":"#0"}}},{"from":[0.5,11.35,3.1],"to":[1.25,13.35,4.1],"rotation":{"angle":22.5,"axis":"x","origin":[8,10.5,2.6]},"faces":{"north":{"uv":[12.5,7.5,12.75,8],"texture":"#0"},"east":{"uv":[13.5,6,13.75,6.5],"texture":"#0"},"south":{"uv":[13.25,14.25,13.5,14.75],"texture":"#0"},"west":{"uv":[2,14.5,2.25,15],"texture":"#0"},"up":{"uv":[3.5,6.25,3.25,6],"texture":"#0"},"down":{"uv":[12.75,6.5,12.5,6.75],"texture":"#0"}}},{"from":[14.75,11.35,3.1],"to":[15.5,13.35,4.1],"rotation":{"angle":22.5,"axis":"x","origin":[8,10.5,2.6]},"faces":{"north":{"uv":[3.25,14.5,3.5,15],"texture":"#0"},"east":{"uv":[3.5,14.5,3.75,15],"texture":"#0"},"south":{"uv":[3.75,14.5,4,15],"texture":"#0"},"west":{"uv":[4,14.5,4.25,15],"texture":"#0"},"up":{"uv":[14.25,12,14,11.75],"texture":"#0"},"down":{"uv":[14.5,10.5,14.25,10.75],"texture":"#0"}}},{"from":[6.5,6.5,0.5],"to":[9.5,9.5,3],"rotation":{"angle":45,"axis":"z","origin":[8,8,1.5]},"faces":{"north":{"uv":[5.5,7.75,6.25,8.5],"texture":"#0"},"east":{"uv":[12.75,13.5,13.375,14.25],"texture":"#0"},"south":{"uv":[12,6.75,12.75,7.5],"texture":"#0"},"west":{"uv":[13.75,1.5,14.375,2.25],"texture":"#0"},"up":{"uv":[14.5,2.875,13.75,2.25],"texture":"#0"},"down":{"uv":[14.5,6,13.75,6.625],"texture":"#0"}}},{"from":[6.5,9.5,0.5],"to":[10.5,10.5,0.5],"rotation":{"angle":45,"axis":"z","origin":[8,8,1.5]},"faces":{"north":{"uv":[12.5,10.75,13.5,11],"texture":"#0"},"east":{"uv":[0,0,0,0.25],"texture":"#0"},"south":{"uv":[13.75,8.25,14.75,8.5],"texture":"#0"},"west":{"uv":[0,0,0,0.25],"texture":"#0"},"up":{"uv":[1,0,0,0],"texture":"#0"},"down":{"uv":[1,0,0,0],"texture":"#0"}}},{"from":[6.5,9.5,0.5],"to":[6.5,10.5,2.5],"rotation":{"angle":45,"axis":"z","origin":[8,8,1.5]},"faces":{"north":{"uv":[0,0,0,0.25],"texture":"#0"},"east":{"uv":[2.75,6,3.25,6.25],"texture":"#0"},"south":{"uv":[0,0,0,0.25],"texture":"#0"},"west":{"uv":[12.5,10.5,13,10.75],"texture":"#0"},"up":{"uv":[0,0.5,0,0],"texture":"#0"},"down":{"uv":[0,0,0,0.5],"texture":"#0"}}},{"from":[9.5,6.5,0.5],"to":[10.5,9.5,0.5],"rotation":{"angle":45,"axis":"z","origin":[8,8,1.5]},"faces":{"north":{"uv":[0,14,0.25,14.75],"texture":"#0"},"east":{"uv":[0,0,0,0.75],"texture":"#0"},"south":{"uv":[0.25,14,0.5,14.75],"texture":"#0"},"west":{"uv":[0,0,0,0.75],"texture":"#0"},"up":{"uv":[0.25,0,0,0],"texture":"#0"},"down":{"uv":[0.25,0,0,0],"texture":"#0"}}},{"from":[9.5,6.5,0.5],"to":[10.5,6.5,2.5],"rotation":{"angle":45,"axis":"z","origin":[8,8,1.5]},"faces":{"north":{"uv":[0,0,0.25,0],"texture":"#0"},"east":{"uv":[0,0,0.5,0],"texture":"#0"},"south":{"uv":[0,0,0.25,0],"texture":"#0"},"west":{"uv":[0,0,0.5,0],"texture":"#0"},"up":{"uv":[4.5,15,4.25,14.5],"texture":"#0"},"down":{"uv":[4.75,14.5,4.5,15],"texture":"#0"}}},{"from":[0.96114,7.15751,2],"to":[2.46114,13.65751,3.5],"rotation":{"angle":22.5,"axis":"z","origin":[0.96114,7.97001,2]},"faces":{"north":{"uv":[12,5,12.375,6.625],"texture":"#0"},"east":{"uv":[6.5,12,6.875,13.625],"texture":"#0"},"south":{"uv":[7,12,7.375,13.625],"texture":"#0"},"west":{"uv":[7.5,12,7.875,13.625],"texture":"#0"},"up":{"uv":[14.625,7.125,14.25,6.75],"texture":"#0"},"down":{"uv":[14.625,7.25,14.25,7.625],"texture":"#0"}}},{"from":[1.71114,10.65751,1],"to":[1.71114,13.65751,2],"rotation":{"angle":22.5,"axis":"z","origin":[0.96114,7.97001,2]},"faces":{"north":{"uv":[0,0,0,0.75],"texture":"#0"},"east":{"uv":[0.5,14,0.75,14.75],"texture":"#0"},"south":{"uv":[0,0,0,0.75],"texture":"#0"},"west":{"uv":[0.75,14,1,14.75],"texture":"#0"},"up":{"uv":[0,0.25,0,0],"texture":"#0"},"down":{"uv":[0,0,0,0.25],"texture":"#0"}}},{"from":[1.71114,13.65751,1],"to":[1.71114,14.65751,15],"rotation":{"angle":22.5,"axis":"z","origin":[0.96114,7.97001,2]},"faces":{"north":{"uv":[0,0,0,0.25],"texture":"#0"},"east":{"uv":[9,10.5,12.5,10.75],"texture":"#0"},"south":{"uv":[0,0,0,0.25],"texture":"#0"},"west":{"uv":[9,10.75,12.5,11],"texture":"#0"},"up":{"uv":[0,3.5,0,0],"texture":"#0"},"down":{"uv":[0,0,0,3.5],"texture":"#0"}}},{"from":[1.71114,10.65751,14],"to":[1.71114,13.65751,15],"rotation":{"angle":22.5,"axis":"z","origin":[0.96114,7.97001,2]},"faces":{"north":{"uv":[0,0,0,0.75],"texture":"#0"},"east":{"uv":[1,14,1.25,14.75],"texture":"#0"},"south":{"uv":[0,0,0,0.75],"texture":"#0"},"west":{"uv":[1.25,14,1.5,14.75],"texture":"#0"},"up":{"uv":[0,0.25,0,0],"texture":"#0"},"down":{"uv":[0,0,0,0.25],"texture":"#0"}}},{"from":[0.96114,7.15751,12.5],"to":[2.46114,13.65751,14],"rotation":{"angle":22.5,"axis":"z","origin":[0.96114,7.97001,2]},"faces":{"north":{"uv":[8,12,8.375,13.625],"texture":"#0"},"east":{"uv":[8.5,12,8.875,13.625],"texture":"#0"},"south":{"uv":[9,12,9.375,13.625],"texture":"#0"},"west":{"uv":[9.5,12,9.875,13.625],"texture":"#0"},"up":{"uv":[14.625,8.125,14.25,7.75],"texture":"#0"},"down":{"uv":[14.625,8.5,14.25,8.875],"texture":"#0"}}},{"from":[0.96114,12.15751,3.5],"to":[2.46114,13.65751,12.5],"rotation":{"angle":22.5,"axis":"z","origin":[0.96114,7.97001,2]},"faces":{"north":{"uv":[14.25,9,14.625,9.375],"texture":"#0"},"east":{"uv":[7.5,3,9.75,3.375],"texture":"#0"},"south":{"uv":[14.25,9.5,14.625,9.875],"texture":"#0"},"west":{"uv":[7.5,3.5,9.75,3.875],"texture":"#0"},"up":{"uv":[3.125,13,2.75,10.75],"texture":"#0"},"down":{"uv":[3.625,10.75,3.25,13],"texture":"#0"}}},{"from":[1.46114,7.65751,3.5],"to":[2.46114,12.15751,12.5],"rotation":{"angle":22.5,"axis":"z","origin":[0.96114,7.97001,2]},"faces":{"north":{"uv":[13.75,10.75,14,11.875],"texture":"#0"},"east":{"uv":[9.75,3,12,4.125],"texture":"#0"},"south":{"uv":[11.25,13.75,11.5,14.875],"texture":"#0"},"west":{"uv":[9.75,4.25,12,5.375],"texture":"#0"},"up":{"uv":[5,13,4.75,10.75],"texture":"#0"},"down":{"uv":[1.75,12.25,1.5,14.5],"texture":"#0"}}},{"from":[13.51378,7.19961,12.5],"to":[15.01378,13.69961,14],"rotation":{"angle":-22.5,"axis":"z","origin":[15.01378,8.01211,2]},"faces":{"north":{"uv":[10,12,10.375,13.625],"texture":"#0"},"east":{"uv":[10.5,12,10.875,13.625],"texture":"#0"},"south":{"uv":[11,12,11.375,13.625],"texture":"#0"},"west":{"uv":[11.5,12,11.875,13.625],"texture":"#0"},"up":{"uv":[14.625,10.375,14.25,10],"texture":"#0"},"down":{"uv":[14.625,11.75,14.25,12.125],"texture":"#0"}}},{"from":[14.26378,10.69961,14],"to":[14.26378,13.69961,15],"rotation":{"angle":-22.5,"axis":"z","origin":[15.01378,8.01211,2]},"faces":{"north":{"uv":[0,0,0,0.75],"texture":"#0"},"east":{"uv":[14,6.75,14.25,7.5],"texture":"#0"},"south":{"uv":[0,0,0,0.75],"texture":"#0"},"west":{"uv":[14,7.5,14.25,8.25],"texture":"#0"},"up":{"uv":[0,0.25,0,0],"texture":"#0"},"down":{"uv":[0,0,0,0.25],"texture":"#0"}}},{"from":[14.26378,13.69961,1],"to":[14.26378,14.69961,15],"rotation":{"angle":-22.5,"axis":"z","origin":[15.01378,8.01211,2]},"faces":{"north":{"uv":[0,0,0,0.25],"texture":"#0"},"east":{"uv":[6.5,11,10,11.25],"texture":"#0"},"south":{"uv":[0,0,0,0.25],"texture":"#0"},"west":{"uv":[10,11,13.5,11.25],"texture":"#0"},"up":{"uv":[0,3.5,0,0],"texture":"#0"},"down":{"uv":[0,0,0,3.5],"texture":"#0"}}},{"from":[13.51378,7.19961,2],"to":[15.01378,13.69961,3.5],"rotation":{"angle":-22.5,"axis":"z","origin":[15.01378,8.01211,2]},"faces":{"north":{"uv":[12,12,12.375,13.625],"texture":"#0"},"east":{"uv":[0,12.25,0.375,13.875],"texture":"#0"},"south":{"uv":[0.5,12.25,0.875,13.875],"texture":"#0"},"west":{"uv":[1,12.25,1.375,13.875],"texture":"#0"},"up":{"uv":[12.375,14.625,12,14.25],"texture":"#0"},"down":{"uv":[14.625,12.25,14.25,12.625],"texture":"#0"}}},{"from":[14.26378,10.69961,1],"to":[14.26378,13.69961,2],"rotation":{"angle":-22.5,"axis":"z","origin":[15.01378,8.01211,2]},"faces":{"north":{"uv":[0,0,0,0.75],"texture":"#0"},"east":{"uv":[14,8.5,14.25,9.25],"texture":"#0"},"south":{"uv":[0,0,0,0.75],"texture":"#0"},"west":{"uv":[14,9.25,14.25,10],"texture":"#0"},"up":{"uv":[0,0.25,0,0],"texture":"#0"},"down":{"uv":[0,0,0,0.25],"texture":"#0"}}},{"from":[13.51378,12.19961,3.5],"to":[15.01378,13.69961,12.5],"rotation":{"angle":-22.5,"axis":"z","origin":[15.01378,8.01211,2]},"faces":{"north":{"uv":[12.75,14.25,13.125,14.625],"texture":"#0"},"east":{"uv":[0,11.25,2.25,11.625],"texture":"#0"},"south":{"uv":[14.25,12.75,14.625,13.125],"texture":"#0"},"west":{"uv":[0,11.75,2.25,12.125],"texture":"#0"},"up":{"uv":[4.125,13,3.75,10.75],"texture":"#0"},"down":{"uv":[4.625,10.75,4.25,13],"texture":"#0"}}},{"from":[13.51378,7.69961,3.5],"to":[14.51378,12.19961,12.5],"rotation":{"angle":-22.5,"axis":"z","origin":[15.01378,8.01211,2]},"faces":{"north":{"uv":[11.5,13.75,11.75,14.875],"texture":"#0"},"east":{"uv":[9.75,5.5,12,6.625],"texture":"#0"},"south":{"uv":[11.75,13.75,12,14.875],"texture":"#0"},"west":{"uv":[9.75,6.75,12,7.875],"texture":"#0"},"up":{"uv":[2,14.5,1.75,12.25],"texture":"#0"},"down":{"uv":[2.25,12.25,2,14.5],"texture":"#0"}}},{"from":[0,6.5,13],"to":[16,8,15],"rotation":{"angle":0,"axis":"y","origin":[-2,-3,-1]},"faces":{"north":{"uv":[10.25,0,14.25,0.375],"texture":"#0"},"east":{"uv":[14,10.75,14.5,11.125],"texture":"#0"},"south":{"uv":[10.25,0.5,14.25,0.875],"texture":"#0"},"west":{"uv":[14,11.25,14.5,11.625],"texture":"#0"},"up":{"uv":[14,9,10,8.5],"texture":"#0"},"down":{"uv":[13,10,9,10.5],"texture":"#0"}}},{"from":[3,6,13.25],"to":[5,8.5,15.25],"rotation":{"angle":0,"axis":"y","origin":[-2,-3,-1]},"faces":{"north":{"uv":[5,9.25,5.5,9.875],"texture":"#0"},"east":{"uv":[13,10,13.5,10.625],"texture":"#0"},"south":{"uv":[8.75,13.75,9.25,14.375],"texture":"#0"},"west":{"uv":[9.25,13.75,9.75,14.375],"texture":"#0"},"up":{"uv":[12.5,8,12,7.5],"texture":"#0"},"down":{"uv":[12.5,13.75,12,14.25],"texture":"#0"}}},{"from":[11,6,13.25],"to":[13,8.5,15.25],"rotation":{"angle":0,"axis":"y","origin":[-2,-3,-1]},"faces":{"north":{"uv":[9.75,13.75,10.25,14.375],"texture":"#0"},"east":{"uv":[13.75,10,14.25,10.625],"texture":"#0"},"south":{"uv":[10.25,13.75,10.75,14.375],"texture":"#0"},"west":{"uv":[10.75,13.75,11.25,14.375],"texture":"#0"},"up":{"uv":[14.25,12.5,13.75,12],"texture":"#0"},"down":{"uv":[14.25,12.5,13.75,13],"texture":"#0"}}},{"from":[0.25,11.94862,4.13306],"to":[15.75,12.94862,11.88306],"rotation":{"angle":0,"axis":"y","origin":[8,13.59862,12.53306]},"faces":{"north":{"uv":[10.25,1,14.125,1.25],"texture":"#0"},"east":{"uv":[13.5,5.5,15.5,5.75],"texture":"#0"},"south":{"uv":[10.25,1.25,14.125,1.5],"texture":"#0"},"west":{"uv":[13.5,5.75,15.5,6],"texture":"#0"},"up":{"uv":[7.375,2,3.5,0],"texture":"#0"},"down":{"uv":[7.375,2,3.5,4],"texture":"#0"}}},{"from":[1.25,7.8,13.1],"to":[14.75,13.15,14.1],"rotation":{"angle":-22.5,"axis":"x","origin":[8,7.5,13.6]},"faces":{"north":{"uv":[6.25,5.5,9.625,6.875],"texture":"#0"},"east":{"uv":[8.25,13.75,8.5,15.125],"texture":"#0"},"south":{"uv":[6.25,7,9.625,8.375],"texture":"#0"},"west":{"uv":[8.5,13.75,8.75,15.125],"texture":"#0"},"up":{"uv":[9.875,12,6.5,11.75],"texture":"#0"},"down":{"uv":[13.375,11.75,10,12],"texture":"#0"}}},{"from":[0.5,11.15,13.1],"to":[1.25,13.15,14.1],"rotation":{"angle":-22.5,"axis":"x","origin":[8,7.5,13.6]},"faces":{"north":{"uv":[4.75,14.5,5,15],"texture":"#0"},"east":{"uv":[5,14.5,5.25,15],"texture":"#0"},"south":{"uv":[5.25,14.5,5.5,15],"texture":"#0"},"west":{"uv":[5.5,14.5,5.75,15],"texture":"#0"},"up":{"uv":[14.75,6.75,14.5,6.5],"texture":"#0"},"down":{"uv":[9.25,14.5,9,14.75],"texture":"#0"}}},{"from":[14.75,11.15,13.1],"to":[15.5,13.15,14.1],"rotation":{"angle":-22.5,"axis":"x","origin":[8,7.5,13.6]},"faces":{"north":{"uv":[5.75,14.5,6,15],"texture":"#0"},"east":{"uv":[6,14.5,6.25,15],"texture":"#0"},"south":{"uv":[14.5,6,14.75,6.5],"texture":"#0"},"west":{"uv":[8.75,14.5,9,15],"texture":"#0"},"up":{"uv":[9.5,14.75,9.25,14.5],"texture":"#0"},"down":{"uv":[9.75,14.5,9.5,14.75],"texture":"#0"}}},{"from":[0,6.5,3],"to":[2,8,13],"rotation":{"angle":0,"axis":"y","origin":[-2,-3,-1]},"faces":{"north":{"uv":[13.75,14,14.25,14.375],"texture":"#0"},"east":{"uv":[10.25,1.5,12.75,1.875],"texture":"#0"},"south":{"uv":[14.25,0,14.75,0.375],"texture":"#0"},"west":{"uv":[10.25,2,12.75,2.375],"texture":"#0"},"up":{"uv":[2.75,12.25,2.25,9.75],"texture":"#0"},"down":{"uv":[5.5,10.5,5,13],"texture":"#0"}}},{"from":[14,6.5,3],"to":[16,8,13],"rotation":{"angle":0,"axis":"y","origin":[-2,-3,-1]},"faces":{"north":{"uv":[14.25,0.5,14.75,0.875],"texture":"#0"},"east":{"uv":[10.25,2.5,12.75,2.875],"texture":"#0"},"south":{"uv":[14.25,1,14.75,1.375],"texture":"#0"},"west":{"uv":[6.5,10.5,9,10.875],"texture":"#0"},"up":{"uv":[6,13,5.5,10.5],"texture":"#0"},"down":{"uv":[6.5,10.5,6,13],"texture":"#0"}}},{"from":[1,1,2],"to":[2.5,7,3.5],"rotation":{"angle":0,"axis":"y","origin":[1,-3.9,-1]},"faces":{"north":{"uv":[2.25,12.25,2.625,13.75],"texture":"#0"},"east":{"uv":[12.5,5,12.875,6.5],"texture":"#0"},"south":{"uv":[12.5,12,12.875,13.5],"texture":"#0"},"west":{"uv":[12.75,1.5,13.125,3],"texture":"#0"},"up":{"uv":[14.625,13.625,14.25,13.25],"texture":"#0"},"down":{"uv":[14.625,13.75,14.25,14.125],"texture":"#0"}}},{"from":[1,0,2],"to":[15,1,14],"rotation":{"angle":0,"axis":"y","origin":[1,-2.9,-1]},"faces":{"north":{"uv":[6.5,11.25,10,11.5],"texture":"#0"},"east":{"uv":[12,3,15,3.25],"texture":"#0"},"south":{"uv":[10,11.25,13.5,11.5],"texture":"#0"},"west":{"uv":[12,3.25,15,3.5],"texture":"#0"},"up":{"uv":[3.5,3,0,0],"texture":"#0"},"down":{"uv":[3.5,3,0,6],"texture":"#0"}}},{"from":[13.5,1,2],"to":[15,7,3.5],"rotation":{"angle":0,"axis":"y","origin":[-2,-4,-1]},"faces":{"north":{"uv":[12.75,6.5,13.125,8],"texture":"#0"},"east":{"uv":[2.75,13,3.125,14.5],"texture":"#0"},"south":{"uv":[3.25,13,3.625,14.5],"texture":"#0"},"west":{"uv":[3.75,13,4.125,14.5],"texture":"#0"},"up":{"uv":[14.625,14.625,14.25,14.25],"texture":"#0"},"down":{"uv":[1.875,14.5,1.5,14.875],"texture":"#0"}}},{"from":[13.5,1,12.5],"to":[15,7,14],"rotation":{"angle":0,"axis":"y","origin":[-2,-4,9.5]},"faces":{"north":{"uv":[4.25,13,4.625,14.5],"texture":"#0"},"east":{"uv":[4.75,13,5.125,14.5],"texture":"#0"},"south":{"uv":[13,5,13.375,6.5],"texture":"#0"},"west":{"uv":[5.25,13,5.625,14.5],"texture":"#0"},"up":{"uv":[14.875,1.875,14.5,1.5],"texture":"#0"},"down":{"uv":[14.875,2,14.5,2.375],"texture":"#0"}}},{"from":[1,1,12.5],"to":[2.5,7,14],"rotation":{"angle":0,"axis":"y","origin":[1,-3.9,9.5]},"faces":{"north":{"uv":[5.75,13,6.125,14.5],"texture":"#0"},"east":{"uv":[13,12,13.375,13.5],"texture":"#0"},"south":{"uv":[13.25,1.5,13.625,3],"texture":"#0"},"west":{"uv":[13.25,6.5,13.625,8],"texture":"#0"},"up":{"uv":[14.875,2.875,14.5,2.5],"texture":"#0"},"down":{"uv":[3.125,14.5,2.75,14.875],"texture":"#0"}}},{"from":[2.5,1,2.5],"to":[13.5,7,3.5],"rotation":{"angle":0,"axis":"y","origin":[-2,-4,-1]},"faces":{"north":{"uv":[7.5,0,10.25,1.5],"texture":"#0"},"east":{"uv":[2.25,13.75,2.5,15.25],"texture":"#0"},"south":{"uv":[7.5,1.5,10.25,3],"texture":"#0"},"west":{"uv":[2.5,13.75,2.75,15.25],"texture":"#0"},"up":{"uv":[14.75,3.75,12,3.5],"texture":"#0"},"down":{"uv":[14.75,3.75,12,4],"texture":"#0"}}},{"from":[2.5,1,12.5],"to":[13.5,7,13.5],"rotation":{"angle":0,"axis":"y","origin":[-2,-3,-1]},"faces":{"north":{"uv":[2.75,7.75,5.5,9.25],"texture":"#0"},"east":{"uv":[6.5,13.75,6.75,15.25],"texture":"#0"},"south":{"uv":[0,8.25,2.75,9.75],"texture":"#0"},"west":{"uv":[6.75,13.75,7,15.25],"texture":"#0"},"up":{"uv":[14.75,4.25,12,4],"texture":"#0"},"down":{"uv":[14.75,4.25,12,4.5],"texture":"#0"}}},{"from":[13.5,1,3.5],"to":[14.5,7,12.5],"rotation":{"angle":0,"axis":"y","origin":[-2,-3,-1]},"faces":{"north":{"uv":[13.75,6.75,14,8.25],"texture":"#0"},"east":{"uv":[5.5,8.5,7.75,10],"texture":"#0"},"south":{"uv":[7,13.75,7.25,15.25],"texture":"#0"},"west":{"uv":[7.75,8.5,10,10],"texture":"#0"},"up":{"uv":[6.5,15.25,6.25,13],"texture":"#0"},"down":{"uv":[13.75,10,13.5,12.25],"texture":"#0"}}},{"from":[2.5,1,3.5],"to":[13.5,2,12.5],"rotation":{"angle":0,"axis":"y","origin":[-2,-3,-1]},"faces":{"north":{"uv":[12,4.5,14.75,4.75],"texture":"#0"},"east":{"uv":[13.5,5,15.75,5.25],"texture":"#0"},"south":{"uv":[12,4.75,14.75,5],"texture":"#0"},"west":{"uv":[13.5,5.25,15.75,5.5],"texture":"#0"},"up":{"uv":[6.25,6.25,3.5,4],"texture":"#0"},"down":{"uv":[2.75,6,0,8.25],"texture":"#0"}}},{"from":[1.5,1,3.5],"to":[2.5,7,12.5],"rotation":{"angle":0,"axis":"y","origin":[1,-3,-1]},"faces":{"north":{"uv":[7.25,13.75,7.5,15.25],"texture":"#0"},"east":{"uv":[2.75,9.25,5,10.75],"texture":"#0"},"south":{"uv":[7.5,13.75,7.75,15.25],"texture":"#0"},"west":{"uv":[0,9.75,2.25,11.25],"texture":"#0"},"up":{"uv":[13.75,14.5,13.5,12.25],"texture":"#0"},"down":{"uv":[12.75,13.5,12.5,15.75],"texture":"#0"}}}],"display":{"thirdperson_righthand":{"rotation":[55,0,0],"translation":[0,0,-1],"scale":[0.4,0.4,0.4]},"thirdperson_lefthand":{"rotation":[55,0,0],"translation":[0,0,-1],"scale":[0.4,0.4,0.4]},"firstperson_righthand":{"translation":[0,1,0],"scale":[0.4,0.4,0.4]},"firstperson_lefthand":{"translation":[0,1,0],"scale":[0.4,0.4,0.4]},"ground":{"translation":[0,6,0],"scale":[0.7,0.7,0.7]},"gui":{"rotation":[-165,35,-180],"scale":[0.7,0.7,0.7]},"head":{"rotation":[-180,0,-180],"translation":[0,-27,0],"scale":[2,2,2]},"fixed":{"rotation":[-90,0,0],"translation":[0,0.5,-22],"scale":[3,3,3]}},"groups":[{"name":"crate","origin":[0.82752,6.29479,8],"color":0,"children":[0,1,2,3,4,5,6,7,8,9,10,11,12,13,14,15,16,17,18,19,20,21,22,23,24,25,26,27,28,29,30,31,32,33,34,35,36,37,38,39,40,41]}],"mcmodels":"ad448cca3a91523b9be3317134cddebf"}