{"credit":"Made with Blockbench","texture_size":[64,64],"textures":{"2":"minewave:item/dinosaur/crossbow_1","particle":"minewave:item/dinosaur/crossbow_1"},"elements":[{"from":[0.75,3.9,8.6],"to":[8.65,3.9,9.1],"rotation":{"angle":-22.5,"axis":"y","origin":[0.75,3.9,8.85]},"faces":{"north":{"uv":[0,0,2,0],"texture":"#2"},"east":{"uv":[0,0,0.125,0],"texture":"#2"},"south":{"uv":[0,0,2,0],"texture":"#2"},"west":{"uv":[0,0,0.125,0],"texture":"#2"},"up":{"uv":[8.25,3.375,6.25,3.25],"texture":"#2"},"down":{"uv":[7.25,6.25,5.25,6.375],"texture":"#2"}}},{"from":[7.25,3.9,8.6],"to":[15.1,3.9,9.1],"rotation":{"angle":22.5,"axis":"y","origin":[15.075,3.9,8.85]},"faces":{"north":{"uv":[0,0,2,0],"texture":"#2"},"east":{"uv":[0,0,0.125,0],"texture":"#2"},"south":{"uv":[0,0,2,0],"texture":"#2"},"west":{"uv":[0,0,0.125,0],"texture":"#2"},"up":{"uv":[8.25,5.625,6.25,5.5],"texture":"#2"},"down":{"uv":[8.25,5.75,6.25,5.875],"texture":"#2"}}},{"from":[10.02688,1.1816,0.82082],"to":[13.52688,3.1816,2.32082],"rotation":{"angle":-22.5,"axis":"y","origin":[7.55,2.2316,7.70387]},"faces":{"north":{"uv":[4,4,4.875,4.5],"texture":"#2"},"east":{"uv":[6.75,4.5,7.125,5],"texture":"#2"},"south":{"uv":[0.75,4.25,1.625,4.75],"texture":"#2"},"west":{"uv":[6,6.75,6.375,7.25],"texture":"#2"},"up":{"uv":[6.625,2.625,5.75,2.25],"texture":"#2"},"down":{"uv":[6.625,3.5,5.75,3.875],"texture":"#2"}}},{"from":[11.02688,2.1816,-0.17918],"to":[13.52688,2.1816,0.82082],"rotation":{"angle":-22.5,"axis":"y","origin":[7.55,2.2316,7.70387]},"faces":{"north":{"uv":[0,0,0.625,0],"texture":"#2"},"east":{"uv":[0,0,0.25,0],"texture":"#2"},"south":{"uv":[0,0,0.625,0],"texture":"#2"},"west":{"uv":[0,0,0.25,0],"texture":"#2"},"up":{"uv":[7.625,3.25,7,3],"texture":"#2"},"down":{"uv":[7.875,6,7.25,6.25],"texture":"#2"}}},{"from":[11.77277,0.6816,4.43771],"to":[14.27277,3.6816,6.93771],"rotation":{"angle":22.5,"axis":"y","origin":[7.55,2.2316,7.70387]},"faces":{"north":{"uv":[3.25,2.5,3.875,3.25],"texture":"#2"},"east":{"uv":[3.25,3.25,3.875,4],"texture":"#2"},"south":{"uv":[1,3.5,1.625,4.25],"texture":"#2"},"west":{"uv":[1.75,3.75,2.375,4.5],"texture":"#2"},"up":{"uv":[1.625,5.375,1,4.75],"texture":"#2"},"down":{"uv":[5.375,2.75,4.75,3.375],"texture":"#2"}}},{"from":[11.77277,0.6816,6.93771],"to":[11.77277,3.6816,7.93771],"rotation":{"angle":22.5,"axis":"y","origin":[7.55,2.2316,7.70387]},"faces":{"north":{"uv":[0,0,0,0.75],"texture":"#2"},"east":{"uv":[5,6.75,5.25,7.5],"texture":"#2"},"south":{"uv":[0,0,0,0.75],"texture":"#2"},"west":{"uv":[6.5,6.75,6.75,7.5],"texture":"#2"},"up":{"uv":[0,0.25,0,0],"texture":"#2"},"down":{"uv":[0,0,0,0.25],"texture":"#2"}}},{"from":[14.27277,0.6816,4.43771],"to":[15.27277,3.6816,4.43771],"rotation":{"angle":22.5,"axis":"y","origin":[7.55,2.2316,7.70387]},"faces":{"north":{"uv":[6.75,6.75,7,7.5],"texture":"#2"},"east":{"uv":[0,0,0,0.75],"texture":"#2"},"south":{"uv":[0,7,0.25,7.75],"texture":"#2"},"west":{"uv":[0,0,0,0.75],"texture":"#2"},"up":{"uv":[0.25,0,0,0],"texture":"#2"},"down":{"uv":[0.25,0,0,0],"texture":"#2"}}},{"from":[3.30057,1.1816,2.39576],"to":[12.30057,2.6816,3.89576],"rotation":{"angle":0,"axis":"y","origin":[10.30057,2.1816,3.14576]},"faces":{"north":{"uv":[0,0,2.25,0.375],"texture":"#2"},"east":{"uv":[6.75,7.5,7.125,7.875],"texture":"#2"},"south":{"uv":[0,0.5,2.25,0.875],"texture":"#2"},"west":{"uv":[7.25,7.5,7.625,7.875],"texture":"#2"},"up":{"uv":[2.25,1.375,0,1],"texture":"#2"},"down":{"uv":[2.25,1.5,0,1.875],"texture":"#2"}}},{"from":[6.55057,1.1816,8.89576],"to":[9.05057,3.1816,12.89576],"rotation":{"angle":0,"axis":"y","origin":[10.30057,2.1816,3.14576]},"faces":{"north":{"uv":[2.25,1.5,2.875,2],"texture":"#2"},"east":{"uv":[3.25,2,4.25,2.5],"texture":"#2"},"south":{"uv":[6,0,6.625,0.5],"texture":"#2"},"west":{"uv":[2.25,3.25,3.25,3.75],"texture":"#2"},"up":{"uv":[2.875,1.5,2.25,0.5],"texture":"#2"},"down":{"uv":[2.125,2.5,1.5,3.5],"texture":"#2"}}},{"from":[6.55057,2.1816,12.89576],"to":[9.05057,3.1816,15.89576],"rotation":{"angle":0,"axis":"y","origin":[10.30057,2.1816,3.14576]},"faces":{"north":{"uv":[7.25,6.25,7.875,6.5],"texture":"#2"},"east":{"uv":[6.75,0.25,7.5,0.5],"texture":"#2"},"south":{"uv":[7.5,0.25,8.125,0.5],"texture":"#2"},"west":{"uv":[7,1.75,7.75,2],"texture":"#2"},"up":{"uv":[3.125,4.5,2.5,3.75],"texture":"#2"},"down":{"uv":[0.625,4,0,4.75],"texture":"#2"}}},{"from":[6.55057,1.1816,14.89576],"to":[9.05057,2.1816,15.89576],"rotation":{"angle":0,"axis":"y","origin":[10.30057,2.1816,3.14576]},"faces":{"north":{"uv":[7.5,1.25,8.125,1.5],"texture":"#2"},"east":{"uv":[4.25,2.25,4.5,2.5],"texture":"#2"},"south":{"uv":[7.5,2,8.125,2.25],"texture":"#2"},"west":{"uv":[4.5,2.25,4.75,2.5],"texture":"#2"},"up":{"uv":[8.125,2.5,7.5,2.25],"texture":"#2"},"down":{"uv":[8.125,2.5,7.5,2.75],"texture":"#2"}}},{"from":[6.55057,1.1816,3.89576],"to":[9.05057,2.6816,8.89576],"rotation":{"angle":0,"axis":"y","origin":[10.30057,2.1816,3.14576]},"faces":{"north":{"uv":[6.5,0.75,7.125,1.125],"texture":"#2"},"east":{"uv":[4,0,5.25,0.375],"texture":"#2"},"south":{"uv":[5.25,6.5,5.875,6.875],"texture":"#2"},"west":{"uv":[4,0.5,5.25,0.875],"texture":"#2"},"up":{"uv":[0.625,3.25,0,2],"texture":"#2"},"down":{"uv":[1.375,2,0.75,3.25],"texture":"#2"}}},{"from":[7.30057,1.6816,1.89576],"to":[8.30057,3.1816,8.89576],"rotation":{"angle":0,"axis":"y","origin":[10.30057,2.1816,3.14576]},"faces":{"north":{"uv":[4.75,3.5,5,3.875],"texture":"#2"},"east":{"uv":[1.5,2,3.25,2.375],"texture":"#2"},"south":{"uv":[3,5,3.25,5.375],"texture":"#2"},"west":{"uv":[2.25,0,4,0.375],"texture":"#2"},"up":{"uv":[2,6.25,1.75,4.5],"texture":"#2"},"down":{"uv":[2.25,4.5,2,6.25],"texture":"#2"}}},{"from":[7.55057,3.6816,0.89576],"to":[8.05057,4.1816,10.89576],"rotation":{"angle":0,"axis":"y","origin":[10.30057,2.6816,3.14576]},"faces":{"north":{"uv":[0.5,6,0.625,6.125],"texture":"#2"},"east":{"uv":[6,0.5,8.5,0.625],"texture":"#2"},"south":{"uv":[5.75,7,5.875,7.125],"texture":"#2"},"west":{"uv":[6,1.5,8.5,1.625],"texture":"#2"},"up":{"uv":[1.625,8,1.5,5.5],"texture":"#2"},"down":{"uv":[2.875,5.75,2.75,8.25],"texture":"#2"}}},{"from":[6.80057,3.9316,-0.10424],"to":[8.80057,3.9316,2.39576],"rotation":{"angle":0,"axis":"y","origin":[10.30057,2.6816,3.14576]},"faces":{"north":{"uv":[0,0,0.5,0],"texture":"#2"},"east":{"uv":[0,0,0.625,0],"texture":"#2"},"south":{"uv":[0,0,0.5,0],"texture":"#2"},"west":{"uv":[0,0,0.625,0],"texture":"#2"},"up":{"uv":[1.5,6.875,1,6.25],"texture":"#2"},"down":{"uv":[2.25,6.25,1.75,6.875],"texture":"#2"}}},{"from":[7.80057,2.9316,9.39576],"to":[7.80057,4.9316,11.89576],"rotation":{"angle":0,"axis":"y","origin":[10.30057,2.6816,12.64576]},"faces":{"north":{"uv":[0,0,0,0.5],"texture":"#2"},"east":{"uv":[6,1.75,6.625,2.25],"texture":"#2"},"south":{"uv":[0,0,0,0.5],"texture":"#2"},"west":{"uv":[6.25,2.75,6.875,3.25],"texture":"#2"},"up":{"uv":[0,0.625,0,0],"texture":"#2"},"down":{"uv":[0,0,0,0.625],"texture":"#2"}}},{"from":[6.80057,3.9316,9.39576],"to":[8.80057,3.9316,11.89576],"rotation":{"angle":0,"axis":"y","origin":[10.30057,2.6816,12.64576]},"faces":{"north":{"uv":[0,0,0.5,0],"texture":"#2"},"east":{"uv":[0,0,0.625,0],"texture":"#2"},"south":{"uv":[0,0,0.5,0],"texture":"#2"},"west":{"uv":[0,0,0.625,0],"texture":"#2"},"up":{"uv":[3.5,6.875,3,6.25],"texture":"#2"},"down":{"uv":[4,6.25,3.5,6.875],"texture":"#2"}}},{"from":[7.80057,2.9316,-0.10424],"to":[7.80057,4.9316,2.39576],"rotation":{"angle":0,"axis":"y","origin":[10.30057,2.6816,3.14576]},"faces":{"north":{"uv":[0,0,0,0.5],"texture":"#2"},"east":{"uv":[4,6.25,4.625,6.75],"texture":"#2"},"south":{"uv":[0,0,0,0.5],"texture":"#2"},"west":{"uv":[6.25,5,6.875,5.5],"texture":"#2"},"up":{"uv":[0,0.625,0,0],"texture":"#2"},"down":{"uv":[0,0,0,0.625],"texture":"#2"}}},{"from":[6.05057,2.1816,5.89576],"to":[9.55057,3.6816,6.89576],"rotation":{"angle":0,"axis":"y","origin":[10.30057,2.6816,3.14576]},"faces":{"north":{"uv":[3.75,5.75,4.625,6.125],"texture":"#2"},"east":{"uv":[3,7.75,3.25,8.125],"texture":"#2"},"south":{"uv":[5.75,4,6.625,4.375],"texture":"#2"},"west":{"uv":[3.25,7.75,3.5,8.125],"texture":"#2"},"up":{"uv":[7.125,6.25,6.25,6],"texture":"#2"},"down":{"uv":[7.375,1.25,6.5,1.5],"texture":"#2"}}},{"from":[6.05057,3.6816,5.89576],"to":[9.55057,4.6816,5.89576],"rotation":{"angle":0,"axis":"y","origin":[10.30057,2.6816,3.14576]},"faces":{"north":{"uv":[6,6.5,6.875,6.75],"texture":"#2"},"east":{"uv":[0,0,0,0.25],"texture":"#2"},"south":{"uv":[6.75,0,7.625,0.25],"texture":"#2"},"west":{"uv":[0,0,0,0.25],"texture":"#2"},"up":{"uv":[0.875,0,0,0],"texture":"#2"},"down":{"uv":[0.875,0,0,0],"texture":"#2"}}},{"from":[9.05057,0.6816,1.39576],"to":[10.05057,3.1816,4.89576],"rotation":{"angle":0,"axis":"y","origin":[10.30057,2.1816,3.14576]},"faces":{"north":{"uv":[3.75,7,4,7.625],"texture":"#2"},"east":{"uv":[2.25,2.5,3.125,3.125],"texture":"#2"},"south":{"uv":[6.25,7.25,6.5,7.875],"texture":"#2"},"west":{"uv":[3,0.5,3.875,1.125],"texture":"#2"},"up":{"uv":[7,2.625,6.75,1.75],"texture":"#2"},"down":{"uv":[2.5,6.75,2.25,7.625],"texture":"#2"}}},{"from":[5.55057,0.6816,1.39576],"to":[6.55057,3.1816,4.89576],"rotation":{"angle":0,"axis":"y","origin":[6.80057,2.1816,3.14576]},"faces":{"north":{"uv":[1,7.5,1.25,8.125],"texture":"#2"},"east":{"uv":[3,1.25,3.875,1.875],"texture":"#2"},"south":{"uv":[1.25,7.5,1.5,8.125],"texture":"#2"},"west":{"uv":[0,3.25,0.875,3.875],"texture":"#2"},"up":{"uv":[2.75,7.625,2.5,6.75],"texture":"#2"},"down":{"uv":[7,3.5,6.75,4.375],"texture":"#2"}}},{"from":[6.55057,0.6816,1.39576],"to":[9.05057,0.6816,2.39576],"rotation":{"angle":0,"axis":"y","origin":[6.80057,2.1816,3.14576]},"faces":{"north":{"uv":[0,0,0.625,0],"texture":"#2"},"east":{"uv":[0,0,0.25,0],"texture":"#2"},"south":{"uv":[0,0,0.625,0],"texture":"#2"},"west":{"uv":[0,0,0.25,0],"texture":"#2"},"up":{"uv":[8.125,3,7.5,2.75],"texture":"#2"},"down":{"uv":[8.125,3.5,7.5,3.75],"texture":"#2"}}},{"from":[-0.81116,1.1816,7.07196],"to":[0.68884,3.1816,10.57196],"rotation":{"angle":-22.5,"axis":"y","origin":[8.3,2.2316,7.70387]},"faces":{"north":{"uv":[1,7,1.375,7.5],"texture":"#2"},"east":{"uv":[4.25,1.75,5.125,2.25],"texture":"#2"},"south":{"uv":[1.75,7,2.125,7.5],"texture":"#2"},"west":{"uv":[2.25,4.5,3.125,5],"texture":"#2"},"up":{"uv":[2.625,6.625,2.25,5.75],"texture":"#2"},"down":{"uv":[5.125,5.75,4.75,6.625],"texture":"#2"}}},{"from":[-1.81116,2.1816,7.07196],"to":[-0.81116,2.1816,10.57196],"rotation":{"angle":-22.5,"axis":"y","origin":[8.3,2.2316,7.70387]},"faces":{"north":{"uv":[0,0,0.25,0],"texture":"#2"},"east":{"uv":[0,0,0.875,0],"texture":"#2"},"south":{"uv":[0,0,0.25,0],"texture":"#2"},"west":{"uv":[0,0,0.875,0],"texture":"#2"},"up":{"uv":[4.25,7.625,4,6.75],"texture":"#2"},"down":{"uv":[4.5,6.75,4.25,7.625],"texture":"#2"}}},{"from":[2.28996,1.1816,0.78135],"to":[5.78996,3.1816,2.28135],"rotation":{"angle":22.5,"axis":"y","origin":[8.3,2.2316,7.70387]},"faces":{"north":{"uv":[4,4.5,4.875,5],"texture":"#2"},"east":{"uv":[7,2,7.375,2.5],"texture":"#2"},"south":{"uv":[0,4.75,0.875,5.25],"texture":"#2"},"west":{"uv":[7,2.5,7.375,3],"texture":"#2"},"up":{"uv":[6.625,4.875,5.75,4.5],"texture":"#2"},"down":{"uv":[6.125,5.75,5.25,6.125],"texture":"#2"}}},{"from":[2.28996,2.1816,-0.21865],"to":[4.78996,2.1816,0.78135],"rotation":{"angle":22.5,"axis":"y","origin":[8.3,2.2316,7.70387]},"faces":{"north":{"uv":[0,0,0.625,0],"texture":"#2"},"east":{"uv":[0,0,0.25,0],"texture":"#2"},"south":{"uv":[0,0,0.625,0],"texture":"#2"},"west":{"uv":[0,0,0.25,0],"texture":"#2"},"up":{"uv":[8.125,4,7.5,3.75],"texture":"#2"},"down":{"uv":[8.125,4,7.5,4.25],"texture":"#2"}}},{"from":[1.36267,0.6816,4.54973],"to":[3.86267,3.6816,7.04973],"rotation":{"angle":-22.5,"axis":"y","origin":[8.3,2.2316,7.70387]},"faces":{"north":{"uv":[4,1,4.625,1.75],"texture":"#2"},"east":{"uv":[4,2.5,4.625,3.25],"texture":"#2"},"south":{"uv":[3.25,4,3.875,4.75],"texture":"#2"},"west":{"uv":[4,3.25,4.625,4],"texture":"#2"},"up":{"uv":[3.875,5.375,3.25,4.75],"texture":"#2"},"down":{"uv":[2.875,5,2.25,5.625],"texture":"#2"}}},{"from":[3.86267,0.6816,7.04973],"to":[3.86267,3.6816,8.04973],"rotation":{"angle":-22.5,"axis":"y","origin":[8.3,2.2316,7.70387]},"faces":{"north":{"uv":[0,0,0,0.75],"texture":"#2"},"east":{"uv":[0.25,7,0.5,7.75],"texture":"#2"},"south":{"uv":[0,0,0,0.75],"texture":"#2"},"west":{"uv":[3,7,3.25,7.75],"texture":"#2"},"up":{"uv":[0,0.25,0,0],"texture":"#2"},"down":{"uv":[0,0,0,0.25],"texture":"#2"}}},{"from":[0.36267,0.6816,4.54973],"to":[1.36267,3.6816,4.54973],"rotation":{"angle":-22.5,"axis":"y","origin":[8.3,2.2316,7.70387]},"faces":{"north":{"uv":[3.25,7,3.5,7.75],"texture":"#2"},"east":{"uv":[0,0,0,0.75],"texture":"#2"},"south":{"uv":[3.5,7,3.75,7.75],"texture":"#2"},"west":{"uv":[0,0,0,0.75],"texture":"#2"},"up":{"uv":[0.25,0,0,0],"texture":"#2"},"down":{"uv":[0.25,0,0,0],"texture":"#2"}}},{"from":[15.32113,1.1816,3.74127],"to":[16.82113,3.1816,7.24127],"rotation":{"angle":22.5,"axis":"y","origin":[16.07113,2.1816,6.49127]},"faces":{"north":{"uv":[7,3.5,7.375,4],"texture":"#2"},"east":{"uv":[4.75,1,5.625,1.5],"texture":"#2"},"south":{"uv":[7,4,7.375,4.5],"texture":"#2"},"west":{"uv":[4.75,2.25,5.625,2.75],"texture":"#2"},"up":{"uv":[0.375,6.875,0,6],"texture":"#2"},"down":{"uv":[0.875,6.25,0.5,7.125],"texture":"#2"}}},{"from":[16.63654,2.1816,7.09447],"to":[17.63654,2.1816,10.59447],"rotation":{"angle":22.5,"axis":"y","origin":[7.55,2.2316,7.70387]},"faces":{"north":{"uv":[0,0,0.25,0],"texture":"#2"},"east":{"uv":[0,0,0.875,0],"texture":"#2"},"south":{"uv":[0,0,0.25,0],"texture":"#2"},"west":{"uv":[0,0,0.875,0],"texture":"#2"},"up":{"uv":[4.75,7.625,4.5,6.75],"texture":"#2"},"down":{"uv":[5,6.75,4.75,7.625],"texture":"#2"}}},{"from":[15.17798,1.1816,2.89622],"to":[16.67798,3.1816,4.39622],"rotation":{"angle":-22.5,"axis":"y","origin":[6.8,2.2316,5.90387]},"faces":{"north":{"uv":[7,5,7.375,5.5],"texture":"#2"},"east":{"uv":[5.25,7,5.625,7.5],"texture":"#2"},"south":{"uv":[7,6.5,7.375,7],"texture":"#2"},"west":{"uv":[7,7,7.375,7.5],"texture":"#2"},"up":{"uv":[0.375,8.125,0,7.75],"texture":"#2"},"down":{"uv":[0.875,7.75,0.5,8.125],"texture":"#2"}}},{"from":[11.9773,0.9316,10.20405],"to":[14.4773,3.4316,12.70405],"rotation":{"angle":22.5,"axis":"y","origin":[7.8,2.2316,3.95387]},"faces":{"north":{"uv":[5,3.5,5.625,4.125],"texture":"#2"},"east":{"uv":[4,5,4.625,5.625],"texture":"#2"},"south":{"uv":[5,4.25,5.625,4.875],"texture":"#2"},"west":{"uv":[4.75,5,5.375,5.625],"texture":"#2"},"up":{"uv":[0.625,5.875,0,5.25],"texture":"#2"},"down":{"uv":[5.875,0,5.25,0.625],"texture":"#2"}}},{"from":[11.9773,2.1816,12.70405],"to":[14.4773,2.1816,13.70405],"rotation":{"angle":22.5,"axis":"y","origin":[7.8,2.2316,3.95387]},"faces":{"north":{"uv":[0,0,0.625,0],"texture":"#2"},"east":{"uv":[0,0,0.25,0],"texture":"#2"},"south":{"uv":[0,0,0.625,0],"texture":"#2"},"west":{"uv":[0,0,0.25,0],"texture":"#2"},"up":{"uv":[8.125,4.5,7.5,4.25],"texture":"#2"},"down":{"uv":[5.625,7.5,5,7.75],"texture":"#2"}}},{"from":[14.4773,2.1816,11.20405],"to":[15.4773,2.1816,13.70405],"rotation":{"angle":22.5,"axis":"y","origin":[7.8,2.2316,3.95387]},"faces":{"north":{"uv":[0,0,0.25,0],"texture":"#2"},"east":{"uv":[0,0,0.625,0],"texture":"#2"},"south":{"uv":[0,0,0.25,0],"texture":"#2"},"west":{"uv":[0,0,0.625,0],"texture":"#2"},"up":{"uv":[2,8.125,1.75,7.5],"texture":"#2"},"down":{"uv":[2.25,7.5,2,8.125],"texture":"#2"}}},{"from":[-0.8417,1.1816,2.87933],"to":[0.6583,3.1816,4.37933],"rotation":{"angle":22.5,"axis":"y","origin":[9.05,2.2316,5.85387]},"faces":{"north":{"uv":[0.5,7.25,0.875,7.75],"texture":"#2"},"east":{"uv":[7.25,0.75,7.625,1.25],"texture":"#2"},"south":{"uv":[7.25,4.5,7.625,5],"texture":"#2"},"west":{"uv":[5.75,7.25,6.125,7.75],"texture":"#2"},"up":{"uv":[8.125,1.125,7.75,0.75],"texture":"#2"},"down":{"uv":[2.625,7.75,2.25,8.125],"texture":"#2"}}},{"from":[1.53932,0.9316,10.29799],"to":[4.03932,3.4316,12.79799],"rotation":{"angle":-22.5,"axis":"y","origin":[8.3,2.2316,3.95387]},"faces":{"north":{"uv":[5.25,1.5,5.875,2.125],"texture":"#2"},"east":{"uv":[0.75,5.5,1.375,6.125],"texture":"#2"},"south":{"uv":[5.5,2.75,6.125,3.375],"texture":"#2"},"west":{"uv":[3,5.5,3.625,6.125],"texture":"#2"},"up":{"uv":[6.125,5.625,5.5,5],"texture":"#2"},"down":{"uv":[6.375,0.75,5.75,1.375],"texture":"#2"}}},{"from":[-0.19735,3.4316,8.36107],"to":[0.80265,4.4316,9.36107],"rotation":{"angle":0,"axis":"y","origin":[0.30265,3.9316,8.86107]},"faces":{"north":{"uv":[4.75,1.5,5,1.75],"texture":"#2"},"east":{"uv":[5,1.5,5.25,1.75],"texture":"#2"},"south":{"uv":[0.75,5.25,1,5.5],"texture":"#2"},"west":{"uv":[5.25,0.75,5.5,1],"texture":"#2"},"up":{"uv":[5.75,1,5.5,0.75],"texture":"#2"},"down":{"uv":[4,5.5,3.75,5.75],"texture":"#2"}}},{"from":[15.05265,3.4316,8.36107],"to":[16.05265,4.4316,9.36107],"rotation":{"angle":0,"axis":"y","origin":[0.05265,3.9316,8.86107]},"faces":{"north":{"uv":[1,3.25,1.25,3.5],"texture":"#2"},"east":{"uv":[1.25,3.25,1.5,3.5],"texture":"#2"},"south":{"uv":[1.75,3.5,2,3.75],"texture":"#2"},"west":{"uv":[2,3.5,2.25,3.75],"texture":"#2"},"up":{"uv":[1,4.25,0.75,4],"texture":"#2"},"down":{"uv":[4.25,1.75,4,2],"texture":"#2"}}},{"from":[0.53932,2.1816,11.29799],"to":[1.53932,2.1816,13.79799],"rotation":{"angle":-22.5,"axis":"y","origin":[8.3,2.2316,3.95387]},"faces":{"north":{"uv":[0,0,0.25,0],"texture":"#2"},"east":{"uv":[0,0,0.625,0],"texture":"#2"},"south":{"uv":[0,0,0.25,0],"texture":"#2"},"west":{"uv":[0,0,0.625,0],"texture":"#2"},"up":{"uv":[6.75,8.125,6.5,7.5],"texture":"#2"},"down":{"uv":[7.75,6.5,7.5,7.125],"texture":"#2"}}},{"from":[1.53932,2.1816,12.79799],"to":[4.03932,2.1816,13.79799],"rotation":{"angle":-22.5,"axis":"y","origin":[8.3,2.2316,3.95387]},"faces":{"north":{"uv":[0,0,0.625,0],"texture":"#2"},"east":{"uv":[0,0,0.25,0],"texture":"#2"},"south":{"uv":[0,0,0.625,0],"texture":"#2"},"west":{"uv":[0,0,0.25,0],"texture":"#2"},"up":{"uv":[8.125,5.25,7.5,5],"texture":"#2"},"down":{"uv":[8.125,5.25,7.5,5.5],"texture":"#2"}}}],"display":{"thirdperson_righthand":{"translation":[0,5.5,4],"scale":[0.8,0.8,0.8]},"thirdperson_lefthand":{"translation":[0,5.5,4],"scale":[0.8,0.8,0.8]},"firstperson_righthand":{"rotation":[0,3,0],"translation":[0,5.5,1],"scale":[0.7,0.7,0.7]},"firstperson_lefthand":{"rotation":[0,3,0],"translation":[0,5.5,1],"scale":[0.7,0.7,0.7]},"ground":{"translation":[0,6,0],"scale":[0.8,0.8,0.8]},"gui":{"rotation":[45,45,0],"translation":[0.25,2.25,0],"scale":[0.7,0.7,0.7]},"fixed":{"rotation":[90,0,-180],"translation":[-0.25,-0.25,-5],"scale":[0.8,0.8,0.8]}},"groups":[{"name":"crossbow","origin":[8,16.75046,10.51331],"color":0,"children":[0,1,2,3,4,5,6,7,8,9,10,11,12,13,14,15,16,17,18,19,20,21,22,23,24,25,26,27,28,29,30,31,32,33,34,35,36,37,38,39,40,41]}],"mcmodels":"ad448cca3a91523b9be3317134cddebf"}