{"credit":"Made with Blockbench","texture_size":[32,32],"textures":{"0":"minewave:item/dinosaur/fishing_rod_cast","particle":"minewave:item/dinosaur/fishing_rod_cast"},"elements":[{"from":[7,3.2793,-0.12451],"to":[9,5.2793,1.87549],"rotation":{"angle":-45,"axis":"x","origin":[8,11.40758,7.99088]},"faces":{"north":{"uv":[1,7.5,2,8.5],"texture":"#0"},"east":{"uv":[2,7.5,3,8.5],"texture":"#0"},"south":{"uv":[7.5,4.5,8.5,5.5],"texture":"#0"},"west":{"uv":[5,7.5,6,8.5],"texture":"#0"},"up":{"uv":[8.5,6.5,7.5,5.5],"texture":"#0"},"down":{"uv":[8.5,6.5,7.5,7.5],"texture":"#0"}}},{"from":[8,5.2793,-0.12451],"to":[8,6.2793,0.87549],"rotation":{"angle":-45,"axis":"x","origin":[8,11.40758,7.99088]},"faces":{"north":{"uv":[0,0,0,0.5],"texture":"#0"},"east":{"uv":[4.5,9,5,9.5],"texture":"#0"},"south":{"uv":[0,0,0,0.5],"texture":"#0"},"west":{"uv":[9.5,7.5,10,8],"texture":"#0"},"up":{"uv":[0,0.5,0,0],"texture":"#0"},"down":{"uv":[0,0,0,0.5],"texture":"#0"}}},{"from":[8,2.2793,-1.12451],"to":[8,6.2793,-0.12451],"rotation":{"angle":-45,"axis":"x","origin":[8,11.40758,7.99088]},"faces":{"north":{"uv":[0,0,0,2],"texture":"#0"},"east":{"uv":[6,7.5,6.5,9.5],"texture":"#0"},"south":{"uv":[0,0,0,2],"texture":"#0"},"west":{"uv":[7.5,7.5,8,9.5],"texture":"#0"},"up":{"uv":[0,0.5,0,0],"texture":"#0"},"down":{"uv":[0,0,0,0.5],"texture":"#0"}}},{"from":[8,3.2793,1.87549],"to":[8,4.2793,2.87549],"rotation":{"angle":-45,"axis":"x","origin":[8,11.40758,7.99088]},"faces":{"north":{"uv":[0,0,0,0.5],"texture":"#0"},"east":{"uv":[1,10,1.5,10.5],"texture":"#0"},"south":{"uv":[0,0,0,0.5],"texture":"#0"},"west":{"uv":[1.5,10,2,10.5],"texture":"#0"},"up":{"uv":[0,0.5,0,0],"texture":"#0"},"down":{"uv":[0,0,0,0.5],"texture":"#0"}}},{"from":[8,2.2793,-0.12451],"to":[8,3.2793,2.87549],"rotation":{"angle":-45,"axis":"x","origin":[8,11.40758,7.99088]},"faces":{"north":{"uv":[0,0,0,0.5],"texture":"#0"},"east":{"uv":[8,4,9.5,4.5],"texture":"#0"},"south":{"uv":[0,0,0,0.5],"texture":"#0"},"west":{"uv":[8,7.5,9.5,8],"texture":"#0"},"up":{"uv":[0,1.5,0,0],"texture":"#0"},"down":{"uv":[0,0,0,1.5],"texture":"#0"}}},{"from":[6.75,8.6793,7.27549],"to":[9.25,11.1793,9.77549],"rotation":{"angle":-45,"axis":"x","origin":[8,9.40758,7.99088]},"faces":{"north":{"uv":[5,0,6.25,1.25],"texture":"#0"},"east":{"uv":[5,1.5,6.25,2.75],"texture":"#0"},"south":{"uv":[5,3,6.25,4.25],"texture":"#0"},"west":{"uv":[5,4.5,6.25,5.75],"texture":"#0"},"up":{"uv":[6.25,7.25,5,6],"texture":"#0"},"down":{"uv":[7.75,0,6.5,1.25],"texture":"#0"}}},{"from":[7.25,1.85,7.25],"to":[8.75,9.35,8.75],"rotation":{"angle":0,"axis":"y","origin":[8,9.40758,7.99088]},"faces":{"north":{"uv":[0,0,0.75,3.75],"texture":"#0"},"east":{"uv":[1,0,1.75,3.75],"texture":"#0"},"south":{"uv":[2,0,2.75,3.75],"texture":"#0"},"west":{"uv":[3,0,3.75,3.75],"texture":"#0"},"up":{"uv":[5.75,9.25,5,8.5],"texture":"#0"},"down":{"uv":[7.25,8.5,6.5,9.25],"texture":"#0"}}},{"from":[6.75,2.85,6.75],"to":[9.25,3.85,9.25],"rotation":{"angle":-45,"axis":"y","origin":[8,3.35,8]},"faces":{"north":{"uv":[2.5,8.5,3.75,9],"texture":"#0"},"east":{"uv":[8.5,3,9.75,3.5],"texture":"#0"},"south":{"uv":[8.5,3.5,9.75,4],"texture":"#0"},"west":{"uv":[8.5,4.5,9.75,5],"texture":"#0"},"up":{"uv":[7.75,2.75,6.5,1.5],"texture":"#0"},"down":{"uv":[7.75,3,6.5,4.25],"texture":"#0"}}},{"from":[9.25,3.85,6.75],"to":[9.25,4.85,9.25],"rotation":{"angle":-45,"axis":"y","origin":[8,3.35,8]},"faces":{"north":{"uv":[0,0,0,0.5],"texture":"#0"},"east":{"uv":[8.5,5,9.75,5.5],"texture":"#0"},"south":{"uv":[0,0,0,0.5],"texture":"#0"},"west":{"uv":[8.5,5.5,9.75,6],"texture":"#0"},"up":{"uv":[0,1.25,0,0],"texture":"#0"},"down":{"uv":[0,0,0,1.25],"texture":"#0"}}},{"from":[6.75,3.85,6.75],"to":[6.75,4.85,9.25],"rotation":{"angle":-45,"axis":"y","origin":[8,3.35,8]},"faces":{"north":{"uv":[0,0,0,0.5],"texture":"#0"},"east":{"uv":[8.5,6,9.75,6.5],"texture":"#0"},"south":{"uv":[0,0,0,0.5],"texture":"#0"},"west":{"uv":[8.5,6.5,9.75,7],"texture":"#0"},"up":{"uv":[0,1.25,0,0],"texture":"#0"},"down":{"uv":[0,0,0,1.25],"texture":"#0"}}},{"from":[6.75,3.85,9.25],"to":[9.25,4.85,9.25],"rotation":{"angle":-45,"axis":"y","origin":[8,3.35,8]},"faces":{"north":{"uv":[8.5,7,9.75,7.5],"texture":"#0"},"east":{"uv":[0,0,0,0.5],"texture":"#0"},"south":{"uv":[8.5,8,9.75,8.5],"texture":"#0"},"west":{"uv":[0,0,0,0.5],"texture":"#0"},"up":{"uv":[1.25,0,0,0],"texture":"#0"},"down":{"uv":[1.25,0,0,0],"texture":"#0"}}},{"from":[6.75,3.85,6.75],"to":[9.25,4.85,6.75],"rotation":{"angle":-45,"axis":"y","origin":[8,3.35,8]},"faces":{"north":{"uv":[8.5,8.5,9.75,9],"texture":"#0"},"east":{"uv":[0,0,0,0.5],"texture":"#0"},"south":{"uv":[9,0,10.25,0.5],"texture":"#0"},"west":{"uv":[0,0,0,0.5],"texture":"#0"},"up":{"uv":[1.25,0,0,0],"texture":"#0"},"down":{"uv":[1.25,0,0,0],"texture":"#0"}}},{"from":[8,11.05,8.75],"to":[8,18.05,9.75],"rotation":{"angle":0,"axis":"y","origin":[8,12.55,7.75]},"faces":{"north":{"uv":[0,0,0,3.5],"texture":"#0"},"east":{"uv":[4,3.5,4.5,7],"texture":"#0"},"south":{"uv":[0,0,0,3.5],"texture":"#0"},"west":{"uv":[4.5,3.5,5,7],"texture":"#0"},"up":{"uv":[0,0.5,0,0],"texture":"#0"},"down":{"uv":[0,0,0,0.5],"texture":"#0"}}},{"from":[7.25,11.1,7.25],"to":[8.75,18.1,8.75],"rotation":{"angle":0,"axis":"y","origin":[8,13.55,8]},"faces":{"north":{"uv":[0,4,0.75,7.5],"texture":"#0"},"east":{"uv":[4,0,4.75,3.5],"texture":"#0"},"south":{"uv":[1,4,1.75,7.5],"texture":"#0"},"west":{"uv":[2,4,2.75,7.5],"texture":"#0"},"up":{"uv":[9.75,1.25,9,0.5],"texture":"#0"},"down":{"uv":[9.75,1.5,9,2.25],"texture":"#0"}}},{"from":[7.25,17.9,6.4],"to":[8.75,21.9,7.9],"rotation":{"angle":-22.5,"axis":"x","origin":[8,20.15,7.9]},"faces":{"north":{"uv":[6.5,4.5,7.25,6.5],"texture":"#0"},"east":{"uv":[6.5,6.5,7.25,8.5],"texture":"#0"},"south":{"uv":[4,7,4.75,9],"texture":"#0"},"west":{"uv":[0,7.5,0.75,9.5],"texture":"#0"},"up":{"uv":[3.25,9.75,2.5,9],"texture":"#0"},"down":{"uv":[4.25,9,3.5,9.75],"texture":"#0"}}},{"from":[8,17.9,7.9],"to":[8,21.9,8.9],"rotation":{"angle":-22.5,"axis":"x","origin":[8,20.15,7.9]},"faces":{"north":{"uv":[0,0,0,2],"texture":"#0"},"east":{"uv":[8,0,8.5,2],"texture":"#0"},"south":{"uv":[0,0,0,2],"texture":"#0"},"west":{"uv":[8,2,8.5,4],"texture":"#0"},"up":{"uv":[0,0.5,0,0],"texture":"#0"},"down":{"uv":[0,0,0,0.5],"texture":"#0"}}},{"from":[7.5,21.1156,4.86337],"to":[8.5,24.1156,5.86337],"rotation":{"angle":-45,"axis":"x","origin":[8,22.8656,5.96337]},"faces":{"north":{"uv":[8,8,8.5,9.5],"texture":"#0"},"east":{"uv":[8.5,0,9,1.5],"texture":"#0"},"south":{"uv":[1,8.5,1.5,10],"texture":"#0"},"west":{"uv":[1.5,8.5,2,10],"texture":"#0"},"up":{"uv":[10.5,2,10,1.5],"texture":"#0"},"down":{"uv":[2.5,10,2,10.5],"texture":"#0"}}},{"from":[8,21.2156,5.86337],"to":[8,24.1156,6.86337],"rotation":{"angle":-45,"axis":"x","origin":[8,22.8656,5.96337]},"faces":{"north":{"uv":[0,0,0,1.5],"texture":"#0"},"east":{"uv":[8.5,1.5,9,3],"texture":"#0"},"south":{"uv":[0,0,0,1.5],"texture":"#0"},"west":{"uv":[2,8.5,2.5,10],"texture":"#0"},"up":{"uv":[0,0.5,0,0],"texture":"#0"},"down":{"uv":[0,0,0,0.5],"texture":"#0"}}},{"from":[8,24.1156,4.86337],"to":[8,25.1156,6.86337],"rotation":{"angle":-45,"axis":"x","origin":[8,22.8656,5.96337]},"faces":{"north":{"uv":[0,0,0,0.5],"texture":"#0"},"east":{"uv":[9,2.5,10,3],"texture":"#0"},"south":{"uv":[0,0,0,0.5],"texture":"#0"},"west":{"uv":[9.5,4,10.5,4.5],"texture":"#0"},"up":{"uv":[0,1,0,0],"texture":"#0"},"down":{"uv":[0,0,0,1],"texture":"#0"}}},{"from":[7.5,23.1156,3.86337],"to":[8.5,24.1156,4.86337],"rotation":{"angle":-45,"axis":"x","origin":[8,22.8656,5.96337]},"faces":{"north":{"uv":[10,2,10.5,2.5],"texture":"#0"},"east":{"uv":[2.5,10,3,10.5],"texture":"#0"},"south":{"uv":[10,2.5,10.5,3],"texture":"#0"},"west":{"uv":[3,10,3.5,10.5],"texture":"#0"},"up":{"uv":[10.5,3.5,10,3],"texture":"#0"},"down":{"uv":[4,10,3.5,10.5],"texture":"#0"}}},{"from":[8,13.25745,3.10878],"to":[8,22.25745,4.10878],"rotation":{"angle":45,"axis":"x","origin":[8,22.20745,3.60878]},"faces":{"north":{"uv":[0,0,0,4.5],"texture":"#0"},"east":{"uv":[3,4,3.5,8.5],"texture":"#0"},"south":{"uv":[0,0,0,4.5],"texture":"#0"},"west":{"uv":[3.5,4,4,8.5],"texture":"#0"},"up":{"uv":[0,0.5,0,0],"texture":"#0"},"down":{"uv":[0,0,0,0.5],"texture":"#0"}}},{"from":[8,10.25745,3.10878],"to":[8,12.25745,4.10878],"rotation":{"angle":45,"axis":"x","origin":[8,22.20745,3.60878]},"faces":{"north":{"uv":[0,0,0,1],"texture":"#0"},"east":{"uv":[9.5,9,10,10],"texture":"#0"},"south":{"uv":[0,0,0,1],"texture":"#0"},"west":{"uv":[10,0.5,10.5,1.5],"texture":"#0"},"up":{"uv":[0,0.5,0,0],"texture":"#0"},"down":{"uv":[0,0,0,0.5],"texture":"#0"}}},{"from":[8,10.25745,4.10878],"to":[8,11.25745,5.10878],"rotation":{"angle":45,"axis":"x","origin":[8,22.20745,3.60878]},"faces":{"north":{"uv":[0,0,0,0.5],"texture":"#0"},"east":{"uv":[10,3.5,10.5,4],"texture":"#0"},"south":{"uv":[0,0,0,0.5],"texture":"#0"},"west":{"uv":[4,10,4.5,10.5],"texture":"#0"},"up":{"uv":[0,0.5,0,0],"texture":"#0"},"down":{"uv":[0,0,0,0.5],"texture":"#0"}}},{"from":[7.25,14.59851,-3.6466],"to":[8.75,16.09851,-2.1466],"rotation":{"angle":0,"axis":"y","origin":[8,22.20745,3.60878]},"faces":{"north":{"uv":[8.25,9.5,7.5,10.25],"rotation":180,"texture":"#0"},"east":{"uv":[0,9.5,0.75,10.25],"rotation":270,"texture":"#0"},"south":{"uv":[7.25,10.25,6.5,9.5],"texture":"#0"},"west":{"uv":[5.5,9.5,6.25,10.25],"rotation":90,"texture":"#0"},"up":{"uv":[8.5,9,9.25,9.75],"rotation":180,"texture":"#0"},"down":{"uv":[4.5,9.5,5.25,10.25],"texture":"#0"}}}],"display":{"thirdperson_righthand":{"rotation":[10,0,0],"translation":[0,-0.5,1],"scale":[1.1,1.1,1.1]},"thirdperson_lefthand":{"rotation":[10,0,0],"translation":[0,-0.5,1],"scale":[1.1,1.1,1.1]},"firstperson_righthand":{"rotation":[-7,0,0]},"firstperson_lefthand":{"rotation":[-7,0,0]},"ground":{"translation":[0,6,0]},"gui":{"rotation":[-90,45,90],"translation":[2.75,-1.5,0],"scale":[0.7,0.7,0.7]},"fixed":{"rotation":[-90,45,90],"translation":[3.5,-1.5,0],"scale":[0.9,0.9,0.9]}},"groups":[{"name":"fishingrod","origin":[8,14.25,6.25],"color":0,"children":[0,1,2,3,4,5,6,7,8,9,10,11,12,13,14,15,16,17,18,19,20,21,22,23]}],"mcmodels":"ad448cca3a91523b9be3317134cddebf"}