{"credit":"Made with Blockbench","texture_size":[64,64],"textures":{"0":"minewave:item/dinosaur/dinosaurhammer","particle":"minewave:item/dinosaur/dinosaurhammer"},"elements":[{"from":[7.25,2.4293,1.52549],"to":[9.25,4.4293,3.52549],"rotation":{"angle":-45,"axis":"x","origin":[8,9.65758,7.99088]},"faces":{"north":{"uv":[2.25,6.5,2.75,7],"texture":"#0"},"east":{"uv":[4,6.5,4.5,7],"texture":"#0"},"south":{"uv":[6.5,6.25,7,6.75],"texture":"#0"},"west":{"uv":[6.75,1,7.25,1.5],"texture":"#0"},"up":{"uv":[7.25,2,6.75,1.5],"texture":"#0"},"down":{"uv":[7.25,2,6.75,2.5],"texture":"#0"}}},{"from":[8.25,2.4293,3.52549],"to":[8.25,3.4293,4.52549],"rotation":{"angle":-45,"axis":"x","origin":[8,9.65758,7.99088]},"faces":{"north":{"uv":[0,0,0,0.25],"texture":"#0"},"east":{"uv":[3.25,5.5,3.5,5.75],"texture":"#0"},"south":{"uv":[0,0,0,0.25],"texture":"#0"},"west":{"uv":[1.5,5.75,1.75,6],"texture":"#0"},"up":{"uv":[0,0.25,0,0],"texture":"#0"},"down":{"uv":[0,0,0,0.25],"texture":"#0"}}},{"from":[8.25,1.4293,1.52549],"to":[8.25,2.4293,4.52549],"rotation":{"angle":-45,"axis":"x","origin":[8,9.65758,7.99088]},"faces":{"north":{"uv":[0,0,0,0.25],"texture":"#0"},"east":{"uv":[5.75,5.5,6.5,5.75],"texture":"#0"},"south":{"uv":[0,0,0,0.25],"texture":"#0"},"west":{"uv":[6.5,5.5,7.25,5.75],"texture":"#0"},"up":{"uv":[0,0.75,0,0],"texture":"#0"},"down":{"uv":[0,0,0,0.75],"texture":"#0"}}},{"from":[8.25,1.4293,0.52549],"to":[8.25,5.4293,1.52549],"rotation":{"angle":-45,"axis":"x","origin":[8,9.65758,7.99088]},"faces":{"north":{"uv":[0,0,0,1],"texture":"#0"},"east":{"uv":[3.25,3.5,3.5,4.5],"texture":"#0"},"south":{"uv":[0,0,0,1],"texture":"#0"},"west":{"uv":[3.25,4.5,3.5,5.5],"texture":"#0"},"up":{"uv":[0,0.25,0,0],"texture":"#0"},"down":{"uv":[0,0,0,0.25],"texture":"#0"}}},{"from":[8.25,4.4293,1.52549],"to":[8.25,5.4293,2.52549],"rotation":{"angle":-45,"axis":"x","origin":[8,9.65758,7.99088]},"faces":{"north":{"uv":[0,0,0,0.25],"texture":"#0"},"east":{"uv":[3.25,5.75,3.5,6],"texture":"#0"},"south":{"uv":[0,0,0,0.25],"texture":"#0"},"west":{"uv":[1.5,6,1.75,6.25],"texture":"#0"},"up":{"uv":[0,0.25,0,0],"texture":"#0"},"down":{"uv":[0,0,0,0.25],"texture":"#0"}}},{"from":[7.5,2,7.75],"to":[9,17,9.25],"rotation":{"angle":0,"axis":"y","origin":[10.25,25.75,5.5]},"faces":{"north":{"uv":[2.75,3.5,3.125,7.25],"texture":"#0"},"east":{"uv":[3.5,2.75,3.875,6.5],"texture":"#0"},"south":{"uv":[4,2.75,4.375,6.5],"texture":"#0"},"west":{"uv":[0,4.5,0.375,8.25],"texture":"#0"},"up":{"uv":[6.875,7.125,6.5,6.75],"texture":"#0"},"down":{"uv":[0.875,7,0.5,7.375],"texture":"#0"}}},{"from":[7,3,7.25],"to":[9.5,4,9.75],"rotation":{"angle":-45,"axis":"y","origin":[8.25,3.5,8.5]},"faces":{"north":{"uv":[6.75,2.5,7.375,2.75],"texture":"#0"},"east":{"uv":[6.75,2.75,7.375,3],"texture":"#0"},"south":{"uv":[6.75,3,7.375,3.25],"texture":"#0"},"west":{"uv":[6.75,3.25,7.375,3.5],"texture":"#0"},"up":{"uv":[2.125,7.125,1.5,6.5],"texture":"#0"},"down":{"uv":[3.875,6.5,3.25,7.125],"texture":"#0"}}},{"from":[9.5,4,7.25],"to":[9.5,5,9.75],"rotation":{"angle":-45,"axis":"y","origin":[8.25,3.5,8.5]},"faces":{"north":{"uv":[0,0,0,0.25],"texture":"#0"},"east":{"uv":[6.75,3.5,7.375,3.75],"texture":"#0"},"south":{"uv":[0,0,0,0.25],"texture":"#0"},"west":{"uv":[6.75,3.75,7.375,4],"texture":"#0"},"up":{"uv":[0,0.625,0,0],"texture":"#0"},"down":{"uv":[0,0,0,0.625],"texture":"#0"}}},{"from":[7,4,7.25],"to":[7,5,9.75],"rotation":{"angle":-45,"axis":"y","origin":[8.25,3.5,8.5]},"faces":{"north":{"uv":[0,0,0,0.25],"texture":"#0"},"east":{"uv":[6.75,4,7.375,4.25],"texture":"#0"},"south":{"uv":[0,0,0,0.25],"texture":"#0"},"west":{"uv":[6.75,4.25,7.375,4.5],"texture":"#0"},"up":{"uv":[0,0.625,0,0],"texture":"#0"},"down":{"uv":[0,0,0,0.625],"texture":"#0"}}},{"from":[7,4,7.25],"to":[9.5,5,7.25],"rotation":{"angle":-45,"axis":"y","origin":[8.25,3.5,8.5]},"faces":{"north":{"uv":[6.75,4.5,7.375,4.75],"texture":"#0"},"east":{"uv":[0,0,0,0.25],"texture":"#0"},"south":{"uv":[6.75,4.75,7.375,5],"texture":"#0"},"west":{"uv":[0,0,0,0.25],"texture":"#0"},"up":{"uv":[0.625,0,0,0],"texture":"#0"},"down":{"uv":[0.625,0,0,0],"texture":"#0"}}},{"from":[7,4,9.75],"to":[9.5,5,9.75],"rotation":{"angle":-45,"axis":"y","origin":[8.25,3.5,8.5]},"faces":{"north":{"uv":[6.75,5.75,7.375,6],"texture":"#0"},"east":{"uv":[0,0,0,0.25],"texture":"#0"},"south":{"uv":[6.75,6,7.375,6.25],"texture":"#0"},"west":{"uv":[0,0,0,0.25],"texture":"#0"},"up":{"uv":[0.625,0,0,0],"texture":"#0"},"down":{"uv":[0.625,0,0,0],"texture":"#0"}}},{"from":[6.25,12.5,6.25],"to":[10.25,16.5,10.75],"rotation":{"angle":0,"axis":"y","origin":[10.25,25.75,5.5]},"faces":{"north":{"uv":[5.75,1,6.75,2],"texture":"#0"},"east":{"uv":[4.5,4.75,5.625,5.75],"texture":"#0"},"south":{"uv":[5.75,2,6.75,3],"texture":"#0"},"west":{"uv":[5.25,0,6.375,1],"texture":"#0"},"up":{"uv":[2.75,6.375,1.75,5.25],"texture":"#0"},"down":{"uv":[1.5,5.75,0.5,6.875],"texture":"#0"}}},{"from":[6,12.25,3.75],"to":[10.5,16.75,5.25],"rotation":{"angle":0,"axis":"y","origin":[10.25,25.75,5.5]},"faces":{"north":{"uv":[0.5,4.5,1.625,5.625],"texture":"#0"},"east":{"uv":[4.5,5.75,4.875,6.875],"texture":"#0"},"south":{"uv":[4.5,1,5.625,2.125],"texture":"#0"},"west":{"uv":[5,5.75,5.375,6.875],"texture":"#0"},"up":{"uv":[6.875,5.375,5.75,5],"texture":"#0"},"down":{"uv":[6.625,5.75,5.5,6.125],"texture":"#0"}}},{"from":[6,12.25,11.75],"to":[10.5,16.75,13.25],"rotation":{"angle":0,"axis":"y","origin":[8.25,14.5,5.125]},"faces":{"north":{"uv":[4.5,2.25,5.625,3.375],"texture":"#0"},"east":{"uv":[5.5,6.25,5.875,7.375],"texture":"#0"},"south":{"uv":[4.5,3.5,5.625,4.625],"texture":"#0"},"west":{"uv":[6,6.25,6.375,7.375],"texture":"#0"},"up":{"uv":[7.625,0.375,6.5,0],"texture":"#0"},"down":{"uv":[7.625,0.5,6.5,0.875],"texture":"#0"}}},{"from":[5,11.25,12.5],"to":[11.5,17.75,12.5],"rotation":{"angle":0,"axis":"y","origin":[8.25,14.5,5.125]},"faces":{"north":{"uv":[0,0,1.625,1.625],"texture":"#0"},"east":{"uv":[0,0,0,1.625],"texture":"#0"},"south":{"uv":[0,1.75,1.625,3.375],"texture":"#0"},"west":{"uv":[0,0,0,1.625],"texture":"#0"},"up":{"uv":[1.625,0,0,0],"texture":"#0"},"down":{"uv":[1.625,0,0,0],"texture":"#0"}}},{"from":[5,11.25,4.5],"to":[11.5,17.75,4.5],"rotation":{"angle":0,"axis":"y","origin":[8.25,14.5,-2.875]},"faces":{"north":{"uv":[1.75,0,3.375,1.625],"texture":"#0"},"east":{"uv":[0,0,0,1.625],"texture":"#0"},"south":{"uv":[1.75,1.75,3.375,3.375],"texture":"#0"},"west":{"uv":[0,0,0,1.625],"texture":"#0"},"up":{"uv":[1.625,0,0,0],"texture":"#0"},"down":{"uv":[1.625,0,0,0],"texture":"#0"}}},{"from":[6.5,12.75,5.25],"to":[10,16.25,11.75],"rotation":{"angle":0,"axis":"y","origin":[10.25,25.75,5.5]},"faces":{"north":{"uv":[5.75,3,6.625,3.875],"texture":"#0"},"east":{"uv":[0,3.5,1.625,4.375],"texture":"#0"},"south":{"uv":[5.75,4,6.625,4.875],"texture":"#0"},"west":{"uv":[3.5,0,5.125,0.875],"texture":"#0"},"up":{"uv":[4.375,2.625,3.5,1],"texture":"#0"},"down":{"uv":[2.625,3.5,1.75,5.125],"texture":"#0"}}}],"display":{"thirdperson_righthand":{"translation":[0,-1,0],"scale":[1.2,1.2,1.2]},"thirdperson_lefthand":{"translation":[0,-1,0],"scale":[1.2,1.2,1.2]},"firstperson_righthand":{"rotation":[-7,0,0],"translation":[0,1,-1],"scale":[0.9,0.9,0.9]},"firstperson_lefthand":{"rotation":[-7,0,0],"translation":[0,1,-1],"scale":[0.9,0.9,0.9]},"ground":{"translation":[0,6,0]},"gui":{"rotation":[90,-45,90],"translation":[1.5,-1,0],"scale":[0.9,0.9,0.9]},"fixed":{"rotation":[-90,45,90],"translation":[1.5,-2,0]}},"groups":[{"name":"hammer","origin":[0,0,0],"color":0,"children":[0,1,2,3,4,5,6,7,8,9,10,11,12,13,14,15,16]}],"mcmodels":"ad448cca3a91523b9be3317134cddebf"}