{"credit":"Made with Blockbench","texture_size":[64,64],"textures":{"2":"minewave:item/dinosaur/dinosaurhat","particle":"minewave:item/dinosaur/dinosaurhat"},"elements":[{"from":[3.5,0,7],"to":[12.5,8,14],"rotation":{"angle":0,"axis":"y","origin":[3,-0.5,10]},"faces":{"north":{"uv":[0,0,2.25,2],"texture":"#2"},"east":{"uv":[2.25,3.5,4,5.5],"texture":"#2"},"south":{"uv":[0,2,2.25,4],"texture":"#2"},"west":{"uv":[0,4,1.75,6],"texture":"#2"},"up":{"uv":[4.5,1.75,2.25,0],"texture":"#2"},"down":{"uv":[4.5,1.75,2.25,3.5],"texture":"#2"}}},{"from":[4.5,4,2.5],"to":[11.5,7.5,8.5],"rotation":{"angle":22.5,"axis":"x","origin":[8,7.5,7]},"faces":{"north":{"uv":[1.75,5.5,3.5,6.5],"texture":"#2"},"east":{"uv":[5.75,4,7.25,5],"texture":"#2"},"south":{"uv":[5.75,3,7.5,4],"texture":"#2"},"west":{"uv":[5.75,5,7.25,6],"texture":"#2"},"up":{"uv":[5.75,5,4,3.5],"texture":"#2"},"down":{"uv":[6.25,0,4.5,1.5],"texture":"#2"}}},{"from":[4.5,0.25,1.75],"to":[11.5,2.25,7.75],"rotation":{"angle":-22.5,"axis":"x","origin":[8,0.3,7.75]},"faces":{"north":{"uv":[5.75,6,7.5,6.5],"texture":"#2"},"east":{"uv":[6.25,0.5,7.75,1],"texture":"#2"},"south":{"uv":[6.25,0,8,0.5],"texture":"#2"},"west":{"uv":[6.25,1,7.75,1.5],"texture":"#2"},"up":{"uv":[6.25,3,4.5,1.5],"texture":"#2"},"down":{"uv":[5.75,5,4,6.5],"texture":"#2"}}},{"from":[4.5,2.25,1.75],"to":[4.5,3.25,7.75],"rotation":{"angle":-22.5,"axis":"x","origin":[8,0.3,7.75]},"faces":{"north":{"uv":[0,0,0,0.25],"texture":"#2"},"east":{"uv":[0.5,6.5,2,6.75],"texture":"#2"},"south":{"uv":[0,0,0,0.25],"texture":"#2"},"west":{"uv":[2,6.5,3.5,6.75],"texture":"#2"},"up":{"uv":[0,1.5,0,0],"texture":"#2"},"down":{"uv":[0,0,0,1.5],"texture":"#2"}}},{"from":[10.5,1,13],"to":[12.5,3,16],"rotation":{"angle":22.5,"axis":"y","origin":[12.5,1,13]},"faces":{"north":{"uv":[7,7,7.5,7.5],"texture":"#2"},"east":{"uv":[2,7,2.75,7.5],"texture":"#2"},"south":{"uv":[7.25,4,7.75,4.5],"texture":"#2"},"west":{"uv":[2.75,7,3.5,7.5],"texture":"#2"},"up":{"uv":[4.5,7.75,4,7],"texture":"#2"},"down":{"uv":[5,7,4.5,7.75],"texture":"#2"}}},{"from":[3.5,1,13],"to":[5.5,3,16],"rotation":{"angle":-22.5,"axis":"y","origin":[3.5,1,13]},"faces":{"north":{"uv":[6.5,7,7,7.5],"texture":"#2"},"east":{"uv":[0.5,7,1.25,7.5],"texture":"#2"},"south":{"uv":[7,6.5,7.5,7],"texture":"#2"},"west":{"uv":[1.25,7,2,7.5],"texture":"#2"},"up":{"uv":[2.25,4.75,1.75,4],"texture":"#2"},"down":{"uv":[2.25,4.75,1.75,5.5],"texture":"#2"}}},{"from":[11.5,2.25,1.75],"to":[11.5,3.25,7.75],"rotation":{"angle":-22.5,"axis":"x","origin":[8,0.3,7.75]},"faces":{"north":{"uv":[0,0,0,0.25],"texture":"#2"},"east":{"uv":[4,6.5,5.5,6.75],"texture":"#2"},"south":{"uv":[0,0,0,0.25],"texture":"#2"},"west":{"uv":[5.5,6.5,7,6.75],"texture":"#2"},"up":{"uv":[0,1.5,0,0],"texture":"#2"},"down":{"uv":[0,0,0,1.5],"texture":"#2"}}},{"from":[4.5,2.25,1.75],"to":[11.5,3.25,1.75],"rotation":{"angle":-22.5,"axis":"x","origin":[8,0.3,7.75]},"faces":{"north":{"uv":[6.25,1.5,8,1.75],"texture":"#2"},"east":{"uv":[0,0,0,0.25],"texture":"#2"},"south":{"uv":[6.25,1.75,8,2],"texture":"#2"},"west":{"uv":[0,0,0,0.25],"texture":"#2"},"up":{"uv":[1.75,0,0,0],"texture":"#2"},"down":{"uv":[1.75,0,0,0],"texture":"#2"}}},{"from":[4.5,3,2.5],"to":[4.5,4,8.5],"rotation":{"angle":22.5,"axis":"x","origin":[7.5,7.5,7]},"faces":{"north":{"uv":[0,0,0,0.25],"texture":"#2"},"east":{"uv":[0.5,6.75,2,7],"texture":"#2"},"south":{"uv":[0,0,0,0.25],"texture":"#2"},"west":{"uv":[2,6.75,3.5,7],"texture":"#2"},"up":{"uv":[0,1.5,0,0],"texture":"#2"},"down":{"uv":[0,0,0,1.5],"texture":"#2"}}},{"from":[4.5,3,2.5],"to":[11.5,4,2.5],"rotation":{"angle":22.5,"axis":"x","origin":[8,7.5,7]},"faces":{"north":{"uv":[6.25,2,8,2.25],"texture":"#2"},"east":{"uv":[0,0,0,0.25],"texture":"#2"},"south":{"uv":[6.25,2.25,8,2.5],"texture":"#2"},"west":{"uv":[0,0,0,0.25],"texture":"#2"},"up":{"uv":[1.75,0,0,0],"texture":"#2"},"down":{"uv":[1.75,0,0,0],"texture":"#2"}}},{"from":[11.5,3,2.5],"to":[11.5,4,8.5],"rotation":{"angle":22.5,"axis":"x","origin":[8.5,7.5,7]},"faces":{"north":{"uv":[0,0,0,0.25],"texture":"#2"},"east":{"uv":[4,6.75,5.5,7],"texture":"#2"},"south":{"uv":[0,0,0,0.25],"texture":"#2"},"west":{"uv":[5.5,6.75,7,7],"texture":"#2"},"up":{"uv":[0,1.5,0,0],"texture":"#2"},"down":{"uv":[0,0,0,1.5],"texture":"#2"}}},{"from":[7.5,8,9],"to":[8.5,10,14],"rotation":{"angle":0,"axis":"y","origin":[3,-0.5,10]},"faces":{"north":{"uv":[7.25,5,7.5,5.5],"texture":"#2"},"east":{"uv":[4.5,3,5.75,3.5],"texture":"#2"},"south":{"uv":[7.25,5.5,7.5,6],"texture":"#2"},"west":{"uv":[0.5,6,1.75,6.5],"texture":"#2"},"up":{"uv":[5.25,8.25,5,7],"texture":"#2"},"down":{"uv":[5.5,7,5.25,8.25],"texture":"#2"}}},{"from":[6.5,7.5,2.5],"to":[9.5,8.5,2.5],"rotation":{"angle":22.5,"axis":"x","origin":[8,7.5,7]},"faces":{"north":{"uv":[7.25,4.5,8,4.75],"texture":"#2"},"east":{"uv":[0,0,0,0.25],"texture":"#2"},"south":{"uv":[7.25,4.75,8,5],"texture":"#2"},"west":{"uv":[0,0,0,0.25],"texture":"#2"},"up":{"uv":[0.75,0,0,0],"texture":"#2"},"down":{"uv":[0.75,0,0,0],"texture":"#2"}}},{"from":[8,8,7],"to":[8,10,9],"rotation":{"angle":0,"axis":"y","origin":[3,-0.5,10]},"faces":{"north":{"uv":[0,0,0,0.5],"texture":"#2"},"east":{"uv":[5.5,7,6,7.5],"texture":"#2"},"south":{"uv":[0,0,0,0.5],"texture":"#2"},"west":{"uv":[6,7,6.5,7.5],"texture":"#2"},"up":{"uv":[0,0.5,0,0],"texture":"#2"},"down":{"uv":[0,0,0,0.5],"texture":"#2"}}},{"from":[8,10,7],"to":[8,11,14],"rotation":{"angle":0,"axis":"y","origin":[3,-0.5,10]},"faces":{"north":{"uv":[0,0,0,0.25],"texture":"#2"},"east":{"uv":[6.25,2.5,8,2.75],"texture":"#2"},"south":{"uv":[0,0,0,0.25],"texture":"#2"},"west":{"uv":[6.25,2.75,8,3],"texture":"#2"},"up":{"uv":[0,1.75,0,0],"texture":"#2"},"down":{"uv":[0,0,0,1.75],"texture":"#2"}}},{"from":[8,2,14],"to":[8,11,16],"rotation":{"angle":0,"axis":"y","origin":[3,-0.5,10]},"faces":{"north":{"uv":[0,0,0,2.25],"texture":"#2"},"east":{"uv":[3.5,5.5,4,7.75],"texture":"#2"},"south":{"uv":[0,0,0,2.25],"texture":"#2"},"west":{"uv":[0,6,0.5,8.25],"texture":"#2"},"up":{"uv":[0,0.5,0,0],"texture":"#2"},"down":{"uv":[0,0,0,0.5],"texture":"#2"}}}],"display":{"thirdperson_righthand":{"rotation":[55,0,0],"translation":[0,2,0],"scale":[0.5,0.5,0.5]},"thirdperson_lefthand":{"rotation":[55,0,0],"translation":[0,2,0],"scale":[0.5,0.5,0.5]},"firstperson_righthand":{"translation":[0,3,0],"scale":[0.5,0.5,0.5]},"firstperson_lefthand":{"translation":[0,3,0],"scale":[0.5,0.5,0.5]},"ground":{"translation":[0,6,0],"scale":[0.8,0.8,0.8]},"gui":{"rotation":[-165,45,-180],"translation":[-1,3.5,0],"scale":[0.9,0.9,0.9]},"head":{"translation":[0,8,-3],"scale":[2,2,2]},"fixed":{"translation":[0,4,-5]}},"groups":[{"name":"dinosaurhead","origin":[3,0,9],"color":0,"children":[0,1,2,3,4,5,6,7,8,9,10,11,12,13,14,15]}],"mcmodels":"ad448cca3a91523b9be3317134cddebf"}