{"credit":"Made with Blockbench","texture_size":[32,32],"textures":{"0":"minewave:item/dinosaur/dinosaurhoe","particle":"minewave:item/dinosaur/dinosaurhoe"},"elements":[{"from":[7,4.0712,2.16178],"to":[9,6.0712,4.16178],"rotation":{"angle":-45,"axis":"x","origin":[8,9.37584,9.28816]},"faces":{"north":{"uv":[0,7,1,8],"texture":"#0"},"east":{"uv":[1,7,2,8],"texture":"#0"},"south":{"uv":[2,7,3,8],"texture":"#0"},"west":{"uv":[3,7,4,8],"texture":"#0"},"up":{"uv":[7,8,6,7],"texture":"#0"},"down":{"uv":[8,7,7,8],"texture":"#0"}}},{"from":[8,4.0712,4.16178],"to":[8,5.0712,5.16178],"rotation":{"angle":-45,"axis":"x","origin":[8,9.37584,9.28816]},"faces":{"north":{"uv":[0,0,0,0.5],"texture":"#0"},"east":{"uv":[9.5,2,10,2.5],"texture":"#0"},"south":{"uv":[0,0,0,0.5],"texture":"#0"},"west":{"uv":[2.5,9.5,3,10],"texture":"#0"},"up":{"uv":[0,0.5,0,0],"texture":"#0"},"down":{"uv":[0,0,0,0.5],"texture":"#0"}}},{"from":[8,3.0712,1.16178],"to":[8,4.0712,5.16178],"rotation":{"angle":-45,"axis":"x","origin":[8,9.37584,9.28816]},"faces":{"north":{"uv":[0,0,0,0.5],"texture":"#0"},"east":{"uv":[7.5,1,9.5,1.5],"texture":"#0"},"south":{"uv":[0,0,0,0.5],"texture":"#0"},"west":{"uv":[7.5,1.5,9.5,2],"texture":"#0"},"up":{"uv":[0,2,0,0],"texture":"#0"},"down":{"uv":[0,0,0,2],"texture":"#0"}}},{"from":[8,6.0712,2.16178],"to":[8,7.0712,3.16178],"rotation":{"angle":-45,"axis":"x","origin":[8,9.37584,9.28816]},"faces":{"north":{"uv":[0,0,0,0.5],"texture":"#0"},"east":{"uv":[9.5,2.5,10,3],"texture":"#0"},"south":{"uv":[0,0,0,0.5],"texture":"#0"},"west":{"uv":[3,9.5,3.5,10],"texture":"#0"},"up":{"uv":[0,0.5,0,0],"texture":"#0"},"down":{"uv":[0,0,0,0.5],"texture":"#0"}}},{"from":[8,4.0712,1.16178],"to":[8,7.0712,2.16178],"rotation":{"angle":-45,"axis":"x","origin":[8,9.37584,9.28816]},"faces":{"north":{"uv":[0,0,0,1.5],"texture":"#0"},"east":{"uv":[7.5,2,8,3.5],"texture":"#0"},"south":{"uv":[0,0,0,1.5],"texture":"#0"},"west":{"uv":[4,7.5,4.5,9],"texture":"#0"},"up":{"uv":[0,0.5,0,0],"texture":"#0"},"down":{"uv":[0,0,0,0.5],"texture":"#0"}}},{"from":[7,14.0712,12.06178],"to":[9,16.5712,14.56178],"rotation":{"angle":-45,"axis":"x","origin":[8,9.37584,9.28816]},"faces":{"north":{"uv":[5.5,0,6.5,1.25],"texture":"#0"},"east":{"uv":[4,0,5.25,1.25],"texture":"#0"},"south":{"uv":[5.5,1.5,6.5,2.75],"texture":"#0"},"west":{"uv":[4,1.5,5.25,2.75],"texture":"#0"},"up":{"uv":[6.5,4.25,5.5,3],"texture":"#0"},"down":{"uv":[6.5,4.5,5.5,5.75],"texture":"#0"}}},{"from":[7.25,2,7.25],"to":[8.75,16,8.75],"rotation":{"angle":0,"axis":"y","origin":[8,9.37584,9.28816]},"faces":{"north":{"uv":[0,0,0.75,7],"texture":"#0"},"east":{"uv":[1,0,1.75,7],"texture":"#0"},"south":{"uv":[2,0,2.75,7],"texture":"#0"},"west":{"uv":[3,0,3.75,7],"texture":"#0"},"up":{"uv":[7.75,8.75,7,8],"texture":"#0"},"down":{"uv":[8.75,7,8,7.75],"texture":"#0"}}},{"from":[6.75,3.5,6.75],"to":[9.25,4.5,9.25],"rotation":{"angle":-45,"axis":"y","origin":[8,4,8]},"faces":{"north":{"uv":[8,0,9.25,0.5],"texture":"#0"},"east":{"uv":[8,0.5,9.25,1],"texture":"#0"},"south":{"uv":[1,8,2.25,8.5],"texture":"#0"},"west":{"uv":[8,2,9.25,2.5],"texture":"#0"},"up":{"uv":[5.25,4.25,4,3],"texture":"#0"},"down":{"uv":[5.25,4.5,4,5.75],"texture":"#0"}}},{"from":[6.75,4.5,6.75],"to":[6.75,5.5,9.25],"rotation":{"angle":-45,"axis":"y","origin":[8,4,8]},"faces":{"north":{"uv":[0,0,0,0.5],"texture":"#0"},"east":{"uv":[2.5,8,3.75,8.5],"texture":"#0"},"south":{"uv":[0,0,0,0.5],"texture":"#0"},"west":{"uv":[8,2.5,9.25,3],"texture":"#0"},"up":{"uv":[0,1.25,0,0],"texture":"#0"},"down":{"uv":[0,0,0,1.25],"texture":"#0"}}},{"from":[9.25,4.5,6.75],"to":[9.25,5.5,9.25],"rotation":{"angle":-45,"axis":"y","origin":[8,4,8]},"faces":{"north":{"uv":[0,0,0,0.5],"texture":"#0"},"east":{"uv":[8,3,9.25,3.5],"texture":"#0"},"south":{"uv":[0,0,0,0.5],"texture":"#0"},"west":{"uv":[8,4,9.25,4.5],"texture":"#0"},"up":{"uv":[0,1.25,0,0],"texture":"#0"},"down":{"uv":[0,0,0,1.25],"texture":"#0"}}},{"from":[6.75,4.5,9.25],"to":[9.25,5.5,9.25],"rotation":{"angle":-45,"axis":"y","origin":[8,4,8]},"faces":{"north":{"uv":[4.5,8,5.75,8.5],"texture":"#0"},"east":{"uv":[0,0,0,0.5],"texture":"#0"},"south":{"uv":[8,4.5,9.25,5],"texture":"#0"},"west":{"uv":[0,0,0,0.5],"texture":"#0"},"up":{"uv":[1.25,0,0,0],"texture":"#0"},"down":{"uv":[1.25,0,0,0],"texture":"#0"}}},{"from":[6.75,4.5,6.75],"to":[9.25,5.5,6.75],"rotation":{"angle":-45,"axis":"y","origin":[8,4,8]},"faces":{"north":{"uv":[8,5,9.25,5.5],"texture":"#0"},"east":{"uv":[0,0,0,0.5],"texture":"#0"},"south":{"uv":[8,5.5,9.25,6],"texture":"#0"},"west":{"uv":[0,0,0,0.5],"texture":"#0"},"up":{"uv":[1.25,0,0,0],"texture":"#0"},"down":{"uv":[1.25,0,0,0],"texture":"#0"}}},{"from":[7.25,15.71027,4.04291],"to":[8.75,17.21027,7.04291],"rotation":{"angle":0,"axis":"y","origin":[8,16.19828,4.50967]},"faces":{"north":{"uv":[8,8,8.75,8.75],"texture":"#0"},"east":{"uv":[6,6,7.5,6.75],"texture":"#0"},"south":{"uv":[1,8.5,1.75,9.25],"texture":"#0"},"west":{"uv":[6.5,0,8,0.75],"texture":"#0"},"up":{"uv":[7.25,2.5,6.5,1],"texture":"#0"},"down":{"uv":[7.25,2.5,6.5,4],"texture":"#0"}}},{"from":[8,17.21027,4.04291],"to":[8,18.21027,7.04291],"rotation":{"angle":0,"axis":"y","origin":[8,16.19828,4.50967]},"faces":{"north":{"uv":[0,0,0,0.5],"texture":"#0"},"east":{"uv":[7.5,3.5,9,4],"texture":"#0"},"south":{"uv":[0,0,0,0.5],"texture":"#0"},"west":{"uv":[4.5,7.5,6,8],"texture":"#0"},"up":{"uv":[0,1.5,0,0],"texture":"#0"},"down":{"uv":[0,0,0,1.5],"texture":"#0"}}},{"from":[7.25,15.71027,8.79291],"to":[8.75,17.21027,10.04291],"rotation":{"angle":0,"axis":"y","origin":[8,16.19828,4.25967]},"faces":{"north":{"uv":[2,8.5,2.75,9.25],"texture":"#0"},"east":{"uv":[3,8.5,3.75,9.25],"texture":"#0"},"south":{"uv":[4.5,8.5,5.25,9.25],"texture":"#0"},"west":{"uv":[9,6,9.75,6.75],"texture":"#0"},"up":{"uv":[7.75,9.75,7,9],"texture":"#0"},"down":{"uv":[9.75,7,9,7.75],"texture":"#0"}}},{"from":[7,15.21027,9.79291],"to":[9,17.71027,10.79291],"rotation":{"angle":-22.5,"axis":"x","origin":[8,16.46027,10.29291]},"faces":{"north":{"uv":[4,6,5,7.25],"texture":"#0"},"east":{"uv":[6,8,6.5,9.25],"texture":"#0"},"south":{"uv":[5,6,6,7.25],"texture":"#0"},"west":{"uv":[6.5,8,7,9.25],"texture":"#0"},"up":{"uv":[10,4,9,3.5],"texture":"#0"},"down":{"uv":[9,9,8,9.5],"texture":"#0"}}},{"from":[7,17.71027,10.29291],"to":[9,18.71027,10.29291],"rotation":{"angle":-22.5,"axis":"x","origin":[8,16.46027,10.29291]},"faces":{"north":{"uv":[9,8,10,8.5],"texture":"#0"},"east":{"uv":[0,0,0,0.5],"texture":"#0"},"south":{"uv":[9,8.5,10,9],"texture":"#0"},"west":{"uv":[0,0,0,0.5],"texture":"#0"},"up":{"uv":[1,0,0,0],"texture":"#0"},"down":{"uv":[1,0,0,0],"texture":"#0"}}},{"from":[6,16.71027,10.29291],"to":[7,18.71027,10.29291],"rotation":{"angle":-22.5,"axis":"x","origin":[8,16.46027,10.29291]},"faces":{"north":{"uv":[5.5,8.5,6,9.5],"texture":"#0"},"east":{"uv":[0,0,0,1],"texture":"#0"},"south":{"uv":[4,9,4.5,10],"texture":"#0"},"west":{"uv":[0,0,0,1],"texture":"#0"},"up":{"uv":[0.5,0,0,0],"texture":"#0"},"down":{"uv":[0.5,0,0,0],"texture":"#0"}}},{"from":[9,16.71027,10.29291],"to":[10,18.71027,10.29291],"rotation":{"angle":-22.5,"axis":"x","origin":[8,16.46027,10.29291]},"faces":{"north":{"uv":[9,9,9.5,10],"texture":"#0"},"east":{"uv":[0,0,0,1],"texture":"#0"},"south":{"uv":[0,9.5,0.5,10.5],"texture":"#0"},"west":{"uv":[0,0,0,1],"texture":"#0"},"up":{"uv":[0.5,0,0,0],"texture":"#0"},"down":{"uv":[0.5,0,0,0],"texture":"#0"}}},{"from":[7.5,15.79297,1.49288],"to":[8.5,17.29297,4.49288],"rotation":{"angle":-22.5,"axis":"x","origin":[8,16.19828,4.50967]},"faces":{"north":{"uv":[9.5,0,10,0.75],"texture":"#0"},"east":{"uv":[6.5,4,8,4.75],"texture":"#0"},"south":{"uv":[0.5,9.5,1,10.25],"texture":"#0"},"west":{"uv":[6.5,5,8,5.75],"texture":"#0"},"up":{"uv":[0.5,9.5,0,8],"texture":"#0"},"down":{"uv":[1,8,0.5,9.5],"texture":"#0"}}},{"from":[7.5,17.29297,0.49288],"to":[8.5,17.29297,1.49288],"rotation":{"angle":-22.5,"axis":"x","origin":[8,16.19828,4.50967]},"faces":{"north":{"uv":[0,0,0.5,0],"texture":"#0"},"east":{"uv":[0,0,0.5,0],"texture":"#0"},"south":{"uv":[0,0,0.5,0],"texture":"#0"},"west":{"uv":[0,0,0.5,0],"texture":"#0"},"up":{"uv":[10,3.5,9.5,3],"texture":"#0"},"down":{"uv":[4,9.5,3.5,10],"texture":"#0"}}},{"from":[7.5,15.79297,0.49288],"to":[7.5,17.29297,1.49288],"rotation":{"angle":-22.5,"axis":"x","origin":[8,16.19828,4.50967]},"faces":{"north":{"uv":[0,0,0,0.75],"texture":"#0"},"east":{"uv":[1,9.5,1.5,10.25],"texture":"#0"},"south":{"uv":[0,0,0,0.75],"texture":"#0"},"west":{"uv":[9.5,1,10,1.75],"texture":"#0"},"up":{"uv":[0,0.5,0,0],"texture":"#0"},"down":{"uv":[0,0,0,0.5],"texture":"#0"}}},{"from":[8.5,15.79297,0.49288],"to":[8.5,17.29297,1.49288],"rotation":{"angle":-22.5,"axis":"x","origin":[8,16.19828,4.50967]},"faces":{"north":{"uv":[0,0,0,0.75],"texture":"#0"},"east":{"uv":[1.5,9.5,2,10.25],"texture":"#0"},"south":{"uv":[0,0,0,0.75],"texture":"#0"},"west":{"uv":[2,9.5,2.5,10.25],"texture":"#0"},"up":{"uv":[0,0.5,0,0],"texture":"#0"},"down":{"uv":[0,0,0,0.5],"texture":"#0"}}},{"from":[8,17.29297,1.49288],"to":[8,18.29297,4.49288],"rotation":{"angle":-22.5,"axis":"x","origin":[8,16.19828,4.50967]},"faces":{"north":{"uv":[0,0,0,0.5],"texture":"#0"},"east":{"uv":[7.5,6,9,6.5],"texture":"#0"},"south":{"uv":[0,0,0,0.5],"texture":"#0"},"west":{"uv":[7.5,6.5,9,7],"texture":"#0"},"up":{"uv":[0,1.5,0,0],"texture":"#0"},"down":{"uv":[0,0,0,1.5],"texture":"#0"}}}],"display":{"thirdperson_righthand":{"translation":[0,-2,0.5]},"thirdperson_lefthand":{"translation":[0,-2,0.5]},"firstperson_righthand":{"rotation":[-5,0,0]},"firstperson_lefthand":{"rotation":[-5,0,0]},"ground":{"translation":[0,7,0]},"gui":{"rotation":[-90,45,90],"translation":[2.25,-1,0],"scale":[0.9,0.9,0.9]},"head":{"rotation":[-180,0,-180]},"fixed":{"rotation":[-90,45,90],"translation":[2.5,-1.5,0]}},"groups":[{"name":"dinosaurhoe","origin":[8,11.04874,8],"color":0,"children":[0,1,2,3,4,5,6,7,8,9,10,11,12,13,14,15,16,17,18,19,20,21,22,23]}],"mcmodels":"ad448cca3a91523b9be3317134cddebf"}