{"credit":"Made with Blockbench","texture_size":[32,32],"textures":{"1":"minewave:item/dinosaur/pickaxe"},"elements":[{"from":[7,3.2793,0.62549],"to":[9,5.2793,2.62549],"rotation":{"angle":-45,"axis":"x","origin":[8,10.65758,7.99088]},"faces":{"north":{"uv":[5,7,6,8],"texture":"#1"},"east":{"uv":[7,5,8,6],"texture":"#1"},"south":{"uv":[6,7,7,8],"texture":"#1"},"west":{"uv":[7,7,8,8],"texture":"#1"},"up":{"uv":[1,9,0,8],"texture":"#1"},"down":{"uv":[9,1,8,2],"texture":"#1"}}},{"from":[8,2.2793,2.62549],"to":[8,4.2793,3.62549],"rotation":{"angle":-45,"axis":"x","origin":[8,10.65758,7.99088]},"faces":{"north":{"uv":[0,0,0,1],"texture":"#1"},"east":{"uv":[6,9.5,6.5,10.5],"texture":"#1"},"south":{"uv":[0,0,0,1],"texture":"#1"},"west":{"uv":[9.5,6,10,7],"texture":"#1"},"up":{"uv":[0,0.5,0,0],"texture":"#1"},"down":{"uv":[0,0,0,0.5],"texture":"#1"}}},{"from":[8,2.2793,-0.37451],"to":[8,3.2793,2.62549],"rotation":{"angle":-45,"axis":"x","origin":[8,10.65758,7.99088]},"faces":{"north":{"uv":[0,0,0,0.5],"texture":"#1"},"east":{"uv":[8,2,9.5,2.5],"texture":"#1"},"south":{"uv":[0,0,0,0.5],"texture":"#1"},"west":{"uv":[8.5,0,10,0.5],"texture":"#1"},"up":{"uv":[0,1.5,0,0],"texture":"#1"},"down":{"uv":[0,0,0,1.5],"texture":"#1"}}},{"from":[8,3.2793,-0.37451],"to":[8,5.2793,0.62549],"rotation":{"angle":-45,"axis":"x","origin":[8,10.65758,7.99088]},"faces":{"north":{"uv":[0,0,0,1],"texture":"#1"},"east":{"uv":[6.5,9.5,7,10.5],"texture":"#1"},"south":{"uv":[0,0,0,1],"texture":"#1"},"west":{"uv":[7,9.5,7.5,10.5],"texture":"#1"},"up":{"uv":[0,0,0,0.5],"texture":"#1"},"down":{"uv":[0,0,0,0.5],"texture":"#1"}}},{"from":[8,5.2793,-0.37451],"to":[8,6.2793,1.62549],"rotation":{"angle":-45,"axis":"x","origin":[8,10.65758,7.99088]},"faces":{"north":{"uv":[0,0,0,0.5],"texture":"#1"},"east":{"uv":[4,8.5,5,9],"texture":"#1"},"south":{"uv":[0,0,0,0.5],"texture":"#1"},"west":{"uv":[9.5,2,10.5,2.5],"texture":"#1"},"up":{"uv":[0,0,0,1],"texture":"#1"},"down":{"uv":[0,0,0,1],"texture":"#1"}}},{"from":[6.75,11.9293,9.22549],"to":[9.25,14.4293,11.72549],"rotation":{"angle":-45,"axis":"x","origin":[8,10.65758,8.04088]},"faces":{"north":{"uv":[4,0,5.25,1.25],"texture":"#1"},"east":{"uv":[4,1.5,5.25,2.75],"texture":"#1"},"south":{"uv":[4,3,5.25,4.25],"texture":"#1"},"west":{"uv":[4,4.5,5.25,5.75],"texture":"#1"},"up":{"uv":[6.75,1.25,5.5,0],"texture":"#1"},"down":{"uv":[6.75,1.5,5.5,2.75],"texture":"#1"}}},{"from":[7.25,2,7.25],"to":[8.75,14,8.75],"rotation":{"angle":0,"axis":"y","origin":[8,10.65758,7.99088]},"faces":{"north":{"uv":[0,0,0.75,6],"texture":"#1"},"east":{"uv":[1,0,1.75,6],"texture":"#1"},"south":{"uv":[2,0,2.75,6],"texture":"#1"},"west":{"uv":[3,0,3.75,6],"texture":"#1"},"up":{"uv":[0.75,9.75,0,9],"texture":"#1"},"down":{"uv":[9.75,7,9,7.75],"texture":"#1"}}},{"from":[6.75,3.1,6.75],"to":[9.25,4.1,9.25],"rotation":{"angle":-45,"axis":"y","origin":[8,3.6,8]},"faces":{"north":{"uv":[8.5,0.5,9.75,1],"texture":"#1"},"east":{"uv":[8.5,2.5,9.75,3],"texture":"#1"},"south":{"uv":[8.5,3,9.75,3.5],"texture":"#1"},"west":{"uv":[7.5,8.5,8.75,9],"texture":"#1"},"up":{"uv":[6.75,4.25,5.5,3],"texture":"#1"},"down":{"uv":[6.75,4.5,5.5,5.75],"texture":"#1"}}},{"from":[9.25,4.1,6.75],"to":[9.25,5.1,9.25],"rotation":{"angle":-45,"axis":"y","origin":[8,3.6,8]},"faces":{"north":{"uv":[0,0,0,0.5],"texture":"#1"},"east":{"uv":[9,1,10.25,1.5],"texture":"#1"},"south":{"uv":[0,0,0,0.5],"texture":"#1"},"west":{"uv":[9,1.5,10.25,2],"texture":"#1"},"up":{"uv":[0,1.25,0,0],"texture":"#1"},"down":{"uv":[0,0,0,1.25],"texture":"#1"}}},{"from":[6.75,4.1,6.75],"to":[6.75,5.1,9.25],"rotation":{"angle":-45,"axis":"y","origin":[8,3.6,8]},"faces":{"north":{"uv":[0,0,0,0.5],"texture":"#1"},"east":{"uv":[2,9,3.25,9.5],"texture":"#1"},"south":{"uv":[0,0,0,0.5],"texture":"#1"},"west":{"uv":[3.5,9,4.75,9.5],"texture":"#1"},"up":{"uv":[0,0,0,1.25],"texture":"#1"},"down":{"uv":[0,0,0,1.25],"texture":"#1"}}},{"from":[6.75,4.1,9.25],"to":[9.25,5.1,9.25],"rotation":{"angle":-45,"axis":"y","origin":[8,3.6,8]},"faces":{"north":{"uv":[9,4.5,10.25,5],"texture":"#1"},"east":{"uv":[0,0,0,0.5],"texture":"#1"},"south":{"uv":[9,5,10.25,5.5],"texture":"#1"},"west":{"uv":[0,0,0,0.5],"texture":"#1"},"up":{"uv":[1.25,0,0,0],"texture":"#1"},"down":{"uv":[0,0,1.25,0],"texture":"#1"}}},{"from":[6.75,4.1,6.75],"to":[9.25,5.1,6.75],"rotation":{"angle":-45,"axis":"y","origin":[8,3.6,8]},"faces":{"north":{"uv":[9,5.5,10.25,6],"texture":"#1"},"east":{"uv":[0,0,0,0.5],"texture":"#1"},"south":{"uv":[6,9,7.25,9.5],"texture":"#1"},"west":{"uv":[0,0,0,0.5],"texture":"#1"},"up":{"uv":[0,0,1.25,0],"texture":"#1"},"down":{"uv":[0,0,1.25,0],"texture":"#1"}}},{"from":[7.25,13.5,8.85],"to":[8.75,15,11.35],"rotation":{"angle":0,"axis":"y","origin":[8,10.65758,8.59088]},"faces":{"north":{"uv":[7.5,9,8.25,9.75],"texture":"#1"},"east":{"uv":[2.5,8,3.75,8.75],"texture":"#1"},"south":{"uv":[9,8,9.75,8.75],"texture":"#1"},"west":{"uv":[8,3.5,9.25,4.25],"texture":"#1"},"up":{"uv":[8.75,5.75,8,4.5],"texture":"#1"},"down":{"uv":[5.75,8,5,9.25],"texture":"#1"}}},{"from":[7.35,13.5,11.35],"to":[8.65,15,14.35],"rotation":{"angle":22.5,"axis":"x","origin":[8,15,11.35]},"faces":{"north":{"uv":[8.5,9,9.25,9.75],"texture":"#1"},"east":{"uv":[0,7,1.5,7.75],"texture":"#1"},"south":{"uv":[2,9.5,2.75,10.25],"texture":"#1"},"west":{"uv":[7,0,8.5,0.75],"texture":"#1"},"up":{"uv":[7.75,2.5,7,1],"texture":"#1"},"down":{"uv":[2.25,7,1.5,8.5],"texture":"#1"}}},{"from":[8.65,12.87651,12.62174],"to":[8.65,13.87651,14.12174],"rotation":{"angle":-45,"axis":"x","origin":[8,13.86415,14.14007]},"rotated":[-44.94596,0.31177,1.47671],"faces":{"north":{"uv":[0,0,0,0.5],"texture":"#1"},"east":{"uv":[9.5,9,10.25,9.5],"texture":"#1"},"south":{"uv":[0,0,0,0.5],"texture":"#1"},"west":{"uv":[9.5,9.5,10.25,10],"texture":"#1"},"up":{"uv":[0,0.75,0,0],"texture":"#1"},"down":{"uv":[0,0,0,0.75],"texture":"#1"}}},{"from":[7.35,12.87651,14.12174],"to":[8.65,13.87651,14.12174],"rotation":{"angle":-45,"axis":"x","origin":[8,13.86415,14.14007]},"rotated":[-44.94596,0.31177,1.47671],"faces":{"north":{"uv":[0,10,0.75,10.5],"texture":"#1"},"east":{"uv":[0,0,0,0.5],"texture":"#1"},"south":{"uv":[10,0,10.75,0.5],"texture":"#1"},"west":{"uv":[0,0,0,0.5],"texture":"#1"},"up":{"uv":[0.75,0,0,0],"texture":"#1"},"down":{"uv":[0,0,0.75,0],"texture":"#1"}}},{"from":[7.35,12.87651,12.62174],"to":[7.35,13.87651,14.12174],"rotation":{"angle":-45,"axis":"x","origin":[8,13.86415,14.14007]},"rotated":[-44.94596,0.31177,1.47671],"faces":{"north":{"uv":[0,0,0,0.5],"texture":"#1"},"east":{"uv":[10,0.5,10.75,1],"texture":"#1"},"south":{"uv":[0,0,0,0.5],"texture":"#1"},"west":{"uv":[1,10,1.75,10.5],"texture":"#1"},"up":{"uv":[0,0,0,0.75],"texture":"#1"},"down":{"uv":[0,0,0,0.75],"texture":"#1"}}},{"from":[8,14.5,8.85],"to":[8,16,12.35],"rotation":{"angle":0,"axis":"y","origin":[8,10.65758,8.59088]},"faces":{"north":{"uv":[0,0,0,0.75],"texture":"#1"},"east":{"uv":[0,6,1.75,6.75],"texture":"#1"},"south":{"uv":[0,0,0,0.75],"texture":"#1"},"west":{"uv":[2,6,3.75,6.75],"texture":"#1"},"up":{"uv":[0,1.75,0,0],"texture":"#1"},"down":{"uv":[0,0,0,1.75],"texture":"#1"}}},{"from":[7.25,13.5,4.54625],"to":[8.75,15,7.04625],"rotation":{"angle":0,"axis":"y","origin":[8,10.65758,7.84088]},"faces":{"north":{"uv":[3,9.5,3.75,10.25],"texture":"#1"},"east":{"uv":[6,8,7.25,8.75],"texture":"#1"},"south":{"uv":[9.5,3.5,10.25,4.25],"texture":"#1"},"west":{"uv":[8,6,9.25,6.75],"texture":"#1"},"up":{"uv":[8.75,8.25,8,7],"texture":"#1"},"down":{"uv":[1.75,8.5,1,9.75],"texture":"#1"}}},{"from":[8,14.5,3.54625],"to":[8,16,7.04625],"rotation":{"angle":0,"axis":"y","origin":[8,10.65758,7.84088]},"faces":{"north":{"uv":[0,0,0,0.75],"texture":"#1"},"east":{"uv":[4,6,5.75,6.75],"texture":"#1"},"south":{"uv":[0,0,0,0.75],"texture":"#1"},"west":{"uv":[6,6,7.75,6.75],"texture":"#1"},"up":{"uv":[0,0,0,1.75],"texture":"#1"},"down":{"uv":[0,0,0,1.75],"texture":"#1"}}},{"from":[7.35,13.5,1.54625],"to":[8.65,15,4.54625],"rotation":{"angle":-22.5,"axis":"x","origin":[8,15,4.54625]},"faces":{"north":{"uv":[4,9.5,4.75,10.25],"texture":"#1"},"east":{"uv":[2.5,7,4,7.75],"texture":"#1"},"south":{"uv":[5,9.5,5.75,10.25],"texture":"#1"},"west":{"uv":[7,2.5,8.5,3.25],"texture":"#1"},"up":{"uv":[7.75,5,7,3.5],"texture":"#1"},"down":{"uv":[4.75,7,4,8.5],"texture":"#1"}}},{"from":[7.35,12.87651,1.77451],"to":[8.65,13.87651,1.77451],"rotation":{"angle":45,"axis":"x","origin":[8,13.86415,1.75618]},"faces":{"north":{"uv":[10,2.5,10.75,3],"texture":"#1"},"east":{"uv":[0,0,0,0.5],"texture":"#1"},"south":{"uv":[10,3,10.75,3.5],"texture":"#1"},"west":{"uv":[0,0,0,0.5],"texture":"#1"},"up":{"uv":[0,0,0.75,0],"texture":"#1"},"down":{"uv":[0,0,0.75,0],"texture":"#1"}}},{"from":[8.65,12.87651,1.77451],"to":[8.65,13.87651,3.27451],"rotation":{"angle":45,"axis":"x","origin":[8,13.86415,1.75618]},"faces":{"north":{"uv":[0,0,0,0.5],"texture":"#1"},"east":{"uv":[10,6,10.75,6.5],"texture":"#1"},"south":{"uv":[0,0,0,0.5],"texture":"#1"},"west":{"uv":[10,6.5,10.75,7],"texture":"#1"},"up":{"uv":[0,0,0,0.75],"texture":"#1"},"down":{"uv":[0,0,0,0.75],"texture":"#1"}}},{"from":[7.35,12.87651,1.77451],"to":[7.35,13.87651,3.27451],"rotation":{"angle":45,"axis":"x","origin":[8,13.86415,1.75618]},"faces":{"north":{"uv":[0,0,0,0.5],"texture":"#1"},"east":{"uv":[10,7,10.75,7.5],"texture":"#1"},"south":{"uv":[0,0,0,0.5],"texture":"#1"},"west":{"uv":[7.5,10,8.25,10.5],"texture":"#1"},"up":{"uv":[0,0,0,0.75],"texture":"#1"},"down":{"uv":[0,0,0,0.75],"texture":"#1"}}}],"display":{"thirdperson_righthand":{"translation":[0,-1.5,0.5],"scale":[1.2,1.2,1.2]},"thirdperson_lefthand":{"translation":[0,-1.5,0.5],"scale":[1.2,1.2,1.2]},"firstperson_righthand":{"rotation":[-5,0,0],"translation":[0,1.5,0],"scale":[0.8,0.8,0.8]},"firstperson_lefthand":{"rotation":[-5,0,0],"translation":[0,1.5,0],"scale":[0.8,0.8,0.8]},"ground":{"translation":[0,6,0]},"gui":{"rotation":[90,-45,90],"translation":[1.25,-1.25,0]},"head":{"translation":[0,3.5,0]},"fixed":{"rotation":[-90,45,90],"translation":[1.5,-1.25,-0.5],"scale":[1.2,1.2,1.2]}},"groups":[{"name":"pickaxe","origin":[8,14.25,6.25],"color":0,"children":[0,1,2,3,4,5,6,7,8,9,10,11,12,13,14,15,16,17,18,19,20,21,22,23]}],"mcmodels":"ad448cca3a91523b9be3317134cddebf"}