{"credit":"Made with Blockbench","texture_size":[32,32],"textures":{"0":"minewave:item/dinosaur/shield","particle":"minewave:item/dinosaur/shield"},"elements":[{"from":[6.5,10,8],"to":[7.5,11,9],"rotation":{"angle":0,"axis":"y","origin":[8.35583,8.125,8.61118]},"faces":{"north":{"uv":[8.5,3,9,3.5],"texture":"#0"},"east":{"uv":[8.5,5.5,9,6],"texture":"#0"},"south":{"uv":[8.5,6,9,6.5],"texture":"#0"},"west":{"uv":[7,8.5,7.5,9],"texture":"#0"},"up":{"uv":[8,9,7.5,8.5],"texture":"#0"},"down":{"uv":[9,8,8.5,8.5],"texture":"#0"}}},{"from":[6.5,7.5,8],"to":[7.5,8.5,9],"rotation":{"angle":0,"axis":"y","origin":[8.35583,8.125,8.61118]},"faces":{"north":{"uv":[8.5,8.5,9,9],"texture":"#0"},"east":{"uv":[1,9,1.5,9.5],"texture":"#0"},"south":{"uv":[1.5,9,2,9.5],"texture":"#0"},"west":{"uv":[2,9,2.5,9.5],"texture":"#0"},"up":{"uv":[9.5,2.5,9,2],"texture":"#0"},"down":{"uv":[3,9,2.5,9.5],"texture":"#0"}}},{"from":[6.5,8.5,9],"to":[7.5,10,9],"rotation":{"angle":0,"axis":"y","origin":[8.35583,8.125,8.61118]},"faces":{"north":{"uv":[8,8,8.5,8.75],"texture":"#0"},"east":{"uv":[0,0,0,0.75],"texture":"#0"},"south":{"uv":[8.5,2,9,2.75],"texture":"#0"},"west":{"uv":[0,0,0,0.75],"texture":"#0"},"up":{"uv":[0.5,0,0,0],"texture":"#0"},"down":{"uv":[0.5,0,0,0],"texture":"#0"}}},{"from":[4,4.25,7],"to":[10,12.25,8],"rotation":{"angle":0,"axis":"y","origin":[6.35583,8.125,8.61118]},"faces":{"north":{"uv":[0,0,3,4],"texture":"#0"},"east":{"uv":[6,0,6.5,4],"texture":"#0"},"south":{"uv":[3,0,6,4],"texture":"#0"},"west":{"uv":[6,6,6.5,10],"texture":"#0"},"up":{"uv":[10.5,0.5,7.5,0],"texture":"#0"},"down":{"uv":[10.5,0.5,7.5,1],"texture":"#0"}}},{"from":[4,2.25,7],"to":[10,4.25,7],"rotation":{"angle":0,"axis":"y","origin":[6.35583,8.125,8.61118]},"faces":{"north":{"uv":[4,4,7,5],"texture":"#0"},"east":{"uv":[0,0,0,1],"texture":"#0"},"south":{"uv":[4,5,7,6],"texture":"#0"},"west":{"uv":[0,0,0,1],"texture":"#0"},"up":{"uv":[3,0,0,0],"texture":"#0"},"down":{"uv":[3,0,0,0],"texture":"#0"}}},{"from":[4,12.25,7],"to":[10,13.25,7],"rotation":{"angle":0,"axis":"y","origin":[6.35583,8.125,8.61118]},"faces":{"north":{"uv":[7.5,1,10.5,1.5],"texture":"#0"},"east":{"uv":[0,0,0,0.5],"texture":"#0"},"south":{"uv":[7.5,1.5,10.5,2],"texture":"#0"},"west":{"uv":[0,0,0,0.5],"texture":"#0"},"up":{"uv":[3,0,0,0],"texture":"#0"},"down":{"uv":[3,0,0,0],"texture":"#0"}}},{"from":[2,4.25,7],"to":[4,12.25,8],"rotation":{"angle":45,"axis":"y","origin":[4,8.5,7]},"faces":{"north":{"uv":[0,4,1,8],"texture":"#0"},"east":{"uv":[6.5,0,7,4],"texture":"#0"},"south":{"uv":[1,4,2,8],"texture":"#0"},"west":{"uv":[6.5,6,7,10],"texture":"#0"},"up":{"uv":[9,4,8,3.5],"texture":"#0"},"down":{"uv":[9,4,8,4.5],"texture":"#0"}}},{"from":[3,5.25,6],"to":[3,11.25,7],"rotation":{"angle":45,"axis":"y","origin":[4,8.5,7]},"faces":{"north":{"uv":[0,0,0,3],"texture":"#0"},"east":{"uv":[7.5,2,8,5],"texture":"#0"},"south":{"uv":[0,0,0,3],"texture":"#0"},"west":{"uv":[7.5,5,8,8],"texture":"#0"},"up":{"uv":[0,0.5,0,0],"texture":"#0"},"down":{"uv":[0,0,0,0.5],"texture":"#0"}}},{"from":[2,12.25,7.5],"to":[3,13.25,7.5],"rotation":{"angle":45,"axis":"y","origin":[4,8.5,7]},"faces":{"north":{"uv":[9,2.5,9.5,3],"texture":"#0"},"east":{"uv":[0,0,0,0.5],"texture":"#0"},"south":{"uv":[9,3,9.5,3.5],"texture":"#0"},"west":{"uv":[0,0,0,0.5],"texture":"#0"},"up":{"uv":[0.5,0,0,0],"texture":"#0"},"down":{"uv":[0.5,0,0,0],"texture":"#0"}}},{"from":[1,3.25,7.5],"to":[2,13.25,7.5],"rotation":{"angle":45,"axis":"y","origin":[4,8.5,7]},"faces":{"north":{"uv":[4,6,4.5,11],"texture":"#0"},"east":{"uv":[0,0,0,5],"texture":"#0"},"south":{"uv":[4.5,6,5,11],"texture":"#0"},"west":{"uv":[0,0,0,5],"texture":"#0"},"up":{"uv":[0.5,0,0,0],"texture":"#0"},"down":{"uv":[0.5,0,0,0],"texture":"#0"}}},{"from":[2,3.25,7.5],"to":[3,4.25,7.5],"rotation":{"angle":45,"axis":"y","origin":[4,8.5,7]},"faces":{"north":{"uv":[3.5,9,4,9.5],"texture":"#0"},"east":{"uv":[0,0,0,0.5],"texture":"#0"},"south":{"uv":[9,3.5,9.5,4],"texture":"#0"},"west":{"uv":[0,0,0,0.5],"texture":"#0"},"up":{"uv":[0.5,0,0,0],"texture":"#0"},"down":{"uv":[0.5,0,0,0],"texture":"#0"}}},{"from":[10,4.25,7],"to":[12,12.25,8],"rotation":{"angle":-45,"axis":"y","origin":[10,8.5,7]},"faces":{"north":{"uv":[2,4,3,8],"texture":"#0"},"east":{"uv":[7,0,7.5,4],"texture":"#0"},"south":{"uv":[3,4,4,8],"texture":"#0"},"west":{"uv":[7,4,7.5,8],"texture":"#0"},"up":{"uv":[9,5,8,4.5],"texture":"#0"},"down":{"uv":[9,5,8,5.5],"texture":"#0"}}},{"from":[11,5.25,6],"to":[11,11.25,7],"rotation":{"angle":-45,"axis":"y","origin":[10,8.5,7]},"faces":{"north":{"uv":[0,0,0,3],"texture":"#0"},"east":{"uv":[0,8,0.5,11],"texture":"#0"},"south":{"uv":[0,0,0,3],"texture":"#0"},"west":{"uv":[0.5,8,1,11],"texture":"#0"},"up":{"uv":[0,0.5,0,0],"texture":"#0"},"down":{"uv":[0,0,0,0.5],"texture":"#0"}}},{"from":[11,12.25,7.5],"to":[12,13.25,7.5],"rotation":{"angle":-45,"axis":"y","origin":[10,8.5,7]},"faces":{"north":{"uv":[9,4,9.5,4.5],"texture":"#0"},"east":{"uv":[0,0,0,0.5],"texture":"#0"},"south":{"uv":[9,4.5,9.5,5],"texture":"#0"},"west":{"uv":[0,0,0,0.5],"texture":"#0"},"up":{"uv":[0.5,0,0,0],"texture":"#0"},"down":{"uv":[0.5,0,0,0],"texture":"#0"}}},{"from":[12,3.25,7.5],"to":[13,13.25,7.5],"rotation":{"angle":-45,"axis":"y","origin":[10,8.5,7]},"faces":{"north":{"uv":[5,6,5.5,11],"texture":"#0"},"east":{"uv":[0,0,0,5],"texture":"#0"},"south":{"uv":[5.5,6,6,11],"texture":"#0"},"west":{"uv":[0,0,0,5],"texture":"#0"},"up":{"uv":[0.5,0,0,0],"texture":"#0"},"down":{"uv":[0.5,0,0,0],"texture":"#0"}}},{"from":[11,3.25,7.5],"to":[12,4.25,7.5],"rotation":{"angle":-45,"axis":"y","origin":[10,8.5,7]},"faces":{"north":{"uv":[9,5,9.5,5.5],"texture":"#0"},"east":{"uv":[0,0,0,0.5],"texture":"#0"},"south":{"uv":[9,5.5,9.5,6],"texture":"#0"},"west":{"uv":[0,0,0,0.5],"texture":"#0"},"up":{"uv":[0.5,0,0,0],"texture":"#0"},"down":{"uv":[0.5,0,0,0],"texture":"#0"}}},{"from":[6.25,5,6.5],"to":[8.25,7,7.5],"rotation":{"angle":45,"axis":"z","origin":[5.9,6.15,6]},"faces":{"north":{"uv":[1,8,2,9],"texture":"#0"},"east":{"uv":[3.5,8,4,9],"texture":"#0"},"south":{"uv":[2,8,3,9],"texture":"#0"},"west":{"uv":[8,5.5,8.5,6.5],"texture":"#0"},"up":{"uv":[9,7,8,6.5],"texture":"#0"},"down":{"uv":[8,8,7,8.5],"texture":"#0"}}},{"from":[8.25,5,6.5],"to":[9.25,8,6.5],"rotation":{"angle":45,"axis":"z","origin":[5.9,6.15,6]},"faces":{"north":{"uv":[8,2,8.5,3.5],"texture":"#0"},"east":{"uv":[0,0,0,1.5],"texture":"#0"},"south":{"uv":[3,8,3.5,9.5],"texture":"#0"},"west":{"uv":[0,0,0,1.5],"texture":"#0"},"up":{"uv":[0.5,0,0,0],"texture":"#0"},"down":{"uv":[0.5,0,0,0],"texture":"#0"}}},{"from":[8.25,5,6.5],"to":[9.25,5,7.5],"rotation":{"angle":45,"axis":"z","origin":[5.9,6.15,6]},"faces":{"north":{"uv":[0,0,0.5,0],"texture":"#0"},"east":{"uv":[0,0,0.5,0],"texture":"#0"},"south":{"uv":[0,0,0.5,0],"texture":"#0"},"west":{"uv":[0,0,0.5,0],"texture":"#0"},"up":{"uv":[9.5,6.5,9,6],"texture":"#0"},"down":{"uv":[9.5,6.5,9,7],"texture":"#0"}}},{"from":[6.25,7,6.5],"to":[8.25,8,6.5],"rotation":{"angle":45,"axis":"z","origin":[5.9,6.15,6]},"faces":{"north":{"uv":[8,7,9,7.5],"texture":"#0"},"east":{"uv":[0,0,0,0.5],"texture":"#0"},"south":{"uv":[8,7.5,9,8],"texture":"#0"},"west":{"uv":[0,0,0,0.5],"texture":"#0"},"up":{"uv":[1,0,0,0],"texture":"#0"},"down":{"uv":[1,0,0,0],"texture":"#0"}}},{"from":[6.25,7,6.5],"to":[6.25,8,7.5],"rotation":{"angle":45,"axis":"z","origin":[5.9,6.15,6]},"faces":{"north":{"uv":[0,0,0,0.5],"texture":"#0"},"east":{"uv":[7,9,7.5,9.5],"texture":"#0"},"south":{"uv":[0,0,0,0.5],"texture":"#0"},"west":{"uv":[9,7,9.5,7.5],"texture":"#0"},"up":{"uv":[0,0.5,0,0],"texture":"#0"},"down":{"uv":[0,0,0,0.5],"texture":"#0"}}}],"display":{"thirdperson_righthand":{"rotation":[75,-75,9],"translation":[2.5,-4,2.5],"scale":[1.5,1.5,1.5]},"thirdperson_lefthand":{"rotation":[75,-75,9],"translation":[1.75,-1.25,1.5],"scale":[1.5,1.5,1.5]},"firstperson_righthand":{"translation":[0,0.5,1.5],"scale":[1.3,1.3,1.3]},"firstperson_lefthand":{"translation":[0,0.5,1.5],"scale":[1.3,1.3,1.3]},"ground":{"translation":[0,6,0],"scale":[1.3,1.3,1.3]},"gui":{"rotation":[-165,0,-180],"translation":[-1,0,0],"scale":[1.2,1.2,1.2]},"fixed":{"translation":[1,0,0],"scale":[1.3,1.3,1.3]}},"groups":[{"name":"dinosaurshield","origin":[5.5,9,8.5],"color":0,"children":[0,1,2,3,4,5,6,7,8,9,10,11,12,13,14,15,16,17,18,19,20]}],"mcmodels":"ad448cca3a91523b9be3317134cddebf"}