{"credit":"Made with Blockbench","texture_size":[32,32],"textures":{"0":"minewave:item/dinosaur/dinosaurshovel","particle":"minewave:item/dinosaur/dinosaurshovel"},"elements":[{"from":[8,15,5.75],"to":[8,21,10.25],"rotation":{"angle":0,"axis":"y","origin":[8,10.90255,8]},"faces":{"north":{"uv":[0,0,0,3],"texture":"#0"},"east":{"uv":[0,0,2.25,3],"texture":"#0"},"south":{"uv":[0,0,0,3],"texture":"#0"},"west":{"uv":[2.5,0,4.75,3],"texture":"#0"},"up":{"uv":[0,2.25,0,0],"texture":"#0"},"down":{"uv":[0,0,0,2.25],"texture":"#0"}}},{"from":[7,3.53427,0.88172],"to":[9,5.53427,2.88172],"rotation":{"angle":-45,"axis":"x","origin":[8,10.65255,8]},"faces":{"north":{"uv":[6.5,7.5,7.5,8.5],"texture":"#0"},"east":{"uv":[7.5,7.5,8.5,8.5],"texture":"#0"},"south":{"uv":[8.5,2,9.5,3],"texture":"#0"},"west":{"uv":[8.5,3,9.5,4],"texture":"#0"},"up":{"uv":[5,9.5,4,8.5],"texture":"#0"},"down":{"uv":[9.5,4,8.5,5],"texture":"#0"}}},{"from":[8,3.53427,2.88172],"to":[8,4.53427,3.88172],"rotation":{"angle":-45,"axis":"x","origin":[8,10.65255,8]},"faces":{"north":{"uv":[0,0,0,0.5],"texture":"#0"},"east":{"uv":[6.5,2.5,7,3],"texture":"#0"},"south":{"uv":[0,0,0,0.5],"texture":"#0"},"west":{"uv":[7.5,9.5,8,10],"texture":"#0"},"up":{"uv":[0,0.5,0,0],"texture":"#0"},"down":{"uv":[0,0,0,0.5],"texture":"#0"}}},{"from":[8,2.53427,-0.11828],"to":[8,3.53427,3.88172],"rotation":{"angle":-45,"axis":"x","origin":[8,10.65255,8]},"faces":{"north":{"uv":[0,0,0,0.5],"texture":"#0"},"east":{"uv":[8.5,6,10.5,6.5],"texture":"#0"},"south":{"uv":[0,0,0,0.5],"texture":"#0"},"west":{"uv":[6.5,8.5,8.5,9],"texture":"#0"},"up":{"uv":[0,2,0,0],"texture":"#0"},"down":{"uv":[0,0,0,2],"texture":"#0"}}},{"from":[8,5.53427,0.88172],"to":[8,6.53427,1.88172],"rotation":{"angle":-45,"axis":"x","origin":[8,10.65255,8]},"faces":{"north":{"uv":[0,0,0,0.5],"texture":"#0"},"east":{"uv":[8,9.5,8.5,10],"texture":"#0"},"south":{"uv":[0,0,0,0.5],"texture":"#0"},"west":{"uv":[8.5,9.5,9,10],"texture":"#0"},"up":{"uv":[0,0.5,0,0],"texture":"#0"},"down":{"uv":[0,0,0,0.5],"texture":"#0"}}},{"from":[8,3.53427,-0.11828],"to":[8,6.53427,0.88172],"rotation":{"angle":-45,"axis":"x","origin":[8,10.65255,8]},"faces":{"north":{"uv":[0,0,0,1.5],"texture":"#0"},"east":{"uv":[5,8.5,5.5,10],"texture":"#0"},"south":{"uv":[0,0,0,1.5],"texture":"#0"},"west":{"uv":[8.5,6.5,9,8],"texture":"#0"},"up":{"uv":[0,0.5,0,0],"texture":"#0"},"down":{"uv":[0,0,0,0.5],"texture":"#0"}}},{"from":[6.75,12.03427,9.38172],"to":[9.25,14.53427,11.88172],"rotation":{"angle":-45,"axis":"x","origin":[8,10.65255,8]},"faces":{"north":{"uv":[4,3,5.25,4.25],"texture":"#0"},"east":{"uv":[4,4.5,5.25,5.75],"texture":"#0"},"south":{"uv":[5,0,6.25,1.25],"texture":"#0"},"west":{"uv":[5,1.5,6.25,2.75],"texture":"#0"},"up":{"uv":[6.75,4.25,5.5,3],"texture":"#0"},"down":{"uv":[6.75,4.5,5.5,5.75],"texture":"#0"}}},{"from":[7.25,2,7.25],"to":[8.75,14,8.75],"rotation":{"angle":0,"axis":"y","origin":[8,10.65255,8]},"faces":{"north":{"uv":[0,3,0.75,9],"texture":"#0"},"east":{"uv":[1,3,1.75,9],"texture":"#0"},"south":{"uv":[2,3,2.75,9],"texture":"#0"},"west":{"uv":[3,3,3.75,9],"texture":"#0"},"up":{"uv":[3.75,9.75,3,9],"texture":"#0"},"down":{"uv":[10.25,0.5,9.5,1.25],"texture":"#0"}}},{"from":[6.75,4.5,6.75],"to":[9.25,5.5,6.75],"rotation":{"angle":-45,"axis":"y","origin":[8,4,8]},"faces":{"north":{"uv":[9,1.5,10.25,2],"texture":"#0"},"east":{"uv":[0,0,0,0.5],"texture":"#0"},"south":{"uv":[9,5,10.25,5.5],"texture":"#0"},"west":{"uv":[0,0,0,0.5],"texture":"#0"},"up":{"uv":[1.25,0,0,0],"texture":"#0"},"down":{"uv":[1.25,0,0,0],"texture":"#0"}}},{"from":[6.75,3.5,6.75],"to":[9.25,4.5,9.25],"rotation":{"angle":-45,"axis":"y","origin":[8,4,8]},"faces":{"north":{"uv":[5.5,9,6.75,9.5],"texture":"#0"},"east":{"uv":[9,5.5,10.25,6],"texture":"#0"},"south":{"uv":[9,6.5,10.25,7],"texture":"#0"},"west":{"uv":[7,9,8.25,9.5],"texture":"#0"},"up":{"uv":[5.25,7.25,4,6],"texture":"#0"},"down":{"uv":[6.75,6,5.5,7.25],"texture":"#0"}}},{"from":[9.25,4.5,6.75],"to":[9.25,5.5,9.25],"rotation":{"angle":-45,"axis":"y","origin":[8,4,8]},"faces":{"north":{"uv":[0,0,0,0.5],"texture":"#0"},"east":{"uv":[9,7,10.25,7.5],"texture":"#0"},"south":{"uv":[0,0,0,0.5],"texture":"#0"},"west":{"uv":[9,7.5,10.25,8],"texture":"#0"},"up":{"uv":[0,1.25,0,0],"texture":"#0"},"down":{"uv":[0,0,0,1.25],"texture":"#0"}}},{"from":[6.75,4.5,6.75],"to":[6.75,5.5,9.25],"rotation":{"angle":-45,"axis":"y","origin":[8,4,8]},"faces":{"north":{"uv":[0,0,0,0.5],"texture":"#0"},"east":{"uv":[9,8,10.25,8.5],"texture":"#0"},"south":{"uv":[0,0,0,0.5],"texture":"#0"},"west":{"uv":[9,8.5,10.25,9],"texture":"#0"},"up":{"uv":[0,1.25,0,0],"texture":"#0"},"down":{"uv":[0,0,0,1.25],"texture":"#0"}}},{"from":[6.75,4.5,9.25],"to":[9.25,5.5,9.25],"rotation":{"angle":-45,"axis":"y","origin":[8,4,8]},"faces":{"north":{"uv":[9,9,10.25,9.5],"texture":"#0"},"east":{"uv":[0,0,0,0.5],"texture":"#0"},"south":{"uv":[9.5,0,10.75,0.5],"texture":"#0"},"west":{"uv":[0,0,0,0.5],"texture":"#0"},"up":{"uv":[1.25,0,0,0],"texture":"#0"},"down":{"uv":[1.25,0,0,0],"texture":"#0"}}},{"from":[7.5,14,8.35],"to":[8.5,15.5,11.1],"rotation":{"angle":-22.5,"axis":"x","origin":[8,14.5,10.5]},"faces":{"north":{"uv":[9.5,2,10,2.75],"texture":"#0"},"east":{"uv":[7.5,0,9,0.75],"texture":"#0"},"south":{"uv":[9.5,3,10,3.75],"texture":"#0"},"west":{"uv":[7.5,1,9,1.75],"texture":"#0"},"up":{"uv":[9,9.5,8.5,8],"texture":"#0"},"down":{"uv":[0.5,9,0,10.5],"texture":"#0"}}},{"from":[7.25,13,11.1],"to":[8.75,16,12.1],"rotation":{"angle":-22.5,"axis":"x","origin":[8,14.5,10.5]},"faces":{"north":{"uv":[7.5,2,8.25,3.5],"texture":"#0"},"east":{"uv":[9,0,9.5,1.5],"texture":"#0"},"south":{"uv":[7.5,3.5,8.25,5],"texture":"#0"},"west":{"uv":[0.5,9,1,10.5],"texture":"#0"},"up":{"uv":[4.75,10,4,9.5],"texture":"#0"},"down":{"uv":[10.25,4,9.5,4.5],"texture":"#0"}}},{"from":[8,16,11.1],"to":[8,17,12.1],"rotation":{"angle":-22.5,"axis":"x","origin":[8,14.5,10.5]},"faces":{"north":{"uv":[0,0,0,0.5],"texture":"#0"},"east":{"uv":[9,9.5,9.5,10],"texture":"#0"},"south":{"uv":[0,0,0,0.5],"texture":"#0"},"west":{"uv":[9.5,9.5,10,10],"texture":"#0"},"up":{"uv":[0,0.5,0,0],"texture":"#0"},"down":{"uv":[0,0,0,0.5],"texture":"#0"}}},{"from":[8,12,11.1],"to":[8,13,12.1],"rotation":{"angle":-22.5,"axis":"x","origin":[8,14.5,10.5]},"faces":{"north":{"uv":[0,0,0,0.5],"texture":"#0"},"east":{"uv":[10,2,10.5,2.5],"texture":"#0"},"south":{"uv":[0,0,0,0.5],"texture":"#0"},"west":{"uv":[10,2.5,10.5,3],"texture":"#0"},"up":{"uv":[0,0.5,0,0],"texture":"#0"},"down":{"uv":[0,0,0,0.5],"texture":"#0"}}},{"from":[8,12,12.1],"to":[8,17,13.1],"rotation":{"angle":-22.5,"axis":"x","origin":[8,14.5,10.5]},"faces":{"north":{"uv":[0,0,0,2.5],"texture":"#0"},"east":{"uv":[6.5,0,7,2.5],"texture":"#0"},"south":{"uv":[0,0,0,2.5],"texture":"#0"},"west":{"uv":[7,0,7.5,2.5],"texture":"#0"},"up":{"uv":[0,0.5,0,0],"texture":"#0"},"down":{"uv":[0,0,0,0.5],"texture":"#0"}}},{"from":[7.5,12.34396,5.21142],"to":[8.5,13.84396,7.96142],"rotation":{"angle":22.5,"axis":"x","origin":[8,14.44396,9.71142]},"faces":{"north":{"uv":[5.5,9.5,6,10.25],"texture":"#0"},"east":{"uv":[4,7.5,5.5,8.25],"texture":"#0"},"south":{"uv":[6,9.5,6.5,10.25],"texture":"#0"},"west":{"uv":[7.5,5,9,5.75],"texture":"#0"},"up":{"uv":[1.5,10.5,1,9],"texture":"#0"},"down":{"uv":[2,9,1.5,10.5],"texture":"#0"}}},{"from":[7.25,11.34396,4.21142],"to":[8.75,14.34396,5.21142],"rotation":{"angle":22.5,"axis":"x","origin":[8,14.44396,9.71142]},"faces":{"north":{"uv":[5.5,7.5,6.25,9],"texture":"#0"},"east":{"uv":[2,9,2.5,10.5],"texture":"#0"},"south":{"uv":[7.5,6,8.25,7.5],"texture":"#0"},"west":{"uv":[2.5,9,3,10.5],"texture":"#0"},"up":{"uv":[10.25,5,9.5,4.5],"texture":"#0"},"down":{"uv":[7.25,9.5,6.5,10],"texture":"#0"}}},{"from":[8,14.34396,4.21142],"to":[8,15.34396,5.21142],"rotation":{"angle":22.5,"axis":"x","origin":[8,14.44396,9.71142]},"faces":{"north":{"uv":[0,0,0,0.5],"texture":"#0"},"east":{"uv":[3,10,3.5,10.5],"texture":"#0"},"south":{"uv":[0,0,0,0.5],"texture":"#0"},"west":{"uv":[10,3,10.5,3.5],"texture":"#0"},"up":{"uv":[0,0.5,0,0],"texture":"#0"},"down":{"uv":[0,0,0,0.5],"texture":"#0"}}},{"from":[8,10.34396,4.21142],"to":[8,11.34396,5.21142],"rotation":{"angle":22.5,"axis":"x","origin":[8,14.44396,9.71142]},"faces":{"north":{"uv":[0,0,0,0.5],"texture":"#0"},"east":{"uv":[3.5,10,4,10.5],"texture":"#0"},"south":{"uv":[0,0,0,0.5],"texture":"#0"},"west":{"uv":[10,3.5,10.5,4],"texture":"#0"},"up":{"uv":[0,0.5,0,0],"texture":"#0"},"down":{"uv":[0,0,0,0.5],"texture":"#0"}}},{"from":[8,10.34396,3.21142],"to":[8,15.34396,4.21142],"rotation":{"angle":22.5,"axis":"x","origin":[8,14.44396,9.71142]},"faces":{"north":{"uv":[0,0,0,2.5],"texture":"#0"},"east":{"uv":[7,2.5,7.5,5],"texture":"#0"},"south":{"uv":[0,0,0,2.5],"texture":"#0"},"west":{"uv":[7,5,7.5,7.5],"texture":"#0"},"up":{"uv":[0,0.5,0,0],"texture":"#0"},"down":{"uv":[0,0,0,0.5],"texture":"#0"}}}],"display":{"thirdperson_righthand":{"translation":[0,-2,0.25]},"thirdperson_lefthand":{"translation":[0,-2,0.25]},"firstperson_righthand":{"rotation":[-5,0,0]},"firstperson_lefthand":{"rotation":[-5,0,0]},"ground":{"translation":[0,6,0]},"gui":{"rotation":[-84,-45,-90],"translation":[-1.75,-1.75,0],"scale":[0.9,0.9,0.9]},"fixed":{"rotation":[-90,45,90],"translation":[2,-2.5,0]}},"groups":[{"name":"dinosaurshovel","origin":[8,10.65758,7.99088],"color":0,"children":[0,1,2,3,4,5,6,7,8,9,10,11,12,13,14,15,16,17,18,19,20,21,22]}],"mcmodels":"ad448cca3a91523b9be3317134cddebf"}