{"credit":"Made with Blockbench","texture_size":[32,32],"textures":{"0":"minewave:item/dinosaur/dinosaurspear","particle":"minewave:item/dinosaur/dinosaurspear"},"elements":[{"from":[7,3.40031,0.35157],"to":[9,5.40031,2.35157],"rotation":{"angle":-45,"axis":"x","origin":[8,11.04874,8]},"faces":{"north":{"uv":[6.5,7.5,7.5,8.5],"texture":"#0"},"east":{"uv":[7.5,7.5,8.5,8.5],"texture":"#0"},"south":{"uv":[8.5,3,9.5,4],"texture":"#0"},"west":{"uv":[4,8.5,5,9.5],"texture":"#0"},"up":{"uv":[9.5,5,8.5,4],"texture":"#0"},"down":{"uv":[9.5,5,8.5,6],"texture":"#0"}}},{"from":[8,3.40031,2.35157],"to":[8,4.40031,3.35157],"rotation":{"angle":-45,"axis":"x","origin":[8,11.04874,8]},"faces":{"north":{"uv":[0,0,0,0.5],"texture":"#0"},"east":{"uv":[5.5,7,6,7.5],"texture":"#0"},"south":{"uv":[0,0,0,0.5],"texture":"#0"},"west":{"uv":[9,2.5,9.5,3],"texture":"#0"},"up":{"uv":[0,0.5,0,0],"texture":"#0"},"down":{"uv":[0,0,0,0.5],"texture":"#0"}}},{"from":[8,2.40031,-0.64843],"to":[8,3.40031,3.35157],"rotation":{"angle":-45,"axis":"x","origin":[8,11.04874,8]},"faces":{"north":{"uv":[0,0,0,0.5],"texture":"#0"},"east":{"uv":[8.5,6,10.5,6.5],"texture":"#0"},"south":{"uv":[0,0,0,0.5],"texture":"#0"},"west":{"uv":[6.5,8.5,8.5,9],"texture":"#0"},"up":{"uv":[0,2,0,0],"texture":"#0"},"down":{"uv":[0,0,0,2],"texture":"#0"}}},{"from":[8,5.40031,0.35157],"to":[8,6.40031,1.35157],"rotation":{"angle":-45,"axis":"x","origin":[8,11.04874,8]},"faces":{"north":{"uv":[0,0,0,0.5],"texture":"#0"},"east":{"uv":[4.5,9.5,5,10],"texture":"#0"},"south":{"uv":[0,0,0,0.5],"texture":"#0"},"west":{"uv":[0,11,0.5,11.5],"texture":"#0"},"up":{"uv":[0,0.5,0,0],"texture":"#0"},"down":{"uv":[0,0,0,0.5],"texture":"#0"}}},{"from":[8,3.40031,-0.64843],"to":[8,6.40031,0.35157],"rotation":{"angle":-45,"axis":"x","origin":[8,11.04874,8]},"faces":{"north":{"uv":[0,0,0,1.5],"texture":"#0"},"east":{"uv":[5,8.5,5.5,10],"texture":"#0"},"south":{"uv":[0,0,0,1.5],"texture":"#0"},"west":{"uv":[3.5,9,4,10.5],"texture":"#0"},"up":{"uv":[0,0.5,0,0],"texture":"#0"},"down":{"uv":[0,0,0,0.5],"texture":"#0"}}},{"from":[6.75,14.90031,16.85157],"to":[9.25,17.40031,19.35157],"rotation":{"angle":-45,"axis":"x","origin":[8,6.04874,8]},"faces":{"north":{"uv":[6,0,7.25,1.25],"texture":"#0"},"east":{"uv":[6,1.5,7.25,2.75],"texture":"#0"},"south":{"uv":[6,3,7.25,4.25],"texture":"#0"},"west":{"uv":[6,4.5,7.25,5.75],"texture":"#0"},"up":{"uv":[7.25,7.25,6,6],"texture":"#0"},"down":{"uv":[5.25,7,4,8.25],"texture":"#0"}}},{"from":[6.75,3.25,6.75],"to":[9.25,4.25,9.25],"rotation":{"angle":-45,"axis":"y","origin":[8,3.75,8]},"faces":{"north":{"uv":[9.5,4,10.75,4.5],"texture":"#0"},"east":{"uv":[9.5,4.5,10.75,5],"texture":"#0"},"south":{"uv":[9.5,5,10.75,5.5],"texture":"#0"},"west":{"uv":[9.5,5.5,10.75,6],"texture":"#0"},"up":{"uv":[8.75,1.25,7.5,0],"texture":"#0"},"down":{"uv":[8.75,1.5,7.5,2.75],"texture":"#0"}}},{"from":[9.25,4.25,6.75],"to":[9.25,5.25,9.25],"rotation":{"angle":-45,"axis":"y","origin":[8,3.75,8]},"faces":{"north":{"uv":[0,0,0,0.5],"texture":"#0"},"east":{"uv":[9.5,8.5,10.75,9],"texture":"#0"},"south":{"uv":[0,0,0,0.5],"texture":"#0"},"west":{"uv":[9.5,9,10.75,9.5],"texture":"#0"},"up":{"uv":[0,1.25,0,0],"texture":"#0"},"down":{"uv":[0,0,0,1.25],"texture":"#0"}}},{"from":[6.75,4.25,6.75],"to":[6.75,5.25,9.25],"rotation":{"angle":-45,"axis":"y","origin":[8,3.75,8]},"faces":{"north":{"uv":[0,0,0,0.5],"texture":"#0"},"east":{"uv":[9.5,9.5,10.75,10],"texture":"#0"},"south":{"uv":[0,0,0,0.5],"texture":"#0"},"west":{"uv":[1,10,2.25,10.5],"texture":"#0"},"up":{"uv":[0,1.25,0,0],"texture":"#0"},"down":{"uv":[0,0,0,1.25],"texture":"#0"}}},{"from":[6.75,4.25,6.75],"to":[9.25,5.25,6.75],"rotation":{"angle":-45,"axis":"y","origin":[8,3.75,8]},"faces":{"north":{"uv":[10,1,11.25,1.5],"texture":"#0"},"east":{"uv":[0,0,0,0.5],"texture":"#0"},"south":{"uv":[10,1.5,11.25,2],"texture":"#0"},"west":{"uv":[0,0,0,0.5],"texture":"#0"},"up":{"uv":[1.25,0,0,0],"texture":"#0"},"down":{"uv":[1.25,0,0,0],"texture":"#0"}}},{"from":[6.75,4.25,9.25],"to":[9.25,5.25,9.25],"rotation":{"angle":-45,"axis":"y","origin":[8,3.75,8]},"faces":{"north":{"uv":[10,2,11.25,2.5],"texture":"#0"},"east":{"uv":[0,0,0,0.5],"texture":"#0"},"south":{"uv":[10,2.5,11.25,3],"texture":"#0"},"west":{"uv":[0,0,0,0.5],"texture":"#0"},"up":{"uv":[1.25,0,0,0],"texture":"#0"},"down":{"uv":[1.25,0,0,0],"texture":"#0"}}},{"from":[7.25,19.75,5.35],"to":[8.75,21.25,7.85],"rotation":{"angle":22.5,"axis":"x","origin":[8,20.75,6]},"faces":{"north":{"uv":[10,3,10.75,3.75],"texture":"#0"},"east":{"uv":[8.5,6.5,9.75,7.25],"texture":"#0"},"south":{"uv":[4.5,10,5.25,10.75],"texture":"#0"},"west":{"uv":[8.5,7.5,9.75,8.25],"texture":"#0"},"up":{"uv":[9.25,9.75,8.5,8.5],"texture":"#0"},"down":{"uv":[0.75,9,0,10.25],"texture":"#0"}}},{"from":[7,18.75,4.35],"to":[9,21.75,5.35],"rotation":{"angle":22.5,"axis":"x","origin":[8,20.75,6]},"faces":{"north":{"uv":[7.5,3,8.5,4.5],"texture":"#0"},"east":{"uv":[5.5,9,6,10.5],"texture":"#0"},"south":{"uv":[7.5,4.5,8.5,6],"texture":"#0"},"west":{"uv":[6,9,6.5,10.5],"texture":"#0"},"up":{"uv":[1,11,0,10.5],"texture":"#0"},"down":{"uv":[11.5,0,10.5,0.5],"texture":"#0"}}},{"from":[8,17.75,3.35],"to":[8,18.75,5.35],"rotation":{"angle":22.5,"axis":"x","origin":[8,20.75,6]},"faces":{"north":{"uv":[0,0,0,0.5],"texture":"#0"},"east":{"uv":[10.5,0.5,11.5,1],"texture":"#0"},"south":{"uv":[0,0,0,0.5],"texture":"#0"},"west":{"uv":[1,10.5,2,11],"texture":"#0"},"up":{"uv":[0,1,0,0],"texture":"#0"},"down":{"uv":[0,0,0,1],"texture":"#0"}}},{"from":[8,18.75,3.35],"to":[8,21.75,4.35],"rotation":{"angle":22.5,"axis":"x","origin":[8,20.75,6]},"faces":{"north":{"uv":[0,0,0,1.5],"texture":"#0"},"east":{"uv":[6.5,9,7,10.5],"texture":"#0"},"south":{"uv":[0,0,0,1.5],"texture":"#0"},"west":{"uv":[7,9,7.5,10.5],"texture":"#0"},"up":{"uv":[0,0.5,0,0],"texture":"#0"},"down":{"uv":[0,0,0,0.5],"texture":"#0"}}},{"from":[8,21.75,3.35],"to":[8,22.75,5.35],"rotation":{"angle":22.5,"axis":"x","origin":[8,20.75,6]},"faces":{"north":{"uv":[0,0,0,0.5],"texture":"#0"},"east":{"uv":[2,10.5,3,11],"texture":"#0"},"south":{"uv":[0,0,0,0.5],"texture":"#0"},"west":{"uv":[3,10.5,4,11],"texture":"#0"},"up":{"uv":[0,1,0,0],"texture":"#0"},"down":{"uv":[0,0,0,1],"texture":"#0"}}},{"from":[7.25,18.40136,7.9],"to":[8.75,19.90136,10.4],"rotation":{"angle":-22.5,"axis":"x","origin":[8,20.75136,6.65]},"faces":{"north":{"uv":[10,6.5,10.75,7.25],"texture":"#0"},"east":{"uv":[9,0,10.25,0.75],"texture":"#0"},"south":{"uv":[10,7.5,10.75,8.25],"texture":"#0"},"west":{"uv":[1,9,2.25,9.75],"texture":"#0"},"up":{"uv":[9.75,2.25,9,1],"texture":"#0"},"down":{"uv":[3.25,9,2.5,10.25],"texture":"#0"}}},{"from":[7,17.40136,10.4],"to":[9,20.40136,11.4],"rotation":{"angle":-22.5,"axis":"x","origin":[8,20.75136,6.65]},"faces":{"north":{"uv":[5.5,7.5,6.5,9],"texture":"#0"},"east":{"uv":[7.5,9,8,10.5],"texture":"#0"},"south":{"uv":[7.5,6,8.5,7.5],"texture":"#0"},"west":{"uv":[8,9,8.5,10.5],"texture":"#0"},"up":{"uv":[6.5,11,5.5,10.5],"texture":"#0"},"down":{"uv":[11.5,6,10.5,6.5],"texture":"#0"}}},{"from":[8,20.40136,10.4],"to":[8,21.40136,12.4],"rotation":{"angle":-22.5,"axis":"x","origin":[8,20.75136,6.65]},"faces":{"north":{"uv":[0,0,0,0.5],"texture":"#0"},"east":{"uv":[6.5,10.5,7.5,11],"texture":"#0"},"south":{"uv":[0,0,0,0.5],"texture":"#0"},"west":{"uv":[7.5,10.5,8.5,11],"texture":"#0"},"up":{"uv":[0,1,0,0],"texture":"#0"},"down":{"uv":[0,0,0,1],"texture":"#0"}}},{"from":[8,17.40136,11.4],"to":[8,20.40136,12.4],"rotation":{"angle":-22.5,"axis":"x","origin":[8,20.75136,6.65]},"faces":{"north":{"uv":[0,0,0,1.5],"texture":"#0"},"east":{"uv":[9.5,2.5,10,4],"texture":"#0"},"south":{"uv":[0,0,0,1.5],"texture":"#0"},"west":{"uv":[4,9.5,4.5,11],"texture":"#0"},"up":{"uv":[0,0.5,0,0],"texture":"#0"},"down":{"uv":[0,0,0,0.5],"texture":"#0"}}},{"from":[8,16.40136,10.4],"to":[8,17.40136,12.4],"rotation":{"angle":-22.5,"axis":"x","origin":[8,20.75136,6.65]},"faces":{"north":{"uv":[0,0,0,0.5],"texture":"#0"},"east":{"uv":[10.5,10,11.5,10.5],"texture":"#0"},"south":{"uv":[0,0,0,0.5],"texture":"#0"},"west":{"uv":[10.5,10.5,11.5,11],"texture":"#0"},"up":{"uv":[0,1,0,0],"texture":"#0"},"down":{"uv":[0,0,0,1],"texture":"#0"}}},{"from":[7.25,2.01741,7.22954],"to":[8.75,20.01741,8.72954],"rotation":{"angle":0,"axis":"y","origin":[7.92788,3.87374,8.58278]},"faces":{"north":{"uv":[0,0,0.75,9],"texture":"#0"},"east":{"uv":[1,0,1.75,9],"texture":"#0"},"south":{"uv":[2,0,2.75,9],"texture":"#0"},"west":{"uv":[3,0,3.75,9],"texture":"#0"},"up":{"uv":[9.25,10.75,8.5,10],"texture":"#0"},"down":{"uv":[10.25,10,9.5,10.75],"texture":"#0"}}},{"from":[8,20.76741,6.22954],"to":[8,27.76741,9.72954],"rotation":{"angle":0,"axis":"y","origin":[7.92788,3.87374,8.58278]},"faces":{"north":{"uv":[0,0,0,3.5],"texture":"#0"},"east":{"uv":[4,0,5.75,3.5],"texture":"#0"},"south":{"uv":[0,0,0,3.5],"texture":"#0"},"west":{"uv":[4,3.5,5.75,7],"texture":"#0"},"up":{"uv":[0,1.75,0,0],"texture":"#0"},"down":{"uv":[0,0,0,1.75],"texture":"#0"}}}],"display":{"thirdperson_righthand":{"translation":[0,-2,0.5]},"thirdperson_lefthand":{"translation":[0,-2,0.5]},"firstperson_righthand":{"rotation":[-5,0,0],"translation":[0,-7,0]},"firstperson_lefthand":{"rotation":[-5,0,0],"translation":[0,-7,0]},"ground":{"translation":[0,6,0]},"gui":{"rotation":[99.25,45,-90],"translation":[-3,-3,0],"scale":[0.7,0.7,0.7]},"fixed":{"rotation":[-90,45,90],"translation":[3.75,-3.75,0],"scale":[0.9,0.9,0.9]}},"groups":[{"name":"spear","origin":[0,0,0],"color":0,"children":[0,1,2,3,4,5,6,7,8,9,10,11,12,13,14,15,16,17,18,19,20,21,22]}],"mcmodels":"ad448cca3a91523b9be3317134cddebf"}