{"credit":"Made with Blockbench","texture_size":[32,32],"textures":{"0":"minewave:item/dinosaur/dinosaurstaff","particle":"minewave:item/dinosaur/dinosaurstaff"},"elements":[{"from":[7,0.75,6],"to":[10,3.75,9],"rotation":{"angle":45,"axis":"z","origin":[8,1.75,7.5]},"faces":{"north":{"uv":[2,10,3.5,11.5],"texture":"#0"},"east":{"uv":[10,9.5,11.5,11],"texture":"#0"},"south":{"uv":[3.5,10.5,5,12],"texture":"#0"},"west":{"uv":[7.5,10.5,9,12],"texture":"#0"},"up":{"uv":[12,9.5,10.5,8],"texture":"#0"},"down":{"uv":[12.5,6,11,7.5],"texture":"#0"}}},{"from":[6,3.75,7.5],"to":[8,4.75,7.5],"rotation":{"angle":45,"axis":"z","origin":[8,1.75,7.5]},"faces":{"north":{"uv":[9,10.5,10,11],"texture":"#0"},"east":{"uv":[0,0,0,0.5],"texture":"#0"},"south":{"uv":[0,13.5,1,14],"texture":"#0"},"west":{"uv":[0,0,0,0.5],"texture":"#0"},"up":{"uv":[1,0,0,0],"texture":"#0"},"down":{"uv":[1,0,0,0],"texture":"#0"}}},{"from":[6,-0.25,7.5],"to":[7,3.75,7.5],"rotation":{"angle":45,"axis":"z","origin":[8,1.75,7.5]},"faces":{"north":{"uv":[1,12,1.5,14],"texture":"#0"},"east":{"uv":[0,0,0,2],"texture":"#0"},"south":{"uv":[1.5,12,2,14],"texture":"#0"},"west":{"uv":[0,0,0,2],"texture":"#0"},"up":{"uv":[0.5,0,0,0],"texture":"#0"},"down":{"uv":[0.5,0,0,0],"texture":"#0"}}},{"from":[7,-0.25,7.5],"to":[10,0.75,7.5],"rotation":{"angle":45,"axis":"z","origin":[8,1.75,7.5]},"faces":{"north":{"uv":[5.5,8,7,8.5],"texture":"#0"},"east":{"uv":[0,0,0,0.5],"texture":"#0"},"south":{"uv":[8.5,8,10,8.5],"texture":"#0"},"west":{"uv":[0,0,0,0.5],"texture":"#0"},"up":{"uv":[1.5,0,0,0],"texture":"#0"},"down":{"uv":[1.5,0,0,0],"texture":"#0"}}},{"from":[10,-0.25,7.5],"to":[11,1.75,7.5],"rotation":{"angle":45,"axis":"z","origin":[8,1.75,7.5]},"faces":{"north":{"uv":[13.5,3,14,4],"texture":"#0"},"east":{"uv":[0,0,0,1],"texture":"#0"},"south":{"uv":[3.5,13.5,4,14.5],"texture":"#0"},"west":{"uv":[0,0,0,1],"texture":"#0"},"up":{"uv":[0.5,0,0,0],"texture":"#0"},"down":{"uv":[0.5,0,0,0],"texture":"#0"}}},{"from":[7,2.87132,6.5],"to":[9,17.37132,8.5],"rotation":{"angle":0,"axis":"y","origin":[8,1.87132,7.5]},"faces":{"north":{"uv":[0,0,1,7.25],"texture":"#0"},"east":{"uv":[1,0,2,7.25],"texture":"#0"},"south":{"uv":[2,0,3,7.25],"texture":"#0"},"west":{"uv":[3,0,4,7.25],"texture":"#0"},"up":{"uv":[9,13,8,12],"texture":"#0"},"down":{"uv":[13,11,12,12],"texture":"#0"}}},{"from":[6.5,4.62132,6],"to":[9.5,5.62132,9],"rotation":{"angle":-45,"axis":"y","origin":[8,5.12132,7.5]},"faces":{"north":{"uv":[12.5,7,14,7.5],"texture":"#0"},"east":{"uv":[13,1,14.5,1.5],"texture":"#0"},"south":{"uv":[13,1.5,14.5,2],"texture":"#0"},"west":{"uv":[13,2,14.5,2.5],"texture":"#0"},"up":{"uv":[10.5,12.5,9,11],"texture":"#0"},"down":{"uv":[12,11,10.5,12.5],"texture":"#0"}}},{"from":[9.5,5.62132,6],"to":[9.5,6.62132,9],"rotation":{"angle":-45,"axis":"y","origin":[8,5.12132,7.5]},"faces":{"north":{"uv":[0,0,0,0.5],"texture":"#0"},"east":{"uv":[13,2.5,14.5,3],"texture":"#0"},"south":{"uv":[0,0,0,0.5],"texture":"#0"},"west":{"uv":[3.5,13,5,13.5],"texture":"#0"},"up":{"uv":[0,1.5,0,0],"texture":"#0"},"down":{"uv":[0,0,0,1.5],"texture":"#0"}}},{"from":[6.5,5.62132,6],"to":[6.5,6.62132,9],"rotation":{"angle":-45,"axis":"y","origin":[8,5.12132,7.5]},"faces":{"north":{"uv":[0,0,0,0.5],"texture":"#0"},"east":{"uv":[7.5,13,9,13.5],"texture":"#0"},"south":{"uv":[0,0,0,0.5],"texture":"#0"},"west":{"uv":[13,11,14.5,11.5],"texture":"#0"},"up":{"uv":[0,1.5,0,0],"texture":"#0"},"down":{"uv":[0,0,0,1.5],"texture":"#0"}}},{"from":[6.5,5.62132,6],"to":[9.5,6.62132,6],"rotation":{"angle":-45,"axis":"y","origin":[8,5.12132,7.5]},"faces":{"north":{"uv":[13,11.5,14.5,12],"texture":"#0"},"east":{"uv":[0,0,0,0.5],"texture":"#0"},"south":{"uv":[12,13,13.5,13.5],"texture":"#0"},"west":{"uv":[0,0,0,0.5],"texture":"#0"},"up":{"uv":[1.5,0,0,0],"texture":"#0"},"down":{"uv":[1.5,0,0,0],"texture":"#0"}}},{"from":[6.5,5.62132,9],"to":[9.5,6.62132,9],"rotation":{"angle":-45,"axis":"y","origin":[8,5.12132,7.5]},"faces":{"north":{"uv":[13,12,14.5,12.5],"texture":"#0"},"east":{"uv":[0,0,0,0.5],"texture":"#0"},"south":{"uv":[13,12.5,14.5,13],"texture":"#0"},"west":{"uv":[0,0,0,0.5],"texture":"#0"},"up":{"uv":[1.5,0,0,0],"texture":"#0"},"down":{"uv":[1.5,0,0,0],"texture":"#0"}}},{"from":[20.25,11.1,6],"to":[23.75,14.6,9],"rotation":{"angle":45,"axis":"z","origin":[8,-1.15,7.5]},"faces":{"north":{"uv":[4,4,5.75,5.75],"texture":"#0"},"east":{"uv":[6,4,7.5,5.75],"texture":"#0"},"south":{"uv":[4,6,5.75,7.75],"texture":"#0"},"west":{"uv":[6,6,7.5,7.75],"texture":"#0"},"up":{"uv":[8.75,1.5,7,0],"texture":"#0"},"down":{"uv":[8.75,1.5,7,3],"texture":"#0"}}},{"from":[6.5,22.62132,6.5],"to":[9.5,25.62132,8.5],"rotation":{"angle":45,"axis":"z","origin":[8,24.12132,7.5]},"faces":{"north":{"uv":[11.5,0,13,1.5],"texture":"#0"},"east":{"uv":[11.5,9.5,12.5,11],"texture":"#0"},"south":{"uv":[11.5,1.5,13,3],"texture":"#0"},"west":{"uv":[0,12,1,13.5],"texture":"#0"},"up":{"uv":[13.5,4,12,3],"texture":"#0"},"down":{"uv":[5,12,3.5,13],"texture":"#0"}}},{"from":[5,24.12132,5.5],"to":[11,24.12132,9.5],"rotation":{"angle":0,"axis":"y","origin":[8,24.12132,7.5]},"faces":{"north":{"uv":[0,0,3,0],"texture":"#0"},"east":{"uv":[0,0,2,0],"texture":"#0"},"south":{"uv":[0,0,3,0],"texture":"#0"},"west":{"uv":[0,0,2,0],"texture":"#0"},"up":{"uv":[7,2,4,0],"texture":"#0"},"down":{"uv":[7,2,4,4],"texture":"#0"}}},{"from":[2.70818,19.46581,6.5],"to":[7.45818,21.46581,8.5],"rotation":{"angle":-22.5,"axis":"z","origin":[5.08318,20.46581,7.5]},"faces":{"north":{"uv":[7,3,9.5,4],"texture":"#0"},"east":{"uv":[12,12,13,13],"texture":"#0"},"south":{"uv":[0,7.5,2.5,8.5],"texture":"#0"},"west":{"uv":[12.5,4,13.5,5],"texture":"#0"},"up":{"uv":[10,5,7.5,4],"texture":"#0"},"down":{"uv":[10,5,7.5,6],"texture":"#0"}}},{"from":[1.50736,20.66295,6.6],"to":[3.50736,25.66295,8.4],"rotation":{"angle":22.5,"axis":"z","origin":[2.50736,23.16295,7.5]},"faces":{"north":{"uv":[2.5,7.5,3.5,10],"texture":"#0"},"east":{"uv":[7.5,6,8.5,8.5],"texture":"#0"},"south":{"uv":[3.5,8,4.5,10.5],"texture":"#0"},"west":{"uv":[4.5,8,5.5,10.5],"texture":"#0"},"up":{"uv":[13.5,6,12.5,5],"texture":"#0"},"down":{"uv":[6.5,12.5,5.5,13.5],"texture":"#0"}}},{"from":[0.50736,20.66295,7.5],"to":[1.50736,28.66295,7.5],"rotation":{"angle":22.5,"axis":"z","origin":[2.50736,23.16295,7.5]},"faces":{"north":{"uv":[5,10.5,5.5,14.5],"texture":"#0"},"east":{"uv":[0,0,0,4],"texture":"#0"},"south":{"uv":[2,11.5,2.5,15.5],"texture":"#0"},"west":{"uv":[0,0,0,4],"texture":"#0"},"up":{"uv":[0.5,0,0,0],"texture":"#0"},"down":{"uv":[0.5,0,0,0],"texture":"#0"}}},{"from":[1.50736,27.66295,7.5],"to":[6.50736,28.66295,7.5],"rotation":{"angle":22.5,"axis":"z","origin":[2.50736,23.16295,7.5]},"faces":{"north":{"uv":[11,7.5,13.5,8],"texture":"#0"},"east":{"uv":[0,0,0,0.5],"texture":"#0"},"south":{"uv":[5.5,12,8,12.5],"texture":"#0"},"west":{"uv":[0,0,0,0.5],"texture":"#0"},"up":{"uv":[2.5,0,0,0],"texture":"#0"},"down":{"uv":[2.5,0,0,0],"texture":"#0"}}},{"from":[1.50736,25.66295,6.6],"to":[6.50736,27.66295,8.4],"rotation":{"angle":22.5,"axis":"z","origin":[2.50736,23.16295,7.5]},"faces":{"north":{"uv":[0,8.5,2.5,9.5],"texture":"#0"},"east":{"uv":[12.5,6,13.5,7],"texture":"#0"},"south":{"uv":[5.5,8.5,8,9.5],"texture":"#0"},"west":{"uv":[6.5,12.5,7.5,13.5],"texture":"#0"},"up":{"uv":[11,7,8.5,6],"texture":"#0"},"down":{"uv":[11,7,8.5,8],"texture":"#0"}}},{"from":[5.50736,24.66295,6.6],"to":[6.50736,25.66295,8.4],"rotation":{"angle":22.5,"axis":"z","origin":[2.50736,23.16295,7.5]},"faces":{"north":{"uv":[3.5,7.5,4,8],"texture":"#0"},"east":{"uv":[4,13.5,5,14],"texture":"#0"},"south":{"uv":[7,8,7.5,8.5],"texture":"#0"},"west":{"uv":[13.5,4,14.5,4.5],"texture":"#0"},"up":{"uv":[14,5.5,13.5,4.5],"texture":"#0"},"down":{"uv":[6,13.5,5.5,14.5],"texture":"#0"}}},{"from":[8.54182,19.46581,6.5],"to":[13.29182,21.46581,8.5],"rotation":{"angle":22.5,"axis":"z","origin":[10.91682,20.46581,7.5]},"faces":{"north":{"uv":[8,8.5,10.5,9.5],"texture":"#0"},"east":{"uv":[9,12.5,10,13.5],"texture":"#0"},"south":{"uv":[9,0,11.5,1],"texture":"#0"},"west":{"uv":[12.5,9,13.5,10],"texture":"#0"},"up":{"uv":[11.5,2,9,1],"texture":"#0"},"down":{"uv":[11.5,2,9,3],"texture":"#0"}}},{"from":[12.49264,20.66295,6.6],"to":[14.49264,25.66295,8.4],"rotation":{"angle":-22.5,"axis":"z","origin":[13.49264,23.16295,7.5]},"faces":{"north":{"uv":[0,9.5,1,12],"texture":"#0"},"east":{"uv":[1,9.5,2,12],"texture":"#0"},"south":{"uv":[5.5,9.5,6.5,12],"texture":"#0"},"west":{"uv":[6.5,9.5,7.5,12],"texture":"#0"},"up":{"uv":[11,13.5,10,12.5],"texture":"#0"},"down":{"uv":[13.5,10,12.5,11],"texture":"#0"}}},{"from":[9.49264,27.66295,7.5],"to":[14.49264,28.66295,7.5],"rotation":{"angle":-22.5,"axis":"z","origin":[13.49264,23.16295,7.5]},"faces":{"north":{"uv":[12,8,14.5,8.5],"texture":"#0"},"east":{"uv":[0,0,0,0.5],"texture":"#0"},"south":{"uv":[12,8.5,14.5,9],"texture":"#0"},"west":{"uv":[0,0,0,0.5],"texture":"#0"},"up":{"uv":[2.5,0,0,0],"texture":"#0"},"down":{"uv":[2.5,0,0,0],"texture":"#0"}}},{"from":[14.49264,20.66295,7.5],"to":[15.49264,28.66295,7.5],"rotation":{"angle":-22.5,"axis":"z","origin":[13.49264,23.16295,7.5]},"faces":{"north":{"uv":[2.5,11.5,3,15.5],"texture":"#0"},"east":{"uv":[0,0,0,4],"texture":"#0"},"south":{"uv":[3,11.5,3.5,15.5],"texture":"#0"},"west":{"uv":[0,0,0,4],"texture":"#0"},"up":{"uv":[0.5,0,0,0],"texture":"#0"},"down":{"uv":[0.5,0,0,0],"texture":"#0"}}},{"from":[9.49264,25.66295,6.6],"to":[14.49264,27.66295,8.4],"rotation":{"angle":-22.5,"axis":"z","origin":[13.49264,23.16295,7.5]},"faces":{"north":{"uv":[9.5,3,12,4],"texture":"#0"},"east":{"uv":[11,12.5,12,13.5],"texture":"#0"},"south":{"uv":[7.5,9.5,10,10.5],"texture":"#0"},"west":{"uv":[13,0,14,1],"texture":"#0"},"up":{"uv":[12.5,5,10,4],"texture":"#0"},"down":{"uv":[12.5,5,10,6],"texture":"#0"}}},{"from":[9.49264,24.66295,6.6],"to":[10.49264,25.66295,8.4],"rotation":{"angle":-22.5,"axis":"z","origin":[13.49264,23.16295,7.5]},"faces":{"north":{"uv":[2,9.5,2.5,10],"texture":"#0"},"east":{"uv":[13.5,5.5,14.5,6],"texture":"#0"},"south":{"uv":[10,8,10.5,8.5],"texture":"#0"},"west":{"uv":[6,13.5,7,14],"texture":"#0"},"up":{"uv":[14,7,13.5,6],"texture":"#0"},"down":{"uv":[7.5,13.5,7,14.5],"texture":"#0"}}}],"display":{"thirdperson_righthand":{"rotation":[0,-90,0],"translation":[0,-3.5,0.5],"scale":[0.9,0.9,0.9]},"thirdperson_lefthand":{"rotation":[0,-90,0],"translation":[0,-3.5,0.5],"scale":[0.9,0.9,0.9]},"firstperson_righthand":{"rotation":[-5,-90,0],"translation":[0,-3,-1],"scale":[0.7,0.7,0.7]},"firstperson_lefthand":{"rotation":[-5,-90,0],"translation":[0,-3,-1],"scale":[0.7,0.7,0.7]},"ground":{"translation":[0,6,0],"scale":[0.7,0.7,0.7]},"gui":{"rotation":[0,0,45],"translation":[3.75,-3.75,0],"scale":[0.55,0.55,0.55]},"fixed":{"rotation":[0,0,45],"translation":[5,-5,0],"scale":[0.7,0.7,0.7]}},"groups":[{"name":"dinosaurstaff","origin":[8,4.75,7.5],"color":0,"children":[0,1,2,3,4,5,6,7,8,9,10,11,12,13,14,15,16,17,18,19,20,21,22,23,24,25]}],"mcmodels":"ad448cca3a91523b9be3317134cddebf"}