{"credit":"Made with Blockbench","texture_size":[32,32],"textures":{"0":"minewave:item/dinosaur/dinosaursword","particle":"minewave:item/dinosaur/dinosaursword"},"elements":[{"from":[7.25,1.75,7.25],"to":[8.75,8.75,8.75],"rotation":{"angle":0,"axis":"y","origin":[8,9.55909,8.01261]},"faces":{"north":{"uv":[5,5.5,5.75,9],"texture":"#0"},"east":{"uv":[0,6,0.75,9.5],"texture":"#0"},"south":{"uv":[6,0,6.75,3.5],"texture":"#0"},"west":{"uv":[1,6,1.75,9.5],"texture":"#0"},"up":{"uv":[11.25,4.25,10.5,3.5],"texture":"#0"},"down":{"uv":[4.75,10.5,4,11.25],"texture":"#0"}}},{"from":[6.75,2.75,6.75],"to":[9.25,3.75,9.25],"rotation":{"angle":-45,"axis":"y","origin":[8,3.5,8]},"faces":{"north":{"uv":[10,7.5,11.25,8],"texture":"#0"},"east":{"uv":[10,9,11.25,9.5],"texture":"#0"},"south":{"uv":[10,9.5,11.25,10],"texture":"#0"},"west":{"uv":[10,10,11.25,10.5],"texture":"#0"},"up":{"uv":[7.25,4.75,6,3.5],"texture":"#0"},"down":{"uv":[7.25,5,6,6.25],"texture":"#0"}}},{"from":[6.75,3.75,6.75],"to":[9.25,4.75,6.75],"rotation":{"angle":-45,"axis":"y","origin":[8,3.5,8]},"faces":{"north":{"uv":[10.5,0,11.75,0.5],"texture":"#0"},"east":{"uv":[0,0,0,0.5],"texture":"#0"},"south":{"uv":[10.5,0.5,11.75,1],"texture":"#0"},"west":{"uv":[0,0,0,0.5],"texture":"#0"},"up":{"uv":[1.25,0,0,0],"texture":"#0"},"down":{"uv":[1.25,0,0,0],"texture":"#0"}}},{"from":[9.25,3.75,6.75],"to":[9.25,4.75,9.25],"rotation":{"angle":-45,"axis":"y","origin":[8,3.5,8]},"faces":{"north":{"uv":[0,0,0,0.5],"texture":"#0"},"east":{"uv":[1,10.5,2.25,11],"texture":"#0"},"south":{"uv":[0,0,0,0.5],"texture":"#0"},"west":{"uv":[10.5,1,11.75,1.5],"texture":"#0"},"up":{"uv":[0,1.25,0,0],"texture":"#0"},"down":{"uv":[0,0,0,1.25],"texture":"#0"}}},{"from":[6.75,3.75,9.25],"to":[9.25,4.75,9.25],"rotation":{"angle":-45,"axis":"y","origin":[8,3.5,8]},"faces":{"north":{"uv":[10.5,1.5,11.75,2],"texture":"#0"},"east":{"uv":[0,0,0,0.5],"texture":"#0"},"south":{"uv":[10.5,2,11.75,2.5],"texture":"#0"},"west":{"uv":[0,0,0,0.5],"texture":"#0"},"up":{"uv":[1.25,0,0,0],"texture":"#0"},"down":{"uv":[1.25,0,0,0],"texture":"#0"}}},{"from":[6.75,3.75,6.75],"to":[6.75,4.75,9.25],"rotation":{"angle":-45,"axis":"y","origin":[8,3.5,8]},"faces":{"north":{"uv":[0,0,0,0.5],"texture":"#0"},"east":{"uv":[10.5,2.5,11.75,3],"texture":"#0"},"south":{"uv":[0,0,0,0.5],"texture":"#0"},"west":{"uv":[10.5,3,11.75,3.5],"texture":"#0"},"up":{"uv":[0,1.25,0,0],"texture":"#0"},"down":{"uv":[0,0,0,1.25],"texture":"#0"}}},{"from":[6.75,8.30183,6.75],"to":[9.25,10.80183,9.25],"rotation":{"angle":45,"axis":"x","origin":[8,9.55183,8]},"faces":{"north":{"uv":[6,6.5,7.25,7.75],"texture":"#0"},"east":{"uv":[7,0,8.25,1.25],"texture":"#0"},"south":{"uv":[7,1.5,8.25,2.75],"texture":"#0"},"west":{"uv":[7.5,3,8.75,4.25],"texture":"#0"},"up":{"uv":[8.75,5.75,7.5,4.5],"texture":"#0"},"down":{"uv":[8.75,6,7.5,7.25],"texture":"#0"}}},{"from":[7,2.2068,2.3925],"to":[9,4.2068,4.3925],"rotation":{"angle":-45,"axis":"x","origin":[8,7.80909,8.01261]},"faces":{"north":{"uv":[9.5,0,10.5,1],"texture":"#0"},"east":{"uv":[1,9.5,2,10.5],"texture":"#0"},"south":{"uv":[9.5,1,10.5,2],"texture":"#0"},"west":{"uv":[9.5,2,10.5,3],"texture":"#0"},"up":{"uv":[5,10.5,4,9.5],"texture":"#0"},"down":{"uv":[10.5,8,9.5,9],"texture":"#0"}}},{"from":[8,2.2068,1.3925],"to":[8,4.2068,2.3925],"rotation":{"angle":-45,"axis":"x","origin":[8,7.80909,8.01261]},"faces":{"north":{"uv":[0,0,0,1],"texture":"#0"},"east":{"uv":[8.5,10.5,9,11.5],"texture":"#0"},"south":{"uv":[0,0,0,1],"texture":"#0"},"west":{"uv":[2,11,2.5,12],"texture":"#0"},"up":{"uv":[0,0.5,0,0],"texture":"#0"},"down":{"uv":[0,0,0,0.5],"texture":"#0"}}},{"from":[8,4.2068,1.3925],"to":[8,5.2068,3.3925],"rotation":{"angle":-45,"axis":"x","origin":[8,7.80909,8.01261]},"faces":{"north":{"uv":[0,0,0,0.5],"texture":"#0"},"east":{"uv":[11,5.5,12,6],"texture":"#0"},"south":{"uv":[0,0,0,0.5],"texture":"#0"},"west":{"uv":[11,6,12,6.5],"texture":"#0"},"up":{"uv":[0,1,0,0],"texture":"#0"},"down":{"uv":[0,0,0,1],"texture":"#0"}}},{"from":[8,1.2068,1.3925],"to":[8,2.2068,4.3925],"rotation":{"angle":-45,"axis":"x","origin":[8,7.80909,8.01261]},"faces":{"north":{"uv":[0,0,0,0.5],"texture":"#0"},"east":{"uv":[10,7,11.5,7.5],"texture":"#0"},"south":{"uv":[0,0,0,0.5],"texture":"#0"},"west":{"uv":[7.5,10,9,10.5],"texture":"#0"},"up":{"uv":[0,1.5,0,0],"texture":"#0"},"down":{"uv":[0,0,0,1.5],"texture":"#0"}}},{"from":[8,1.2068,4.3925],"to":[8,3.2068,5.3925],"rotation":{"angle":-45,"axis":"x","origin":[8,7.80909,8.01261]},"faces":{"north":{"uv":[0,0,0,1],"texture":"#0"},"east":{"uv":[7,11,7.5,12],"texture":"#0"},"south":{"uv":[0,0,0,1],"texture":"#0"},"west":{"uv":[9.5,11,10,12],"texture":"#0"},"up":{"uv":[0,0.5,0,0],"texture":"#0"},"down":{"uv":[0,0,0,0.5],"texture":"#0"}}},{"from":[7.25,8.27664,8.15223],"to":[8.75,9.77664,11.15223],"rotation":{"angle":-22.5,"axis":"x","origin":[8,9.80909,8.01261]},"faces":{"north":{"uv":[5,10.5,5.75,11.25],"texture":"#0"},"east":{"uv":[7.5,7.5,9,8.25],"texture":"#0"},"south":{"uv":[6,10.5,6.75,11.25],"texture":"#0"},"west":{"uv":[6,8,7.5,8.75],"texture":"#0"},"up":{"uv":[2.75,7.5,2,6],"texture":"#0"},"down":{"uv":[2.75,7.5,2,9],"texture":"#0"}}},{"from":[7.25,9.78663,10.58155],"to":[8.75,12.78663,12.08155],"rotation":{"angle":22.5,"axis":"x","origin":[8,11.03663,11.33155]},"faces":{"north":{"uv":[8.5,0,9.25,1.5],"texture":"#0"},"east":{"uv":[8.5,1.5,9.25,3],"texture":"#0"},"south":{"uv":[7.5,8.5,8.25,10],"texture":"#0"},"west":{"uv":[8.5,8.5,9.25,10],"texture":"#0"},"up":{"uv":[8.25,11.25,7.5,10.5],"texture":"#0"},"down":{"uv":[11.25,8,10.5,8.75],"texture":"#0"}}},{"from":[8,12.78663,10.58155],"to":[8,13.78663,12.08155],"rotation":{"angle":22.5,"axis":"x","origin":[8,11.03663,11.33155]},"faces":{"north":{"uv":[0,0,0,0.5],"texture":"#0"},"east":{"uv":[11,6.5,11.75,7],"texture":"#0"},"south":{"uv":[0,0,0,0.5],"texture":"#0"},"west":{"uv":[5,11.5,5.75,12],"texture":"#0"},"up":{"uv":[0,0.75,0,0],"texture":"#0"},"down":{"uv":[0,0,0,0.75],"texture":"#0"}}},{"from":[8,9.78663,12.08155],"to":[8,13.78663,13.08155],"rotation":{"angle":22.5,"axis":"x","origin":[8,11.03663,11.33155]},"faces":{"north":{"uv":[0,0,0,2],"texture":"#0"},"east":{"uv":[7,9,7.5,11],"texture":"#0"},"south":{"uv":[0,0,0,2],"texture":"#0"},"west":{"uv":[9.5,9,10,11],"texture":"#0"},"up":{"uv":[0,0.5,0,0],"texture":"#0"},"down":{"uv":[0,0,0,0.5],"texture":"#0"}}},{"from":[7.25,8.3493,4.96617],"to":[8.75,9.8493,7.96617],"rotation":{"angle":22.5,"axis":"x","origin":[8,9.80909,8.01261]},"faces":{"north":{"uv":[10,10.5,10.75,11.25],"texture":"#0"},"east":{"uv":[9,3,10.5,3.75],"texture":"#0"},"south":{"uv":[0,11,0.75,11.75],"texture":"#0"},"west":{"uv":[9,4,10.5,4.75],"texture":"#0"},"up":{"uv":[2.75,10.5,2,9],"texture":"#0"},"down":{"uv":[5.75,9,5,10.5],"texture":"#0"}}},{"from":[7.25,9.8181,4.05756],"to":[8.75,12.8181,5.55756],"rotation":{"angle":-22.5,"axis":"x","origin":[8,11.0681,4.80756]},"faces":{"north":{"uv":[9,5,9.75,6.5],"texture":"#0"},"east":{"uv":[6,9,6.75,10.5],"texture":"#0"},"south":{"uv":[9,6.5,9.75,8],"texture":"#0"},"west":{"uv":[0,9.5,0.75,11],"texture":"#0"},"up":{"uv":[1.75,11.75,1,11],"texture":"#0"},"down":{"uv":[11.75,4.5,11,5.25],"texture":"#0"}}},{"from":[8,12.8181,4.05756],"to":[8,13.8181,5.55756],"rotation":{"angle":-22.5,"axis":"x","origin":[8,11.0681,4.80756]},"faces":{"north":{"uv":[0,0,0,0.5],"texture":"#0"},"east":{"uv":[6,11.5,6.75,12],"texture":"#0"},"south":{"uv":[0,0,0,0.5],"texture":"#0"},"west":{"uv":[11.5,7,12.25,7.5],"texture":"#0"},"up":{"uv":[0,0.75,0,0],"texture":"#0"},"down":{"uv":[0,0,0,0.75],"texture":"#0"}}},{"from":[8,9.8181,3.05756],"to":[8,13.8181,4.05756],"rotation":{"angle":-22.5,"axis":"x","origin":[8,11.0681,4.80756]},"faces":{"north":{"uv":[0,0,0,2],"texture":"#0"},"east":{"uv":[3,10,3.5,12],"texture":"#0"},"south":{"uv":[0,0,0,2],"texture":"#0"},"west":{"uv":[3.5,10,4,12],"texture":"#0"},"up":{"uv":[0,0.5,0,0],"texture":"#0"},"down":{"uv":[0,0,0,0.5],"texture":"#0"}}},{"from":[7.5,10,6.75],"to":[8.5,22,9.25],"rotation":{"angle":0,"axis":"y","origin":[8,11.80909,8.01261]},"faces":{"north":{"uv":[3,4,3.5,10],"texture":"#0"},"east":{"uv":[0,0,1.25,6],"texture":"#0"},"south":{"uv":[3.5,4,4,10],"texture":"#0"},"west":{"uv":[1.5,0,2.75,6],"texture":"#0"},"up":{"uv":[9.5,11.25,9,10],"texture":"#0"},"down":{"uv":[3,10.5,2.5,11.75],"texture":"#0"}}},{"from":[8,21,5.75],"to":[8,24.25,9],"rotation":{"angle":-45,"axis":"x","origin":[8,23.25,8]},"faces":{"north":{"uv":[0,0,0,1.75],"texture":"#0"},"east":{"uv":[3,0,4.75,1.75],"texture":"#0"},"south":{"uv":[0,0,0,1.75],"texture":"#0"},"west":{"uv":[3,2,4.75,3.75],"texture":"#0"},"up":{"uv":[0,1.75,0,0],"texture":"#0"},"down":{"uv":[0,0,0,1.75],"texture":"#0"}}},{"from":[8,11.35,5.75],"to":[8,22.35,6.75],"rotation":{"angle":0,"axis":"y","origin":[8,11.80909,8.01261]},"faces":{"north":{"uv":[0,0,0,5.5],"texture":"#0"},"east":{"uv":[4,4,4.5,9.5],"texture":"#0"},"south":{"uv":[0,0,0,5.5],"texture":"#0"},"west":{"uv":[4.5,4,5,9.5],"texture":"#0"},"up":{"uv":[0,0.5,0,0],"texture":"#0"},"down":{"uv":[0,0,0,0.5],"texture":"#0"}}},{"from":[8,11.35,9.25],"to":[8,22.35,10.25],"rotation":{"angle":0,"axis":"y","origin":[8,11.80909,8.01261]},"faces":{"north":{"uv":[0,0,0,5.5],"texture":"#0"},"east":{"uv":[5,0,5.5,5.5],"texture":"#0"},"south":{"uv":[0,0,0,5.5],"texture":"#0"},"west":{"uv":[5.5,0,6,5.5],"texture":"#0"},"up":{"uv":[0,0.5,0,0],"texture":"#0"},"down":{"uv":[0,0,0,0.5],"texture":"#0"}}},{"from":[7.5,21.5,6.25],"to":[8.5,23.25,8],"rotation":{"angle":-45,"axis":"x","origin":[8,23.25,8]},"faces":{"north":{"uv":[11,10.5,11.5,11.5],"texture":"#0"},"east":{"uv":[10,5,11,6],"texture":"#0"},"south":{"uv":[11.5,3.5,12,4.5],"texture":"#0"},"west":{"uv":[10,6,11,7],"texture":"#0"},"up":{"uv":[4.5,12.5,4,11.5],"texture":"#0"},"down":{"uv":[5,11.5,4.5,12.5],"texture":"#0"}}}],"display":{"thirdperson_righthand":{"translation":[0,0,0.5],"scale":[1.2,1.2,1.2]},"thirdperson_lefthand":{"translation":[0,0,0.5],"scale":[1.2,1.2,1.2]},"firstperson_righthand":{"rotation":[-7,0,0],"translation":[0,1.25,0],"scale":[0.8,0.8,0.8]},"firstperson_lefthand":{"rotation":[-7,0,0],"translation":[0,1.25,0],"scale":[0.8,0.8,0.8]},"ground":{"translation":[0,6,0]},"gui":{"rotation":[90,-45,90],"translation":[2,-2,0],"scale":[0.8,0.8,0.8]},"head":{"translation":[0,14.25,0]},"fixed":{"rotation":[-90,45,90],"translation":[2.5,-2.25,0.25]}},"groups":[{"name":"dinosaursword","origin":[7,2,9],"color":0,"children":[0,1,2,3,4,5,6,7,8,9,10,11,12,13,14,15,16,17,18,19,20,21,22,23,24]}],"mcmodels":"ad448cca3a91523b9be3317134cddebf"}