{"credit":"Made with Blockbench","texture_size":[32,32],"textures":{"1":"minewave:item/dinosaur/dinosaurtrident"},"elements":[{"from":[7,0.75,6],"to":[10,3.75,9],"rotation":{"angle":45,"axis":"z","origin":[8,1.75,7.5]},"faces":{"north":{"uv":[4,6,5.5,7.5],"texture":"#1"},"east":{"uv":[5.5,6,7,7.5],"texture":"#1"},"south":{"uv":[7,3,8.5,4.5],"texture":"#1"},"west":{"uv":[7,4.5,8.5,6],"texture":"#1"},"up":{"uv":[8.5,7.5,7,6],"texture":"#1"},"down":{"uv":[1.5,7.5,0,9],"texture":"#1"}}},{"from":[6,3.75,7.5],"to":[8,4.75,7.5],"rotation":{"angle":45,"axis":"z","origin":[8,1.75,7.5]},"faces":{"north":{"uv":[10,1.5,11,2],"texture":"#1"},"east":{"uv":[0,0,0,0.5],"texture":"#1"},"south":{"uv":[3.5,13,4.5,13.5],"texture":"#1"},"west":{"uv":[0,0,0,0.5],"texture":"#1"},"up":{"uv":[1,0,0,0],"texture":"#1"},"down":{"uv":[0,0,1,0],"texture":"#1"}}},{"from":[6,-0.25,7.5],"to":[7,3.75,7.5],"rotation":{"angle":45,"axis":"z","origin":[8,1.75,7.5]},"faces":{"north":{"uv":[11.5,2,12,4],"texture":"#1"},"east":{"uv":[0,0,0,2],"texture":"#1"},"south":{"uv":[3,11.5,3.5,13.5],"texture":"#1"},"west":{"uv":[0,0,0,2],"texture":"#1"},"up":{"uv":[0.5,0,0,0],"texture":"#1"},"down":{"uv":[0,0,0.5,0],"texture":"#1"}}},{"from":[7,-0.25,7.5],"to":[10,0.75,7.5],"rotation":{"angle":45,"axis":"z","origin":[8,1.75,7.5]},"faces":{"north":{"uv":[12,6,13.5,6.5],"texture":"#1"},"east":{"uv":[0,0,0,0.5],"texture":"#1"},"south":{"uv":[12.5,6.5,14,7],"texture":"#1"},"west":{"uv":[0,0,0,0.5],"texture":"#1"},"up":{"uv":[1.5,0,0,0],"texture":"#1"},"down":{"uv":[0,0,1.5,0],"texture":"#1"}}},{"from":[10,-0.25,7.5],"to":[11,1.75,7.5],"rotation":{"angle":45,"axis":"z","origin":[8,1.75,7.5]},"faces":{"north":{"uv":[8,2,8.5,3],"texture":"#1"},"east":{"uv":[0,0,0,1],"texture":"#1"},"south":{"uv":[4,9,4.5,10],"texture":"#1"},"west":{"uv":[0,0,0,1],"texture":"#1"},"up":{"uv":[0,0,0.5,0],"texture":"#1"},"down":{"uv":[0,0,0.5,0],"texture":"#1"}}},{"from":[7,2.87132,6.5],"to":[9,17.37132,8.5],"rotation":{"angle":0,"axis":"y","origin":[8,1.87132,7.5]},"faces":{"north":{"uv":[0,0,1,7.25],"texture":"#1"},"east":{"uv":[1,0,2,7.25],"texture":"#1"},"south":{"uv":[2,0,3,7.25],"texture":"#1"},"west":{"uv":[3,0,4,7.25],"texture":"#1"},"up":{"uv":[7,4,6,3],"texture":"#1"},"down":{"uv":[12.5,4,11.5,5],"texture":"#1"}}},{"from":[6.5,4.62132,6],"to":[9.5,5.62132,9],"rotation":{"angle":-45,"axis":"y","origin":[8,5.12132,7.5]},"faces":{"north":{"uv":[12.5,7,14,7.5],"texture":"#1"},"east":{"uv":[10,12.5,11.5,13],"texture":"#1"},"south":{"uv":[12.5,11.5,14,12],"texture":"#1"},"west":{"uv":[12.5,12,14,12.5],"texture":"#1"},"up":{"uv":[3,9,1.5,7.5],"texture":"#1"},"down":{"uv":[4.5,7.5,3,9],"texture":"#1"}}},{"from":[9.5,5.62132,6],"to":[9.5,6.62132,9],"rotation":{"angle":-45,"axis":"y","origin":[8,5.12132,7.5]},"faces":{"north":{"uv":[0,0,0,0.5],"texture":"#1"},"east":{"uv":[12.5,12.5,14,13],"texture":"#1"},"south":{"uv":[0,0,0,0.5],"texture":"#1"},"west":{"uv":[0,13,1.5,13.5],"texture":"#1"},"up":{"uv":[0,1.5,0,0],"texture":"#1"},"down":{"uv":[0,0,0,1.5],"texture":"#1"}}},{"from":[6.5,5.62132,6],"to":[6.5,6.62132,9],"rotation":{"angle":-45,"axis":"y","origin":[8,5.12132,7.5]},"faces":{"north":{"uv":[0,0,0,0.5],"texture":"#1"},"east":{"uv":[1.5,13,3,13.5],"texture":"#1"},"south":{"uv":[0,0,0,0.5],"texture":"#1"},"west":{"uv":[13,2,14.5,2.5],"texture":"#1"},"up":{"uv":[0,0,0,1.5],"texture":"#1"},"down":{"uv":[0,0,0,1.5],"texture":"#1"}}},{"from":[6.5,5.62132,6],"to":[9.5,6.62132,6],"rotation":{"angle":-45,"axis":"y","origin":[8,5.12132,7.5]},"faces":{"north":{"uv":[13,2.5,14.5,3],"texture":"#1"},"east":{"uv":[0,0,0,0.5],"texture":"#1"},"south":{"uv":[13,3,14.5,3.5],"texture":"#1"},"west":{"uv":[0,0,0,0.5],"texture":"#1"},"up":{"uv":[0,0,1.5,0],"texture":"#1"},"down":{"uv":[0,0,1.5,0],"texture":"#1"}}},{"from":[6.5,5.62132,9],"to":[9.5,6.62132,9],"rotation":{"angle":-45,"axis":"y","origin":[8,5.12132,7.5]},"faces":{"north":{"uv":[13,3.5,14.5,4],"texture":"#1"},"east":{"uv":[0,0,0,0.5],"texture":"#1"},"south":{"uv":[13,5,14.5,5.5],"texture":"#1"},"west":{"uv":[0,0,0,0.5],"texture":"#1"},"up":{"uv":[0,0,1.5,0],"texture":"#1"},"down":{"uv":[0,0,1.5,0],"texture":"#1"}}},{"from":[20.25,11.1,6],"to":[23.75,14.6,9],"rotation":{"angle":45,"axis":"z","origin":[8,-1.15,7.5]},"faces":{"north":{"uv":[4,0,5.75,1.75],"texture":"#1"},"east":{"uv":[4,4,5.5,5.75],"texture":"#1"},"south":{"uv":[4,2,5.75,3.75],"texture":"#1"},"west":{"uv":[5.5,4,7,5.75],"texture":"#1"},"up":{"uv":[7.75,1.5,6,0],"texture":"#1"},"down":{"uv":[7.75,1.5,6,3],"texture":"#1"}}},{"from":[3.70818,19.46581,6.5],"to":[7.45818,21.46581,8.5],"rotation":{"angle":-22.5,"axis":"z","origin":[5.08318,20.46581,7.5]},"faces":{"north":{"uv":[4.5,7.5,6.5,8.5],"texture":"#1"},"east":{"uv":[5,11.5,6,12.5],"texture":"#1"},"south":{"uv":[6.5,7.5,8.5,8.5],"texture":"#1"},"west":{"uv":[11.5,6.5,12.5,7.5],"texture":"#1"},"up":{"uv":[10,1,8,0],"texture":"#1"},"down":{"uv":[10,1,8,2],"texture":"#1"}}},{"from":[2.40736,20.31295,6.6],"to":[4.40736,24.31295,8.4],"rotation":{"angle":22.5,"axis":"z","origin":[3.40736,22.81295,7.5]},"faces":{"north":{"uv":[8.5,2,9.5,4],"texture":"#1"},"east":{"uv":[8.5,4,9.5,6],"texture":"#1"},"south":{"uv":[4.5,8.5,5.5,10.5],"texture":"#1"},"west":{"uv":[5.5,8.5,6.5,10.5],"texture":"#1"},"up":{"uv":[9.5,12.5,8.5,11.5],"texture":"#1"},"down":{"uv":[10.5,11.5,9.5,12.5],"texture":"#1"}}},{"from":[7,20.5,6.6],"to":[9,24.5,8.4],"rotation":{"angle":0,"axis":"y","origin":[7,20,6.5]},"faces":{"north":{"uv":[8.5,6,9.5,8],"texture":"#1"},"east":{"uv":[6.5,8.5,7.5,10.5],"texture":"#1"},"south":{"uv":[7.5,8.5,8.5,10.5],"texture":"#1"},"west":{"uv":[8.5,8,9.5,10],"texture":"#1"},"up":{"uv":[12.5,11,11.5,10],"texture":"#1"},"down":{"uv":[11.5,11.5,10.5,12.5],"texture":"#1"}}},{"from":[7,23.9,6.35],"to":[9,25.9,8.65],"rotation":{"angle":45,"axis":"z","origin":[8,24.9,7.5]},"faces":{"north":{"uv":[11.5,11,12.5,12],"texture":"#1"},"east":{"uv":[5,10.5,6.25,11.5],"texture":"#1"},"south":{"uv":[0,12,1,13],"texture":"#1"},"west":{"uv":[10.5,5.5,11.75,6.5],"texture":"#1"},"up":{"uv":[7.5,11.75,6.5,10.5],"texture":"#1"},"down":{"uv":[11.5,6.5,10.5,7.75],"texture":"#1"}}},{"from":[12,26.05,6.35],"to":[14,28.05,8.65],"rotation":{"angle":45,"axis":"z","origin":[13,27.05,7.5]},"faces":{"north":{"uv":[12,2,13,3],"texture":"#1"},"east":{"uv":[10.5,8,11.75,9],"texture":"#1"},"south":{"uv":[12,3,13,4],"texture":"#1"},"west":{"uv":[10.5,9,11.75,10],"texture":"#1"},"up":{"uv":[8.5,11.75,7.5,10.5],"texture":"#1"},"down":{"uv":[11.5,10,10.5,11.25],"texture":"#1"}}},{"from":[2,26.05,6.35],"to":[4,28.05,8.65],"rotation":{"angle":45,"axis":"z","origin":[3,27.05,7.5]},"faces":{"north":{"uv":[3.5,12,4.5,13],"texture":"#1"},"east":{"uv":[11,0,12.25,1],"texture":"#1"},"south":{"uv":[12,5,13,6],"texture":"#1"},"west":{"uv":[11,1,12.25,2],"texture":"#1"},"up":{"uv":[2,12.75,1,11.5],"texture":"#1"},"down":{"uv":[3,11.5,2,12.75],"texture":"#1"}}},{"from":[12.1,23.75,6.6],"to":[14.1,26.75,8.4],"rotation":{"angle":0,"axis":"y","origin":[12.1,23.25,6.5]},"faces":{"north":{"uv":[10,0,11,1.5],"texture":"#1"},"east":{"uv":[1,10,2,11.5],"texture":"#1"},"south":{"uv":[2,10,3,11.5],"texture":"#1"},"west":{"uv":[3,10,4,11.5],"texture":"#1"},"up":{"uv":[7,13,6,12],"texture":"#1"},"down":{"uv":[8,12,7,13],"texture":"#1"}}},{"from":[14.1,23.5,7.5],"to":[15.1,26.75,7.5],"rotation":{"angle":0,"axis":"y","origin":[12.1,23.25,6.5]},"faces":{"north":{"uv":[8.5,12.5,9,14.25],"texture":"#1"},"east":{"uv":[0,0,0,1.75],"texture":"#1"},"south":{"uv":[9,12.5,9.5,14.25],"texture":"#1"},"west":{"uv":[0,0,0,1.75],"texture":"#1"},"up":{"uv":[0.5,0,0,0],"texture":"#1"},"down":{"uv":[0.5,0,0,0],"texture":"#1"}}},{"from":[1.9,23.75,6.6],"to":[3.9,26.75,8.4],"rotation":{"angle":0,"axis":"y","origin":[1.9,23.25,6.5]},"faces":{"north":{"uv":[8.5,10,9.5,11.5],"texture":"#1"},"east":{"uv":[9.5,10,10.5,11.5],"texture":"#1"},"south":{"uv":[4,10.5,5,12],"texture":"#1"},"west":{"uv":[10.5,4,11.5,5.5],"texture":"#1"},"up":{"uv":[13,8.5,12,7.5],"texture":"#1"},"down":{"uv":[13,8.5,12,9.5],"texture":"#1"}}},{"from":[0.9,23.5,7.5],"to":[1.9,26.75,7.5],"rotation":{"angle":0,"axis":"y","origin":[1.9,23.25,6.5]},"faces":{"north":{"uv":[9.5,12.5,10,14.25],"texture":"#1"},"east":{"uv":[0,0,0,1.75],"texture":"#1"},"south":{"uv":[12.5,9.5,13,11.25],"texture":"#1"},"west":{"uv":[0,0,0,1.75],"texture":"#1"},"up":{"uv":[0.5,0,0,0],"texture":"#1"},"down":{"uv":[0.5,0,0,0],"texture":"#1"}}},{"from":[1.40736,20.31295,7.5],"to":[2.40736,24.41295,7.5],"rotation":{"angle":22.5,"axis":"z","origin":[3.40736,22.81295,7.5]},"faces":{"north":{"uv":[4.5,12,5,14],"texture":"#1"},"east":{"uv":[0,0,0,2],"texture":"#1"},"south":{"uv":[8,12,8.5,14],"texture":"#1"},"west":{"uv":[0,0,0,2],"texture":"#1"},"up":{"uv":[0,0,0.5,0],"texture":"#1"},"down":{"uv":[0,0,0.5,0],"texture":"#1"}}},{"from":[8.54182,19.46581,6.5],"to":[12.29182,21.46581,8.5],"rotation":{"angle":22.5,"axis":"z","origin":[10.91682,20.46581,7.5]},"faces":{"north":{"uv":[0,9,2,10],"texture":"#1"},"east":{"uv":[11.5,12,12.5,13],"texture":"#1"},"south":{"uv":[2,9,4,10],"texture":"#1"},"west":{"uv":[12.5,0,13.5,1],"texture":"#1"},"up":{"uv":[11.5,3,9.5,2],"texture":"#1"},"down":{"uv":[11.5,3,9.5,4],"texture":"#1"}}},{"from":[11.59264,20.26295,6.6],"to":[13.59264,24.26295,8.4],"rotation":{"angle":-22.5,"axis":"z","origin":[12.59264,22.76295,7.5]},"faces":{"north":{"uv":[9.5,4,10.5,6],"texture":"#1"},"east":{"uv":[9.5,6,10.5,8],"texture":"#1"},"south":{"uv":[9.5,8,10.5,10],"texture":"#1"},"west":{"uv":[0,10,1,12],"texture":"#1"},"up":{"uv":[13.5,2,12.5,1],"texture":"#1"},"down":{"uv":[13.5,4,12.5,5],"texture":"#1"}}},{"from":[13.59264,20.26295,7.5],"to":[14.59264,24.46295,7.5],"rotation":{"angle":-22.5,"axis":"z","origin":[12.59264,22.76295,7.5]},"faces":{"north":{"uv":[5,12.5,5.5,14.5],"texture":"#1"},"east":{"uv":[0,0,0,2],"texture":"#1"},"south":{"uv":[5.5,12.5,6,14.5],"texture":"#1"},"west":{"uv":[0,0,0,2],"texture":"#1"},"up":{"uv":[0,0,0.5,0],"texture":"#1"},"down":{"uv":[0,0,0.5,0],"texture":"#1"}}}],"display":{"thirdperson_righthand":{"rotation":[0,-90,0],"translation":[0,-3.5,0.5],"scale":[0.9,0.9,0.9]},"thirdperson_lefthand":{"rotation":[0,-90,0],"translation":[0,-3.5,0.5],"scale":[0.9,0.9,0.9]},"firstperson_righthand":{"rotation":[-5,-90,0],"translation":[0,-3,-1],"scale":[0.7,0.7,0.7]},"firstperson_lefthand":{"rotation":[-5,-90,0],"translation":[0,-3,-1],"scale":[0.7,0.7,0.7]},"ground":{"translation":[0,6,0],"scale":[0.7,0.7,0.7]},"gui":{"rotation":[0,0,45],"translation":[3.5,-3.5,0],"scale":[0.6,0.6,0.6]},"fixed":{"rotation":[0,0,45],"translation":[4,-4,0],"scale":[0.7,0.7,0.7]}},"groups":[{"name":"dinosaurstaff","origin":[8,4.75,7.5],"color":0,"children":[0,1,2,3,4,5,6,7,8,9,10,11,12,13,14,15,16,17,18,19,20,21,22,23,24,25]}],"mcmodels":"ad448cca3a91523b9be3317134cddebf"}