{
	"credit": "Made with Blockbench",
	"texture_size": [64, 64],
	"textures": {
		"0": "minewave:item/dinosaur/dinosaurwings",
		"particle": "minewave:item/dinosaur/dinosaurwings"
	},
	"elements": [
		{
			"from": [4.44499, 7.8483, 7],
			"to": [5.94499, 19.8483, 9],
			"rotation": {"angle": 45, "axis": "z", "origin": [9.62537, 8.95762, 8]},
			"faces": {
				"north": {"uv": [2, 7.25, 2.375, 10.25], "texture": "#0"},
				"east": {"uv": [0, 6, 0.5, 9], "texture": "#0"},
				"south": {"uv": [2.5, 7.25, 2.875, 10.25], "texture": "#0"},
				"west": {"uv": [0.5, 6, 1, 9], "texture": "#0"},
				"up": {"uv": [7.875, 7.25, 7.5, 6.75], "texture": "#0"},
				"down": {"uv": [8.375, 6.75, 8, 7.25], "texture": "#0"}
			}
		},
		{
			"from": [-2.38858, 12.60251, 6.75],
			"to": [0.11142, 15.10251, 9.25],
			"rotation": {"angle": 22.5, "axis": "z", "origin": [-0.63858, 14.35251, 8]},
			"faces": {
				"north": {"uv": [4, 7.75, 4.625, 8.375], "texture": "#0"},
				"east": {"uv": [4.75, 7.75, 5.375, 8.375], "texture": "#0"},
				"south": {"uv": [5.5, 7.75, 6.125, 8.375], "texture": "#0"},
				"west": {"uv": [6.25, 7.75, 6.875, 8.375], "texture": "#0"},
				"up": {"uv": [7.625, 8.375, 7, 7.75], "texture": "#0"},
				"down": {"uv": [8.375, 7.75, 7.75, 8.375], "texture": "#0"}
			}
		},
		{
			"from": [0.11142, 12.60251, 8],
			"to": [1.11142, 15.10251, 8],
			"rotation": {"angle": 22.5, "axis": "z", "origin": [-0.63858, 14.35251, 8]},
			"faces": {
				"north": {"uv": [1.75, 9, 2, 9.625], "texture": "#0"},
				"east": {"uv": [0, 0, 0, 0.625], "texture": "#0"},
				"south": {"uv": [9.25, 2, 9.5, 2.625], "texture": "#0"},
				"west": {"uv": [0, 0, 0, 0.625], "texture": "#0"},
				"up": {"uv": [0.25, 0, 0, 0], "texture": "#0"},
				"down": {"uv": [0.25, 0, 0, 0], "texture": "#0"}
			}
		},
		{
			"from": [-2.38858, 15.10251, 8],
			"to": [1.11142, 16.10251, 8],
			"rotation": {"angle": 22.5, "axis": "z", "origin": [-0.63858, 14.35251, 8]},
			"faces": {
				"north": {"uv": [2.5, 5.25, 3.375, 5.5], "texture": "#0"},
				"east": {"uv": [0, 0, 0, 0.25], "texture": "#0"},
				"south": {"uv": [3.5, 5.25, 4.375, 5.5], "texture": "#0"},
				"west": {"uv": [0, 0, 0, 0.25], "texture": "#0"},
				"up": {"uv": [0.875, 0, 0, 0], "texture": "#0"},
				"down": {"uv": [0.875, 0, 0, 0], "texture": "#0"}
			}
		},
		{
			"from": [-8.23449, 10.06001, 8],
			"to": [1.76551, 12.56001, 8],
			"rotation": {"angle": 0, "axis": "y", "origin": [9.62537, 8.95762, 8]},
			"faces": {
				"north": {"uv": [4.5, 4.75, 7, 5.375], "texture": "#0"},
				"east": {"uv": [0, 0, 0, 0.625], "texture": "#0"},
				"south": {"uv": [0, 5.25, 2.5, 5.875], "texture": "#0"},
				"west": {"uv": [0, 0, 0, 0.625], "texture": "#0"},
				"up": {"uv": [2.5, 0, 0, 0], "texture": "#0"},
				"down": {"uv": [2.5, 0, 0, 0], "texture": "#0"}
			}
		},
		{
			"from": [-11.23449, 7.06001, 8],
			"to": [4.76551, 10.06001, 8],
			"rotation": {"angle": 0, "axis": "y", "origin": [9.62537, 8.95762, 8]},
			"faces": {
				"north": {"uv": [4.5, 1.75, 8.5, 2.5], "texture": "#0"},
				"east": {"uv": [0, 0, 0, 0.75], "texture": "#0"},
				"south": {"uv": [4.5, 2.5, 8.5, 3.25], "texture": "#0"},
				"west": {"uv": [0, 0, 0, 0.75], "texture": "#0"},
				"up": {"uv": [4, 0, 0, 0], "texture": "#0"},
				"down": {"uv": [4, 0, 0, 0], "texture": "#0"}
			}
		},
		{
			"from": [-11.23449, 0.06001, 8],
			"to": [6.76551, 7.06001, 8],
			"rotation": {"angle": 0, "axis": "y", "origin": [9.62537, 8.95762, 8]},
			"faces": {
				"north": {"uv": [0, 0, 4.5, 1.75], "texture": "#0"},
				"east": {"uv": [0, 0, 0, 1.75], "texture": "#0"},
				"south": {"uv": [0, 1.75, 4.5, 3.5], "texture": "#0"},
				"west": {"uv": [0, 0, 0, 1.75], "texture": "#0"},
				"up": {"uv": [4.5, 0, 0, 0], "texture": "#0"},
				"down": {"uv": [4.5, 0, 0, 0], "texture": "#0"}
			}
		},
		{
			"from": [-10.06704, 17.01431, 7],
			"to": [0.93296, 18.51431, 9],
			"rotation": {"angle": 22.5, "axis": "z", "origin": [10.47537, 9.20762, 8]},
			"faces": {
				"north": {"uv": [7, 4.75, 9.75, 5.125], "texture": "#0"},
				"east": {"uv": [8.5, 6.75, 9, 7.125], "texture": "#0"},
				"south": {"uv": [4, 7.25, 6.75, 7.625], "texture": "#0"},
				"west": {"uv": [9, 1, 9.5, 1.375], "texture": "#0"},
				"up": {"uv": [4.75, 6.75, 2, 6.25], "texture": "#0"},
				"down": {"uv": [7.5, 6.25, 4.75, 6.75], "texture": "#0"}
			}
		},
		{
			"from": [-9.06704, 18.51431, 7.9],
			"to": [-0.06704, 19.51431, 7.9],
			"rotation": {"angle": 22.5, "axis": "z", "origin": [10.47537, 9.20762, 8]},
			"faces": {
				"north": {"uv": [7.5, 5.75, 9.75, 6], "texture": "#0"},
				"east": {"uv": [0, 0, 0, 0.25], "texture": "#0"},
				"south": {"uv": [7.5, 6, 9.75, 6.25], "texture": "#0"},
				"west": {"uv": [0, 0, 0, 0.25], "texture": "#0"},
				"up": {"uv": [2.25, 0, 0, 0], "texture": "#0"},
				"down": {"uv": [2.25, 0, 0, 0], "texture": "#0"}
			}
		},
		{
			"from": [-12.86486, 8.84464, 7],
			"to": [-11.36486, 11.84464, 9],
			"rotation": {"angle": 45, "axis": "z", "origin": [-11.86486, 10.34464, 8]},
			"faces": {
				"north": {"uv": [7.5, 8.5, 7.875, 9.25], "texture": "#0"},
				"east": {"uv": [5.5, 8.5, 6, 9.25], "texture": "#0"},
				"south": {"uv": [8.5, 7.75, 8.875, 8.5], "texture": "#0"},
				"west": {"uv": [6, 8.5, 6.5, 9.25], "texture": "#0"},
				"up": {"uv": [1.625, 9.5, 1.25, 9], "texture": "#0"},
				"down": {"uv": [9.375, 6.75, 9, 7.25], "texture": "#0"}
			}
		},
		{
			"from": [-12.86486, 11.84464, 8],
			"to": [-11.36486, 12.84464, 8],
			"rotation": {"angle": 45, "axis": "z", "origin": [-11.86486, 10.34464, 8]},
			"faces": {
				"north": {"uv": [2, 6, 2.375, 6.25], "texture": "#0"},
				"east": {"uv": [0, 0, 0, 0.25], "texture": "#0"},
				"south": {"uv": [7, 5.25, 7.375, 5.5], "texture": "#0"},
				"west": {"uv": [0, 0, 0, 0.25], "texture": "#0"},
				"up": {"uv": [0.375, 0, 0, 0], "texture": "#0"},
				"down": {"uv": [0.375, 0, 0, 0], "texture": "#0"}
			}
		},
		{
			"from": [-13.86486, 8.84464, 8],
			"to": [-12.86486, 12.84464, 8],
			"rotation": {"angle": 45, "axis": "z", "origin": [-11.86486, 10.34464, 8]},
			"faces": {
				"north": {"uv": [0, 9, 0.25, 10], "texture": "#0"},
				"east": {"uv": [0, 0, 0, 1], "texture": "#0"},
				"south": {"uv": [9, 0, 9.25, 1], "texture": "#0"},
				"west": {"uv": [0, 0, 0, 1], "texture": "#0"},
				"up": {"uv": [0.25, 0, 0, 0], "texture": "#0"},
				"down": {"uv": [0.25, 0, 0, 0], "texture": "#0"}
			}
		},
		{
			"from": [14.51551, 10.06001, 8],
			"to": [24.51551, 12.56001, 8],
			"rotation": {"angle": 0, "axis": "y", "origin": [6.62537, 8.95762, 8]},
			"faces": {
				"north": {"uv": [2.5, 5.5, 5, 6.125], "texture": "#0"},
				"east": {"uv": [0, 0, 0, 0.625], "texture": "#0"},
				"south": {"uv": [5, 5.5, 7.5, 6.125], "texture": "#0"},
				"west": {"uv": [0, 0, 0, 0.625], "texture": "#0"},
				"up": {"uv": [2.5, 0, 0, 0], "texture": "#0"},
				"down": {"uv": [2.5, 0, 0, 0], "texture": "#0"}
			}
		},
		{
			"from": [10.27445, 7.87961, 7],
			"to": [11.77445, 19.87961, 9],
			"rotation": {"angle": -45, "axis": "z", "origin": [6.62537, 8.95762, 8]},
			"faces": {
				"north": {"uv": [3, 7.25, 3.375, 10.25], "texture": "#0"},
				"east": {"uv": [1, 6, 1.5, 9], "texture": "#0"},
				"south": {"uv": [3.5, 7.25, 3.875, 10.25], "texture": "#0"},
				"west": {"uv": [1.5, 6, 2, 9], "texture": "#0"},
				"up": {"uv": [9.375, 8.25, 9, 7.75], "texture": "#0"},
				"down": {"uv": [9.375, 8.25, 9, 8.75], "texture": "#0"}
			}
		},
		{
			"from": [16.18222, 15.2039, 8],
			"to": [18.68222, 16.2039, 8],
			"rotation": {"angle": -22.5, "axis": "z", "origin": [16.93222, 14.4539, 8]},
			"faces": {
				"north": {"uv": [9.25, 2.75, 9.875, 3], "texture": "#0"},
				"east": {"uv": [0, 0, 0, 0.25], "texture": "#0"},
				"south": {"uv": [9.25, 3, 9.875, 3.25], "texture": "#0"},
				"west": {"uv": [0, 0, 0, 0.25], "texture": "#0"},
				"up": {"uv": [0.625, 0, 0, 0], "texture": "#0"},
				"down": {"uv": [0.625, 0, 0, 0], "texture": "#0"}
			}
		},
		{
			"from": [15.18222, 12.7039, 8],
			"to": [16.18222, 16.2039, 8],
			"rotation": {"angle": -22.5, "axis": "z", "origin": [16.93222, 14.4539, 8]},
			"faces": {
				"north": {"uv": [0.75, 9, 1, 9.875], "texture": "#0"},
				"east": {"uv": [0, 0, 0, 0.875], "texture": "#0"},
				"south": {"uv": [1, 9, 1.25, 9.875], "texture": "#0"},
				"west": {"uv": [0, 0, 0, 0.875], "texture": "#0"},
				"up": {"uv": [0.25, 0, 0, 0], "texture": "#0"},
				"down": {"uv": [0.25, 0, 0, 0], "texture": "#0"}
			}
		},
		{
			"from": [16.18222, 12.7039, 6.75],
			"to": [18.68222, 15.2039, 9.25],
			"rotation": {"angle": -22.5, "axis": "z", "origin": [16.93222, 14.4539, 8]},
			"faces": {
				"north": {"uv": [8.5, 1.75, 9.125, 2.375], "texture": "#0"},
				"east": {"uv": [8.5, 2.5, 9.125, 3.125], "texture": "#0"},
				"south": {"uv": [8.5, 3.25, 9.125, 3.875], "texture": "#0"},
				"west": {"uv": [4, 8.5, 4.625, 9.125], "texture": "#0"},
				"up": {"uv": [9.125, 4.625, 8.5, 4], "texture": "#0"},
				"down": {"uv": [5.375, 8.5, 4.75, 9.125], "texture": "#0"}
			}
		},
		{
			"from": [15.30084, 17.05522, 7],
			"to": [26.30084, 18.55522, 9],
			"rotation": {"angle": -22.5, "axis": "z", "origin": [5.77537, 9.20762, 8]},
			"faces": {
				"north": {"uv": [6.75, 7.25, 9.5, 7.625], "texture": "#0"},
				"east": {"uv": [9, 8.75, 9.5, 9.125], "texture": "#0"},
				"south": {"uv": [7.5, 5.25, 10.25, 5.625], "texture": "#0"},
				"west": {"uv": [9.25, 0, 9.75, 0.375], "texture": "#0"},
				"up": {"uv": [4.75, 7.25, 2, 6.75], "texture": "#0"},
				"down": {"uv": [7.5, 6.75, 4.75, 7.25], "texture": "#0"}
			}
		},
		{
			"from": [16.30084, 18.55522, 7.9],
			"to": [25.30084, 19.55522, 7.9],
			"rotation": {"angle": -22.5, "axis": "z", "origin": [5.77537, 9.20762, 8]},
			"faces": {
				"north": {"uv": [7.5, 6.25, 9.75, 6.5], "texture": "#0"},
				"east": {"uv": [0, 0, 0, 0.25], "texture": "#0"},
				"south": {"uv": [7.5, 6.5, 9.75, 6.75], "texture": "#0"},
				"west": {"uv": [0, 0, 0, 0.25], "texture": "#0"},
				"up": {"uv": [2.25, 0, 0, 0], "texture": "#0"},
				"down": {"uv": [2.25, 0, 0, 0], "texture": "#0"}
			}
		},
		{
			"from": [27.93306, 8.73355, 7],
			"to": [29.43306, 11.73355, 9],
			"rotation": {"angle": -45, "axis": "z", "origin": [28.43306, 10.73355, 8]},
			"faces": {
				"north": {"uv": [8, 8.5, 8.375, 9.25], "texture": "#0"},
				"east": {"uv": [6.5, 8.5, 7, 9.25], "texture": "#0"},
				"south": {"uv": [8.5, 8.5, 8.875, 9.25], "texture": "#0"},
				"west": {"uv": [7, 8.5, 7.5, 9.25], "texture": "#0"},
				"up": {"uv": [9.625, 1, 9.25, 0.5], "texture": "#0"},
				"down": {"uv": [9.625, 1.5, 9.25, 2], "texture": "#0"}
			}
		},
		{
			"from": [27.93306, 11.73355, 8],
			"to": [29.43306, 12.73355, 8],
			"rotation": {"angle": -45, "axis": "z", "origin": [28.43306, 10.73355, 8]},
			"faces": {
				"north": {"uv": [9.25, 3.25, 9.625, 3.5], "texture": "#0"},
				"east": {"uv": [0, 0, 0, 0.25], "texture": "#0"},
				"south": {"uv": [9.25, 3.5, 9.625, 3.75], "texture": "#0"},
				"west": {"uv": [0, 0, 0, 0.25], "texture": "#0"},
				"up": {"uv": [0.375, 0, 0, 0], "texture": "#0"},
				"down": {"uv": [0.375, 0, 0, 0], "texture": "#0"}
			}
		},
		{
			"from": [29.43306, 8.73355, 8],
			"to": [30.43306, 12.73355, 8],
			"rotation": {"angle": -45, "axis": "z", "origin": [28.43306, 10.73355, 8]},
			"faces": {
				"north": {"uv": [0.25, 9, 0.5, 10], "texture": "#0"},
				"east": {"uv": [0, 0, 0, 1], "texture": "#0"},
				"south": {"uv": [0.5, 9, 0.75, 10], "texture": "#0"},
				"west": {"uv": [0, 0, 0, 1], "texture": "#0"},
				"up": {"uv": [0.25, 0, 0, 0], "texture": "#0"},
				"down": {"uv": [0.25, 0, 0, 0], "texture": "#0"}
			}
		},
		{
			"from": [11.51551, 7.06001, 8],
			"to": [27.51551, 10.06001, 8],
			"rotation": {"angle": 0, "axis": "y", "origin": [6.62537, 8.95762, 8]},
			"faces": {
				"north": {"uv": [4.5, 3.25, 8.5, 4], "texture": "#0"},
				"east": {"uv": [0, 0, 0, 0.75], "texture": "#0"},
				"south": {"uv": [4.5, 4, 8.5, 4.75], "texture": "#0"},
				"west": {"uv": [0, 0, 0, 0.75], "texture": "#0"},
				"up": {"uv": [4, 0, 0, 0], "texture": "#0"},
				"down": {"uv": [4, 0, 0, 0], "texture": "#0"}
			}
		},
		{
			"from": [9.51551, 0.06001, 8],
			"to": [27.51551, 7.06001, 8],
			"rotation": {"angle": 0, "axis": "y", "origin": [6.62537, 8.95762, 8]},
			"faces": {
				"north": {"uv": [0, 3.5, 4.5, 5.25], "texture": "#0"},
				"east": {"uv": [0, 0, 0, 1.75], "texture": "#0"},
				"south": {"uv": [4.5, 0, 9, 1.75], "texture": "#0"},
				"west": {"uv": [0, 0, 0, 1.75], "texture": "#0"},
				"up": {"uv": [4.5, 0, 0, 0], "texture": "#0"},
				"down": {"uv": [4.5, 0, 0, 0], "texture": "#0"}
			}
		}
	],
	"display": {
		"thirdperson_righthand": {
			"rotation": [55, 0, 0],
			"translation": [0, 1, 2],
			"scale": [0.3, 0.3, 0.3]
		},
		"thirdperson_lefthand": {
			"rotation": [67, 0, 0],
			"translation": [-6, -5.25, 11],
			"scale": [0.8, 0.8, 0.8]
		},
		"firstperson_righthand": {
			"translation": [0, 1.5, 0],
			"scale": [0.3, 0.3, 0.3]
		},
		"firstperson_lefthand": {
			"translation": [0, 1.5, 0],
			"scale": [0, 0, 0]
		},
		"ground": {
			"translation": [0, 5, 0],
			"scale": [0.5, 0.5, 0.5]
		},
		"gui": {
			"scale": [0.35, 0.35, 0.35]
		},
		"head": {
			"rotation": [10, 0, 0],
			"translation": [0, -11, 4.5],
			"scale": [1.3, 1.3, 1.3]
		},
		"fixed": {
			"scale": [0.4, 0.4, 0.4]
		}
	},
	"groups": [
		{
			"name": "wings",
			"origin": [8, 8, 8],
			"color": 0,
			"boneType": "",
			"children": [
				{
					"name": "right",
					"origin": [-5.26953, 13.71868, 8.5],
					"color": 0,
					"boneType": "",
					"children": [0, 1, 2, 3, 4, 5, 6, 7, 8, 9, 10, 11]
				},
				{
					"name": "left",
					"origin": [13.25282, 6.01062, 9],
					"color": 0,
					"boneType": "",
					"children": [12, 13, 14, 15, 16, 17, 18, 19, 20, 21, 22, 23]
				}
			]
		}
	],
	"mcmodels": "ad448cca3a91523b9be3317134cddebf"
}