{"textures":{"0":"modelengine:entity/nm_squirrel_brown_texture","particle":"#0"},"elements":[{"from":[7.25,3.1464467,6.9410534],"to":[8.25,4.146446,10.941053],"faces":{"east":{"uv":[10.75,9.25,11.75,9.5],"tintindex":0,"rotation":0,"texture":"#0"},"south":{"uv":[10.5,4.25,10.75,4.5],"tintindex":0,"rotation":0,"texture":"#0"},"north":{"uv":[10.25,4.25,10.5,4.5],"tintindex":0,"rotation":0,"texture":"#0"},"west":{"uv":[0.0,11.0,1.0,11.25],"tintindex":0,"rotation":0,"texture":"#0"},"up":{"uv":[1.25,12.0,1.0,11.0],"tintindex":0,"rotation":0,"texture":"#0"},"down":{"uv":[1.5,11.0,1.25,12.0],"tintindex":0,"rotation":0,"texture":"#0"}}},{"from":[7.275,4.4142137,7.4625],"to":[8.225,9.414213,10.4625],"faces":{"east":{"uv":[0.0,9.75,0.75,11.0],"tintindex":0,"rotation":0,"texture":"#0"},"south":{"uv":[5.0,10.75,5.25,12.0],"tintindex":0,"rotation":0,"texture":"#0"},"north":{"uv":[4.75,10.75,5.0,12.0],"tintindex":0,"rotation":0,"texture":"#0"},"west":{"uv":[0.75,9.75,1.5,11.0],"tintindex":0,"rotation":0,"texture":"#0"},"up":{"uv":[2.25,11.75,2.0,11.0],"tintindex":0,"rotation":0,"texture":"#0"},"down":{"uv":[2.5,11.0,2.25,11.75],"tintindex":0,"rotation":0,"texture":"#0"}},"rotation":{"origin":[7.75,7.4142137,9.9625],"angle":-45.0,"axis":"x"}}],"display":{"head":{"rotation":[0.0,0.0,0.0]},"firstperson_righthand":{"rotation":[0.0,0.0,0.0]},"thirdperson_lefthand":{"rotation":[0.0,0.0,0.0]},"firstperson_lefthand":{"rotation":[0.0,0.0,0.0]},"fixed":{"rotation":[0.0,0.0,0.0]},"ground":{"rotation":[0.0,0.0,0.0]},"thirdperson_righthand":{"rotation":[0.0,0.0,0.0]},"gui":{"rotation":[-150.0,-45.0,180.0]}}}