{"credit":"Made with Blockbench","texture_size":[64,64],"textures":{"0":"minewave:item/cosmetics/christmas_hats/elf_hat_texture","particle":"minewave:item/cosmetics/christmas_hats/elf_hat_texture"},"elements":[{"from":[-2,2,7],"to":[4,9,7],"rotation":{"angle":45,"axis":"y","origin":[4,4.5,7]},"faces":{"north":{"uv":[5,3,6.5,4.75],"texture":"#0"},"east":{"uv":[5,9.5,5,11.25],"texture":"#0"},"south":{"uv":[5,5,6.5,6.75],"texture":"#0"},"west":{"uv":[10.25,0,10.25,1.75],"texture":"#0"},"up":{"uv":[1.5,7.5,0,7.5],"texture":"#0"},"down":{"uv":[1.5,7.75,0,7.75],"texture":"#0"}}},{"from":[12,2,7],"to":[18,9,7],"rotation":{"angle":-45,"axis":"y","origin":[12,4.5,7]},"faces":{"north":{"uv":[0,5.5,1.5,7.25],"texture":"#0"},"east":{"uv":[0.75,10.25,0.75,12],"texture":"#0"},"south":{"uv":[1.75,6,3.25,7.75],"texture":"#0"},"west":{"uv":[1,10.25,1,12],"texture":"#0"},"up":{"uv":[11.5,5,10,5],"texture":"#0"},"down":{"uv":[11.5,5.25,10,5.25],"texture":"#0"}}},{"from":[3,6,3],"to":[13,9,13],"rotation":{"angle":0,"axis":"y","origin":[3,7,3]},"faces":{"north":{"uv":[6.75,6,9.25,6.75],"texture":"#0"},"east":{"uv":[3.5,7,6,7.75],"texture":"#0"},"south":{"uv":[6.25,7,8.75,7.75],"texture":"#0"},"west":{"uv":[0,8,2.5,8.75],"texture":"#0"},"up":{"uv":[2.5,2.5,0,0],"texture":"#0"},"down":{"uv":[2.5,2.75,0,5.25],"texture":"#0"}}},{"from":[4,6.743,4.3467],"to":[12,11.743,15.3467],"rotation":{"angle":22.5,"axis":"x","origin":[8,8.743,9.8467]},"faces":{"north":{"uv":[6.75,3,8.75,4.25],"texture":"#0"},"east":{"uv":[5,0,7.75,1.25],"texture":"#0"},"south":{"uv":[6.75,4.5,8.75,5.75],"texture":"#0"},"west":{"uv":[5,1.5,7.75,2.75],"texture":"#0"},"up":{"uv":[4.75,2.75,2.75,0],"texture":"#0"},"down":{"uv":[4.75,3,2.75,5.75],"texture":"#0"}}},{"from":[6,3.08049,13.55921],"to":[10,8.08049,17.55921],"rotation":{"angle":-22.5,"axis":"x","origin":[8,3.58049,15.55921]},"faces":{"north":{"uv":[8,0,9,1.25],"texture":"#0"},"east":{"uv":[8,1.5,9,2.75],"texture":"#0"},"south":{"uv":[2.75,8,3.75,9.25],"texture":"#0"},"west":{"uv":[4,8,5,9.25],"texture":"#0"},"up":{"uv":[6.25,9,5.25,8],"texture":"#0"},"down":{"uv":[7.5,8,6.5,9],"texture":"#0"}}},{"from":[7,0.08049,14.68421],"to":[9,4.08049,16.68421],"rotation":{"angle":0,"axis":"y","origin":[9,-1.41951,15.68421]},"faces":{"north":{"uv":[9.5,5.5,10,6.5],"texture":"#0"},"east":{"uv":[9.75,8,10.25,9],"texture":"#0"},"south":{"uv":[10,2.5,10.5,3.5],"texture":"#0"},"west":{"uv":[10,3.75,10.5,4.75],"texture":"#0"},"up":{"uv":[10.5,7.25,10,6.75],"texture":"#0"},"down":{"uv":[0.5,10.25,0,10.75],"texture":"#0"}}},{"from":[6.5,-2.48753,14.15909],"to":[9.5,0.51247,17.15909],"rotation":{"angle":45,"axis":"x","origin":[8,-0.98753,15.65909]},"faces":{"north":{"uv":[3.5,6,4.25,6.75],"texture":"#0"},"east":{"uv":[9,7,9.75,7.75],"texture":"#0"},"south":{"uv":[9.25,9.25,10,10],"texture":"#0"},"west":{"uv":[2,9.5,2.75,10.25],"texture":"#0"},"up":{"uv":[3.75,10.25,3,9.5],"texture":"#0"},"down":{"uv":[4.75,9.5,4,10.25],"texture":"#0"}}},{"from":[9,9,3],"to":[12,13,3],"rotation":{"angle":22.5,"axis":"x","origin":[14,9,3]},"faces":{"north":{"uv":[7.75,8,8.5,9],"texture":"#0"},"east":{"uv":[1.25,10.25,1.25,11.25],"texture":"#0"},"south":{"uv":[8.75,8,9.5,9],"texture":"#0"},"west":{"uv":[1.5,10.25,1.5,11.25],"texture":"#0"},"up":{"uv":[2.5,5.5,1.75,5.5],"texture":"#0"},"down":{"uv":[2.5,5.75,1.75,5.75],"texture":"#0"}}},{"from":[12.975,9,4],"to":[12.975,13,7],"rotation":{"angle":22.5,"axis":"x","origin":[12.975,9,4]},"faces":{"north":{"uv":[1.75,10.25,1.75,11.25],"texture":"#0"},"east":{"uv":[0,9,0.75,10],"texture":"#0"},"south":{"uv":[10.25,5.5,10.25,6.5],"texture":"#0"},"west":{"uv":[1,9,1.75,10],"texture":"#0"},"up":{"uv":[4.5,6.75,4.5,6],"texture":"#0"},"down":{"uv":[4.75,6,4.75,6.75],"texture":"#0"}}},{"from":[12.975,9,9],"to":[12.975,13,12],"rotation":{"angle":22.5,"axis":"x","origin":[12.975,9,9]},"faces":{"north":{"uv":[9.25,10.25,9.25,11.25],"texture":"#0"},"east":{"uv":[9,3,9.75,4],"texture":"#0"},"south":{"uv":[10.25,9.25,10.25,10.25],"texture":"#0"},"west":{"uv":[9,4.25,9.75,5.25],"texture":"#0"},"up":{"uv":[9.5,11,9.5,10.25],"texture":"#0"},"down":{"uv":[9.75,10.25,9.75,11],"texture":"#0"}}},{"from":[4,9,3],"to":[7,13,3],"rotation":{"angle":22.5,"axis":"x","origin":[9,9,3]},"faces":{"north":{"uv":[9.25,0,10,1],"texture":"#0"},"east":{"uv":[10,10.25,10,11.25],"texture":"#0"},"south":{"uv":[9.25,1.25,10,2.25],"texture":"#0"},"west":{"uv":[10.5,0,10.5,1],"texture":"#0"},"up":{"uv":[10.75,7.5,10,7.5],"texture":"#0"},"down":{"uv":[10.75,7.75,10,7.75],"texture":"#0"}}},{"from":[3.025,9,4],"to":[3.025,13,7],"rotation":{"angle":22.5,"axis":"x","origin":[3.025,9,4]},"faces":{"north":{"uv":[10.5,1.25,10.5,2.25],"texture":"#0"},"east":{"uv":[5.25,9.25,6,10.25],"texture":"#0"},"south":{"uv":[2,10.5,2,11.5],"texture":"#0"},"west":{"uv":[6.25,9.25,7,10.25],"texture":"#0"},"up":{"uv":[2.25,11.25,2.25,10.5],"texture":"#0"},"down":{"uv":[2.5,10.5,2.5,11.25],"texture":"#0"}}},{"from":[3.025,9,9],"to":[3.025,13,12],"rotation":{"angle":22.5,"axis":"x","origin":[3.025,9,9]},"faces":{"north":{"uv":[2.75,10.5,2.75,11.5],"texture":"#0"},"east":{"uv":[7.25,9.25,8,10.25],"texture":"#0"},"south":{"uv":[3,10.5,3,11.5],"texture":"#0"},"west":{"uv":[8.25,9.25,9,10.25],"texture":"#0"},"up":{"uv":[3.25,11.25,3.25,10.5],"texture":"#0"},"down":{"uv":[3.5,10.5,3.5,11.25],"texture":"#0"}}}],"gui_light":"front","display":{"thirdperson_righthand":{"translation":[0,0.25,-5.5],"scale":[0.9,0.9,0.9]},"thirdperson_lefthand":{"translation":[0,0.25,-5.5],"scale":[0.9,0.9,0.9]},"firstperson_righthand":{"rotation":[0,122.5,0],"translation":[4.25,0.75,-5.5],"scale":[0.9,0.9,0.9]},"firstperson_lefthand":{"rotation":[0,122.5,0],"translation":[4.25,0.75,-5.5],"scale":[0.9,0.9,0.9]},"ground":{"translation":[0,7,0],"scale":[0.9,0.9,0.9]},"gui":{"rotation":[22.5,145,0],"translation":[0,1,0],"scale":[0.9,0.9,0.9]},"head":{"translation":[0,5.75,0],"scale":[1.61,1.61,1.61]},"fixed":{"rotation":[-90,0,0],"translation":[0,0,-4],"scale":[2,2,2]}}}