{"credit":"Made with Blockbench","texture_size":[64,64],"textures":{"0":"minewave:item/cosmetics/christmas_hats/santa_hat_texture","particle":"minewave:item/cosmetics/christmas_hats/santa_hat_texture"},"elements":[{"from":[3,6,3],"to":[13,9,13],"rotation":{"angle":0,"axis":"y","origin":[8,7.5,8]},"faces":{"north":{"uv":[7.25,0,9.75,0.75],"texture":"#0"},"east":{"uv":[3.5,7.75,6,8.5],"texture":"#0"},"south":{"uv":[7.75,5.25,10.25,6],"texture":"#0"},"west":{"uv":[6.25,7.75,8.75,8.5],"texture":"#0"},"up":{"uv":[2.5,2.5,0,0],"texture":"#0"},"down":{"uv":[2.5,2.75,0,5.25],"texture":"#0"}}},{"from":[3.06074,-1.95148,3],"to":[13.06074,2.04852,7],"rotation":{"angle":22.5,"axis":"x","origin":[8.06074,1.04852,5]},"faces":{"north":{"uv":[5,5.25,7.5,6.25],"texture":"#0"},"east":{"uv":[0,9.75,1,10.75],"texture":"#0"},"south":{"uv":[0,5.5,2.5,6.5],"texture":"#0"},"west":{"uv":[1.25,9.75,2.25,10.75],"texture":"#0"},"up":{"uv":[5.25,7.5,2.75,6.5],"texture":"#0"},"down":{"uv":[8,6.5,5.5,7.5],"texture":"#0"}}},{"from":[5.06074,-4.95148,2],"to":[11.06074,-0.95148,6],"rotation":{"angle":22.5,"axis":"x","origin":[8.06074,1.04852,5]},"faces":{"north":{"uv":[8.5,3.25,10,4.25],"texture":"#0"},"east":{"uv":[9.75,6.25,10.75,7.25],"texture":"#0"},"south":{"uv":[3.5,8.75,5,9.75],"texture":"#0"},"west":{"uv":[9.75,7.5,10.75,8.5],"texture":"#0"},"up":{"uv":[6.75,9.75,5.25,8.75],"texture":"#0"},"down":{"uv":[8.5,8.75,7,9.75],"texture":"#0"}}},{"from":[8.75,2.25,3.5],"to":[12.75,4.25,5.5],"rotation":{"angle":-22.5,"axis":"z","origin":[7.75,3.75,5]},"faces":{"north":{"uv":[2.75,5.75,3.75,6.25],"texture":"#0"},"east":{"uv":[4,5.75,4.5,6.25],"texture":"#0"},"south":{"uv":[7.25,1,8.25,1.5],"texture":"#0"},"west":{"uv":[10.5,5.25,11,5.75],"texture":"#0"},"up":{"uv":[9.5,5,8.5,4.5],"texture":"#0"},"down":{"uv":[10.75,4.5,9.75,5],"texture":"#0"}}},{"from":[3.25,2.25,3.5],"to":[7.25,4.25,5.5],"rotation":{"angle":22.5,"axis":"z","origin":[8.25,3.75,5]},"faces":{"north":{"uv":[6.25,10,7.25,10.5],"texture":"#0"},"east":{"uv":[10.5,8.75,11,9.25],"texture":"#0"},"south":{"uv":[7.5,10,8.5,10.5],"texture":"#0"},"west":{"uv":[10.5,9.5,11,10],"texture":"#0"},"up":{"uv":[11.25,3.5,10.25,3],"texture":"#0"},"down":{"uv":[11.25,3.75,10.25,4.25],"texture":"#0"}}},{"from":[4,7,5.1],"to":[12,13,12.1],"rotation":{"angle":22.5,"axis":"x","origin":[7.5,10.5,9.1]},"faces":{"north":{"uv":[2.75,4,4.75,5.5],"texture":"#0"},"east":{"uv":[5,1.75,6.75,3.25],"texture":"#0"},"south":{"uv":[5,0,7,1.5],"texture":"#0"},"west":{"uv":[5,3.5,6.75,5],"texture":"#0"},"up":{"uv":[4.75,1.75,2.75,0],"texture":"#0"},"down":{"uv":[4.75,2,2.75,3.75],"texture":"#0"}}},{"from":[5.5,11.77083,7.90807],"to":[10.5,16.77083,14.90807],"rotation":{"angle":-22.5,"axis":"x","origin":[8,11.66728,13.24386]},"faces":{"north":{"uv":[0,8.25,1.25,9.5],"texture":"#0"},"east":{"uv":[0,6.75,1.75,8],"texture":"#0"},"south":{"uv":[8.25,6.25,9.5,7.5],"texture":"#0"},"west":{"uv":[7,1.75,8.75,3],"texture":"#0"},"up":{"uv":[8.25,5,7,3.25],"texture":"#0"},"down":{"uv":[3.25,7.75,2,9.5],"texture":"#0"}}},{"from":[7,8.69471,14.52539],"to":[9,15.69471,17.52539],"rotation":{"angle":-22.5,"axis":"x","origin":[8,12.59116,12.86118]},"faces":{"north":{"uv":[2.5,9.75,3,11.5],"texture":"#0"},"east":{"uv":[8.75,8.75,9.5,10.5],"texture":"#0"},"south":{"uv":[9.75,8.75,10.25,10.5],"texture":"#0"},"west":{"uv":[9,1,9.75,2.75],"texture":"#0"},"up":{"uv":[2.5,7.5,2,6.75],"texture":"#0"},"down":{"uv":[9.5,7.75,9,8.5],"texture":"#0"}}},{"from":[6.5,7.69471,12.52539],"to":[9.5,10.69471,15.52539],"rotation":{"angle":-22.5,"axis":"x","origin":[8,12.59116,12.86118]},"faces":{"north":{"uv":[10,0,10.75,0.75],"texture":"#0"},"east":{"uv":[10,1,10.75,1.75],"texture":"#0"},"south":{"uv":[10,2,10.75,2.75],"texture":"#0"},"west":{"uv":[3.25,10,4,10.75],"texture":"#0"},"up":{"uv":[5,10.75,4.25,10],"texture":"#0"},"down":{"uv":[6,10,5.25,10.75],"texture":"#0"}}}],"gui_light":"front","display":{"thirdperson_righthand":{"translation":[0,-1.5,-1.25],"scale":[0.9,0.9,0.9]},"thirdperson_lefthand":{"translation":[0,-1.5,-1.25],"scale":[0.9,0.9,0.9]},"firstperson_righthand":{"rotation":[0,134,0],"translation":[3.75,4.75,-4],"scale":[0.8,0.8,0.8]},"firstperson_lefthand":{"rotation":[0,134,0],"translation":[3.75,4.75,-4],"scale":[0.8,0.8,0.8]},"ground":{"translation":[0,8,0],"scale":[0.9,0.9,0.9]},"gui":{"rotation":[22.5,145,0],"translation":[0,1,0],"scale":[0.7,0.7,0.7]},"head":{"translation":[0,5.5,0],"scale":[1.8,1.8,1.8]},"fixed":{"rotation":[-90,0,0],"translation":[0,0,-25.75],"scale":[2,2,2]}}}