{"textures":{"0":"modelengine:entity/scorpion","particle":"#0"},"elements":[{"from":[4.0,6.5,3.5],"to":[12.0,11.5,12.5],"faces":{"east":{"uv":[7.0,0.0,9.25,1.25],"tintindex":0,"rotation":0,"texture":"#0"},"south":{"uv":[4.75,11.5,6.75,12.75],"tintindex":0,"rotation":0,"texture":"#0"},"north":{"uv":[11.5,1.5,13.5,2.75],"tintindex":0,"rotation":0,"texture":"#0"},"west":{"uv":[7.0,1.25,9.25,2.5],"tintindex":0,"rotation":0,"texture":"#0"},"up":{"uv":[4.5,2.25,2.5,0.0],"tintindex":0,"rotation":0,"texture":"#0"},"down":{"uv":[4.5,2.25,2.5,4.5],"tintindex":0,"rotation":0,"texture":"#0"}}}],"display":{"head":{"rotation":[0.0,0.0,0.0]},"firstperson_righthand":{"rotation":[0.0,0.0,0.0]},"thirdperson_lefthand":{"rotation":[0.0,0.0,0.0]},"firstperson_lefthand":{"rotation":[0.0,0.0,0.0]},"fixed":{"rotation":[0.0,0.0,0.0]},"ground":{"rotation":[0.0,0.0,0.0]},"thirdperson_righthand":{"rotation":[0.0,0.0,0.0]},"gui":{"rotation":[-150.0,-45.0,180.0]}}}