{"textures":{"0":"modelengine:entity/scorpion","particle":"#0"},"elements":[{"from":[3.0,6.0,0.5],"to":[13.0,12.0,7.5],"faces":{"east":{"uv":[11.5,0.0,13.25,1.5],"tintindex":0,"rotation":0,"texture":"#0"},"south":{"uv":[2.5,4.5,5.0,6.0],"tintindex":0,"rotation":0,"texture":"#0"},"north":{"uv":[4.5,1.75,7.0,3.25],"tintindex":0,"rotation":0,"texture":"#0"},"west":{"uv":[3.0,11.5,4.75,13.0],"tintindex":0,"rotation":0,"texture":"#0"},"up":{"uv":[2.5,5.75,0.0,4.0],"tintindex":0,"rotation":0,"texture":"#0"},"down":{"uv":[7.0,0.0,4.5,1.75],"tintindex":0,"rotation":0,"texture":"#0"}}}],"display":{"head":{"rotation":[0.0,0.0,0.0]},"firstperson_righthand":{"rotation":[0.0,0.0,0.0]},"thirdperson_lefthand":{"rotation":[0.0,0.0,0.0]},"firstperson_lefthand":{"rotation":[0.0,0.0,0.0]},"fixed":{"rotation":[0.0,0.0,0.0]},"ground":{"rotation":[0.0,0.0,0.0]},"thirdperson_righthand":{"rotation":[0.0,0.0,0.0]},"gui":{"rotation":[-150.0,-45.0,180.0]}}}