{"textures":{"0":"modelengine:entity/scorpion","particle":"#0"},"elements":[{"from":[6.0,2.5,6.0],"to":[10.0,13.5,10.0],"faces":{"east":{"uv":[9.0,9.25,10.0,12.0],"tintindex":0,"rotation":0,"texture":"#0"},"south":{"uv":[9.5,0.0,10.5,2.75],"tintindex":0,"rotation":0,"texture":"#0"},"north":{"uv":[9.0,6.5,10.0,9.25],"tintindex":0,"rotation":0,"texture":"#0"},"west":{"uv":[2.0,9.75,3.0,12.5],"tintindex":0,"rotation":0,"texture":"#0"},"up":{"uv":[11.0,14.75,10.0,13.75],"tintindex":0,"rotation":0,"texture":"#0"},"down":{"uv":[12.0,13.75,11.0,14.75],"tintindex":0,"rotation":0,"texture":"#0"}}}],"display":{"head":{"rotation":[22.909807,-10.288585,-27.909807]},"firstperson_righthand":{"rotation":[22.909807,-10.288585,-27.909807]},"thirdperson_lefthand":{"rotation":[22.909807,10.288585,27.909807]},"firstperson_lefthand":{"rotation":[22.909807,10.288585,27.909807]},"fixed":{"rotation":[22.909807,-10.288585,-27.909807]},"ground":{"rotation":[22.909807,-10.288585,-27.909807]},"thirdperson_righthand":{"rotation":[22.909807,-10.288585,-27.909807]},"gui":{"rotation":[-176.53201,-30.968231,133.36528]}}}