{"textures":{"0":"modelengine:entity/scorpion","particle":"#0"},"elements":[{"from":[5.5,14.761382,12.612184],"to":[10.5,19.761383,21.612183],"faces":{"east":{"uv":[0.0,7.25,2.25,8.5],"tintindex":0,"rotation":0,"texture":"#0"},"south":{"uv":[12.75,12.0,14.0,13.25],"tintindex":0,"rotation":0,"texture":"#0"},"north":{"uv":[4.75,12.75,6.0,14.0],"tintindex":0,"rotation":0,"texture":"#0"},"west":{"uv":[7.25,2.5,9.5,3.75],"tintindex":0,"rotation":0,"texture":"#0"},"up":{"uv":[8.5,6.0,7.25,3.75],"tintindex":0,"rotation":0,"texture":"#0"},"down":{"uv":[3.5,7.5,2.25,9.75],"tintindex":0,"rotation":0,"texture":"#0"}},"rotation":{"origin":[8.0,17.261383,17.112183],"angle":-45.0,"axis":"x"}}],"display":{"head":{"rotation":[0.0,0.0,0.0]},"firstperson_righthand":{"rotation":[0.0,0.0,0.0]},"thirdperson_lefthand":{"rotation":[0.0,0.0,0.0]},"firstperson_lefthand":{"rotation":[0.0,0.0,0.0]},"fixed":{"rotation":[0.0,0.0,0.0]},"ground":{"rotation":[0.0,0.0,0.0]},"thirdperson_righthand":{"rotation":[0.0,0.0,0.0]},"gui":{"rotation":[-150.0,-45.0,180.0]}}}