{"textures":{"0":"modelengine:entity/scorpion","particle":"#0"},"elements":[{"from":[6.75,-3.604185,8.644772],"to":[9.25,-1.1041851,11.144772],"faces":{"east":{"uv":[3.25,13.0,4.5,14.25],"tintindex":0,"rotation":0,"texture":"#0"},"south":{"uv":[13.25,0.0,14.5,1.25],"tintindex":0,"rotation":0,"texture":"#0"},"north":{"uv":[2.0,13.0,3.25,14.25],"tintindex":0,"rotation":0,"texture":"#0"},"west":{"uv":[7.5,13.25,8.75,14.5],"tintindex":0,"rotation":0,"texture":"#0"},"up":{"uv":[10.0,14.5,8.75,13.25],"tintindex":0,"rotation":0,"texture":"#0"},"down":{"uv":[14.0,13.25,12.75,14.5],"tintindex":0,"rotation":0,"texture":"#0"}}},{"from":[8.0,-5.104185,8.644772],"to":[8.0,-1.1041851,13.644772],"faces":{"east":{"uv":[0.0,0.0,2.5,2.0],"tintindex":0,"rotation":0,"texture":"#0"},"west":{"uv":[0.0,2.0,2.5,4.0],"tintindex":0,"rotation":0,"texture":"#0"}}}],"display":{"head":{"rotation":[-150.0,0.0,0.0]},"firstperson_righthand":{"rotation":[-150.0,0.0,0.0]},"thirdperson_lefthand":{"rotation":[-150.0,0.0,0.0]},"firstperson_lefthand":{"rotation":[-150.0,0.0,0.0]},"fixed":{"rotation":[-150.0,0.0,0.0]},"ground":{"rotation":[-150.0,0.0,0.0]},"thirdperson_righthand":{"rotation":[-150.0,0.0,0.0]},"gui":{"rotation":[-9.231521,37.761246,-153.43495]}}}