{"credit":"Made with Blockbench","texture_size":[64,64],"textures":{"0":"minewave:item/cosmetics/fall_hats/acorn_hat_texture","particle":"minewave:item/cosmetics/fall_hats/acorn_hat_texture"},"elements":[{"from":[3,0,3],"to":[13,1,13],"rotation":{"angle":0,"axis":"y","origin":[3,-1,3]},"faces":{"north":{"uv":[2.5,6.75,5,7],"texture":"#0"},"east":{"uv":[0,6.75,2.5,7],"texture":"#0"},"south":{"uv":[7.5,6.75,10,7],"texture":"#0"},"west":{"uv":[5,6.75,7.5,7],"texture":"#0"},"up":{"uv":[5,6.75,2.5,4.25],"texture":"#0"},"down":{"uv":[7.5,4.25,5,6.75],"texture":"#0"}}},{"from":[2,1,2],"to":[14,6,14],"rotation":{"angle":0,"axis":"y","origin":[3,1,3]},"faces":{"north":{"uv":[3,3,6,4.25],"texture":"#0"},"east":{"uv":[0,3,3,4.25],"texture":"#0"},"south":{"uv":[9,3,12,4.25],"texture":"#0"},"west":{"uv":[6,3,9,4.25],"texture":"#0"},"up":{"uv":[6,3,3,0],"texture":"#0"},"down":{"uv":[9,0,6,3],"texture":"#0"}}},{"from":[5,6,5],"to":[11,8,11],"rotation":{"angle":0,"axis":"y","origin":[3,6,3]},"faces":{"north":{"uv":[1.5,8.5,3,9],"texture":"#0"},"east":{"uv":[0,8.5,1.5,9],"texture":"#0"},"south":{"uv":[4.5,8.5,6,9],"texture":"#0"},"west":{"uv":[3,8.5,4.5,9],"texture":"#0"},"up":{"uv":[3,8.5,1.5,7],"texture":"#0"},"down":{"uv":[4.5,7,3,8.5],"texture":"#0"}}},{"from":[11.44834,8,9.30864],"to":[11.44834,13,14.30864],"rotation":{"angle":22.5,"axis":"y","origin":[9.44834,7,15.30864]},"faces":{"north":{"uv":[9.25,4.75,9.25,6],"texture":"#0"},"east":{"uv":[8,4.75,9.25,6],"texture":"#0"},"south":{"uv":[10.5,4.75,10.5,6],"texture":"#0"},"west":{"uv":[9.25,4.75,10.5,6],"texture":"#0"},"up":{"uv":[9.25,4.75,9.25,3.5],"texture":"#0"},"down":{"uv":[9.25,3.5,9.25,4.75],"texture":"#0"}}},{"from":[7,8,7],"to":[9,11,9],"rotation":{"angle":0,"axis":"y","origin":[3,8,3]},"faces":{"north":{"uv":[0.5,0.5,1,1.25],"texture":"#0"},"east":{"uv":[0,0.5,0.5,1.25],"texture":"#0"},"south":{"uv":[1.5,0.5,2,1.25],"texture":"#0"},"west":{"uv":[1,0.5,1.5,1.25],"texture":"#0"},"up":{"uv":[1,0.5,0.5,0],"texture":"#0"},"down":{"uv":[1.5,0,1,0.5],"texture":"#0"}}}],"gui_light":"front","display":{"thirdperson_righthand":{"translation":[0,2,-2.25],"scale":[0.8,0.8,0.8]},"thirdperson_lefthand":{"translation":[0,2,-2.25],"scale":[0.8,0.8,0.8]},"firstperson_righthand":{"rotation":[12,0,0],"translation":[1.25,2,0]},"firstperson_lefthand":{"rotation":[12,0,0],"translation":[1.25,2,0]},"ground":{"translation":[0,2,0],"scale":[0.5,0.5,0.5]},"gui":{"rotation":[18,-134,0],"translation":[0,2,0],"scale":[0.78,0.78,0.78]},"head":{"translation":[0,14.5,0],"scale":[1.6,1.6,1.6]},"fixed":{"rotation":[-90,0,0],"translation":[0,0,-16],"scale":[2,2,2]}},"groups":[{"name":"acorn_hat","origin":[3,8,3],"color":0,"children":[0,1,2,3,4]}],"mcmodels":"927de46ea2ff7b69f54bebab4c22faf2"}