{"credit":"Made with Blockbench","texture_size":[64,64],"textures":{"0":"minewave:item/cosmetics/fall_hats/patchwork_hat_texture","particle":"minewave:item/cosmetics/fall_hats/patchwork_hat_texture"},"elements":[{"from":[0,0,0],"to":[16,1,16],"rotation":{"angle":0,"axis":"y","origin":[4,0,3]},"faces":{"north":{"uv":[4,4,8,4.25],"texture":"#0"},"east":{"uv":[0,4,4,4.25],"texture":"#0"},"south":{"uv":[12,4,16,4.25],"texture":"#0"},"west":{"uv":[8,4,12,4.25],"texture":"#0"},"up":{"uv":[8,4,4,0],"texture":"#0"},"down":{"uv":[12,0,8,4],"texture":"#0"}}},{"from":[3,1,3],"to":[13,6,13],"rotation":{"angle":0,"axis":"y","origin":[4,1,3]},"faces":{"north":{"uv":[2.5,6.75,5,8],"texture":"#0"},"east":{"uv":[0,6.75,2.5,8],"texture":"#0"},"south":{"uv":[7.5,6.75,10,8],"texture":"#0"},"west":{"uv":[5,6.75,7.5,8],"texture":"#0"},"up":{"uv":[5,6.75,2.5,4.25],"texture":"#0"},"down":{"uv":[7.5,4.25,5,6.75],"texture":"#0"}}}],"gui_light":"front","display":{"thirdperson_righthand":{"translation":[0,3.25,-3],"scale":[0.8,0.8,0.8]},"thirdperson_lefthand":{"translation":[0,3.25,-3],"scale":[0.8,0.8,0.8]},"firstperson_righthand":{"rotation":[12,0,0],"translation":[1.25,2,0]},"firstperson_lefthand":{"rotation":[12,0,0],"translation":[1.25,2,0]},"ground":{"translation":[0,2,0],"scale":[0.5,0.5,0.5]},"gui":{"rotation":[27,134,0],"translation":[0,3.25,0],"scale":[0.68,0.68,0.68]},"head":{"translation":[0,14.5,0],"scale":[1.6,1.6,1.6]},"fixed":{"rotation":[-90,0,0],"translation":[0,0,-16],"scale":[2,2,2]}},"groups":[{"name":"patchwork_hat","origin":[4,6,3],"color":0,"children":[0,1]}],"mcmodels":"927de46ea2ff7b69f54bebab4c22faf2"}