{"credit":"Made with Blockbench","texture_size":[64,64],"textures":{"0":"minewave:item/cosmetics/fall_hats/scarecrow_hat_texture","particle":"minewave:item/cosmetics/fall_hats/scarecrow_hat_texture"},"elements":[{"from":[3.5,3,2.5],"to":[5.5,5,3.5],"rotation":{"angle":0,"axis":"y","origin":[2,3,2.5]},"faces":{"north":{"uv":[0.25,6.5,0.75,7],"texture":"#0"},"east":{"uv":[0,6.5,0.25,7],"texture":"#0"},"south":{"uv":[1,6.5,1.5,7],"texture":"#0"},"west":{"uv":[0.75,6.5,1,7],"texture":"#0"},"up":{"uv":[0.75,6.5,0.25,6.25],"texture":"#0"},"down":{"uv":[1.25,6.25,0.75,6.5],"texture":"#0"}}},{"from":[5.5,3,3.5],"to":[7.5,5,3.5],"rotation":{"angle":45,"axis":"y","origin":[5.5,4,3.5]},"faces":{"north":{"uv":[0,4.5,0.5,5],"texture":"#0"},"east":{"uv":[0,4.5,0,5],"texture":"#0"},"south":{"uv":[0.5,4.5,1,5],"texture":"#0"},"west":{"uv":[0.5,4.5,0.5,5],"texture":"#0"},"up":{"uv":[0.5,4.5,0,4.5],"texture":"#0"},"down":{"uv":[1,4.5,0.5,4.5],"texture":"#0"}}},{"from":[3.5,5,3.5],"to":[5.5,7,3.5],"rotation":{"angle":-45,"axis":"x","origin":[4.5,5,3.5]},"faces":{"north":{"uv":[1,2,1.5,2.5],"texture":"#0"},"east":{"uv":[1,2,1,2.5],"texture":"#0"},"south":{"uv":[1.5,2,2,2.5],"texture":"#0"},"west":{"uv":[1.5,2,1.5,2.5],"texture":"#0"},"up":{"uv":[1.5,2,1,2],"texture":"#0"},"down":{"uv":[2,2,1.5,2],"texture":"#0"}}},{"from":[1.5,3,3.5],"to":[3.5,5,3.5],"rotation":{"angle":-45,"axis":"y","origin":[3.5,4,3.5]},"faces":{"north":{"uv":[0,1.75,0.5,2.25],"texture":"#0"},"east":{"uv":[0,1.75,0,2.25],"texture":"#0"},"south":{"uv":[0.5,1.75,1,2.25],"texture":"#0"},"west":{"uv":[0.5,1.75,0.5,2.25],"texture":"#0"},"up":{"uv":[0.5,1.75,0,1.75],"texture":"#0"},"down":{"uv":[1,1.75,0.5,1.75],"texture":"#0"}}},{"from":[3.5,1,3.5],"to":[5.5,3,3.5],"rotation":{"angle":45,"axis":"x","origin":[4.5,3,3.5]},"faces":{"north":{"uv":[0,1.25,0.5,1.75],"texture":"#0"},"east":{"uv":[0,1.25,0,1.75],"texture":"#0"},"south":{"uv":[0.5,1.25,1,1.75],"texture":"#0"},"west":{"uv":[0.5,1.25,0.5,1.75],"texture":"#0"},"up":{"uv":[0.5,1.25,0,1.25],"texture":"#0"},"down":{"uv":[1,1.25,0.5,1.25],"texture":"#0"}}},{"from":[4.5,3.5,3.5],"to":[4.5,4.5,4.5],"rotation":{"angle":0,"axis":"y","origin":[2,3.5,3.5]},"faces":{"north":{"uv":[0.25,0.75,0.25,1],"texture":"#0"},"east":{"uv":[0,0.75,0.25,1],"texture":"#0"},"south":{"uv":[0.5,0.75,0.5,1],"texture":"#0"},"west":{"uv":[0.25,0.75,0.5,1],"texture":"#0"},"up":{"uv":[0.25,0.75,0.25,0.5],"texture":"#0"},"down":{"uv":[0.25,0.5,0.25,0.75],"texture":"#0"}}},{"from":[3,0,-1],"to":[6,0,3],"rotation":{"angle":-22.5,"axis":"x","origin":[8,0,3]},"faces":{"north":{"uv":[7.5,2,8.25,2],"texture":"#0"},"east":{"uv":[6.5,2,7.5,2],"texture":"#0"},"south":{"uv":[9.25,2,10,2],"texture":"#0"},"west":{"uv":[8.25,2,9.25,2],"texture":"#0"},"up":{"uv":[8.25,2,7.5,1],"texture":"#0"},"down":{"uv":[9,1,8.25,2],"texture":"#0"}}},{"from":[10,0,-1],"to":[13,0,3],"rotation":{"angle":-45,"axis":"x","origin":[15,0,3]},"faces":{"north":{"uv":[7.5,1,8.25,1],"texture":"#0"},"east":{"uv":[6.5,1,7.5,1],"texture":"#0"},"south":{"uv":[9.25,1,10,1],"texture":"#0"},"west":{"uv":[8.25,1,9.25,1],"texture":"#0"},"up":{"uv":[8.25,1,7.5,0],"texture":"#0"},"down":{"uv":[9,0,8.25,1],"texture":"#0"}}},{"from":[10,0,13],"to":[13,0,17],"rotation":{"angle":22.5,"axis":"x","origin":[15,0,13]},"faces":{"north":{"uv":[1,2,1.75,2],"texture":"#0"},"east":{"uv":[0,2,1,2],"texture":"#0"},"south":{"uv":[2.75,2,3.5,2],"texture":"#0"},"west":{"uv":[1.75,2,2.75,2],"texture":"#0"},"up":{"uv":[1.75,2,1,1],"texture":"#0"},"down":{"uv":[2.5,1,1.75,2],"texture":"#0"}}},{"from":[7,0,13],"to":[9,0,16],"rotation":{"angle":0,"axis":"y","origin":[11,0,13]},"faces":{"north":{"uv":[0.75,4.5,1.25,4.5],"texture":"#0"},"east":{"uv":[0,4.5,0.75,4.5],"texture":"#0"},"south":{"uv":[2,4.5,2.5,4.5],"texture":"#0"},"west":{"uv":[1.25,4.5,2,4.5],"texture":"#0"},"up":{"uv":[1.25,4.5,0.75,3.75],"texture":"#0"},"down":{"uv":[1.75,3.75,1.25,4.5],"texture":"#0"}}},{"from":[3,0,13],"to":[6,0,17],"rotation":{"angle":45,"axis":"x","origin":[8,0,13]},"faces":{"north":{"uv":[1,1,1.75,1],"texture":"#0"},"east":{"uv":[0,1,1,1],"texture":"#0"},"south":{"uv":[2.75,1,3.5,1],"texture":"#0"},"west":{"uv":[1.75,1,2.75,1],"texture":"#0"},"up":{"uv":[1.75,1,1,0],"texture":"#0"},"down":{"uv":[2.5,0,1.75,1],"texture":"#0"}}},{"from":[-1,0,4],"to":[3,0,7],"rotation":{"angle":45,"axis":"z","origin":[3,0,8]},"faces":{"north":{"uv":[6,8.75,7,8.75],"texture":"#0"},"east":{"uv":[5.25,8.75,6,8.75],"texture":"#0"},"south":{"uv":[7.75,8.75,8.75,8.75],"texture":"#0"},"west":{"uv":[7,8.75,7.75,8.75],"texture":"#0"},"up":{"uv":[7,8.75,6,8],"texture":"#0"},"down":{"uv":[8,8,7,8.75],"texture":"#0"}}},{"from":[-1,0,9],"to":[3,0,12],"rotation":{"angle":22.5,"axis":"z","origin":[3,0,13]},"faces":{"north":{"uv":[8,8,9,8],"texture":"#0"},"east":{"uv":[7.25,8,8,8],"texture":"#0"},"south":{"uv":[9.75,8,10.75,8],"texture":"#0"},"west":{"uv":[9,8,9.75,8],"texture":"#0"},"up":{"uv":[9,8,8,7.25],"texture":"#0"},"down":{"uv":[10,7.25,9,8],"texture":"#0"}}},{"from":[13,0,9],"to":[17,0,12],"rotation":{"angle":-22.5,"axis":"z","origin":[13,0,13]},"faces":{"north":{"uv":[6,8,7,8],"texture":"#0"},"east":{"uv":[5.25,8,6,8],"texture":"#0"},"south":{"uv":[7.75,8,8.75,8],"texture":"#0"},"west":{"uv":[7,8,7.75,8],"texture":"#0"},"up":{"uv":[7,8,6,7.25],"texture":"#0"},"down":{"uv":[8,7.25,7,8],"texture":"#0"}}},{"from":[13,0,4],"to":[17,0,7],"rotation":{"angle":-45,"axis":"z","origin":[13,0,8]},"faces":{"north":{"uv":[8,5.75,9,5.75],"texture":"#0"},"east":{"uv":[7.25,5.75,8,5.75],"texture":"#0"},"south":{"uv":[9.75,5.75,10.75,5.75],"texture":"#0"},"west":{"uv":[9,5.75,9.75,5.75],"texture":"#0"},"up":{"uv":[9,5.75,8,5],"texture":"#0"},"down":{"uv":[10,5,9,5.75],"texture":"#0"}}},{"from":[9,0,2],"to":[10,0,3],"rotation":{"angle":-45,"axis":"x","origin":[14,0,3]},"faces":{"north":{"uv":[0.25,4.5,0.5,4.5],"texture":"#0"},"east":{"uv":[0,4.5,0.25,4.5],"texture":"#0"},"south":{"uv":[0.75,4.5,1,4.5],"texture":"#0"},"west":{"uv":[0.5,4.5,0.75,4.5],"texture":"#0"},"up":{"uv":[0.5,4.5,0.25,4.25],"texture":"#0"},"down":{"uv":[0.75,4.25,0.5,4.5],"texture":"#0"}}},{"from":[2,0,3],"to":[3,0,4],"rotation":{"angle":45,"axis":"z","origin":[3,0,7]},"faces":{"north":{"uv":[0.25,4.25,0.5,4.25],"texture":"#0"},"east":{"uv":[0,4.25,0.25,4.25],"texture":"#0"},"south":{"uv":[0.75,4.25,1,4.25],"texture":"#0"},"west":{"uv":[0.5,4.25,0.75,4.25],"texture":"#0"},"up":{"uv":[0.5,4.25,0.25,4],"texture":"#0"},"down":{"uv":[0.75,4,0.5,4.25],"texture":"#0"}}},{"from":[2,0,7],"to":[3,0,9],"rotation":{"angle":45,"axis":"z","origin":[3,0,11]},"faces":{"north":{"uv":[0.5,1,0.75,1],"texture":"#0"},"east":{"uv":[0,1,0.5,1],"texture":"#0"},"south":{"uv":[1.25,1,1.5,1],"texture":"#0"},"west":{"uv":[0.75,1,1.25,1],"texture":"#0"},"up":{"uv":[0.75,1,0.5,0.5],"texture":"#0"},"down":{"uv":[1,0.5,0.75,1],"texture":"#0"}}},{"from":[2,0,12],"to":[3,0,13],"rotation":{"angle":22.5,"axis":"z","origin":[3,0,15]},"faces":{"north":{"uv":[0.25,4,0.5,4],"texture":"#0"},"east":{"uv":[0,4,0.25,4],"texture":"#0"},"south":{"uv":[0.75,4,1,4],"texture":"#0"},"west":{"uv":[0.5,4,0.75,4],"texture":"#0"},"up":{"uv":[0.5,4,0.25,3.75],"texture":"#0"},"down":{"uv":[0.75,3.75,0.5,4],"texture":"#0"}}},{"from":[6,0,13],"to":[7,0,14],"rotation":{"angle":45,"axis":"x","origin":[9,0,13]},"faces":{"north":{"uv":[0.25,3.75,0.5,3.75],"texture":"#0"},"east":{"uv":[0,3.75,0.25,3.75],"texture":"#0"},"south":{"uv":[0.75,3.75,1,3.75],"texture":"#0"},"west":{"uv":[0.5,3.75,0.75,3.75],"texture":"#0"},"up":{"uv":[0.5,3.75,0.25,3.5],"texture":"#0"},"down":{"uv":[0.75,3.5,0.5,3.75],"texture":"#0"}}},{"from":[9,0,13],"to":[10,0,14],"rotation":{"angle":22.5,"axis":"x","origin":[12,0,13]},"faces":{"north":{"uv":[0.25,3.5,0.5,3.5],"texture":"#0"},"east":{"uv":[0,3.5,0.25,3.5],"texture":"#0"},"south":{"uv":[0.75,3.5,1,3.5],"texture":"#0"},"west":{"uv":[0.5,3.5,0.75,3.5],"texture":"#0"},"up":{"uv":[0.5,3.5,0.25,3.25],"texture":"#0"},"down":{"uv":[0.75,3.25,0.5,3.5],"texture":"#0"}}},{"from":[13,0,3],"to":[14,0,4],"rotation":{"angle":-45,"axis":"z","origin":[13,0,7]},"faces":{"north":{"uv":[0.25,3.25,0.5,3.25],"texture":"#0"},"east":{"uv":[0,3.25,0.25,3.25],"texture":"#0"},"south":{"uv":[0.75,3.25,1,3.25],"texture":"#0"},"west":{"uv":[0.5,3.25,0.75,3.25],"texture":"#0"},"up":{"uv":[0.5,3.25,0.25,3],"texture":"#0"},"down":{"uv":[0.75,3,0.5,3.25],"texture":"#0"}}},{"from":[13,0,7],"to":[14,0,9],"rotation":{"angle":-45,"axis":"z","origin":[13,0,11]},"faces":{"north":{"uv":[0.5,0.5,0.75,0.5],"texture":"#0"},"east":{"uv":[0,0.5,0.5,0.5],"texture":"#0"},"south":{"uv":[1.25,0.5,1.5,0.5],"texture":"#0"},"west":{"uv":[0.75,0.5,1.25,0.5],"texture":"#0"},"up":{"uv":[0.75,0.5,0.5,0],"texture":"#0"},"down":{"uv":[1,0,0.75,0.5],"texture":"#0"}}},{"from":[13,0,12],"to":[14,0,13],"rotation":{"angle":-22.5,"axis":"z","origin":[13,0,15]},"faces":{"north":{"uv":[2,2.5,2.25,2.5],"texture":"#0"},"east":{"uv":[1.75,2.5,2,2.5],"texture":"#0"},"south":{"uv":[2.5,2.5,2.75,2.5],"texture":"#0"},"west":{"uv":[2.25,2.5,2.5,2.5],"texture":"#0"},"up":{"uv":[2.25,2.5,2,2.25],"texture":"#0"},"down":{"uv":[2.5,2.25,2.25,2.5],"texture":"#0"}}},{"from":[6,0,2],"to":[7,0,3],"rotation":{"angle":-22.5,"axis":"x","origin":[11,0,3]},"faces":{"north":{"uv":[2,2.25,2.25,2.25],"texture":"#0"},"east":{"uv":[1.75,2.25,2,2.25],"texture":"#0"},"south":{"uv":[2.5,2.25,2.75,2.25],"texture":"#0"},"west":{"uv":[2.25,2.25,2.5,2.25],"texture":"#0"},"up":{"uv":[2.25,2.25,2,2],"texture":"#0"},"down":{"uv":[2.5,2,2.25,2.25],"texture":"#0"}}},{"from":[7,0,0],"to":[9,0,3],"rotation":{"angle":0,"axis":"y","origin":[11,0,3]},"faces":{"north":{"uv":[0.75,3.75,1.25,3.75],"texture":"#0"},"east":{"uv":[0,3.75,0.75,3.75],"texture":"#0"},"south":{"uv":[2,3.75,2.5,3.75],"texture":"#0"},"west":{"uv":[1.25,3.75,2,3.75],"texture":"#0"},"up":{"uv":[1.25,3.75,0.75,3],"texture":"#0"},"down":{"uv":[1.75,3,1.25,3.75],"texture":"#0"}}},{"from":[3.5,2,3.5],"to":[12.5,3,3.5],"rotation":{"angle":0,"axis":"y","origin":[3,2,2.5]},"faces":{"north":{"uv":[4.5,7,6.75,7.25],"texture":"#0"},"east":{"uv":[4.5,7,4.5,7.25],"texture":"#0"},"south":{"uv":[6.75,7,9,7.25],"texture":"#0"},"west":{"uv":[6.75,7,6.75,7.25],"texture":"#0"},"up":{"uv":[6.75,7,4.5,7],"texture":"#0"},"down":{"uv":[9,7,6.75,7],"texture":"#0"}}},{"from":[12.5,2,3.5],"to":[12.5,3,12.5],"rotation":{"angle":0,"axis":"y","origin":[13,2,13.5]},"faces":{"north":{"uv":[6.75,6.5,6.75,6.75],"texture":"#0"},"east":{"uv":[4.5,6.5,6.75,6.75],"texture":"#0"},"south":{"uv":[9,6.5,9,6.75],"texture":"#0"},"west":{"uv":[6.75,6.5,9,6.75],"texture":"#0"},"up":{"uv":[6.75,6.5,6.75,4.25],"texture":"#0"},"down":{"uv":[6.75,4.25,6.75,6.5],"texture":"#0"}}},{"from":[3.5,2,12.5],"to":[12.5,3,12.5],"rotation":{"angle":0,"axis":"y","origin":[3,2,13.5]},"faces":{"north":{"uv":[4.5,6.75,6.75,7],"texture":"#0"},"east":{"uv":[4.5,6.75,4.5,7],"texture":"#0"},"south":{"uv":[6.75,6.75,9,7],"texture":"#0"},"west":{"uv":[6.75,6.75,6.75,7],"texture":"#0"},"up":{"uv":[6.75,6.75,4.5,6.75],"texture":"#0"},"down":{"uv":[9,6.75,6.75,6.75],"texture":"#0"}}},{"from":[3.5,2,3.5],"to":[3.5,3,12.5],"rotation":{"angle":0,"axis":"y","origin":[3,2,13.5]},"faces":{"north":{"uv":[6.75,6.25,6.75,6.5],"texture":"#0"},"east":{"uv":[4.5,6.25,6.75,6.5],"texture":"#0"},"south":{"uv":[9,6.25,9,6.5],"texture":"#0"},"west":{"uv":[6.75,6.25,9,6.5],"texture":"#0"},"up":{"uv":[6.75,6.25,6.75,4],"texture":"#0"},"down":{"uv":[6.75,4,6.75,6.25],"texture":"#0"}}},{"from":[3.5,2,1.5],"to":[3.5,3,3.5],"rotation":{"angle":22.5,"axis":"y","origin":[3.5,2.5,3.5]},"faces":{"north":{"uv":[0.5,1,0.5,1.25],"texture":"#0"},"east":{"uv":[0,1,0.5,1.25],"texture":"#0"},"south":{"uv":[1,1,1,1.25],"texture":"#0"},"west":{"uv":[0.5,1,1,1.25],"texture":"#0"},"up":{"uv":[0.5,1,0.5,0.5],"texture":"#0"},"down":{"uv":[0.5,0.5,0.5,1],"texture":"#0"}}},{"from":[1.5,2,3.5],"to":[3.5,3,3.5],"rotation":{"angle":-22.5,"axis":"y","origin":[3.5,2.5,3.5]},"faces":{"north":{"uv":[0,2.25,0.5,2.5],"texture":"#0"},"east":{"uv":[0,2.25,0,2.5],"texture":"#0"},"south":{"uv":[0.5,2.25,1,2.5],"texture":"#0"},"west":{"uv":[0.5,2.25,0.5,2.5],"texture":"#0"},"up":{"uv":[0.5,2.25,0,2.25],"texture":"#0"},"down":{"uv":[1,2.25,0.5,2.25],"texture":"#0"}}},{"from":[1.5,1,3.5],"to":[2.5,2,3.5],"rotation":{"angle":-22.5,"axis":"y","origin":[3.5,2.5,3.5]},"faces":{"north":{"uv":[0,0,0.25,0.25],"texture":"#0"},"east":{"uv":[0,0,0,0.25],"texture":"#0"},"south":{"uv":[0.25,0,0.5,0.25],"texture":"#0"},"west":{"uv":[0.25,0,0.25,0.25],"texture":"#0"},"up":{"uv":[0.25,0,0,0],"texture":"#0"},"down":{"uv":[0.5,0,0.25,0],"texture":"#0"}}},{"from":[3.5,0,1.5],"to":[3.5,2,2.5],"rotation":{"angle":22.5,"axis":"y","origin":[3.5,2.5,3.5]},"faces":{"north":{"uv":[0.25,0.25,0.25,0.75],"texture":"#0"},"east":{"uv":[0,0.25,0.25,0.75],"texture":"#0"},"south":{"uv":[0.5,0.25,0.5,0.75],"texture":"#0"},"west":{"uv":[0.25,0.25,0.5,0.75],"texture":"#0"},"up":{"uv":[0.25,0.25,0.25,0],"texture":"#0"},"down":{"uv":[0.25,0,0.25,0.25],"texture":"#0"}}},{"from":[3,0,3],"to":[13,2,13],"rotation":{"angle":0,"axis":"y","origin":[3,0,3]},"faces":{"north":{"uv":[2.5,2.5,5,3],"texture":"#0"},"east":{"uv":[0,2.5,2.5,3],"texture":"#0"},"south":{"uv":[7.5,2.5,10,3],"texture":"#0"},"west":{"uv":[5,2.5,7.5,3],"texture":"#0"},"up":{"uv":[5,2.5,2.5,0],"texture":"#0"},"down":{"uv":[7.5,0,5,2.5],"texture":"#0"}}},{"from":[4,2,4],"to":[12,7,12],"rotation":{"angle":0,"axis":"y","origin":[3,2,3]},"faces":{"north":{"uv":[2,5,4,6.25],"texture":"#0"},"east":{"uv":[0,5,2,6.25],"texture":"#0"},"south":{"uv":[6,5,8,6.25],"texture":"#0"},"west":{"uv":[4,5,6,6.25],"texture":"#0"},"up":{"uv":[4,5,2,3],"texture":"#0"},"down":{"uv":[6,3,4,5],"texture":"#0"}}},{"from":[5.40224,3.23463,5],"to":[11.40224,10.23463,11],"rotation":{"angle":22.5,"axis":"z","origin":[3.40224,5.23463,3]},"faces":{"north":{"uv":[1.5,7.75,3,9.5],"texture":"#0"},"east":{"uv":[0,7.75,1.5,9.5],"texture":"#0"},"south":{"uv":[4.5,7.75,6,9.5],"texture":"#0"},"west":{"uv":[3,7.75,4.5,9.5],"texture":"#0"},"up":{"uv":[3,7.75,1.5,6.25],"texture":"#0"},"down":{"uv":[4.5,6.25,3,7.75],"texture":"#0"}}},{"from":[1.34285,10.21579,6],"to":[8.34285,14.21579,10],"rotation":{"angle":-22.5,"axis":"z","origin":[5.34285,12.21579,8]},"faces":{"north":{"uv":[7,4,8.75,5],"texture":"#0"},"east":{"uv":[6,4,7,5],"texture":"#0"},"south":{"uv":[9.75,4,11.5,5],"texture":"#0"},"west":{"uv":[8.75,4,9.75,5],"texture":"#0"},"up":{"uv":[8.75,4,7,3],"texture":"#0"},"down":{"uv":[10.5,3,8.75,4],"texture":"#0"}}}],"gui_light":"front","display":{"thirdperson_righthand":{"translation":[0,2,-2.25],"scale":[0.8,0.8,0.8]},"thirdperson_lefthand":{"translation":[0,2,-2.25],"scale":[0.8,0.8,0.8]},"firstperson_righthand":{"rotation":[12,0,0],"translation":[1.25,2,0]},"firstperson_lefthand":{"rotation":[12,0,0],"translation":[1.25,2,0]},"ground":{"translation":[0,2,0],"scale":[0.5,0.5,0.5]},"gui":{"rotation":[17,-152,0],"translation":[-0.25,1,0],"scale":[0.66,0.66,0.66]},"head":{"translation":[0,18,0],"scale":[1.8,1.8,1.8]},"fixed":{"rotation":[-90,0,0],"translation":[0,0,-16],"scale":[2,2,2]}},"groups":[{"name":"scarecrow_hat","origin":[15,6,13],"color":0,"children":[{"name":"sunflower","origin":[2,3.5,3.5],"color":0,"children":[0,1,2,3,4,5]},{"name":"shred","origin":[13,0,15],"color":0,"children":[6,7,8,9,10,11,12,13,14,15,16,17,18,19,20,21,22,23,24,25]},{"name":"rope","origin":[3,2,13.5],"color":0,"children":[26,27,28,29,30,31,32,33]},{"name":"hat","origin":[5.34285,12.21579,8],"color":0,"children":[34,35,36,37]}]}],"mcmodels":"927de46ea2ff7b69f54bebab4c22faf2"}