{"credit":"Made with Blockbench","texture_size":[64,64],"textures":{"0":"minewave:item/cosmetics/fall_hats/turkey_hat_texture","particle":"minewave:item/cosmetics/fall_hats/turkey_hat_texture"},"elements":[{"name":"tail","from":[-5,0,14],"to":[21,21,14],"rotation":{"angle":0,"axis":"y","origin":[8,10.5,14]},"faces":{"north":{"uv":[0,0,6.5,5.25],"texture":"#0"},"east":{"uv":[0,0,0,5.25],"texture":"#0"},"south":{"uv":[6.5,0,13,5.25],"texture":"#0"},"west":{"uv":[6.5,0,6.5,5.25],"texture":"#0"},"up":{"uv":[6.5,0,0,0],"texture":"#0"},"down":{"uv":[13,0,6.5,0],"texture":"#0"}}},{"from":[1,1.14909,4.77687],"to":[3,6.14909,12.77687],"rotation":{"angle":-22.5,"axis":"x","origin":[2,3.64909,8.27687]},"faces":{"north":{"uv":[7,11,7.5,12.25],"texture":"#0"},"east":{"uv":[5,11,7,12.25],"texture":"#0"},"south":{"uv":[9.5,11,10,12.25],"texture":"#0"},"west":{"uv":[7.5,11,9.5,12.25],"texture":"#0"},"up":{"uv":[7.5,11,7,9],"texture":"#0"},"down":{"uv":[8,9,7.5,11],"texture":"#0"}}},{"from":[13,1.14909,4.77687],"to":[15,6.14909,12.77687],"rotation":{"angle":-22.5,"axis":"x","origin":[14,3.64909,8.27687]},"faces":{"north":{"uv":[2,11,2.5,12.25],"texture":"#0"},"east":{"uv":[0,11,2,12.25],"texture":"#0"},"south":{"uv":[4.5,11,5,12.25],"texture":"#0"},"west":{"uv":[2.5,11,4.5,12.25],"texture":"#0"},"up":{"uv":[2.5,11,2,9],"texture":"#0"},"down":{"uv":[3,9,2.5,11],"texture":"#0"}}},{"from":[3,0,3],"to":[13,5,13],"rotation":{"angle":0,"axis":"y","origin":[3,0,3]},"faces":{"north":{"uv":[2.5,7.75,5,9],"texture":"#0"},"east":{"uv":[0,7.75,2.5,9],"texture":"#0"},"south":{"uv":[7.5,7.75,10,9],"texture":"#0"},"west":{"uv":[5,7.75,7.5,9],"texture":"#0"},"up":{"uv":[5,7.75,2.5,5.25],"texture":"#0"},"down":{"uv":[7.5,5.25,5,7.75],"texture":"#0"}}},{"from":[6,1,13],"to":[10,4,15],"rotation":{"angle":0,"axis":"y","origin":[3,0,13]},"faces":{"north":{"uv":[8,5.75,9,6.5],"texture":"#0"},"east":{"uv":[7.5,5.75,8,6.5],"texture":"#0"},"south":{"uv":[9.5,5.75,10.5,6.5],"texture":"#0"},"west":{"uv":[9,5.75,9.5,6.5],"texture":"#0"},"up":{"uv":[9,5.75,8,5.25],"texture":"#0"},"down":{"uv":[10,5.25,9,5.75],"texture":"#0"}}},{"from":[8,0.75,-0.75],"to":[8,2.75,3.25],"rotation":{"angle":-45,"axis":"x","origin":[8,1.75,3.25]},"faces":{"north":{"uv":[8.5,6.5,8.5,7],"texture":"#0"},"east":{"uv":[7.5,6.5,8.5,7],"texture":"#0"},"south":{"uv":[9.5,6.5,9.5,7],"texture":"#0"},"west":{"uv":[8.5,6.5,9.5,7],"texture":"#0"},"up":{"uv":[8.5,6.5,8.5,5.5],"texture":"#0"},"down":{"uv":[8.5,5.5,8.5,6.5],"texture":"#0"}}},{"from":[4,5,4],"to":[12,8,12],"rotation":{"angle":0,"axis":"y","origin":[3,5,3]},"faces":{"north":{"uv":[10,9,12,9.75],"texture":"#0"},"east":{"uv":[8,9,10,9.75],"texture":"#0"},"south":{"uv":[14,9,16,9.75],"texture":"#0"},"west":{"uv":[12,9,14,9.75],"texture":"#0"},"up":{"uv":[12,9,10,7],"texture":"#0"},"down":{"uv":[14,7,12,9],"texture":"#0"}}},{"from":[6,2,1],"to":[10,11,5],"rotation":{"angle":0,"axis":"y","origin":[1,4,1]},"faces":{"north":{"uv":[11,10.75,12,13],"texture":"#0"},"east":{"uv":[10,10.75,11,13],"texture":"#0"},"south":{"uv":[13,10.75,14,13],"texture":"#0"},"west":{"uv":[12,10.75,13,13],"texture":"#0"},"up":{"uv":[12,10.75,11,9.75],"texture":"#0"},"down":{"uv":[13,9.75,12,10.75],"texture":"#0"}}},{"from":[7,3,-1],"to":[9,7,0],"rotation":{"angle":0,"axis":"y","origin":[1,3,-3]},"faces":{"north":{"uv":[0.25,9.25,0.75,10.25],"texture":"#0"},"east":{"uv":[0,9.25,0.25,10.25],"texture":"#0"},"south":{"uv":[1,9.25,1.5,10.25],"texture":"#0"},"west":{"uv":[0.75,9.25,1,10.25],"texture":"#0"},"up":{"uv":[0.75,9.25,0.25,9],"texture":"#0"},"down":{"uv":[1.25,9,0.75,9.25],"texture":"#0"}}},{"from":[7,5,0],"to":[9,7,1],"rotation":{"angle":0,"axis":"y","origin":[1,3,-2]},"faces":{"north":{"uv":[7.75,7.25,8.25,7.75],"texture":"#0"},"east":{"uv":[7.5,7.25,7.75,7.75],"texture":"#0"},"south":{"uv":[8.5,7.25,9,7.75],"texture":"#0"},"west":{"uv":[8.25,7.25,8.5,7.75],"texture":"#0"},"up":{"uv":[8.25,7.25,7.75,7],"texture":"#0"},"down":{"uv":[8.75,7,8.25,7.25],"texture":"#0"}}},{"from":[9,8,0],"to":[11,10,3],"rotation":{"angle":0,"axis":"y","origin":[4,4,0]},"faces":{"north":{"uv":[0.75,7.25,1.25,7.75],"texture":"#0"},"east":{"uv":[0,7.25,0.75,7.75],"texture":"#0"},"south":{"uv":[2,7.25,2.5,7.75],"texture":"#0"},"west":{"uv":[1.25,7.25,2,7.75],"texture":"#0"},"up":{"uv":[1.25,7.25,0.75,6.5],"texture":"#0"},"down":{"uv":[1.75,6.5,1.25,7.25],"texture":"#0"}}},{"from":[5,8,0],"to":[7,10,3],"rotation":{"angle":0,"axis":"y","origin":[12,4,0]},"faces":{"north":{"uv":[0.75,6,1.25,6.5],"texture":"#0"},"east":{"uv":[0,6,0.75,6.5],"texture":"#0"},"south":{"uv":[2,6,2.5,6.5],"texture":"#0"},"west":{"uv":[1.25,6,2,6.5],"texture":"#0"},"up":{"uv":[1.25,6,0.75,5.25],"texture":"#0"},"down":{"uv":[1.75,5.25,1.25,6],"texture":"#0"}}}],"gui_light":"front","display":{"thirdperson_righthand":{"translation":[0,2,-2.25],"scale":[0.8,0.8,0.8]},"thirdperson_lefthand":{"translation":[0,2,-2.25],"scale":[0.8,0.8,0.8]},"firstperson_righthand":{"rotation":[12,0,0],"translation":[1.25,2,4]},"firstperson_lefthand":{"rotation":[12,0,0],"translation":[1.25,2,4]},"ground":{"translation":[0,2,0],"scale":[0.5,0.5,0.5]},"gui":{"rotation":[20,155,0],"translation":[-1.75,-0.75,0],"scale":[0.61,0.61,0.61]},"head":{"translation":[0,14.5,0],"scale":[1.6,1.6,1.6]},"fixed":{"rotation":[-90,0,0],"translation":[0,0,-16],"scale":[2,2,2]}},"groups":[{"name":"turkey_hat","origin":[12,8,0],"color":0,"children":[0,1,2,3,4,5,6,7,8,9,10,11]}],"mcmodels":"927de46ea2ff7b69f54bebab4c22faf2"}