{"format_version":"1.9.0","credit":"Pologony Creation Co.,Ltd.","textures":{"1":"minewave:item/halloween_pumpkin/animated/animated_4","2":"minewave:item/halloween_pumpkin/animated/animated_5","3":"minewave:item/halloween_pumpkin/crossbow","4":"minewave:item/halloween_pumpkin/animated/animated_6","particle":"minewave:item/halloween_pumpkin/animated/animated_4"},"elements":[{"from":[10,9.875,-0.75],"to":[12,11.875,1.25],"rotation":{"angle":-22.5,"axis":"y","origin":[11,10.875,0.25]},"faces":{"north":{"uv":[8,9.09091,8.72727,9.81818],"texture":"#3"},"east":{"uv":[9.09091,9.09091,9.81818,9.81818],"texture":"#3"},"south":{"uv":[1.09091,9.45455,1.81818,10.18182],"texture":"#3"},"west":{"uv":[2.18182,9.45455,2.90909,10.18182],"texture":"#3"},"up":{"uv":[10.18182,3.27273,9.45455,2.54545],"texture":"#3"},"down":{"uv":[4,9.45455,3.27273,10.18182],"texture":"#3"}}},{"from":[7.25,3.125,11],"to":[8.75,3.625,12.5],"rotation":{"angle":-45,"axis":"x","origin":[8,5.25,11.75]},"faces":{"north":{"uv":[13.81818,12,14.36364,12.18182],"texture":"#3"},"east":{"uv":[13.81818,12.72727,14.36364,12.90909],"texture":"#3"},"south":{"uv":[13.81818,13.45455,14.36364,13.63636],"texture":"#3"},"west":{"uv":[0,14.18182,0.54545,14.36364],"texture":"#3"},"up":{"uv":[11.81818,8.54545,11.27273,8],"texture":"#3"},"down":{"uv":[11.81818,9.09091,11.27273,9.63636],"texture":"#3"}}},{"from":[7.375,3.625,11.125],"to":[8.625,4.125,12.375],"rotation":{"angle":-45,"axis":"x","origin":[8,5.25,11.75]},"faces":{"north":{"uv":[14.54545,4.36364,15,4.54545],"texture":"#3"},"east":{"uv":[5.09091,14.54545,5.54545,14.72727],"texture":"#3"},"south":{"uv":[14.54545,7.63636,15,7.81818],"texture":"#3"},"west":{"uv":[14.54545,8.36364,15,8.54545],"texture":"#3"}}},{"from":[7.5,4.625,11.25],"to":[8.5,6.875,12.25],"rotation":{"angle":-45,"axis":"x","origin":[8,5.25,11.75]},"faces":{"north":{"uv":[11.27273,10.18182,11.63636,11],"texture":"#3"},"east":{"uv":[11.63636,0.72727,12,1.54545],"texture":"#3"},"south":{"uv":[2.18182,11.63636,2.54545,12.45455],"texture":"#3"},"west":{"uv":[11.63636,2.18182,12,3],"texture":"#3"}}},{"from":[7.375,7.375,11.125],"to":[8.625,7.875,12.375],"rotation":{"angle":-45,"axis":"x","origin":[8,5.25,11.75]},"faces":{"north":{"uv":[9.09091,14.54545,9.54545,14.72727],"texture":"#3"},"east":{"uv":[14.54545,9.09091,15,9.27273],"texture":"#3"},"south":{"uv":[14.54545,9.81818,15,10],"texture":"#3"},"west":{"uv":[10.18182,14.54545,10.63636,14.72727],"texture":"#3"}}},{"from":[6.5,8.375,9],"to":[9.5,11.375,12],"rotation":{"angle":22.5,"axis":"x","origin":[8,9.875,9.6275]},"faces":{"north":{"uv":[7.63636,0,8.72727,1.09091],"texture":"#3"},"east":{"uv":[7.63636,1.45455,8.72727,2.54545],"texture":"#3"},"south":{"uv":[2.54545,8,3.63636,9.09091],"texture":"#3"},"west":{"uv":[4,8,5.09091,9.09091],"texture":"#3"},"up":{"uv":[9.09091,7.27273,8,6.18182],"texture":"#3"},"down":{"uv":[9.09091,7.63636,8,8.72727],"texture":"#3"}}},{"from":[6.25,8.125,8.75],"to":[6.26,11.625,10.25],"light_emission":15,"rotation":{"angle":22.5,"axis":"x","origin":[8,9.875,9.6275]},"faces":{"east":{"uv":[13,0,10,7],"texture":"#2"},"west":{"uv":[10,0,13,7],"texture":"#2"}}},{"from":[6.25,8.125,8.75],"to":[9.75,11.625,8.76],"light_emission":15,"rotation":{"angle":22.5,"axis":"x","origin":[8,9.875,9.6275]},"faces":{"north":{"uv":[3,0,10,7],"texture":"#2"},"south":{"uv":[10,0,3,7],"texture":"#2"}}},{"from":[9.74,8.125,8.75],"to":[9.75,11.625,10.25],"light_emission":15,"rotation":{"angle":22.5,"axis":"x","origin":[8,9.875,9.6275]},"faces":{"east":{"uv":[0,0,3,7],"texture":"#2"},"west":{"uv":[3,0,0,7],"texture":"#2"}}},{"from":[14.28597,8.61836,0.45931],"to":[15.78597,10.11836,2.95931],"rotation":{"angle":45,"axis":"y","origin":[13.86319,9.36836,2.0034]},"faces":{"east":{"uv":[7.81818,11.09091,7.27273,10.18182],"rotation":90,"texture":"#3"},"south":{"uv":[2.90909,11.63636,3.45455,12.18182],"rotation":90,"texture":"#3"},"west":{"uv":[8.90909,10.18182,8.36364,11.09091],"rotation":90,"texture":"#3"},"up":{"uv":[10.18182,1.09091,11.09091,1.63636],"rotation":90,"texture":"#3"},"down":{"uv":[9.45455,7.27273,10.36364,7.81818],"rotation":90,"texture":"#3"}}},{"from":[13.78597,8.61836,-1.0407],"to":[15.78597,10.11836,0.4593],"rotation":{"angle":45,"axis":"y","origin":[13.86319,9.36836,2.0034]},"faces":{"north":{"uv":[2.18182,10.54545,2.72727,11.27273],"rotation":270,"texture":"#3"},"east":{"uv":[4.54545,12.18182,4,11.63636],"rotation":90,"texture":"#3"},"south":{"uv":[3.27273,10.54545,3.81818,11.27273],"rotation":90,"texture":"#3"},"west":{"uv":[5.63636,11.63636,5.09091,12.18182],"rotation":90,"texture":"#3"},"up":{"uv":[10.54545,3.27273,11.09091,4],"rotation":90,"texture":"#3"},"down":{"uv":[10.54545,2.18182,11.09091,2.90909],"rotation":90,"texture":"#3"}}},{"from":[9.8191,8.86836,0.33063],"to":[10.8191,9.86836,2.58063],"rotation":{"angle":-45,"axis":"y","origin":[13.86319,9.36836,2.0034]},"faces":{"north":{"uv":[9.45455,8.36364,9.81818,8.72727],"rotation":270,"texture":"#3"},"east":{"uv":[12,7.36364,11.63636,6.54545],"rotation":90,"texture":"#3"},"south":{"uv":[13.81818,4.72727,14.18182,5.09091],"rotation":90,"texture":"#3"},"west":{"uv":[7.63636,11.63636,7.27273,12.45455],"rotation":90,"texture":"#3"},"up":{"uv":[11.63636,5.81818,12.45455,6.18182],"rotation":90,"texture":"#3"},"down":{"uv":[11.63636,3.63636,12.45455,4],"rotation":90,"texture":"#3"}}},{"from":[9.5691,8.61836,2.58063],"to":[11.0691,10.11836,4.08063],"rotation":{"angle":-45,"axis":"y","origin":[13.86319,9.36836,2.0034]},"faces":{"north":{"uv":[8,11.63636,8.54545,12.18182],"rotation":270,"texture":"#3"},"east":{"uv":[0.54545,12.54545,0,12],"rotation":90,"texture":"#3"},"south":{"uv":[10.18182,11.63636,10.72727,12.18182],"rotation":90,"texture":"#3"},"west":{"uv":[1.63636,12,1.09091,12.54545],"rotation":90,"texture":"#3"},"up":{"uv":[11.27273,11.63636,11.81818,12.18182],"rotation":90,"texture":"#3"},"down":{"uv":[9.09091,11.63636,9.63636,12.18182],"rotation":90,"texture":"#3"}}},{"from":[14.84352,8.86836,2.16624],"to":[15.84352,9.86836,4.16624],"rotation":{"angle":22.5,"axis":"y","origin":[13.86319,9.36836,2.0034]},"faces":{"east":{"uv":[5.09091,13.45455,4.72727,12.72727],"rotation":90,"texture":"#3"},"south":{"uv":[5.09091,13.81818,5.45455,14.18182],"rotation":90,"texture":"#3"},"west":{"uv":[5.81818,12.72727,5.45455,13.45455],"rotation":90,"texture":"#3"},"up":{"uv":[3.63636,12.72727,4.36364,13.09091],"rotation":90,"texture":"#3"},"down":{"uv":[4,6.54545,4.72727,6.90909],"rotation":90,"texture":"#3"}}},{"from":[13.34352,8.86836,3.16624],"to":[14.84352,9.86836,4.16624],"rotation":{"angle":22.5,"axis":"y","origin":[13.86319,9.36836,2.0034]},"faces":{"north":{"uv":[7.27273,13.09091,7.63636,13.63636],"rotation":270,"texture":"#3"},"south":{"uv":[13.09091,12.36364,13.45455,12.90909],"rotation":90,"texture":"#3"},"west":{"uv":[14.18182,9.45455,13.81818,9.81818],"rotation":90,"texture":"#3"},"up":{"uv":[13.45455,0,13.81818,0.54545],"rotation":90,"texture":"#3"},"down":{"uv":[13.09091,9.81818,13.45455,10.36364],"rotation":90,"texture":"#3"}}},{"from":[13.34352,8.86836,4.16624],"to":[14.34352,9.86836,5.91624],"rotation":{"angle":22.5,"axis":"y","origin":[13.86319,9.36836,2.0034]},"faces":{"east":{"uv":[2.54545,13.72727,2.18182,13.09091],"rotation":90,"texture":"#3"},"south":{"uv":[13.81818,10.18182,14.18182,10.54545],"rotation":90,"texture":"#3"},"west":{"uv":[13.45455,4.72727,13.09091,5.36364],"rotation":90,"texture":"#3"},"up":{"uv":[13.09091,4,13.72727,4.36364],"rotation":90,"texture":"#3"},"down":{"uv":[13.09091,3.27273,13.72727,3.63636],"rotation":90,"texture":"#3"}}},{"from":[14.34352,8.99336,5.16624],"to":[15.34352,9.74336,5.91624],"rotation":{"angle":22.5,"axis":"y","origin":[13.86319,9.36836,2.0034]},"faces":{"north":{"uv":[14.18182,0,14.45455,0.36364],"rotation":270,"texture":"#3"},"east":{"uv":[6.45455,14.81818,6.18182,14.54545],"rotation":90,"texture":"#3"},"south":{"uv":[1.09091,14.18182,1.36364,14.54545],"rotation":90,"texture":"#3"},"up":{"uv":[14.18182,1.45455,14.45455,1.81818],"rotation":90,"texture":"#3"},"down":{"uv":[14.18182,0.72727,14.45455,1.09091],"rotation":90,"texture":"#3"}}},{"from":[14.84352,8.99336,4.66624],"to":[15.34352,9.74336,5.16624],"rotation":{"angle":22.5,"axis":"y","origin":[13.86319,9.36836,2.0034]},"faces":{"north":{"uv":[12.72727,14.54545,13,14.72727],"rotation":270,"texture":"#3"},"east":{"uv":[0.27273,15.09091,0,14.90909],"rotation":90,"texture":"#3"},"west":{"uv":[15.18182,0,14.90909,0.18182],"rotation":90,"texture":"#3"},"up":{"uv":[2.18182,14.90909,2.36364,15.09091],"rotation":90,"texture":"#3"},"down":{"uv":[14.90909,1.45455,15.09091,1.63636],"rotation":90,"texture":"#3"}}},{"from":[7.25,4.125,11],"to":[8.75,4.625,12.5],"rotation":{"angle":-45,"axis":"x","origin":[8,5.25,11.75]},"faces":{"north":{"uv":[1.81818,14.18182,2.36364,14.36364],"texture":"#3"},"east":{"uv":[14.18182,2.18182,14.72727,2.36364],"texture":"#3"},"south":{"uv":[14.18182,2.90909,14.72727,3.09091],"texture":"#3"},"west":{"uv":[14.18182,3.63636,14.72727,3.81818],"texture":"#3"},"up":{"uv":[12.54545,4.90909,12,4.36364],"texture":"#3"},"down":{"uv":[12.54545,10.18182,12,10.72727],"texture":"#3"}}},{"from":[7.25,6.875,11],"to":[8.75,7.375,12.5],"rotation":{"angle":-45,"axis":"x","origin":[8,5.25,11.75]},"faces":{"north":{"uv":[14.18182,5.45455,14.72727,5.63636],"texture":"#3"},"east":{"uv":[14.18182,6.18182,14.72727,6.36364],"texture":"#3"},"south":{"uv":[6.90909,14.18182,7.45455,14.36364],"texture":"#3"},"west":{"uv":[14.18182,6.90909,14.72727,7.09091],"texture":"#3"},"up":{"uv":[12.90909,0.54545,12.36364,0],"texture":"#3"},"down":{"uv":[12.90909,1.09091,12.36364,1.63636],"texture":"#3"}}},{"from":[7.25,7.875,11],"to":[8.75,8.375,12.5],"rotation":{"angle":-45,"axis":"x","origin":[8,5.25,11.75]},"faces":{"north":{"uv":[8,14.18182,8.54545,14.36364],"texture":"#3"},"east":{"uv":[14.18182,10.90909,14.72727,11.09091],"texture":"#3"},"south":{"uv":[13.81818,14.18182,14.36364,14.36364],"texture":"#3"},"west":{"uv":[2.90909,14.54545,3.45455,14.72727],"texture":"#3"},"up":{"uv":[12.90909,2.72727,12.36364,2.18182],"texture":"#3"},"down":{"uv":[12.90909,6.54545,12.36364,7.09091],"texture":"#3"}}},{"from":[5.5,8.875,10.95154],"to":[10.5,13.375,10.96154],"rotation":{"angle":-22.5,"axis":"x","origin":[8,11.125,10.95654]},"faces":{"north":{"uv":[5.09091,5.09091,6.90909,6.72727],"texture":"#3"},"south":{"uv":[6.90909,5.09091,5.09091,6.72727],"texture":"#3"}}},{"from":[4.25,10.625,0.20154],"to":[11.75,15.125,0.21154],"rotation":{"angle":0,"axis":"x","origin":[8,12.875,0.20654]},"faces":{"north":{"uv":[13.27273,14.36364,16,16],"texture":"#3"},"south":{"uv":[16,14.36364,13.27273,16],"texture":"#3"}}},{"from":[9.66865,8.62186,0],"to":[10.41865,10.11486,1.5],"rotation":{"angle":0,"axis":"y","origin":[9.66865,9.37186,0.75]},"faces":{"north":{"uv":[9.09091,13.45455,9.36364,14],"texture":"#3"},"east":{"uv":[12.36364,8.72727,12.90909,9.27273],"texture":"#3"},"south":{"uv":[9.81818,13.45455,10.09091,14],"texture":"#3"},"west":{"uv":[12.36364,11.27273,12.90909,11.81818],"texture":"#3"},"up":{"uv":[10.81818,14,10.54545,13.45455],"texture":"#3"},"down":{"uv":[13.72727,10.90909,13.45455,11.45455],"texture":"#3"}}},{"from":[4,9.875,-0.75],"to":[6,11.875,1.25],"rotation":{"angle":22.5,"axis":"y","origin":[5,10.875,0.25]},"faces":{"north":{"uv":[8.72727,9.09091,8,9.81818],"texture":"#3"},"east":{"uv":[2.90909,9.45455,2.18182,10.18182],"texture":"#3"},"south":{"uv":[1.81818,9.45455,1.09091,10.18182],"texture":"#3"},"west":{"uv":[9.81818,9.09091,9.09091,9.81818],"texture":"#3"},"up":{"uv":[9.45455,3.27273,10.18182,2.54545],"texture":"#3"},"down":{"uv":[3.27273,9.45455,4,10.18182],"texture":"#3"}}},{"from":[0.21403,8.61836,0.45931],"to":[1.71403,10.11836,2.95931],"rotation":{"angle":-45,"axis":"y","origin":[2.13681,9.36836,2.0034]},"faces":{"east":{"uv":[8.90909,11.09091,8.36364,10.18182],"rotation":90,"texture":"#3"},"south":{"uv":[2.90909,12.18182,3.45455,11.63636],"rotation":90,"texture":"#3"},"west":{"uv":[7.81818,10.18182,7.27273,11.09091],"rotation":90,"texture":"#3"},"up":{"uv":[10.18182,1.63636,11.09091,1.09091],"rotation":90,"texture":"#3"},"down":{"uv":[9.45455,7.81818,10.36364,7.27273],"rotation":90,"texture":"#3"}}},{"from":[0.21403,8.61836,-1.0407],"to":[2.21403,10.11836,0.4593],"rotation":{"angle":-45,"axis":"y","origin":[2.13681,9.36836,2.0034]},"faces":{"north":{"uv":[2.18182,11.27273,2.72727,10.54545],"rotation":270,"texture":"#3"},"east":{"uv":[5.63636,12.18182,5.09091,11.63636],"rotation":90,"texture":"#3"},"south":{"uv":[3.27273,11.27273,3.81818,10.54545],"rotation":90,"texture":"#3"},"west":{"uv":[4.54545,11.63636,4,12.18182],"rotation":90,"texture":"#3"},"up":{"uv":[10.54545,4,11.09091,3.27273],"rotation":90,"texture":"#3"},"down":{"uv":[10.54545,2.90909,11.09091,2.18182],"rotation":90,"texture":"#3"}}},{"from":[5.1809,8.86836,0.33063],"to":[6.1809,9.86836,2.58063],"rotation":{"angle":45,"axis":"y","origin":[2.13681,9.36836,2.0034]},"faces":{"north":{"uv":[9.45455,8.72727,9.81818,8.36364],"rotation":270,"texture":"#3"},"east":{"uv":[7.63636,12.45455,7.27273,11.63636],"rotation":90,"texture":"#3"},"south":{"uv":[13.81818,5.09091,14.18182,4.72727],"rotation":90,"texture":"#3"},"west":{"uv":[12,6.54545,11.63636,7.36364],"rotation":90,"texture":"#3"},"up":{"uv":[11.63636,6.18182,12.45455,5.81818],"rotation":90,"texture":"#3"},"down":{"uv":[11.63636,4,12.45455,3.63636],"rotation":90,"texture":"#3"}}},{"from":[4.9309,8.61836,2.58063],"to":[6.4309,10.11836,4.08063],"rotation":{"angle":45,"axis":"y","origin":[2.13681,9.36836,2.0034]},"faces":{"north":{"uv":[8,12.18182,8.54545,11.63636],"rotation":270,"texture":"#3"},"east":{"uv":[1.63636,12.54545,1.09091,12],"rotation":90,"texture":"#3"},"south":{"uv":[10.18182,12.18182,10.72727,11.63636],"rotation":90,"texture":"#3"},"west":{"uv":[0.54545,12,0,12.54545],"rotation":90,"texture":"#3"},"up":{"uv":[11.27273,12.18182,11.81818,11.63636],"rotation":90,"texture":"#3"},"down":{"uv":[9.09091,12.18182,9.63636,11.63636],"rotation":90,"texture":"#3"}}},{"from":[0.15648,8.86836,2.16624],"to":[1.15648,9.86836,4.16624],"rotation":{"angle":-22.5,"axis":"y","origin":[2.13681,9.36836,2.0034]},"faces":{"east":{"uv":[5.81818,13.45455,5.45455,12.72727],"rotation":90,"texture":"#3"},"south":{"uv":[5.09091,14.18182,5.45455,13.81818],"rotation":90,"texture":"#3"},"west":{"uv":[5.09091,12.72727,4.72727,13.45455],"rotation":90,"texture":"#3"},"up":{"uv":[3.63636,13.09091,4.36364,12.72727],"rotation":90,"texture":"#3"},"down":{"uv":[4,6.90909,4.72727,6.54545],"rotation":90,"texture":"#3"}}},{"from":[1.15648,8.86836,3.16624],"to":[2.65648,9.86836,4.16624],"rotation":{"angle":-22.5,"axis":"y","origin":[2.13681,9.36836,2.0034]},"faces":{"north":{"uv":[7.27273,13.63636,7.63636,13.09091],"rotation":270,"texture":"#3"},"east":{"uv":[14.18182,9.81818,13.81818,9.45455],"rotation":90,"texture":"#3"},"south":{"uv":[13.09091,12.90909,13.45455,12.36364],"rotation":90,"texture":"#3"},"up":{"uv":[13.45455,0.54545,13.81818,0],"rotation":90,"texture":"#3"},"down":{"uv":[13.09091,10.36364,13.45455,9.81818],"rotation":90,"texture":"#3"}}},{"from":[1.65648,8.86836,4.16624],"to":[2.65648,9.86836,5.91624],"rotation":{"angle":-22.5,"axis":"y","origin":[2.13681,9.36836,2.0034]},"faces":{"east":{"uv":[13.45455,5.36364,13.09091,4.72727],"rotation":90,"texture":"#3"},"south":{"uv":[13.81818,10.54545,14.18182,10.18182],"rotation":90,"texture":"#3"},"west":{"uv":[2.54545,13.09091,2.18182,13.72727],"rotation":90,"texture":"#3"},"up":{"uv":[13.09091,4.36364,13.72727,4],"rotation":90,"texture":"#3"},"down":{"uv":[13.09091,3.63636,13.72727,3.27273],"rotation":90,"texture":"#3"}}},{"from":[0.65648,8.99336,5.16624],"to":[1.65648,9.74336,5.91624],"rotation":{"angle":-22.5,"axis":"y","origin":[2.13681,9.36836,2.0034]},"faces":{"north":{"uv":[14.18182,0.36364,14.45455,0],"rotation":270,"texture":"#3"},"south":{"uv":[1.09091,14.54545,1.36364,14.18182],"rotation":90,"texture":"#3"},"west":{"uv":[6.45455,14.54545,6.18182,14.81818],"rotation":90,"texture":"#3"},"up":{"uv":[14.18182,1.81818,14.45455,1.45455],"rotation":90,"texture":"#3"},"down":{"uv":[14.18182,1.09091,14.45455,0.72727],"rotation":90,"texture":"#3"}}},{"from":[0.65648,8.99336,4.66624],"to":[1.15648,9.74336,5.16624],"rotation":{"angle":-22.5,"axis":"y","origin":[2.13681,9.36836,2.0034]},"faces":{"north":{"uv":[12.72727,14.72727,13,14.54545],"rotation":270,"texture":"#3"},"east":{"uv":[15.18182,0.18182,14.90909,0],"rotation":90,"texture":"#3"},"west":{"uv":[0.27273,14.90909,0,15.09091],"rotation":90,"texture":"#3"},"up":{"uv":[2.18182,15.09091,2.36364,14.90909],"rotation":90,"texture":"#3"},"down":{"uv":[14.90909,1.63636,15.09091,1.45455],"rotation":90,"texture":"#3"}}},{"from":[5.58135,8.62186,0],"to":[6.33135,10.11486,1.5],"rotation":{"angle":0,"axis":"y","origin":[6.33135,9.37186,0.75]},"faces":{"north":{"uv":[9.36364,13.45455,9.09091,14],"texture":"#3"},"east":{"uv":[12.90909,11.27273,12.36364,11.81818],"texture":"#3"},"south":{"uv":[10.09091,13.45455,9.81818,14],"texture":"#3"},"west":{"uv":[12.90909,8.72727,12.36364,9.27273],"texture":"#3"},"up":{"uv":[10.54545,14,10.81818,13.45455],"texture":"#3"},"down":{"uv":[13.45455,10.90909,13.72727,11.45455],"texture":"#3"}}},{"from":[1.5,9.235,4.45],"to":[14.5,9.265,8.95],"rotation":{"angle":0,"axis":"z","origin":[8,0,14.875]},"faces":{"up":{"uv":[4.72727,6,0,4.36364],"texture":"#3"},"down":{"uv":[4.72727,4.36364,0,6],"texture":"#3"}}},{"from":[13.225,8.35999,-1.23537],"to":[16.775,10.40999,6.76463],"light_emission":15,"rotation":{"angle":22.5,"axis":"y","origin":[15,9.38499,2.76463]},"faces":{"east":{"uv":[2,0,0,8],"rotation":270,"texture":"#1"},"west":{"uv":[7.5,0,5.5,8],"rotation":90,"texture":"#1"},"up":{"uv":[7.5,8,11,0],"texture":"#1"},"down":{"uv":[2,8,5.5,0],"rotation":180,"texture":"#1"}}},{"name":"cube inverted","from":[16.75,10.38499,6.76463],"to":[13.25,8.38499,-1.23537],"light_emission":15,"rotation":{"angle":22.5,"axis":"y","origin":[15,9.38499,2.76463]},"faces":{"east":{"uv":[5.5,0,7.5,8],"rotation":90,"texture":"#1"},"west":{"uv":[0,0,2,8],"rotation":270,"texture":"#1"},"up":{"uv":[5.5,8,2,0],"rotation":180,"texture":"#1"},"down":{"uv":[11,8,7.5,0],"texture":"#1"}}},{"from":[-0.775,8.35999,-1.23537],"to":[2.775,10.40999,6.76463],"light_emission":15,"rotation":{"angle":-22.5,"axis":"y","origin":[1,9.38499,2.76463]},"faces":{"east":{"uv":[7.5,8,5.5,0],"rotation":90,"texture":"#1"},"west":{"uv":[2,8,0,0],"rotation":270,"texture":"#1"},"up":{"uv":[11,8,7.5,0],"texture":"#1"},"down":{"uv":[5.5,8,2,0],"rotation":180,"texture":"#1"}}},{"name":"cube inverted","from":[2.75,10.38499,6.76463],"to":[-0.75,8.38499,-1.23537],"light_emission":15,"rotation":{"angle":-22.5,"axis":"y","origin":[1,9.38499,2.76463]},"faces":{"east":{"uv":[0,8,2,0],"rotation":270,"texture":"#1"},"west":{"uv":[5.5,8,7.5,0],"rotation":90,"texture":"#1"},"up":{"uv":[2,8,5.5,0],"rotation":180,"texture":"#1"},"down":{"uv":[7.5,8,11,0],"texture":"#1"}}},{"from":[6.875,9.255,1.45],"to":[9.125,9.265,8.45],"rotation":{"angle":-45,"axis":"z","origin":[8,9.26,4.95]},"faces":{"up":{"uv":[1.90909,9.09091,1.09091,6.54545],"texture":"#3"},"down":{"uv":[1.90909,6.54545,1.09091,9.09091],"texture":"#3"}}},{"from":[7.995,8.135,1.45],"to":[8.005,10.385,8.45],"rotation":{"angle":-45,"axis":"z","origin":[8,9.26,4.95]},"faces":{"east":{"uv":[1.90909,6.54545,1.09091,9.09091],"rotation":270,"texture":"#3"},"west":{"uv":[1.90909,9.09091,1.09091,6.54545],"rotation":270,"texture":"#3"}}},{"from":[7,8,0],"to":[9,9,10],"rotation":{"angle":0,"axis":"y","origin":[8,8,5]},"faces":{"north":{"uv":[6.18182,12.72727,6.90909,13.09091],"texture":"#3"},"east":{"uv":[6.54545,4,10.18182,4.36364],"texture":"#3"},"south":{"uv":[8,12.72727,8.72727,13.09091],"texture":"#3"},"west":{"uv":[2.54545,7.27273,6.18182,7.63636],"texture":"#3"},"up":{"uv":[0.72727,10.18182,0,6.54545],"texture":"#3"},"down":{"uv":[7.27273,0,6.54545,3.63636],"texture":"#3"}}},{"from":[7.0035,4.75736,7.82843],"to":[8.9965,5.75736,9.82843],"rotation":{"angle":45,"axis":"x","origin":[8.0035,4.75736,12.82843]},"faces":{"east":{"uv":[9.09091,12.72727,9.81818,13.09091],"texture":"#3"},"south":{"uv":[10.18182,12.72727,10.90909,13.09091],"texture":"#3"},"west":{"uv":[11.27273,12.72727,12,13.09091],"texture":"#3"},"up":{"uv":[6.18182,10.18182,5.45455,9.45455],"texture":"#3"},"down":{"uv":[10.18182,6.18182,9.45455,6.90909],"texture":"#3"}}},{"from":[7.5,7,0.25],"to":[8.5,8,10],"rotation":{"angle":0,"axis":"y","origin":[8,7,5]},"faces":{"north":{"uv":[12,13.81818,12.36364,14.18182],"texture":"#3"},"east":{"uv":[7.27273,4.72727,10.81818,5.09091],"texture":"#3"},"west":{"uv":[7.27273,5.45455,10.81818,5.81818],"texture":"#3"},"up":{"uv":[7.63636,9.72727,7.27273,6.18182],"texture":"#3"},"down":{"uv":[6.90909,7.27273,6.54545,10.81818],"texture":"#3"}}},{"from":[7.625,4,12.7981],"to":[8.375,6,14.2981],"rotation":{"angle":45,"axis":"x","origin":[8.125,5.25,14.0481]},"faces":{"north":{"uv":[3.63636,13.45455,3.90909,14.18182],"texture":"#3"},"east":{"uv":[4.36364,10.54545,4.90909,11.27273],"texture":"#3"},"south":{"uv":[13.45455,5.81818,13.72727,6.54545],"texture":"#3"},"west":{"uv":[5.45455,10.54545,6,11.27273],"texture":"#3"},"up":{"uv":[11.54545,14,11.27273,13.45455],"texture":"#3"}}},{"from":[7.375,4.5,12.2981],"to":[8.625,6,13.2981],"rotation":{"angle":45,"axis":"x","origin":[8.125,5,14.0481]},"faces":{"north":{"uv":[0,13.09091,0.45455,13.63636],"texture":"#3"},"east":{"uv":[6.18182,13.45455,6.54545,14],"texture":"#3"},"south":{"uv":[1.09091,13.09091,1.54545,13.63636],"texture":"#3"},"west":{"uv":[13.45455,6.90909,13.81818,7.45455],"texture":"#3"},"up":{"uv":[8.45455,13.81818,8,13.45455],"texture":"#3"},"down":{"uv":[13.90909,8,13.45455,8.36364],"texture":"#3"}}},{"from":[7.3775,5.94454,13.51777],"to":[8.6225,6.94454,16.26777],"rotation":{"angle":0,"axis":"x","origin":[8.0025,6.44454,14.26777]},"faces":{"east":{"uv":[2.54545,6.54545,3.54545,6.90909],"texture":"#3"},"south":{"uv":[13.45455,8.72727,13.90909,9.09091],"texture":"#3"},"west":{"uv":[10.90909,0,11.90909,0.36364],"texture":"#3"},"up":{"uv":[0.45455,11.54545,0,10.54545],"texture":"#3"},"down":{"uv":[1.54545,10.54545,1.09091,11.54545],"texture":"#3"}}},{"from":[7.6285,5.16421,13.69455],"to":[8.3715,6.66421,17.69455],"rotation":{"angle":0,"axis":"x","origin":[8.1285,5.91421,14.69455]},"faces":{"east":{"uv":[7.63636,2.90909,9.09091,3.45455],"texture":"#3"},"west":{"uv":[9.09091,0,10.54545,0.54545],"texture":"#3"},"up":{"uv":[10.81818,11.27273,10.54545,9.81818],"texture":"#3"},"down":{"uv":[11.18182,6.18182,10.90909,7.63636],"texture":"#3"}}},{"from":[7.6235,4.63921,16.94455],"to":[8.3765,7.63921,18.44455],"rotation":{"angle":-22.5,"axis":"x","origin":[7.87,5.91421,19.69455]},"faces":{"north":{"uv":[12.36364,12.36364,12.63636,13.45455],"texture":"#3"},"east":{"uv":[5.45455,8,6,9.09091],"texture":"#3"},"south":{"uv":[2.90909,12.72727,3.18182,13.81818],"texture":"#3"},"west":{"uv":[9.09091,1.09091,9.63636,2.18182],"texture":"#3"},"up":{"uv":[13.36364,14,13.09091,13.45455],"texture":"#3"},"down":{"uv":[4.63636,13.81818,4.36364,14.36364],"texture":"#3"}}},{"from":[7.6235,4.63921,16.19455],"to":[8.3765,5.13921,16.94455],"rotation":{"angle":-22.5,"axis":"x","origin":[7.87,5.91421,19.69455]},"faces":{"north":{"uv":[0.72727,14.90909,1,15.09091],"texture":"#3"},"east":{"uv":[14.90909,0.72727,15.18182,0.90909],"texture":"#3"},"west":{"uv":[1.45455,14.90909,1.72727,15.09091],"texture":"#3"},"up":{"uv":[11.54545,14.81818,11.27273,14.54545],"texture":"#3"},"down":{"uv":[12.27273,14.54545,12,14.81818],"texture":"#3"}}},{"from":[8.5,8,-0.0015],"to":[9.5,10.5,1.5015],"rotation":{"angle":-22.5,"axis":"z","origin":[9,8,-0.0015]},"faces":{"north":{"uv":[11.27273,4.36364,11.63636,5.27273],"texture":"#3"},"east":{"uv":[10.18182,8.36364,10.72727,9.27273],"texture":"#3"},"south":{"uv":[6.54545,11.27273,6.90909,12.18182],"texture":"#3"},"west":{"uv":[9.45455,10.18182,10,11.09091],"texture":"#3"},"up":{"uv":[13.81818,1.63636,13.45455,1.09091],"texture":"#3"},"down":{"uv":[13.81818,2.18182,13.45455,2.72727],"texture":"#3"}}},{"from":[6.5,8,-0.0015],"to":[7.5,10.5,1.5015],"rotation":{"angle":22.5,"axis":"z","origin":[7,8,-0.0015]},"faces":{"north":{"uv":[11.63636,4.36364,11.27273,5.27273],"texture":"#3"},"east":{"uv":[10,10.18182,9.45455,11.09091],"texture":"#3"},"south":{"uv":[6.90909,11.27273,6.54545,12.18182],"texture":"#3"},"west":{"uv":[10.72727,8.36364,10.18182,9.27273],"texture":"#3"},"up":{"uv":[13.45455,1.63636,13.81818,1.09091],"texture":"#3"},"down":{"uv":[13.45455,2.18182,13.81818,2.72727],"texture":"#3"}}},{"from":[-3.75,9.3485,-1.25],"to":[1.25,9.3515,5.75],"light_emission":15,"rotation":{"angle":-45,"axis":"y","origin":[-1.25,9.35,2.25]},"faces":{"up":{"uv":[10,0,0,14],"rotation":180,"texture":"#4"},"down":{"uv":[0,0,10,14],"texture":"#4"}}},{"from":[-1.45774,9.345,3.74064],"to":[0.54226,9.355,5.74064],"rotation":{"angle":-22.5,"axis":"y","origin":[2.13681,9.35,2.0034]},"faces":{"up":{"uv":[4.36364,10.18182,5.09091,9.45455],"rotation":90,"texture":"#3"},"down":{"uv":[5.09091,10.18182,4.36364,9.45455],"rotation":90,"texture":"#3"}}},{"from":[-0.30774,9.345,-0.96061],"to":[1.19226,9.355,0.53939],"rotation":{"angle":0,"axis":"y","origin":[2.13681,9.35,2.0034]},"faces":{"up":{"uv":[12.36364,8.18182,12.90909,7.63636],"rotation":90,"texture":"#3"},"down":{"uv":[12.90909,8.18182,12.36364,7.63636],"rotation":90,"texture":"#3"}}},{"from":[15.45774,9.345,3.74064],"to":[17.45774,9.355,5.74064],"rotation":{"angle":22.5,"axis":"y","origin":[13.86319,9.35,2.0034]},"faces":{"up":{"uv":[4.36364,9.45455,5.09091,10.18182],"rotation":90,"texture":"#3"},"down":{"uv":[5.09091,9.45455,4.36364,10.18182],"rotation":90,"texture":"#3"}}},{"from":[14.80774,9.345,-0.96061],"to":[16.30774,9.355,0.53939],"rotation":{"angle":0,"axis":"y","origin":[13.86319,9.35,2.0034]},"faces":{"up":{"uv":[12.36364,7.63636,12.90909,8.18182],"rotation":90,"texture":"#3"},"down":{"uv":[12.90909,7.63636,12.36364,8.18182],"rotation":90,"texture":"#3"}}},{"from":[14.75,9.3485,-1.25],"to":[19.75,9.3515,5.75],"light_emission":15,"rotation":{"angle":45,"axis":"y","origin":[17.25,9.35,2.25]},"faces":{"up":{"uv":[0,0,10,14],"rotation":180,"texture":"#4"},"down":{"uv":[10,0,0,14],"texture":"#4"}}}],"gui_light":"front","display":{"thirdperson_righthand":{"translation":[0,1.75,-0.5]},"thirdperson_lefthand":{"translation":[0,1.75,-0.5]},"firstperson_righthand":{"rotation":[0,-10.2,0],"translation":[0.75,2.25,2.75],"scale":[0.7,0.7,0.7]},"firstperson_lefthand":{"rotation":[0,-10.1,0],"translation":[0.725,2.25,2.75],"scale":[0.7,0.7,0.7]},"ground":{"rotation":[10,0,0],"translation":[0,6,0],"scale":[0.7,0.7,0.7]},"gui":{"rotation":[90,45,0],"translation":[1.75,-1.75,0],"scale":[0.87,0.87,0.87]},"fixed":{"rotation":[-90,0,0],"translation":[0,0,-3.25],"scale":[2,2,2]}},"groups":[{"name":"crossbow","origin":[7,-2,7],"color":0,"children":[0,1,2,3,4,5,{"name":"animated_2","origin":[5.72321,12.625,6.78387],"color":0,"children":[6,7,8]},9,10,11,12,13,14,15,16,17,18,19,20,21,22,23,24,25,26,27,28,29,30,31,32,33,34,35,{"name":"animated_1","origin":[8,20.15254,10.96016],"color":0,"children":[36,37,38,39]},40,41,42,43,44,45,46,47,48,49,50,51,52,53,54,55,56,57,58]}],"mcmodels":"d22989953ed810bd703d465c5ee35e3d"}