{"format_version":"1.9.0","credit":"Pologony Creation Co.,Ltd.","texture_size":[40,40],"textures":{"2":"minewave:item/halloween_pumpkin/animated/animated_1","3":"minewave:item/halloween_pumpkin/animated/animated_3","4":"minewave:item/halloween_pumpkin/animated/animated_2","6":"minewave:item/halloween_pumpkin/animated/animated_6","8":"minewave:item/halloween_pumpkin/fishing_rod"},"elements":[{"from":[7,-2,7],"to":[9,0,9],"rotation":{"angle":0,"axis":"y","origin":[7,-2,7]},"faces":{"north":{"uv":[8.8,5.2,9.6,6],"texture":"#8"},"east":{"uv":[8.8,6.4,9.6,7.2],"texture":"#8"},"south":{"uv":[0,9.2,0.8,10],"texture":"#8"},"west":{"uv":[9.2,0,10,0.8],"texture":"#8"},"up":{"uv":[6,10,5.2,9.2],"texture":"#8"},"down":{"uv":[7.2,9.2,6.4,10],"texture":"#8"}}},{"from":[7,13.25,7],"to":[9,15.25,9],"rotation":{"angle":0,"axis":"y","origin":[7,13.25,7]},"faces":{"north":{"uv":[7.6,9.6,8.4,10.4],"texture":"#8"},"east":{"uv":[9.6,7.6,10.4,8.4],"texture":"#8"},"south":{"uv":[8.8,9.6,9.6,10.4],"texture":"#8"},"west":{"uv":[10,1.2,10.8,2],"texture":"#8"},"up":{"uv":[10.8,3.2,10,2.4],"texture":"#8"},"down":{"uv":[10.8,3.6,10,4.4],"texture":"#8"}}},{"from":[7.125,18.25,7.125],"to":[8.875,20,8.875],"rotation":{"angle":0,"axis":"y","origin":[7.125,18.25,6.875]},"faces":{"north":{"uv":[11.2,9.2,11.9,9.9],"texture":"#8"},"east":{"uv":[11.2,10.4,11.9,11.1],"texture":"#8"},"south":{"uv":[11.6,4,12.3,4.7],"texture":"#8"},"west":{"uv":[11.6,5.2,12.3,5.9],"texture":"#8"},"up":{"uv":[11.9,12.3,11.2,11.6],"texture":"#8"},"down":{"uv":[0.7,12,0,12.7],"texture":"#8"}}},{"from":[7.125,23.25,7.125],"to":[8.875,25,8.875],"rotation":{"angle":0,"axis":"y","origin":[7.125,18.25,6.875]},"faces":{"north":{"uv":[12,0,12.7,0.7],"texture":"#8"},"east":{"uv":[1.2,12,1.9,12.7],"texture":"#8"},"south":{"uv":[12,1.2,12.7,1.9],"texture":"#8"},"west":{"uv":[12,2.4,12.7,3.1],"texture":"#8"},"up":{"uv":[4.7,12.7,4,12],"texture":"#8"},"down":{"uv":[5.9,12,5.2,12.7],"texture":"#8"}}},{"from":[7.25,0,7.25],"to":[8.75,0.5,8.75],"rotation":{"angle":45,"axis":"y","origin":[8,0.25,8]},"faces":{"north":{"uv":[13.2,13.6,13.8,13.8],"texture":"#8"},"east":{"uv":[0,14,0.6,14.2],"texture":"#8"},"south":{"uv":[2,14,2.6,14.2],"texture":"#8"},"west":{"uv":[14,2.8,14.6,3],"texture":"#8"},"up":{"uv":[12.6,7,12,6.4],"texture":"#8"},"down":{"uv":[12.6,7.6,12,8.2],"texture":"#8"}}},{"from":[7.5,0.5,7.42678],"to":[8.75,1,8.67678],"rotation":{"angle":45,"axis":"y","origin":[8,0.75,8.17678]},"faces":{"north":{"uv":[14.4,10,14.9,10.2],"texture":"#8"},"east":{"uv":[14.4,10.8,14.9,11],"texture":"#8"},"south":{"uv":[11.2,14.4,11.7,14.6],"texture":"#8"},"west":{"uv":[14.4,11.6,14.9,11.8],"texture":"#8"}}},{"from":[7.5,1.5,7.5],"to":[8.5,4.75,8.5],"rotation":{"angle":45,"axis":"y","origin":[8,1.75,8]},"faces":{"north":{"uv":[9.2,10.8,9.6,12.1],"texture":"#8"},"east":{"uv":[11.2,0,11.6,1.3],"texture":"#8"},"south":{"uv":[11.2,2,11.6,3.3],"texture":"#8"},"west":{"uv":[11.2,7.2,11.6,8.5],"texture":"#8"}}},{"from":[7.5,5.25,7.42678],"to":[8.75,5.75,8.67678],"rotation":{"angle":45,"axis":"y","origin":[8,5.5,8.17678]},"faces":{"north":{"uv":[12.4,14.4,12.9,14.6],"texture":"#8"},"east":{"uv":[14.4,12.4,14.9,12.6],"texture":"#8"},"south":{"uv":[14.4,13.2,14.9,13.4],"texture":"#8"},"west":{"uv":[13.6,14.4,14.1,14.6],"texture":"#8"}}},{"from":[6,6.25,6],"to":[10,10.25,10],"rotation":{"angle":0,"axis":"y","origin":[6,6.25,6]},"faces":{"north":{"uv":[5.2,0,6.8,1.6],"texture":"#8"},"east":{"uv":[5.2,2,6.8,3.6],"texture":"#8"},"south":{"uv":[5.2,4,6.8,5.6],"texture":"#8"},"west":{"uv":[5.2,6,6.8,7.6],"texture":"#8"},"up":{"uv":[1.6,8.8,0,7.2],"texture":"#8"},"down":{"uv":[8.8,0,7.2,1.6],"texture":"#8"}}},{"from":[7.25,7.5,4.5],"to":[8.75,9,7],"rotation":{"angle":45,"axis":"x","origin":[8,8.25,6]},"faces":{"north":{"uv":[10,12,10.6,12.6],"texture":"#8"},"east":{"uv":[10,4.8,11,5.4],"texture":"#8"},"west":{"uv":[10,6,11,6.6],"texture":"#8"},"up":{"uv":[10.6,9.8,10,8.8],"texture":"#8"},"down":{"uv":[0.6,10.4,0,11.4],"texture":"#8"}}},{"from":[7.5,9.65301,3.48899],"to":[8.5,10.65301,5.48899],"rotation":{"angle":22.5,"axis":"x","origin":[8,10.41551,3.03899]},"faces":{"north":{"uv":[9.2,1.2,9.6,1.6],"texture":"#8"},"east":{"uv":[11.2,12.8,12,13.2],"texture":"#8"},"west":{"uv":[0,13.2,0.8,13.6],"texture":"#8"},"up":{"uv":[1.6,10,1.2,9.2],"texture":"#8"},"down":{"uv":[10.8,0,10.4,0.8],"texture":"#8"}}},{"from":[7.5,8.15301,3.48899],"to":[8.5,9.65301,4.48899],"rotation":{"angle":22.5,"axis":"x","origin":[8,10.41551,3.03899]},"faces":{"north":{"uv":[5.2,13.2,5.6,13.8],"texture":"#8"},"east":{"uv":[13.2,6,13.6,6.6],"texture":"#8"},"south":{"uv":[13.2,7.2,13.6,7.8],"texture":"#8"},"west":{"uv":[10,13.2,10.4,13.8],"texture":"#8"},"down":{"uv":[4.8,9.6,4.4,10],"texture":"#8"}}},{"from":[7.5,8.15301,1.73899],"to":[8.5,9.15301,3.48899],"rotation":{"angle":22.5,"axis":"x","origin":[8,10.41551,3.03899]},"faces":{"north":{"uv":[13.2,2.8,13.6,3.2],"texture":"#8"},"east":{"uv":[13.2,0,13.9,0.4],"texture":"#8"},"west":{"uv":[13.2,0.8,13.9,1.2],"texture":"#8"},"up":{"uv":[3.6,13.5,3.2,12.8],"texture":"#8"},"down":{"uv":[1.6,13.2,1.2,13.9],"texture":"#8"}}},{"from":[7.625,9.15301,1.73899],"to":[8.375,10.15301,2.48899],"rotation":{"angle":22.5,"axis":"x","origin":[8,10.41551,3.03899]},"faces":{"north":{"uv":[3.2,14,3.5,14.4],"texture":"#8"},"east":{"uv":[14,3.6,14.3,4],"texture":"#8"},"south":{"uv":[14,4.4,14.3,4.8],"texture":"#8"},"west":{"uv":[14,5.2,14.3,5.6],"texture":"#8"},"up":{"uv":[1.5,14.7,1.2,14.4],"texture":"#8"}}},{"from":[7.625,9.65301,2.48899],"to":[8.375,10.15301,2.98899],"rotation":{"angle":22.5,"axis":"x","origin":[8,10.41551,3.03899]},"faces":{"east":{"uv":[14.8,3.6,15,3.8],"texture":"#8"},"south":{"uv":[0,14.8,0.3,15],"texture":"#8"},"west":{"uv":[14.8,4.4,15,4.6],"texture":"#8"},"up":{"uv":[2.3,15,2,14.8],"texture":"#8"},"down":{"uv":[3.1,14.8,2.8,15],"texture":"#8"}}},{"from":[7.25,1,7.25],"to":[8.75,1.5,8.75],"rotation":{"angle":45,"axis":"y","origin":[8,1.25,8]},"faces":{"north":{"uv":[14,6,14.6,6.2],"texture":"#8"},"east":{"uv":[14,6.8,14.6,7],"texture":"#8"},"south":{"uv":[7.6,14,8.2,14.2],"texture":"#8"},"west":{"uv":[14,7.6,14.6,7.8],"texture":"#8"},"up":{"uv":[7,13,6.4,12.4],"texture":"#8"},"down":{"uv":[13,8.8,12.4,9.4],"texture":"#8"}}},{"from":[7.25,4.75,7.25],"to":[8.75,5.25,8.75],"rotation":{"angle":45,"axis":"y","origin":[8,5,8]},"faces":{"north":{"uv":[8.8,14,9.4,14.2],"texture":"#8"},"east":{"uv":[14.4,0,15,0.2],"texture":"#8"},"south":{"uv":[14.4,0.8,15,1],"texture":"#8"},"west":{"uv":[14.4,1.6,15,1.8],"texture":"#8"},"up":{"uv":[13,10.6,12.4,10],"texture":"#8"},"down":{"uv":[13,11.2,12.4,11.8],"texture":"#8"}}},{"from":[7.25,5.75,7.25],"to":[8.75,6.25,8.75],"rotation":{"angle":45,"axis":"y","origin":[8,6,8]},"faces":{"north":{"uv":[4,14.4,4.6,14.6],"texture":"#8"},"east":{"uv":[14.4,8.4,15,8.6],"texture":"#8"},"south":{"uv":[14.4,9.2,15,9.4],"texture":"#8"},"west":{"uv":[10,14.4,10.6,14.6],"texture":"#8"},"up":{"uv":[13,13,12.4,12.4],"texture":"#8"},"down":{"uv":[13.4,3.6,12.8,4.2],"texture":"#8"}}},{"from":[7.99646,5,4.00354],"to":[8.00646,13,12.00354],"rotation":{"angle":45,"axis":"y","origin":[7.99646,9,8.00354]},"faces":{"east":{"uv":[3.2,0,0,3.2],"texture":"#8"},"west":{"uv":[0,0,3.2,3.2],"texture":"#8"}}},{"from":[7.99646,5,3.99646],"to":[8.00646,13,11.99646],"rotation":{"angle":-45,"axis":"y","origin":[7.99646,9,7.99646]},"faces":{"east":{"uv":[3.2,3.6,0,6.8],"texture":"#8"},"west":{"uv":[0,3.6,3.2,6.8],"texture":"#8"}}},{"from":[7,9.75,10.40421],"to":[9,28.75,10.41421],"light_emission":15,"rotation":{"angle":0,"axis":"y","origin":[7,9.75,10.41421]},"faces":{"north":{"uv":[4.8,0,3.2,15.2],"texture":"#2"},"south":{"uv":[3.2,0,4.8,15.2],"texture":"#2"}}},{"from":[7.532,9.75,6.87014],"to":[9.532,28.75,6.88014],"light_emission":15,"rotation":{"angle":45,"axis":"y","origin":[12.532,19.25,6.87514]},"faces":{"north":{"uv":[6.4,0,4.8,15.2],"texture":"#2"},"south":{"uv":[4.8,0,6.4,15.2],"texture":"#2"}}},{"from":[10.40421,9.75,7],"to":[10.41421,28.75,9],"light_emission":15,"rotation":{"angle":0,"axis":"y","origin":[10.40921,19.25,5]},"faces":{"east":{"uv":[6.4,0,8,15.2],"texture":"#2"},"west":{"uv":[8,0,6.4,15.2],"texture":"#2"}}},{"from":[5.58579,9.75,7],"to":[5.59579,28.75,9],"light_emission":15,"rotation":{"angle":0,"axis":"y","origin":[6.54289,10.25,6.54289]},"faces":{"east":{"uv":[0,0,1.6,15.2],"texture":"#2"},"west":{"uv":[0,0,1.6,15.2],"texture":"#2"}}},{"from":[6.29289,9.75,8.70711],"to":[6.30289,28.75,10.70711],"light_emission":15,"rotation":{"angle":45,"axis":"y","origin":[6.29289,10.25,9.70711]},"faces":{"east":{"uv":[3.2,0,1.6,15.2],"texture":"#2"},"west":{"uv":[1.6,0,3.2,15.2],"texture":"#2"}}},{"from":[8.28436,9.75,5.88222],"to":[8.29436,28.75,7.88222],"light_emission":15,"rotation":{"angle":45,"axis":"y","origin":[8.28936,19.25,4.88222]},"faces":{"east":{"uv":[8,0,9.6,15.2],"texture":"#2"},"west":{"uv":[9.6,0,8,15.2],"texture":"#2"}}},{"from":[7,9.75,5.58579],"to":[9,28.75,5.59579],"light_emission":15,"rotation":{"angle":0,"axis":"y","origin":[7,19.25,5.59079]},"faces":{"north":{"uv":[9.6,0,11.2,15.2],"texture":"#2"},"south":{"uv":[11.2,0,9.6,15.2],"texture":"#2"}}},{"from":[5.29643,9.75,6.29143],"to":[7.29643,28.75,6.30143],"light_emission":15,"rotation":{"angle":45,"axis":"y","origin":[6.29643,19.25,6.29643]},"faces":{"north":{"uv":[11.2,0,12.8,15.2],"texture":"#2"},"south":{"uv":[12.8,0,11.2,15.2],"texture":"#2"}}},{"from":[7.995,-5.5,5.5],"to":[8.005,0.5,10.5],"light_emission":15,"rotation":{"angle":45,"axis":"y","origin":[8,-2.5,8]},"faces":{"east":{"uv":[10,0,0,12],"texture":"#3"},"west":{"uv":[0,0,10,12],"texture":"#3"}}},{"from":[5.5,-5.5,7.995],"to":[10.5,0.5,8.005],"light_emission":15,"rotation":{"angle":45,"axis":"y","origin":[8,-2.5,8]},"faces":{"north":{"uv":[0,0,10,12],"texture":"#3"},"south":{"uv":[10,0,0,12],"texture":"#3"}}},{"from":[5.75,5.75,5.75],"to":[5.76,10.75,10.25],"light_emission":15,"rotation":{"angle":0,"axis":"y","origin":[5.75,6.5,6.5]},"faces":{"east":{"uv":[8.66667,0,2.66667,6.66667],"texture":"#4"},"west":{"uv":[2.66667,0,8.66667,6.66667],"texture":"#4"}}},{"from":[5.67579,5.75,10.62306],"to":[7.67579,10.75,10.63306],"light_emission":15,"rotation":{"angle":-22.5,"axis":"y","origin":[6.67579,8.25,10.62806]},"faces":{"north":{"uv":[0,0,2.66667,6.66667],"texture":"#4"},"south":{"uv":[2.66667,0,0,6.66667],"texture":"#4"}}},{"from":[5.67388,5.75,5.36732],"to":[7.67388,10.75,5.37732],"light_emission":15,"rotation":{"angle":22.5,"axis":"y","origin":[6.67388,8.25,5.36732]},"faces":{"north":{"uv":[0,0,2.66667,6.66667],"texture":"#4"},"south":{"uv":[2.66667,0,0,6.66667],"texture":"#4"}}},{"from":[7.9985,7,0],"to":[8.0015,14,5],"light_emission":15,"rotation":{"angle":0,"axis":"y","origin":[7.9985,7,0]},"faces":{"east":{"uv":[10,0,0,14],"texture":"#6"},"west":{"uv":[0,0,10,14],"texture":"#6"}}},{"from":[7.9985,7,11],"to":[8.0015,14,16],"light_emission":15,"rotation":{"angle":0,"axis":"y","origin":[7.9985,7,16]},"faces":{"east":{"uv":[0,0,10,14],"texture":"#6"},"west":{"uv":[10,0,0,14],"texture":"#6"}}},{"from":[7.995,10.25,2.25],"to":[8.005,12.25,4.25],"rotation":{"angle":22.5,"axis":"x","origin":[8,11.25,3.25]},"faces":{"east":{"uv":[4,9.6,3.2,10.4],"texture":"#8"},"west":{"uv":[3.2,9.6,4,10.4],"texture":"#8"}}},{"from":[7.995,7,1],"to":[8.005,8.5,2.5],"rotation":{"angle":0,"axis":"y","origin":[8,7.75,1.75]},"faces":{"east":{"uv":[13.4,4.8,12.8,5.4],"texture":"#8"},"west":{"uv":[12.8,4.8,13.4,5.4],"texture":"#8"}}},{"from":[7.25,7.5,9],"to":[8.75,9,11.5],"rotation":{"angle":-45,"axis":"x","origin":[8,8.25,10]},"faces":{"east":{"uv":[11,4.8,10,5.4],"texture":"#8"},"south":{"uv":[10.6,12,10,12.6],"texture":"#8"},"west":{"uv":[11,6,10,6.6],"texture":"#8"},"up":{"uv":[10.6,8.8,10,9.8],"texture":"#8"},"down":{"uv":[0.6,11.4,0,10.4],"texture":"#8"}}},{"from":[7.5,9.65301,10.51101],"to":[8.5,10.65301,12.51101],"rotation":{"angle":-22.5,"axis":"x","origin":[8,10.41551,12.96101]},"faces":{"east":{"uv":[12,12.8,11.2,13.2],"texture":"#8"},"south":{"uv":[9.6,1.2,9.2,1.6],"texture":"#8"},"west":{"uv":[0.8,13.2,0,13.6],"texture":"#8"},"up":{"uv":[1.6,9.2,1.2,10],"texture":"#8"},"down":{"uv":[10.8,0.8,10.4,0],"texture":"#8"}}},{"from":[7.5,8.15301,11.51101],"to":[8.5,9.65301,12.51101],"rotation":{"angle":-22.5,"axis":"x","origin":[8,10.41551,12.96101]},"faces":{"north":{"uv":[13.6,7.2,13.2,7.8],"texture":"#8"},"east":{"uv":[13.6,6,13.2,6.6],"texture":"#8"},"south":{"uv":[5.6,13.2,5.2,13.8],"texture":"#8"},"west":{"uv":[10.4,13.2,10,13.8],"texture":"#8"},"down":{"uv":[4.8,10,4.4,9.6],"texture":"#8"}}},{"from":[7.5,8.15301,12.51101],"to":[8.5,9.15301,14.26101],"rotation":{"angle":-22.5,"axis":"x","origin":[8,10.41551,12.96101]},"faces":{"east":{"uv":[13.9,0,13.2,0.4],"texture":"#8"},"south":{"uv":[13.6,2.8,13.2,3.2],"texture":"#8"},"west":{"uv":[13.9,0.8,13.2,1.2],"texture":"#8"},"up":{"uv":[3.6,12.8,3.2,13.5],"texture":"#8"},"down":{"uv":[1.6,13.9,1.2,13.2],"texture":"#8"}}},{"from":[7.625,9.15301,13.51101],"to":[8.375,10.15301,14.26101],"rotation":{"angle":-22.5,"axis":"x","origin":[8,10.41551,12.96101]},"faces":{"north":{"uv":[14.3,4.4,14,4.8],"texture":"#8"},"east":{"uv":[14.3,3.6,14,4],"texture":"#8"},"south":{"uv":[3.5,14,3.2,14.4],"texture":"#8"},"west":{"uv":[14.3,5.2,14,5.6],"texture":"#8"},"up":{"uv":[1.5,14.4,1.2,14.7],"texture":"#8"}}},{"from":[7.625,9.65301,13.01101],"to":[8.375,10.15301,13.51101],"rotation":{"angle":-22.5,"axis":"x","origin":[8,10.41551,12.96101]},"faces":{"north":{"uv":[0.3,14.8,0,15],"texture":"#8"},"east":{"uv":[15,3.6,14.8,3.8],"texture":"#8"},"west":{"uv":[15,4.4,14.8,4.6],"texture":"#8"},"up":{"uv":[2.3,14.8,2,15],"texture":"#8"},"down":{"uv":[3.1,15,2.8,14.8],"texture":"#8"}}},{"from":[7.995,10.25,11.75],"to":[8.005,12.25,13.75],"rotation":{"angle":-22.5,"axis":"x","origin":[8,11.25,12.75]},"faces":{"east":{"uv":[3.2,9.6,4,10.4],"texture":"#8"},"west":{"uv":[4,9.6,3.2,10.4],"texture":"#8"}}},{"from":[7.995,7,13.5],"to":[8.005,8.5,15],"rotation":{"angle":0,"axis":"y","origin":[8,7.75,14.25]},"faces":{"east":{"uv":[12.8,4.8,13.4,5.4],"texture":"#8"},"west":{"uv":[13.4,4.8,12.8,5.4],"texture":"#8"}}},{"from":[6.725,4.25,6.725],"to":[9.275,6.25,9.275],"rotation":{"angle":45,"axis":"y","origin":[8,5.25,8]},"faces":{"north":{"uv":[7.2,2,8.2,2.8],"texture":"#8"},"east":{"uv":[7.2,3.2,8.2,4],"texture":"#8"},"south":{"uv":[7.2,4.4,8.2,5.2],"texture":"#8"},"west":{"uv":[7.2,5.6,8.2,6.4],"texture":"#8"},"up":{"uv":[4.6,7.8,3.6,6.8],"texture":"#8"}}},{"name":"cube inverted","from":[9.25,6.25,9.25],"to":[6.75,4.25,6.75],"rotation":{"angle":45,"axis":"y","origin":[8,5.25,8]},"faces":{"north":{"uv":[7.2,6.8,8.2,7.6],"texture":"#8"},"east":{"uv":[5.2,8,6.2,8.8],"texture":"#8"},"south":{"uv":[6.8,8,7.8,8.8],"texture":"#8"},"west":{"uv":[3.6,8.4,4.6,9.2],"texture":"#8"},"down":{"uv":[3,7.2,2,8.2],"texture":"#8"}}},{"from":[7.25,10.25,7.25],"to":[8.75,13.25,8.75],"rotation":{"angle":45,"axis":"y","origin":[8,10.75,8]},"faces":{"north":{"uv":[8.4,8,9,9.2],"texture":"#8"},"east":{"uv":[2,8.8,2.6,10],"texture":"#8"},"south":{"uv":[8.8,2,9.4,3.2],"texture":"#8"},"west":{"uv":[8.8,3.6,9.4,4.8],"texture":"#8"},"up":{"uv":[8.2,13.4,7.6,12.8],"texture":"#8"}}},{"from":[7.04289,15.25,7.82322],"to":[8.29289,18.25,9.07322],"rotation":{"angle":45,"axis":"y","origin":[7.29289,15.25,7.82322]},"faces":{"north":{"uv":[1.2,10.4,1.7,11.6],"texture":"#8"},"east":{"uv":[4.4,10.4,4.9,11.6],"texture":"#8"},"south":{"uv":[5.6,10.4,6.1,11.6],"texture":"#8"},"west":{"uv":[10,10.4,10.5,11.6],"texture":"#8"},"up":{"uv":[13.7,2.1,13.2,1.6],"texture":"#8"},"down":{"uv":[4.5,13.2,4,13.7],"texture":"#8"}}},{"from":[7.04289,19.75,7.89645],"to":[8.04289,23.25,8.89645],"rotation":{"angle":45,"axis":"y","origin":[7.29289,19.75,7.64645]},"faces":{"north":{"uv":[6.8,10.4,7.2,11.8],"texture":"#8"},"east":{"uv":[3.2,10.8,3.6,12.2],"texture":"#8"},"south":{"uv":[7.6,10.8,8,12.2],"texture":"#8"},"west":{"uv":[8.4,10.8,8.8,12.2],"texture":"#8"}}},{"from":[7.21967,25,7.89645],"to":[7.96967,26.5,8.64645],"rotation":{"angle":45,"axis":"y","origin":[7.46967,19.75,7.64645]},"faces":{"north":{"uv":[6,13.6,6.3,14.2],"texture":"#8"},"east":{"uv":[6.8,13.6,7.1,14.2],"texture":"#8"},"south":{"uv":[13.6,8.4,13.9,9],"texture":"#8"},"west":{"uv":[13.6,9.6,13.9,10.2],"texture":"#8"},"up":{"uv":[5.5,14.7,5.2,14.4],"texture":"#8"}}},{"from":[7.985,9.5,4.875],"to":[8.015,25,7.375],"rotation":{"angle":0,"axis":"y","origin":[6.985,9,3.375]},"faces":{"east":{"uv":[4.6,0,3.6,6.2],"texture":"#8"},"west":{"uv":[3.6,0,4.6,6.2],"texture":"#8"}}},{"from":[7.99,17.67157,3.40013],"to":[8.01,25.17157,3.90013],"rotation":{"angle":45,"axis":"x","origin":[7.99,21.42157,3.65013]},"faces":{"east":{"uv":[2.6,10.4,2.4,13.4],"texture":"#8"},"west":{"uv":[2.4,10.4,2.6,13.4],"texture":"#8"}}},{"from":[7.995,15.17157,3.40013],"to":[8.005,16.67157,4.90013],"rotation":{"angle":45,"axis":"x","origin":[7.995,21.42157,3.65013]},"faces":{"east":{"uv":[9.4,12.8,8.8,13.4],"texture":"#8"},"west":{"uv":[8.8,12.8,9.4,13.4],"texture":"#8"}}},{"from":[7.5,16.67157,3.15013],"to":[8.5,17.67157,4.15013],"rotation":{"angle":45,"axis":"x","origin":[8,21.42157,3.65013]},"faces":{"north":{"uv":[10.8,13.6,11.2,14],"texture":"#8"},"east":{"uv":[13.6,10.8,14,11.2],"texture":"#8"},"south":{"uv":[11.6,13.6,12,14],"texture":"#8"},"west":{"uv":[13.6,11.6,14,12],"texture":"#8"},"up":{"uv":[12.8,14,12.4,13.6],"texture":"#8"},"down":{"uv":[14,12.4,13.6,12.8],"texture":"#8"}}}],"gui_light":"front","display":{"thirdperson_righthand":{"translation":[0,2.75,1]},"thirdperson_lefthand":{"translation":[0,2.75,1]},"firstperson_righthand":{"rotation":[5,0,0],"translation":[2.25,1.75,0],"scale":[0.7,0.7,0.7]},"firstperson_lefthand":{"rotation":[5,0,0],"translation":[2.25,1.75,0],"scale":[0.7,0.7,0.7]},"ground":{"rotation":[45,0,0],"translation":[0,5,0],"scale":[0.7,0.7,0.7]},"gui":{"rotation":[-90,135,90],"translation":[-2,-2,0],"scale":[0.81,0.81,0.81]},"head":{"rotation":[0,-90,0]},"fixed":{"rotation":[0,-90,0],"translation":[0,0,-2.25],"scale":[2,2,2]}},"groups":[{"name":"fishing_rod","origin":[7,-2,7],"color":0,"children":[0,1,2,3,4,5,6,7,8,9,10,11,12,13,14,15,16,17,18,19,{"name":"animated_1","origin":[7,12.75,10.41421],"color":0,"children":[20,21,22,23,24,25,26,27]},{"name":"animated_2","origin":[8,-2.5,8],"color":0,"children":[28,29]},{"name":"animated_3","origin":[5.75,6.5,6.5],"color":0,"children":[30,31,32]},{"name":"animated_4","origin":[7.9985,7,16],"color":0,"children":[33,34]},35,36,37,38,39,40,41,42,43,44,45,46,47,48,49,50,51,52,53,54]}],"mcmodels":"d22989953ed810bd703d465c5ee35e3d"}