{"format_version":"1.9.0","credit":"Pologony Creation Co.,Ltd.","texture_size":[40,40],"textures":{"3":"minewave:item/halloween_pumpkin/animated/animated_3","4":"minewave:item/halloween_pumpkin/animated/animated_2","5":"minewave:item/halloween_pumpkin/animated/animated_7","6":"minewave:item/halloween_pumpkin/hammer","particle":"minewave:item/halloween_pumpkin/animated/animated_7"},"elements":[{"from":[7,-5,7],"to":[9,-3,9],"rotation":{"angle":0,"axis":"y","origin":[7,-5,7]},"faces":{"north":{"uv":[7.6,4.8,8.4,5.6],"texture":"#6"},"east":{"uv":[10.8,0,11.6,0.8],"texture":"#6"},"south":{"uv":[1.2,10.8,2,11.6],"texture":"#6"},"west":{"uv":[10.8,2.8,11.6,3.6],"texture":"#6"},"up":{"uv":[10.8,12,10,11.2],"texture":"#6"},"down":{"uv":[12,11.2,11.2,12],"texture":"#6"}}},{"from":[7.25,-3,7.25],"to":[8.75,-2.5,8.75],"rotation":{"angle":45,"axis":"y","origin":[8,-2.75,8]},"faces":{"north":{"uv":[13.2,0.8,13.8,1],"texture":"#6"},"east":{"uv":[1.2,13.2,1.8,13.4],"texture":"#6"},"south":{"uv":[13.2,1.6,13.8,1.8],"texture":"#6"},"west":{"uv":[2.4,13.2,3,13.4],"texture":"#6"},"up":{"uv":[5.4,12.2,4.8,11.6],"texture":"#6"},"down":{"uv":[6.6,11.6,6,12.2],"texture":"#6"}}},{"from":[7.5,-2.5,7.42678],"to":[8.75,-2,8.67678],"rotation":{"angle":45,"axis":"y","origin":[8,-2.25,8.17678]},"faces":{"north":{"uv":[13.6,12.4,14.1,12.6],"texture":"#6"},"east":{"uv":[12.8,13.6,13.3,13.8],"texture":"#6"},"south":{"uv":[14,0,14.5,0.2],"texture":"#6"},"west":{"uv":[1.2,14,1.7,14.2],"texture":"#6"}}},{"from":[7.5,-1.5,7.5],"to":[8.5,11.5,8.5],"rotation":{"angle":45,"axis":"y","origin":[8,2.75,8]},"faces":{"north":{"uv":[3.6,6,4,11.2],"texture":"#6"},"east":{"uv":[4.4,6,4.8,11.2],"texture":"#6"},"south":{"uv":[5.2,6,5.6,11.2],"texture":"#6"},"west":{"uv":[6,6,6.4,11.2],"texture":"#6"}}},{"from":[7.5,11.75,7.42678],"to":[8.75,12.25,8.67678],"rotation":{"angle":45,"axis":"y","origin":[8,12,8.17678]},"faces":{"north":{"uv":[2.4,14,2.9,14.2],"texture":"#6"},"east":{"uv":[9.2,14,9.7,14.2],"texture":"#6"},"south":{"uv":[10.4,14,10.9,14.2],"texture":"#6"},"west":{"uv":[11.6,14,12.1,14.2],"texture":"#6"}}},{"from":[6,12.75,6],"to":[10,16.75,10],"rotation":{"angle":0,"axis":"y","origin":[6,12.75,6]},"faces":{"north":{"uv":[3.6,0,5.2,1.6],"texture":"#6"},"east":{"uv":[3.6,2,5.2,3.6],"texture":"#6"},"south":{"uv":[3.6,4,5.2,5.6],"texture":"#6"},"west":{"uv":[5.6,0,7.2,1.6],"texture":"#6"},"up":{"uv":[7.2,3.6,5.6,2],"texture":"#6"},"down":{"uv":[7.2,4,5.6,5.6],"texture":"#6"}}},{"from":[7.25,-2,7.25],"to":[8.75,-1.5,8.75],"rotation":{"angle":45,"axis":"y","origin":[8,-1.75,8]},"faces":{"north":{"uv":[13.2,2.4,13.8,2.6],"texture":"#6"},"east":{"uv":[13.2,3.2,13.8,3.4],"texture":"#6"},"south":{"uv":[13.2,4,13.8,4.2],"texture":"#6"},"west":{"uv":[13.2,4.8,13.8,5],"texture":"#6"},"up":{"uv":[12.2,7.4,11.6,6.8],"texture":"#6"},"down":{"uv":[7.8,11.6,7.2,12.2],"texture":"#6"}}},{"from":[7.25,11.25,7.25],"to":[8.75,11.75,8.75],"rotation":{"angle":45,"axis":"y","origin":[8,11.5,8]},"faces":{"north":{"uv":[13.2,10,13.8,10.2],"texture":"#6"},"east":{"uv":[13.2,10.8,13.8,11],"texture":"#6"},"south":{"uv":[0,13.6,0.6,13.8],"texture":"#6"},"west":{"uv":[4.4,13.6,5,13.8],"texture":"#6"},"up":{"uv":[12.2,8.6,11.6,8],"texture":"#6"},"down":{"uv":[9,11.6,8.4,12.2],"texture":"#6"}}},{"from":[7.25,12.25,7.25],"to":[8.75,12.75,8.75],"rotation":{"angle":45,"axis":"y","origin":[8,12.5,8]},"faces":{"north":{"uv":[5.6,13.6,6.2,13.8],"texture":"#6"},"east":{"uv":[13.6,5.6,14.2,5.8],"texture":"#6"},"south":{"uv":[13.6,7.6,14.2,7.8],"texture":"#6"},"west":{"uv":[13.6,8.4,14.2,8.6],"texture":"#6"},"up":{"uv":[12.2,9.8,11.6,9.2],"texture":"#6"},"down":{"uv":[12.6,0,12,0.6],"texture":"#6"}}},{"from":[7.99646,11.5,4.00354],"to":[8.00646,19.5,12.00354],"rotation":{"angle":45,"axis":"y","origin":[7.99646,15.5,8.00354]},"faces":{"east":{"uv":[3.2,0,0,3.2],"texture":"#6"},"west":{"uv":[0,0,3.2,3.2],"texture":"#6"}}},{"from":[7.99646,11.5,3.99646],"to":[8.00646,19.5,11.99646],"rotation":{"angle":-45,"axis":"y","origin":[7.99646,15.5,7.99646]},"faces":{"east":{"uv":[3.2,3.6,0,6.8],"texture":"#6"},"west":{"uv":[0,3.6,3.2,6.8],"texture":"#6"}}},{"from":[7.995,-8.5,5.5],"to":[8.005,-2.5,10.5],"light_emission":15,"rotation":{"angle":45,"axis":"y","origin":[8,-5.5,8]},"faces":{"east":{"uv":[10,0,0,12],"texture":"#3"},"west":{"uv":[0,0,10,12],"texture":"#3"}}},{"from":[5.5,-8.5,7.995],"to":[10.5,-2.5,8.005],"light_emission":15,"rotation":{"angle":45,"axis":"y","origin":[8,-5.5,8]},"faces":{"north":{"uv":[0,0,10,12],"texture":"#3"},"south":{"uv":[10,0,0,12],"texture":"#3"}}},{"from":[5.75,12.25,5.75],"to":[5.76,17.25,10.25],"light_emission":15,"rotation":{"angle":0,"axis":"y","origin":[5.75,13,6.5]},"faces":{"east":{"uv":[8.66667,0,2.66667,6.66667],"texture":"#4"},"west":{"uv":[2.66667,0,8.66667,6.66667],"texture":"#4"}}},{"from":[5.67579,12.25,10.62306],"to":[7.67579,17.25,10.63306],"light_emission":15,"rotation":{"angle":-22.5,"axis":"y","origin":[6.67579,14.75,10.62806]},"faces":{"north":{"uv":[0,0,2.66667,6.66667],"texture":"#4"},"south":{"uv":[2.66667,0,0,6.66667],"texture":"#4"}}},{"from":[5.67388,12.25,5.36732],"to":[7.67388,17.25,5.37732],"light_emission":15,"rotation":{"angle":22.5,"axis":"y","origin":[6.67388,14.75,5.36732]},"faces":{"north":{"uv":[0,0,2.66667,6.66667],"texture":"#4"},"south":{"uv":[2.66667,0,0,6.66667],"texture":"#4"}}},{"from":[5.83881,12.20538,2.28576],"to":[5.85881,14.20538,4.28576],"rotation":{"angle":22.5,"axis":"y","origin":[5.84881,13.20538,3.28576]},"faces":{"east":{"uv":[3.6,11.6,4.4,12.4],"rotation":270,"texture":"#6"},"west":{"uv":[3.6,12.4,4.4,11.6],"rotation":270,"texture":"#6"}}},{"from":[10.2353,15.078,4.74],"to":[11.7353,16.578,4.76],"rotation":{"angle":-45,"axis":"y","origin":[10.2353,16.078,4.5]},"faces":{"north":{"uv":[1.2,12,1.8,12.6],"texture":"#6"},"south":{"uv":[1.8,12,1.2,12.6],"texture":"#6"}}},{"from":[10.14119,12.20538,11.71424],"to":[10.16119,14.20538,13.71424],"rotation":{"angle":22.5,"axis":"y","origin":[10.15119,13.20538,12.71424]},"faces":{"east":{"uv":[3.6,12.4,4.4,11.6],"rotation":270,"texture":"#6"},"west":{"uv":[3.6,11.6,4.4,12.4],"rotation":270,"texture":"#6"}}},{"from":[4.2647,15.078,11.24],"to":[5.7647,16.578,11.26],"rotation":{"angle":-45,"axis":"y","origin":[5.7647,16.078,11.5]},"faces":{"north":{"uv":[1.8,12,1.2,12.6],"texture":"#6"},"south":{"uv":[1.2,12,1.8,12.6],"texture":"#6"}}},{"from":[6.725,10.75,6.725],"to":[9.275,12.75,9.275],"rotation":{"angle":45,"axis":"y","origin":[8,11.75,8]},"faces":{"north":{"uv":[8.8,6.4,9.8,7.2],"texture":"#6"},"east":{"uv":[9.2,3.2,10.2,4],"texture":"#6"},"south":{"uv":[6.8,9.2,7.8,10],"texture":"#6"},"west":{"uv":[8.4,9.2,9.4,10],"texture":"#6"},"up":{"uv":[9.8,5.8,8.8,4.8],"texture":"#6"}}},{"name":"cube inverted","from":[9.25,12.75,9.25],"to":[6.75,10.75,6.75],"rotation":{"angle":45,"axis":"y","origin":[8,11.75,8]},"faces":{"north":{"uv":[10,7.6,11,8.4],"texture":"#6"},"east":{"uv":[10,8.8,11,9.6],"texture":"#6"},"south":{"uv":[10,10,11,10.8],"texture":"#6"},"west":{"uv":[10.4,1.6,11.4,2.4],"texture":"#6"},"down":{"uv":[10.2,0,9.2,1],"texture":"#6"}}},{"from":[7,13.5,10.40421],"to":[9,23.5,10.41421],"light_emission":15,"rotation":{"angle":22.5,"axis":"y","origin":[8,23,8]},"faces":{"north":{"uv":[4.8,5.2,3.2,15.2],"texture":"#5"},"south":{"uv":[3.2,5.2,4.8,15.2],"texture":"#5"}}},{"from":[10.40421,13.5,7],"to":[10.41421,23.5,9],"light_emission":15,"rotation":{"angle":-22.5,"axis":"y","origin":[8,23,8]},"faces":{"east":{"uv":[4.8,5.2,6.4,15.2],"texture":"#5"},"west":{"uv":[6.4,5.2,4.8,15.2],"texture":"#5"}}},{"from":[10.40421,13.5,7],"to":[10.41421,23.5,9],"light_emission":15,"rotation":{"angle":22.5,"axis":"y","origin":[8,23,8]},"faces":{"east":{"uv":[6.4,5.2,8,15.2],"texture":"#5"},"west":{"uv":[8,5.2,6.4,15.2],"texture":"#5"}}},{"from":[5.58579,13.5,7],"to":[5.59579,23.5,9],"light_emission":15,"rotation":{"angle":22.5,"axis":"y","origin":[8,23,8]},"faces":{"east":{"uv":[0,5.2,1.6,15.2],"texture":"#5"},"west":{"uv":[0,5.2,1.6,15.2],"texture":"#5"}}},{"from":[7,13.5,10.40422],"to":[9,23.5,10.41422],"light_emission":15,"rotation":{"angle":-22.5,"axis":"y","origin":[8,23,8]},"faces":{"north":{"uv":[3.2,5.2,1.6,15.2],"texture":"#5"},"south":{"uv":[1.6,5.2,3.2,15.2],"texture":"#5"}}},{"from":[7.00001,13.5,5.58579],"to":[9.00001,23.5,5.59579],"light_emission":15,"rotation":{"angle":-22.5,"axis":"y","origin":[8,23,8]},"faces":{"north":{"uv":[8,5.2,9.6,15.2],"texture":"#5"},"south":{"uv":[9.6,5.2,8,15.2],"texture":"#5"}}},{"from":[7,13.5,5.58579],"to":[9,23.5,5.59579],"light_emission":15,"rotation":{"angle":22.5,"axis":"y","origin":[8,23,8]},"faces":{"north":{"uv":[9.6,5.2,11.2,15.2],"texture":"#5"},"south":{"uv":[11.2,5.2,9.6,15.2],"texture":"#5"}}},{"from":[5.58579,13.5,7],"to":[5.59579,23.5,9],"light_emission":15,"rotation":{"angle":-22.5,"axis":"y","origin":[8,23,8]},"faces":{"east":{"uv":[12.8,5.2,11.2,15.2],"texture":"#5"},"west":{"uv":[11.2,5.2,12.8,15.2],"texture":"#5"}}},{"from":[9.99602,13.85485,3.83927],"to":[11.49602,15.35485,5.33927],"rotation":{"angle":-45,"axis":"y","origin":[10.12102,14.60485,2.90177]},"faces":{"north":{"uv":[12,1.2,12.6,1.8],"rotation":90,"texture":"#6"},"east":{"uv":[0.6,12.4,0,13],"rotation":270,"texture":"#6"},"south":{"uv":[12,2.4,12.6,3],"rotation":270,"texture":"#6"},"west":{"uv":[12.6,5.4,12,4.8],"rotation":270,"texture":"#6"},"up":{"uv":[2.4,12,3,12.6],"rotation":270,"texture":"#6"},"down":{"uv":[12,3.6,12.6,4.2],"rotation":270,"texture":"#6"}}},{"from":[8.99602,14.10485,2.83927],"to":[11.24602,15.10485,3.83927],"rotation":{"angle":-45,"axis":"y","origin":[10.12102,14.60485,2.90177]},"faces":{"north":{"uv":[9.6,12.4,10,13.3],"rotation":90,"texture":"#6"},"east":{"uv":[12,10.4,11.6,10.8],"rotation":270,"texture":"#6"},"south":{"uv":[12.4,10.4,12.8,11.3],"rotation":270,"texture":"#6"},"west":{"uv":[10.8,7.2,10.4,6.8],"rotation":270,"texture":"#6"},"up":{"uv":[10.4,12.4,10.8,13.3],"rotation":270,"texture":"#6"},"down":{"uv":[11.2,12.4,11.6,13.3],"rotation":270,"texture":"#6"}}},{"from":[8.99602,14.10485,1.83927],"to":[9.74602,15.10485,2.83927],"rotation":{"angle":-45,"axis":"y","origin":[10.12102,14.60485,2.90177]},"faces":{"north":{"uv":[6.8,13.6,7.2,13.9],"rotation":90,"texture":"#6"},"east":{"uv":[13.6,0,13.2,0.4],"rotation":270,"texture":"#6"},"west":{"uv":[13.2,9.6,12.8,9.2],"rotation":270,"texture":"#6"},"up":{"uv":[13.6,9.2,14,9.5],"rotation":270,"texture":"#6"},"down":{"uv":[13.6,11.6,14,11.9],"rotation":270,"texture":"#6"}}},{"from":[8.24602,14.35485,1.83927],"to":[8.99602,14.85485,2.33927],"rotation":{"angle":-45,"axis":"y","origin":[10.12102,14.60485,2.90177]},"faces":{"north":{"uv":[14,13.2,14.2,13.5],"rotation":90,"texture":"#6"},"south":{"uv":[0,14.4,0.2,14.7],"rotation":270,"texture":"#6"},"west":{"uv":[14.6,4.2,14.4,4],"rotation":270,"texture":"#6"},"up":{"uv":[14,14,14.2,14.3],"rotation":270,"texture":"#6"},"down":{"uv":[14.4,0.8,14.6,1.1],"rotation":270,"texture":"#6"}}},{"from":[8.24602,14.35485,2.33927],"to":[8.49602,14.85485,2.58927],"rotation":{"angle":-45,"axis":"y","origin":[10.12102,14.60485,2.90177]},"faces":{"east":{"uv":[6.2,14.4,6,14.5],"rotation":270,"texture":"#6"},"south":{"uv":[14.4,4.8,14.6,4.9],"rotation":270,"texture":"#6"},"west":{"uv":[5.4,14.5,5.2,14.4],"rotation":270,"texture":"#6"},"up":{"uv":[8.4,14.4,8.5,14.5],"rotation":270,"texture":"#6"},"down":{"uv":[14.4,9.2,14.5,9.3],"rotation":270,"texture":"#6"}}},{"from":[10.49602,14.35485,2.08927],"to":[10.74602,14.85485,2.33927],"rotation":{"angle":-45,"axis":"y","origin":[10.12102,14.60485,2.90177]},"faces":{"north":{"uv":[14.4,6.4,14.6,6.5],"rotation":90,"texture":"#6"},"south":{"uv":[6.8,14.4,7,14.5],"rotation":270,"texture":"#6"},"west":{"uv":[7.8,14.5,7.6,14.4],"rotation":270,"texture":"#6"},"up":{"uv":[14.4,10,14.5,10.1],"rotation":270,"texture":"#6"},"down":{"uv":[14.4,10.8,14.5,10.9],"rotation":270,"texture":"#6"}}},{"from":[10.74602,14.35485,2.08927],"to":[11.24602,14.85485,2.83927],"rotation":{"angle":-45,"axis":"y","origin":[10.12102,14.60485,2.90177]},"faces":{"north":{"uv":[4.4,14.4,4.6,14.6],"rotation":90,"texture":"#6"},"east":{"uv":[3.8,14.4,3.6,14.7],"rotation":270,"texture":"#6"},"west":{"uv":[14.6,3.5,14.4,3.2],"rotation":270,"texture":"#6"},"up":{"uv":[14.4,1.6,14.7,1.8],"rotation":270,"texture":"#6"},"down":{"uv":[14.4,2.4,14.7,2.6],"rotation":270,"texture":"#6"}}},{"from":[4.50398,13.85485,3.83927],"to":[6.00398,15.35485,5.33927],"rotation":{"angle":45,"axis":"y","origin":[5.87898,14.60485,2.90177]},"faces":{"north":{"uv":[12,1.8,12.6,1.2],"rotation":90,"texture":"#6"},"east":{"uv":[12.6,4.8,12,5.4],"rotation":270,"texture":"#6"},"south":{"uv":[12,3,12.6,2.4],"rotation":270,"texture":"#6"},"west":{"uv":[0.6,13,0,12.4],"rotation":270,"texture":"#6"},"up":{"uv":[2.4,12.6,3,12],"rotation":270,"texture":"#6"},"down":{"uv":[12,4.2,12.6,3.6],"rotation":270,"texture":"#6"}}},{"from":[4.75398,14.10485,2.83927],"to":[7.00398,15.10485,3.83927],"rotation":{"angle":45,"axis":"y","origin":[5.87898,14.60485,2.90177]},"faces":{"north":{"uv":[9.6,13.3,10,12.4],"rotation":90,"texture":"#6"},"east":{"uv":[10.8,6.8,10.4,7.2],"rotation":270,"texture":"#6"},"south":{"uv":[12.4,11.3,12.8,10.4],"rotation":270,"texture":"#6"},"west":{"uv":[12,10.8,11.6,10.4],"rotation":270,"texture":"#6"},"up":{"uv":[10.4,13.3,10.8,12.4],"rotation":270,"texture":"#6"},"down":{"uv":[11.2,13.3,11.6,12.4],"rotation":270,"texture":"#6"}}},{"from":[6.25398,14.10485,1.83927],"to":[7.00398,15.10485,2.83927],"rotation":{"angle":45,"axis":"y","origin":[5.87898,14.60485,2.90177]},"faces":{"north":{"uv":[6.8,13.9,7.2,13.6],"rotation":90,"texture":"#6"},"east":{"uv":[13.2,9.2,12.8,9.6],"rotation":270,"texture":"#6"},"west":{"uv":[13.6,0.4,13.2,0],"rotation":270,"texture":"#6"},"up":{"uv":[13.6,9.5,14,9.2],"rotation":270,"texture":"#6"},"down":{"uv":[13.6,11.9,14,11.6],"rotation":270,"texture":"#6"}}},{"from":[7.00398,14.35485,1.83927],"to":[7.75398,14.85485,2.33927],"rotation":{"angle":45,"axis":"y","origin":[5.87898,14.60485,2.90177]},"faces":{"north":{"uv":[14,13.5,14.2,13.2],"rotation":90,"texture":"#6"},"east":{"uv":[14.6,4,14.4,4.2],"rotation":270,"texture":"#6"},"south":{"uv":[0,14.7,0.2,14.4],"rotation":270,"texture":"#6"},"up":{"uv":[14,14.3,14.2,14],"rotation":270,"texture":"#6"},"down":{"uv":[14.4,1.1,14.6,0.8],"rotation":270,"texture":"#6"}}},{"from":[7.50398,14.35485,2.33927],"to":[7.75398,14.85485,2.58927],"rotation":{"angle":45,"axis":"y","origin":[5.87898,14.60485,2.90177]},"faces":{"east":{"uv":[5.4,14.4,5.2,14.5],"rotation":270,"texture":"#6"},"south":{"uv":[14.4,4.9,14.6,4.8],"rotation":270,"texture":"#6"},"west":{"uv":[6.2,14.5,6,14.4],"rotation":270,"texture":"#6"},"up":{"uv":[8.4,14.5,8.5,14.4],"rotation":270,"texture":"#6"},"down":{"uv":[14.4,9.3,14.5,9.2],"rotation":270,"texture":"#6"}}},{"from":[5.25398,14.35485,2.08927],"to":[5.50398,14.85485,2.33927],"rotation":{"angle":45,"axis":"y","origin":[5.87898,14.60485,2.90177]},"faces":{"north":{"uv":[14.4,6.5,14.6,6.4],"rotation":90,"texture":"#6"},"east":{"uv":[7.8,14.4,7.6,14.5],"rotation":270,"texture":"#6"},"south":{"uv":[6.8,14.5,7,14.4],"rotation":270,"texture":"#6"},"up":{"uv":[14.4,10.1,14.5,10],"rotation":270,"texture":"#6"},"down":{"uv":[14.4,10.9,14.5,10.8],"rotation":270,"texture":"#6"}}},{"from":[4.75398,14.35485,2.08927],"to":[5.25398,14.85485,2.83927],"rotation":{"angle":45,"axis":"y","origin":[5.87898,14.60485,2.90177]},"faces":{"north":{"uv":[4.4,14.6,4.6,14.4],"rotation":90,"texture":"#6"},"east":{"uv":[14.6,3.2,14.4,3.5],"rotation":270,"texture":"#6"},"west":{"uv":[3.8,14.7,3.6,14.4],"rotation":270,"texture":"#6"},"up":{"uv":[14.4,1.8,14.7,1.6],"rotation":270,"texture":"#6"},"down":{"uv":[14.4,2.6,14.7,2.4],"rotation":270,"texture":"#6"}}},{"from":[4.50398,13.85485,10.66073],"to":[6.00398,15.35485,12.16073],"rotation":{"angle":-45,"axis":"y","origin":[5.87898,14.60485,13.09823]},"faces":{"north":{"uv":[12,2.4,12.6,3],"rotation":270,"texture":"#6"},"east":{"uv":[12.6,5.4,12,4.8],"rotation":270,"texture":"#6"},"south":{"uv":[12,1.2,12.6,1.8],"rotation":90,"texture":"#6"},"west":{"uv":[0.6,12.4,0,13],"rotation":270,"texture":"#6"},"up":{"uv":[3,12.6,2.4,12],"rotation":270,"texture":"#6"},"down":{"uv":[12.6,4.2,12,3.6],"rotation":270,"texture":"#6"}}},{"from":[4.75398,14.10485,12.16073],"to":[7.00398,15.10485,13.16073],"rotation":{"angle":-45,"axis":"y","origin":[5.87898,14.60485,13.09823]},"faces":{"north":{"uv":[12.4,10.4,12.8,11.3],"rotation":270,"texture":"#6"},"east":{"uv":[10.8,7.2,10.4,6.8],"rotation":270,"texture":"#6"},"south":{"uv":[9.6,12.4,10,13.3],"rotation":90,"texture":"#6"},"west":{"uv":[12,10.4,11.6,10.8],"rotation":270,"texture":"#6"},"up":{"uv":[10.8,13.3,10.4,12.4],"rotation":270,"texture":"#6"},"down":{"uv":[11.6,13.3,11.2,12.4],"rotation":270,"texture":"#6"}}},{"from":[6.25398,14.10485,13.16073],"to":[7.00398,15.10485,14.16073],"rotation":{"angle":-45,"axis":"y","origin":[5.87898,14.60485,13.09823]},"faces":{"east":{"uv":[13.2,9.6,12.8,9.2],"rotation":270,"texture":"#6"},"south":{"uv":[6.8,13.6,7.2,13.9],"rotation":90,"texture":"#6"},"west":{"uv":[13.6,0,13.2,0.4],"rotation":270,"texture":"#6"},"up":{"uv":[14,9.5,13.6,9.2],"rotation":270,"texture":"#6"},"down":{"uv":[14,11.9,13.6,11.6],"rotation":270,"texture":"#6"}}},{"from":[7.00398,14.35485,13.66073],"to":[7.75398,14.85485,14.16073],"rotation":{"angle":-45,"axis":"y","origin":[5.87898,14.60485,13.09823]},"faces":{"north":{"uv":[0,14.4,0.2,14.7],"rotation":270,"texture":"#6"},"east":{"uv":[14.6,4.2,14.4,4],"rotation":270,"texture":"#6"},"south":{"uv":[14,13.2,14.2,13.5],"rotation":90,"texture":"#6"},"up":{"uv":[14.2,14.3,14,14],"rotation":270,"texture":"#6"},"down":{"uv":[14.6,1.1,14.4,0.8],"rotation":270,"texture":"#6"}}},{"from":[7.50398,14.35485,13.41073],"to":[7.75398,14.85485,13.66073],"rotation":{"angle":-45,"axis":"y","origin":[5.87898,14.60485,13.09823]},"faces":{"north":{"uv":[14.4,4.8,14.6,4.9],"rotation":270,"texture":"#6"},"east":{"uv":[5.4,14.5,5.2,14.4],"rotation":270,"texture":"#6"},"west":{"uv":[6.2,14.4,6,14.5],"rotation":270,"texture":"#6"},"up":{"uv":[8.5,14.5,8.4,14.4],"rotation":270,"texture":"#6"},"down":{"uv":[14.5,9.3,14.4,9.2],"rotation":270,"texture":"#6"}}},{"from":[5.25398,14.35485,13.66073],"to":[5.50398,14.85485,13.91073],"rotation":{"angle":-45,"axis":"y","origin":[5.87898,14.60485,13.09823]},"faces":{"north":{"uv":[6.8,14.4,7,14.5],"rotation":270,"texture":"#6"},"east":{"uv":[7.8,14.5,7.6,14.4],"rotation":270,"texture":"#6"},"south":{"uv":[14.4,6.4,14.6,6.5],"rotation":90,"texture":"#6"},"up":{"uv":[14.5,10.1,14.4,10],"rotation":270,"texture":"#6"},"down":{"uv":[14.5,10.9,14.4,10.8],"rotation":270,"texture":"#6"}}},{"from":[4.75398,14.35485,13.16073],"to":[5.25398,14.85485,13.91073],"rotation":{"angle":-45,"axis":"y","origin":[5.87898,14.60485,13.09823]},"faces":{"east":{"uv":[14.6,3.5,14.4,3.2],"rotation":270,"texture":"#6"},"south":{"uv":[4.4,14.4,4.6,14.6],"rotation":90,"texture":"#6"},"west":{"uv":[3.8,14.4,3.6,14.7],"rotation":270,"texture":"#6"},"up":{"uv":[14.7,1.8,14.4,1.6],"rotation":270,"texture":"#6"},"down":{"uv":[14.7,2.6,14.4,2.4],"rotation":270,"texture":"#6"}}},{"from":[10.74602,14.35485,13.16073],"to":[11.24602,14.85485,13.91073],"rotation":{"angle":45,"axis":"y","origin":[10.12102,14.60485,13.09823]},"faces":{"east":{"uv":[3.8,14.7,3.6,14.4],"rotation":270,"texture":"#6"},"south":{"uv":[4.4,14.6,4.6,14.4],"rotation":90,"texture":"#6"},"west":{"uv":[14.6,3.2,14.4,3.5],"rotation":270,"texture":"#6"},"up":{"uv":[14.7,1.6,14.4,1.8],"rotation":270,"texture":"#6"},"down":{"uv":[14.7,2.4,14.4,2.6],"rotation":270,"texture":"#6"}}},{"from":[10.49602,14.35485,13.66073],"to":[10.74602,14.85485,13.91073],"rotation":{"angle":45,"axis":"y","origin":[10.12102,14.60485,13.09823]},"faces":{"north":{"uv":[6.8,14.5,7,14.4],"rotation":270,"texture":"#6"},"south":{"uv":[14.4,6.5,14.6,6.4],"rotation":90,"texture":"#6"},"west":{"uv":[7.8,14.4,7.6,14.5],"rotation":270,"texture":"#6"},"up":{"uv":[14.5,10,14.4,10.1],"rotation":270,"texture":"#6"},"down":{"uv":[14.5,10.8,14.4,10.9],"rotation":270,"texture":"#6"}}},{"from":[8.24602,14.35485,13.41073],"to":[8.49602,14.85485,13.66073],"rotation":{"angle":45,"axis":"y","origin":[10.12102,14.60485,13.09823]},"faces":{"north":{"uv":[14.4,4.9,14.6,4.8],"rotation":270,"texture":"#6"},"east":{"uv":[6.2,14.5,6,14.4],"rotation":270,"texture":"#6"},"west":{"uv":[5.4,14.4,5.2,14.5],"rotation":270,"texture":"#6"},"up":{"uv":[8.5,14.4,8.4,14.5],"rotation":270,"texture":"#6"},"down":{"uv":[14.5,9.2,14.4,9.3],"rotation":270,"texture":"#6"}}},{"from":[8.24602,14.35485,13.66073],"to":[8.99602,14.85485,14.16073],"rotation":{"angle":45,"axis":"y","origin":[10.12102,14.60485,13.09823]},"faces":{"north":{"uv":[0,14.7,0.2,14.4],"rotation":270,"texture":"#6"},"south":{"uv":[14,13.5,14.2,13.2],"rotation":90,"texture":"#6"},"west":{"uv":[14.6,4,14.4,4.2],"rotation":270,"texture":"#6"},"up":{"uv":[14.2,14,14,14.3],"rotation":270,"texture":"#6"},"down":{"uv":[14.6,0.8,14.4,1.1],"rotation":270,"texture":"#6"}}},{"from":[8.99602,14.10485,13.16073],"to":[9.74602,15.10485,14.16073],"rotation":{"angle":45,"axis":"y","origin":[10.12102,14.60485,13.09823]},"faces":{"east":{"uv":[13.6,0.4,13.2,0],"rotation":270,"texture":"#6"},"south":{"uv":[6.8,13.9,7.2,13.6],"rotation":90,"texture":"#6"},"west":{"uv":[13.2,9.2,12.8,9.6],"rotation":270,"texture":"#6"},"up":{"uv":[14,9.2,13.6,9.5],"rotation":270,"texture":"#6"},"down":{"uv":[14,11.6,13.6,11.9],"rotation":270,"texture":"#6"}}},{"from":[8.99602,14.10485,12.16073],"to":[11.24602,15.10485,13.16073],"rotation":{"angle":45,"axis":"y","origin":[10.12102,14.60485,13.09823]},"faces":{"north":{"uv":[12.4,11.3,12.8,10.4],"rotation":270,"texture":"#6"},"east":{"uv":[12,10.8,11.6,10.4],"rotation":270,"texture":"#6"},"south":{"uv":[9.6,13.3,10,12.4],"rotation":90,"texture":"#6"},"west":{"uv":[10.8,6.8,10.4,7.2],"rotation":270,"texture":"#6"},"up":{"uv":[10.8,12.4,10.4,13.3],"rotation":270,"texture":"#6"},"down":{"uv":[11.6,12.4,11.2,13.3],"rotation":270,"texture":"#6"}}},{"from":[9.99602,13.85485,10.66073],"to":[11.49602,15.35485,12.16073],"rotation":{"angle":45,"axis":"y","origin":[10.12102,14.60485,13.09823]},"faces":{"north":{"uv":[12,3,12.6,2.4],"rotation":270,"texture":"#6"},"east":{"uv":[0.6,13,0,12.4],"rotation":270,"texture":"#6"},"south":{"uv":[12,1.8,12.6,1.2],"rotation":90,"texture":"#6"},"west":{"uv":[12.6,4.8,12,5.4],"rotation":270,"texture":"#6"},"up":{"uv":[3,12,2.4,12.6],"rotation":270,"texture":"#6"},"down":{"uv":[12.6,3.6,12,4.2],"rotation":270,"texture":"#6"}}},{"from":[7,13.25,2],"to":[9,16.25,6],"rotation":{"angle":0,"axis":"y","origin":[6.5,13.25,2.5]},"faces":{"north":{"uv":[2.4,8.8,3.2,10],"texture":"#6"},"east":{"uv":[6.8,6,8.4,7.2],"texture":"#6"},"south":{"uv":[9.2,1.6,10,2.8],"texture":"#6"},"west":{"uv":[0,7.2,1.6,8.4],"texture":"#6"},"up":{"uv":[0.8,10.4,0,8.8],"texture":"#6"},"down":{"uv":[2,8.8,1.2,10.4],"texture":"#6"}}},{"from":[6.5,13.25,1.5],"to":[9.5,16.25,2],"rotation":{"angle":0,"axis":"y","origin":[6.5,13.25,-1]},"faces":{"north":{"uv":[2,7.2,3.2,8.4],"texture":"#6"},"east":{"uv":[12,12.4,12.2,13.6],"texture":"#6"},"south":{"uv":[7.6,0,8.8,1.2],"texture":"#6"},"west":{"uv":[3.6,12.8,3.8,14],"texture":"#6"},"up":{"uv":[13.2,6.2,12,6],"texture":"#6"},"down":{"uv":[5.6,12.8,4.4,13],"texture":"#6"}}},{"from":[6.5035,15.92678,1.78033],"to":[9.4965,18.67678,2.28033],"rotation":{"angle":45,"axis":"x","origin":[8.0035,16.42678,2.03033]},"faces":{"north":{"uv":[7.6,1.6,8.8,2.7],"texture":"#6"},"east":{"uv":[7.6,12.8,7.8,13.9],"texture":"#6"},"south":{"uv":[7.6,3.2,8.8,4.3],"texture":"#6"},"west":{"uv":[12.8,7.6,13,8.7],"texture":"#6"},"up":{"uv":[7.2,13,6,12.8],"texture":"#6"}}},{"from":[6.5035,10.82322,1.78033],"to":[9.4965,13.57322,2.28033],"rotation":{"angle":-45,"axis":"x","origin":[8.0035,13.07322,2.03033]},"faces":{"north":{"uv":[6.8,7.6,8,8.7],"texture":"#6"},"east":{"uv":[8.4,12.8,8.6,13.9],"texture":"#6"},"south":{"uv":[8.4,7.6,9.6,8.7],"texture":"#6"},"west":{"uv":[12.8,12,13,13.1],"texture":"#6"},"down":{"uv":[14,6.8,12.8,7],"texture":"#6"}}},{"from":[7.0035,16.25,2],"to":[8.9965,18.25,4.25],"rotation":{"angle":45,"axis":"x","origin":[6.5035,16.25,2]},"faces":{"east":{"uv":[10.4,4.4,11.3,5.2],"texture":"#6"},"west":{"uv":[10.4,5.6,11.3,6.4],"texture":"#6"},"up":{"uv":[3.2,11.3,2.4,10.4],"texture":"#6"}}},{"from":[7.0035,11.25,2],"to":[8.9965,13.25,4.25],"rotation":{"angle":-45,"axis":"x","origin":[6.5035,13.25,2]},"faces":{"east":{"uv":[6.8,10.4,7.7,11.2],"texture":"#6"},"west":{"uv":[8.4,10.4,9.3,11.2],"texture":"#6"},"down":{"uv":[0.8,10.8,0,11.7],"texture":"#6"}}},{"from":[7,13.25,10],"to":[9,16.25,14],"rotation":{"angle":0,"axis":"y","origin":[9.5,13.25,13.5]},"faces":{"north":{"uv":[9.2,1.6,10,2.8],"texture":"#6"},"east":{"uv":[0,7.2,1.6,8.4],"texture":"#6"},"south":{"uv":[2.4,8.8,3.2,10],"texture":"#6"},"west":{"uv":[6.8,6,8.4,7.2],"texture":"#6"},"up":{"uv":[0,8.8,0.8,10.4],"texture":"#6"},"down":{"uv":[1.2,10.4,2,8.8],"texture":"#6"}}},{"from":[7.0035,16.25,11.75],"to":[8.9965,18.25,14],"rotation":{"angle":-45,"axis":"x","origin":[9.4965,16.25,14]},"faces":{"east":{"uv":[10.4,5.6,11.3,6.4],"texture":"#6"},"west":{"uv":[10.4,4.4,11.3,5.2],"texture":"#6"},"up":{"uv":[2.4,10.4,3.2,11.3],"texture":"#6"}}},{"from":[7.0035,11.25,11.75],"to":[8.9965,13.25,14],"rotation":{"angle":45,"axis":"x","origin":[9.4965,13.25,14]},"faces":{"east":{"uv":[8.4,10.4,9.3,11.2],"texture":"#6"},"west":{"uv":[6.8,10.4,7.7,11.2],"texture":"#6"},"down":{"uv":[0,11.7,0.8,10.8],"texture":"#6"}}},{"from":[6.5,13.25,14],"to":[9.5,16.25,14.5],"rotation":{"angle":0,"axis":"y","origin":[9.5,13.25,17]},"faces":{"north":{"uv":[7.6,0,8.8,1.2],"texture":"#6"},"east":{"uv":[3.6,12.8,3.8,14],"texture":"#6"},"south":{"uv":[2,7.2,3.2,8.4],"texture":"#6"},"west":{"uv":[12,12.4,12.2,13.6],"texture":"#6"},"up":{"uv":[12,6,13.2,6.2],"texture":"#6"},"down":{"uv":[4.4,13,5.6,12.8],"texture":"#6"}}},{"from":[6.5035,15.92678,13.71967],"to":[9.4965,18.67678,14.21967],"rotation":{"angle":-45,"axis":"x","origin":[7.9965,16.42678,13.96967]},"faces":{"north":{"uv":[7.6,3.2,8.8,4.3],"texture":"#6"},"east":{"uv":[12.8,7.6,13,8.7],"texture":"#6"},"south":{"uv":[7.6,1.6,8.8,2.7],"texture":"#6"},"west":{"uv":[7.6,12.8,7.8,13.9],"texture":"#6"},"up":{"uv":[6,12.8,7.2,13],"texture":"#6"}}},{"from":[6.5035,10.82322,13.71967],"to":[9.4965,13.57322,14.21967],"rotation":{"angle":45,"axis":"x","origin":[7.9965,13.07322,13.96967]},"faces":{"north":{"uv":[8.4,7.6,9.6,8.7],"texture":"#6"},"east":{"uv":[12.8,12,13,13.1],"texture":"#6"},"south":{"uv":[6.8,7.6,8,8.7],"texture":"#6"},"west":{"uv":[8.4,12.8,8.6,13.9],"texture":"#6"},"down":{"uv":[12.8,7,14,6.8],"texture":"#6"}}}],"gui_light":"front","display":{"thirdperson_righthand":{"translation":[0,1.25,1]},"thirdperson_lefthand":{"rotation":[0,-180,0],"translation":[0,1.25,1]},"firstperson_righthand":{"rotation":[-10,0,0],"translation":[1.25,2,2],"scale":[0.7,0.7,0.7]},"firstperson_lefthand":{"rotation":[-10,-180,0],"translation":[1.25,2,2],"scale":[0.7,0.7,0.7]},"ground":{"rotation":[45,0,0],"translation":[0,5,0],"scale":[0.7,0.7,0.7]},"gui":{"rotation":[-90,135,90],"scale":[0.85,0.85,0.85]},"head":{"rotation":[0,-90,0]},"fixed":{"rotation":[0,-90,0],"translation":[0,0,-2.25],"scale":[2,2,2]}},"groups":[{"name":"hammer","origin":[7,-2,7],"color":0,"children":[0,1,2,3,4,5,6,7,8,9,10,{"name":"animated_2","origin":[8,-2.5,8],"color":0,"children":[11,12]},{"name":"animated_3","origin":[5.75,6.5,6.5],"color":0,"children":[13,14,15]},16,17,18,19,20,21,{"name":"animated_1","origin":[7,12.75,10.41421],"color":0,"children":[22,23,24,25,26,27,28,29]},{"name":"group","origin":[1.87102,14.60485,2.90177],"color":0,"children":[30,31,32,33,34,35,36,37,38,39,40,41,42,43,44,45,46,47,48,49,50,51,52,53,54,55,56,57]},58,59,60,61,62,63,64,65,66,67,68,69]}],"mcmodels":"d22989953ed810bd703d465c5ee35e3d"}