{"format_version":"1.9.0","credit":"Pologony Creation Co.,Ltd.","textures":{"0":"minewave:item/halloween_pumpkin/helmet","1":"minewave:item/halloween_pumpkin/animated/animated_8","particle":"minewave:item/halloween_pumpkin/helmet"},"elements":[{"from":[3,3,3],"to":[13,13,13],"rotation":{"angle":0,"axis":"y","origin":[3,3,3]},"faces":{"north":{"uv":[0,5.5,5,10.5],"texture":"#0"},"east":{"uv":[5.5,5.5,10.5,10.5],"texture":"#0"},"south":{"uv":[8.5,0,13.5,5],"texture":"#0"},"west":{"uv":[0,11,5,16],"texture":"#0"},"up":{"uv":[10.5,16,5.5,11],"texture":"#0"},"down":{"uv":[16,5.5,11,10.5],"texture":"#0"}}},{"from":[3,3,2.75],"to":[13,13,2.75],"light_emission":15,"rotation":{"angle":0,"axis":"y","origin":[3,3,2.75]},"faces":{"north":{"uv":[0,0,10,10],"texture":"#1"}}},{"from":[0,6.5,7.995],"to":[16,16.5,8.005],"rotation":{"angle":0,"axis":"y","origin":[0,12.5,7.995]},"faces":{"north":{"uv":[0,0,8,5],"texture":"#0"},"south":{"uv":[8,0,0,5],"texture":"#0"}}}],"gui_light":"front","display":{"thirdperson_righthand":{"rotation":[53.25,0,0],"translation":[0,3.25,2],"scale":[0.7,0.7,0.7]},"thirdperson_lefthand":{"rotation":[53.25,0,0],"translation":[0,3.25,2],"scale":[0.7,0.7,0.7]},"firstperson_righthand":{"rotation":[153.75,0,-180],"translation":[0,3.25,0],"scale":[0.7,0.7,0.7]},"firstperson_lefthand":{"rotation":[153.75,0,-180],"translation":[0,3.25,0],"scale":[0.7,0.7,0.7]},"ground":{"translation":[0,5,0],"scale":[0.7,0.7,0.7]},"gui":{"rotation":[0,-180,0],"translation":[0,-1.5,0],"scale":[1.23,1.23,1.23]},"head":{"scale":[1.6,1.6,1.6]},"fixed":{"rotation":[-90,0,0],"translation":[0,0,-10],"scale":[2,2,2]}},"groups":[{"name":"helmet","origin":[3,0,3],"color":0,"children":[0,1,2]}],"mcmodels":"d22989953ed810bd703d465c5ee35e3d"}