{"format_version":"1.9.0","credit":"Pologony Creation Co.,Ltd.","texture_size":[40,40],"textures":{"3":"minewave:item/halloween_pumpkin/animated/animated_3","4":"minewave:item/halloween_pumpkin/animated/animated_2","6":"minewave:item/halloween_pumpkin/animated/animated_6","7":"minewave:item/halloween_pumpkin/scythe","particle":"minewave:item/halloween_pumpkin/animated/animated_7"},"elements":[{"from":[7,-5,7],"to":[9,-3,9],"rotation":{"angle":0,"axis":"y","origin":[7,-5,7]},"faces":{"north":{"uv":[9.2,4.8,10,5.6],"texture":"#7"},"east":{"uv":[9.2,6,10,6.8],"texture":"#7"},"south":{"uv":[9.2,7.2,10,8],"texture":"#7"},"west":{"uv":[9.2,8.4,10,9.2],"texture":"#7"},"up":{"uv":[8.4,10.4,7.6,9.6],"texture":"#7"},"down":{"uv":[9.6,9.6,8.8,10.4],"texture":"#7"}}},{"from":[7.25,-3,7.25],"to":[8.75,-2.5,8.75],"rotation":{"angle":45,"axis":"y","origin":[8,-2.75,8]},"faces":{"north":{"uv":[13.6,0.8,14.2,1],"texture":"#7"},"east":{"uv":[1.6,13.6,2.2,13.8],"texture":"#7"},"south":{"uv":[13.6,1.6,14.2,1.8],"texture":"#7"},"west":{"uv":[13.6,2.4,14.2,2.6],"texture":"#7"},"up":{"uv":[6.2,11.8,5.6,11.2],"texture":"#7"},"down":{"uv":[11.8,10.8,11.2,11.4],"texture":"#7"}}},{"from":[7.5,-2.5,7.42678],"to":[8.75,-2,8.67678],"rotation":{"angle":45,"axis":"y","origin":[8,-2.25,8.17678]},"faces":{"north":{"uv":[2.8,14,3.3,14.2],"texture":"#7"},"east":{"uv":[4,14,4.5,14.2],"texture":"#7"},"south":{"uv":[5.2,14,5.7,14.2],"texture":"#7"},"west":{"uv":[14,5.6,14.5,5.8],"texture":"#7"}}},{"from":[7.5,-1.5,7.5],"to":[8.5,11.5,8.5],"rotation":{"angle":45,"axis":"y","origin":[8,2.75,8]},"faces":{"north":{"uv":[0,7.2,0.4,12.4],"texture":"#7"},"east":{"uv":[0.8,7.2,1.2,12.4],"texture":"#7"},"south":{"uv":[1.6,7.2,2,12.4],"texture":"#7"},"west":{"uv":[2.4,7.2,2.8,12.4],"texture":"#7"}}},{"from":[7.5,11.75,7.42678],"to":[8.75,12.25,8.67678],"rotation":{"angle":45,"axis":"y","origin":[8,12,8.17678]},"faces":{"north":{"uv":[8,14,8.5,14.2],"texture":"#7"},"east":{"uv":[14,9.2,14.5,9.4],"texture":"#7"},"south":{"uv":[14,10,14.5,10.2],"texture":"#7"},"west":{"uv":[10.8,14,11.3,14.2],"texture":"#7"}}},{"from":[6,12.75,6],"to":[10,16.75,10],"rotation":{"angle":0,"axis":"y","origin":[6,12.75,6]},"faces":{"north":{"uv":[3.6,2.8,5.2,4.4],"texture":"#7"},"east":{"uv":[3.6,4.8,5.2,6.4],"texture":"#7"},"south":{"uv":[5.6,2.8,7.2,4.4],"texture":"#7"},"west":{"uv":[5.6,4.8,7.2,6.4],"texture":"#7"},"up":{"uv":[5.2,8.4,3.6,6.8],"texture":"#7"},"down":{"uv":[7.2,6.8,5.6,8.4],"texture":"#7"}}},{"from":[7.25,-2,7.25],"to":[8.75,-1.5,8.75],"rotation":{"angle":45,"axis":"y","origin":[8,-1.75,8]},"faces":{"north":{"uv":[13.6,3.2,14.2,3.4],"texture":"#7"},"east":{"uv":[13.6,4,14.2,4.2],"texture":"#7"},"south":{"uv":[13.6,4.8,14.2,5],"texture":"#7"},"west":{"uv":[6.8,13.6,7.4,13.8],"texture":"#7"},"up":{"uv":[12.2,0.6,11.6,0],"texture":"#7"},"down":{"uv":[12.2,1.2,11.6,1.8],"texture":"#7"}}},{"from":[7.25,11.25,7.25],"to":[8.75,11.75,8.75],"rotation":{"angle":45,"axis":"y","origin":[8,11.5,8]},"faces":{"north":{"uv":[13.6,6.8,14.2,7],"texture":"#7"},"east":{"uv":[13.6,7.6,14.2,7.8],"texture":"#7"},"south":{"uv":[13.6,8.4,14.2,8.6],"texture":"#7"},"west":{"uv":[9.6,13.6,10.2,13.8],"texture":"#7"},"up":{"uv":[3.8,12.2,3.2,11.6],"texture":"#7"},"down":{"uv":[12.2,3.6,11.6,4.2],"texture":"#7"}}},{"from":[7.25,12.25,7.25],"to":[8.75,12.75,8.75],"rotation":{"angle":45,"axis":"y","origin":[8,12.5,8]},"faces":{"north":{"uv":[13.6,11.6,14.2,11.8],"texture":"#7"},"east":{"uv":[13.6,12.4,14.2,12.6],"texture":"#7"},"south":{"uv":[13.6,13.2,14.2,13.4],"texture":"#7"},"west":{"uv":[0,14,0.6,14.2],"texture":"#7"},"up":{"uv":[5,12.2,4.4,11.6],"texture":"#7"},"down":{"uv":[12.2,4.8,11.6,5.4],"texture":"#7"}}},{"from":[7.99646,11.5,4.00354],"to":[8.00646,19.5,12.00354],"rotation":{"angle":45,"axis":"y","origin":[7.99646,15.5,8.00354]},"faces":{"east":{"uv":[3.2,0,0,3.2],"texture":"#7"},"west":{"uv":[0,0,3.2,3.2],"texture":"#7"}}},{"from":[7.99646,11.5,3.99646],"to":[8.00646,19.5,11.99646],"rotation":{"angle":-45,"axis":"y","origin":[7.99646,15.5,7.99646]},"faces":{"east":{"uv":[3.2,3.6,0,6.8],"texture":"#7"},"west":{"uv":[0,3.6,3.2,6.8],"texture":"#7"}}},{"from":[7.995,-8.5,5.5],"to":[8.005,-2.5,10.5],"light_emission":15,"rotation":{"angle":45,"axis":"y","origin":[8,-5.5,8]},"faces":{"east":{"uv":[10,0,0,12],"texture":"#3"},"west":{"uv":[0,0,10,12],"texture":"#3"}}},{"from":[5.5,-8.5,7.995],"to":[10.5,-2.5,8.005],"light_emission":15,"rotation":{"angle":45,"axis":"y","origin":[8,-5.5,8]},"faces":{"north":{"uv":[0,0,10,12],"texture":"#3"},"south":{"uv":[10,0,0,12],"texture":"#3"}}},{"from":[5.75,12.25,5.75],"to":[5.76,17.25,10.25],"light_emission":15,"rotation":{"angle":0,"axis":"y","origin":[5.75,13,6.5]},"faces":{"east":{"uv":[8.66667,0,2.66667,6.66667],"texture":"#4"},"west":{"uv":[2.66667,0,8.66667,6.66667],"texture":"#4"}}},{"from":[5.67579,12.25,10.62306],"to":[7.67579,17.25,10.63306],"light_emission":15,"rotation":{"angle":-22.5,"axis":"y","origin":[6.67579,14.75,10.62806]},"faces":{"north":{"uv":[0,0,2.66667,6.66667],"texture":"#4"},"south":{"uv":[2.66667,0,0,6.66667],"texture":"#4"}}},{"from":[5.67388,12.25,5.36732],"to":[7.67388,17.25,5.37732],"light_emission":15,"rotation":{"angle":22.5,"axis":"y","origin":[6.67388,14.75,5.36732]},"faces":{"north":{"uv":[0,0,2.66667,6.66667],"texture":"#4"},"south":{"uv":[2.66667,0,0,6.66667],"texture":"#4"}}},{"from":[6.725,10.75,6.725],"to":[9.275,12.75,9.275],"light_emission":15,"rotation":{"angle":45,"axis":"y","origin":[8,11.75,8]},"faces":{"north":{"uv":[7.6,6,8.6,6.8],"texture":"#7"},"east":{"uv":[7.6,7.2,8.6,8],"texture":"#7"},"south":{"uv":[8.4,0,9.4,0.8],"texture":"#7"},"west":{"uv":[8.4,1.2,9.4,2],"texture":"#7"},"up":{"uv":[8.6,3.8,7.6,2.8],"texture":"#7"}}},{"name":"cube inverted","from":[9.25,12.75,9.25],"to":[6.75,10.75,6.75],"light_emission":15,"rotation":{"angle":45,"axis":"y","origin":[8,11.75,8]},"faces":{"north":{"uv":[7.6,8.4,8.6,9.2],"texture":"#7"},"east":{"uv":[3.2,8.8,4.2,9.6],"texture":"#7"},"south":{"uv":[4.8,8.8,5.8,9.6],"texture":"#7"},"west":{"uv":[9.2,2.4,10.2,3.2],"texture":"#7"},"down":{"uv":[8.6,4.4,7.6,5.4],"texture":"#7"}}},{"from":[7.9985,14,0.5],"to":[8.0015,21,5.5],"light_emission":15,"rotation":{"angle":22.5,"axis":"x","origin":[8,17.5,3]},"faces":{"east":{"uv":[10,0,0,14],"texture":"#6"},"west":{"uv":[0,0,10,14],"texture":"#6"}}},{"from":[7.9985,15,10.5],"to":[8.0015,22,15.5],"light_emission":15,"rotation":{"angle":-45,"axis":"x","origin":[8,18.5,13]},"faces":{"east":{"uv":[0,0,10,14],"texture":"#6"},"west":{"uv":[10,0,0,14],"texture":"#6"}}},{"from":[7.25,15.05304,4.14953],"to":[8.75,16.55304,6.64953],"rotation":{"angle":22.5,"axis":"x","origin":[8,15.45879,3.45437]},"faces":{"north":{"uv":[10.4,8.4,11,9],"texture":"#7"},"east":{"uv":[10,0,11,0.6],"texture":"#7"},"west":{"uv":[10,1.2,11,1.8],"texture":"#7"},"up":{"uv":[3.8,11,3.2,10],"texture":"#7"},"down":{"uv":[5,10,4.4,11],"texture":"#7"}}},{"from":[7.5,15.04182,3.24985],"to":[8.5,16.04182,4.74985],"rotation":{"angle":0,"axis":"y","origin":[8,15.45879,3.45437]},"faces":{"north":{"uv":[12.8,8.4,13.2,8.8],"texture":"#7"},"east":{"uv":[5.6,12.4,6.2,12.8],"texture":"#7"},"west":{"uv":[12.4,6.8,13,7.2],"texture":"#7"},"up":{"uv":[12.8,9.8,12.4,9.2],"texture":"#7"},"down":{"uv":[12.8,10.4,12.4,11],"texture":"#7"}}},{"from":[7.5,13.54182,3.24985],"to":[8.5,15.04182,4.24985],"rotation":{"angle":0,"axis":"y","origin":[8,15.45879,3.45437]},"faces":{"north":{"uv":[0,12.8,0.4,13.4],"texture":"#7"},"east":{"uv":[12.8,0,13.2,0.6],"texture":"#7"},"south":{"uv":[0.8,12.8,1.2,13.4],"texture":"#7"},"west":{"uv":[12.8,1.2,13.2,1.8],"texture":"#7"},"down":{"uv":[10,12.8,9.6,13.2],"texture":"#7"}}},{"from":[7.5,13.54182,1.49985],"to":[8.5,14.54182,3.24985],"rotation":{"angle":0,"axis":"y","origin":[8,15.45879,3.45437]},"faces":{"north":{"uv":[10.4,12.8,10.8,13.2],"texture":"#7"},"east":{"uv":[11.6,6,12.3,6.4],"texture":"#7"},"west":{"uv":[11.6,8.4,12.3,8.8],"texture":"#7"},"up":{"uv":[12,9.9,11.6,9.2],"texture":"#7"},"down":{"uv":[12.4,2.4,12,3.1],"texture":"#7"}}},{"from":[7.625,14.54182,1.49985],"to":[8.375,15.54182,2.24985],"rotation":{"angle":0,"axis":"y","origin":[8,15.45879,3.45437]},"faces":{"north":{"uv":[6,13.2,6.3,13.6],"texture":"#7"},"east":{"uv":[13.2,9.2,13.5,9.6],"texture":"#7"},"south":{"uv":[13.2,10,13.5,10.4],"texture":"#7"},"west":{"uv":[13.2,10.8,13.5,11.2],"texture":"#7"},"up":{"uv":[14.3,11.1,14,10.8],"texture":"#7"}}},{"from":[7.625,15.04182,2.24985],"to":[8.375,15.54182,2.74985],"rotation":{"angle":0,"axis":"y","origin":[8,15.45879,3.45437]},"faces":{"east":{"uv":[14.8,7.2,15,7.4],"texture":"#7"},"south":{"uv":[2.8,14.8,3.1,15],"texture":"#7"},"west":{"uv":[8,14.8,8.2,15],"texture":"#7"},"up":{"uv":[15.1,3.4,14.8,3.2],"texture":"#7"},"down":{"uv":[3.9,14.8,3.6,15],"texture":"#7"}}},{"from":[7.99,16.11165,1.84965],"to":[8.01,18.11165,3.84965],"rotation":{"angle":45,"axis":"x","origin":[8,15.45879,3.45437]},"faces":{"east":{"uv":[7.2,8.8,6.4,9.6],"texture":"#7"},"west":{"uv":[6.4,8.8,7.2,9.6],"texture":"#7"}}},{"from":[7.99,14.25,0],"to":[8.01,15.75,1.5],"rotation":{"angle":-22.5,"axis":"x","origin":[7.995,15,0.75]},"faces":{"east":{"uv":[11.4,2.4,10.8,3],"texture":"#7"},"west":{"uv":[10.8,2.4,11.4,3],"texture":"#7"}}},{"from":[7.625,12.57157,-1.03385],"to":[8.375,13.32157,2.46615],"rotation":{"angle":-22.5,"axis":"x","origin":[8,13.36354,-0.24502]},"faces":{"north":{"uv":[12,14,12.3,14.3],"texture":"#7"},"east":{"uv":[10.4,6.8,11.8,7.1],"texture":"#7"},"south":{"uv":[12.8,14,13.1,14.3],"texture":"#7"},"west":{"uv":[10.4,7.6,11.8,7.9],"texture":"#7"},"up":{"uv":[7.5,12.2,7.2,10.8],"texture":"#7"},"down":{"uv":[8.3,10.8,8,12.2],"texture":"#7"}}},{"from":[7.625,13.32157,-1.03385],"to":[8.375,14.07157,-0.28385],"rotation":{"angle":-22.5,"axis":"x","origin":[8,13.36354,-0.24502]},"faces":{"north":{"uv":[13.6,14,13.9,14.3],"texture":"#7"},"east":{"uv":[14.4,0,14.7,0.3],"texture":"#7"},"south":{"uv":[1.2,14.4,1.5,14.7],"texture":"#7"},"west":{"uv":[2,14.4,2.3,14.7],"texture":"#7"},"up":{"uv":[6.7,14.7,6.4,14.4],"texture":"#7"}}},{"from":[7.625,13.57157,-0.28385],"to":[8.375,14.07157,-0.03385],"rotation":{"angle":-22.5,"axis":"x","origin":[8,13.36354,-0.24502]},"faces":{"east":{"uv":[14.8,12.4,14.9,12.6],"texture":"#7"},"south":{"uv":[14.8,4,15.1,4.2],"texture":"#7"},"west":{"uv":[13.2,14.8,13.3,15],"texture":"#7"},"up":{"uv":[15.1,10.9,14.8,10.8],"texture":"#7"},"down":{"uv":[11.9,14.8,11.6,14.9],"texture":"#7"}}},{"from":[7.995,8.28556,-1.36078],"to":[8.005,13.53556,9.63922],"rotation":{"angle":-22.5,"axis":"x","origin":[7.995,3.96056,2.36422]},"faces":{"east":{"uv":[8,0,3.6,2.1],"texture":"#7"},"west":{"uv":[3.6,0,8,2.1],"texture":"#7"}}},{"from":[7.25,16.15665,9.03013],"to":[8.75,17.65665,11.53013],"rotation":{"angle":-45,"axis":"x","origin":[8,15.87046,12.3584]},"faces":{"east":{"uv":[5.6,10,6.6,10.6],"texture":"#7"},"south":{"uv":[8.8,10.8,9.4,11.4],"texture":"#7"},"west":{"uv":[10,9.6,11,10.2],"texture":"#7"},"up":{"uv":[11,4.6,10.4,3.6],"texture":"#7"},"down":{"uv":[11,5.2,10.4,6.2],"texture":"#7"}}},{"from":[7.5,16.04182,10.67515],"to":[8.5,17.04182,12.17515],"rotation":{"angle":-22.5,"axis":"x","origin":[8,15.87046,12.3584]},"faces":{"east":{"uv":[12.4,7.6,13,8],"texture":"#7"},"south":{"uv":[12.8,11.6,13.2,12],"texture":"#7"},"west":{"uv":[1.6,12.8,2.2,13.2],"texture":"#7"},"up":{"uv":[13.2,3,12.8,2.4],"texture":"#7"},"down":{"uv":[3.2,12.8,2.8,13.4],"texture":"#7"}}},{"from":[7.5,14.54182,11.17515],"to":[8.5,16.04182,12.17515],"rotation":{"angle":-22.5,"axis":"x","origin":[8,15.87046,12.3584]},"faces":{"north":{"uv":[3.6,12.8,4,13.4],"texture":"#7"},"east":{"uv":[12.8,3.6,13.2,4.2],"texture":"#7"},"south":{"uv":[4.4,12.8,4.8,13.4],"texture":"#7"},"west":{"uv":[12.8,4.8,13.2,5.4],"texture":"#7"},"down":{"uv":[13.2,12.4,12.8,12.8],"texture":"#7"}}},{"from":[7.5,14.54182,12.17515],"to":[8.5,15.54182,13.92515],"rotation":{"angle":-22.5,"axis":"x","origin":[8,15.87046,12.3584]},"faces":{"east":{"uv":[8.8,12,9.5,12.4],"texture":"#7"},"south":{"uv":[5.2,13.2,5.6,13.6],"texture":"#7"},"west":{"uv":[10,12,10.7,12.4],"texture":"#7"},"up":{"uv":[11.6,12.7,11.2,12],"texture":"#7"},"down":{"uv":[12.4,12,12,12.7],"texture":"#7"}}},{"from":[7.625,15.54182,13.17515],"to":[8.375,16.54182,13.92515],"rotation":{"angle":-22.5,"axis":"x","origin":[8,15.87046,12.3584]},"faces":{"north":{"uv":[11.2,13.2,11.5,13.6],"texture":"#7"},"east":{"uv":[12,13.2,12.3,13.6],"texture":"#7"},"south":{"uv":[12.8,13.2,13.1,13.6],"texture":"#7"},"west":{"uv":[13.6,0,13.9,0.4],"texture":"#7"},"up":{"uv":[7.5,14.7,7.2,14.4],"texture":"#7"}}},{"from":[7.625,16.04182,12.67515],"to":[8.375,16.54182,13.17515],"rotation":{"angle":-22.5,"axis":"x","origin":[8,15.87046,12.3584]},"faces":{"north":{"uv":[4.4,14.8,4.7,15],"texture":"#7"},"east":{"uv":[14.8,8,15,8.2],"texture":"#7"},"west":{"uv":[10.8,14.8,11,15],"texture":"#7"},"up":{"uv":[15.1,5,14.8,4.8],"texture":"#7"},"down":{"uv":[5.5,14.8,5.2,15],"texture":"#7"}}},{"from":[7.625,14.88482,13.15736],"to":[8.375,15.63482,15.15736],"rotation":{"angle":0,"axis":"y","origin":[8,15.87046,12.3584]},"faces":{"north":{"uv":[9.2,14.4,9.5,14.7],"texture":"#7"},"east":{"uv":[12.8,6,13.6,6.3],"texture":"#7"},"south":{"uv":[10,14.4,10.3,14.7],"texture":"#7"},"west":{"uv":[6.8,12.8,7.6,13.1],"texture":"#7"},"up":{"uv":[8.3,13.6,8,12.8],"texture":"#7"},"down":{"uv":[9.1,12.8,8.8,13.6],"texture":"#7"}}},{"from":[7.625,14.13482,14.40736],"to":[8.375,14.88482,15.15736],"rotation":{"angle":0,"axis":"y","origin":[8,15.87046,12.3584]},"faces":{"north":{"uv":[14.4,14,14.7,14.3],"texture":"#7"},"east":{"uv":[0,14.8,0.3,15.1],"texture":"#7"},"south":{"uv":[14.8,0.8,15.1,1.1],"texture":"#7"},"west":{"uv":[14.8,1.6,15.1,1.9],"texture":"#7"},"down":{"uv":[15.1,2.4,14.8,2.7],"texture":"#7"}}},{"from":[7.625,14.13482,14.15736],"to":[8.375,14.63482,14.40736],"rotation":{"angle":0,"axis":"y","origin":[8,15.87046,12.3584]},"faces":{"north":{"uv":[14.8,6.4,15.1,6.6],"texture":"#7"},"east":{"uv":[14.8,13.2,14.9,13.4],"texture":"#7"},"west":{"uv":[14,14.8,14.1,15],"texture":"#7"},"up":{"uv":[15.1,11.7,14.8,11.6],"texture":"#7"},"down":{"uv":[12.7,14.8,12.4,14.9],"texture":"#7"}}},{"from":[7.99,15.70682,10.47938],"to":[8.01,17.70682,12.47938],"rotation":{"angle":-45,"axis":"x","origin":[8,17.45682,10.47938]},"faces":{"east":{"uv":[10,3.6,9.2,4.4],"texture":"#7"},"west":{"uv":[9.2,3.6,10,4.4],"texture":"#7"}}},{"from":[7.99,16.12666,13.69909],"to":[8.01,17.62666,15.19909],"rotation":{"angle":0,"axis":"y","origin":[8,15.87046,12.3584]},"faces":{"east":{"uv":[10.6,10.8,10,11.4],"texture":"#7"},"west":{"uv":[10,10.8,10.6,11.4],"texture":"#7"}}}],"gui_light":"front","display":{"thirdperson_righthand":{"translation":[0,1.25,1]},"thirdperson_lefthand":{"translation":[0,1.25,1]},"firstperson_righthand":{"rotation":[-10,0,0],"translation":[1.25,4.5,2],"scale":[0.7,0.7,0.7]},"firstperson_lefthand":{"rotation":[-10,0,0],"translation":[1.25,4.5,2],"scale":[0.7,0.7,0.7]},"ground":{"rotation":[45,0,0],"translation":[0,5,0],"scale":[0.7,0.7,0.7]},"gui":{"rotation":[-90,135,90],"scale":[0.85,0.85,0.85]},"head":{"rotation":[0,-90,0]},"fixed":{"rotation":[0,-90,0],"translation":[0,0,-2.25],"scale":[2,2,2]}},"groups":[{"name":"scythe","origin":[7,-2,7],"color":0,"children":[0,1,2,3,4,5,6,7,8,9,10,{"name":"animated_2","origin":[8,-2.5,8],"color":0,"children":[11,12]},{"name":"animated_3","origin":[5.75,6.5,6.5],"color":0,"children":[13,14,15]},16,17,{"name":"animated_4","origin":[7.9985,7,16],"color":0,"children":[18,19]},20,21,22,23,24,25,26,27,28,29,30,31,32,33,34,35,36,37,38,39,40,41,42]}],"mcmodels":"d22989953ed810bd703d465c5ee35e3d"}