{"format_version":"1.9.0","credit":"Pologony Creation Co.,Ltd.","textures":{"3":"minewave:item/halloween_pumpkin/animated/animated_3","4":"minewave:item/halloween_pumpkin/animated/animated_2","5":"minewave:item/halloween_pumpkin/animated/animated_6","7":"minewave:item/halloween_pumpkin/shield","particle":"minewave:item/halloween_pumpkin/animated/animated_6"},"elements":[{"from":[7,1.68934,10.2475],"to":[9,3.68934,12.2475],"rotation":{"angle":0,"axis":"y","origin":[8,8,8]},"faces":{"north":{"uv":[5.81818,10.18182,6.54545,10.90909],"texture":"#7"},"east":{"uv":[10.18182,0,10.90909,0.72727],"texture":"#7"},"south":{"uv":[10.18182,1.09091,10.90909,1.81818],"texture":"#7"},"west":{"uv":[4.72727,10.18182,5.45455,10.90909],"texture":"#7"},"up":{"uv":[11.63636,6.54545,10.90909,5.81818],"rotation":90,"texture":"#7"},"down":{"uv":[12,0,11.27273,0.72727],"rotation":270,"texture":"#7"}}},{"from":[4.95367,3.68934,9.54633],"to":[6.45367,4.18934,11.04633],"rotation":{"angle":45,"axis":"y","origin":[8,8,8]},"faces":{"north":{"uv":[11.63636,13.81818,12.18182,14],"texture":"#7"},"east":{"uv":[13.81818,9.45455,14.36364,9.63636],"texture":"#7"},"south":{"uv":[13.81818,10.18182,14.36364,10.36364],"texture":"#7"},"west":{"uv":[13.81818,10.90909,14.36364,11.09091],"texture":"#7"},"up":{"uv":[6.36364,12.54545,5.81818,12],"rotation":90,"texture":"#7"},"down":{"uv":[12.54545,5.81818,12,6.36364],"rotation":270,"texture":"#7"}}},{"from":[5.07867,4.18934,9.67133],"to":[6.32867,4.68934,10.92133],"rotation":{"angle":45,"axis":"y","origin":[8,8,8]},"faces":{"north":{"uv":[14.54545,2.18182,15,2.36364],"texture":"#7"},"east":{"uv":[0,14.54545,0.45455,14.72727],"texture":"#7"},"south":{"uv":[1.09091,14.54545,1.54545,14.72727],"texture":"#7"},"west":{"uv":[2.18182,14.54545,2.63636,14.72727],"texture":"#7"}}},{"from":[5.20367,5.18934,9.79633],"to":[6.20367,8.43934,10.79633],"rotation":{"angle":45,"axis":"y","origin":[8,8,8]},"faces":{"north":{"uv":[0.72727,11.63636,1.09091,12.81818],"texture":"#7"},"east":{"uv":[10.18182,11.27273,10.54545,12.45455],"texture":"#7"},"south":{"uv":[11.27273,10.54545,11.63636,11.72727],"texture":"#7"},"west":{"uv":[0,11.63636,0.36364,12.81818],"texture":"#7"}}},{"from":[5.07867,8.93934,9.67133],"to":[6.32867,9.43934,10.92133],"rotation":{"angle":45,"axis":"y","origin":[8,8,8]},"faces":{"north":{"uv":[14.54545,8,15,8.18182],"texture":"#7"},"east":{"uv":[14.54545,2.90909,15,3.09091],"texture":"#7"},"south":{"uv":[14.54545,3.63636,15,3.81818],"texture":"#7"},"west":{"uv":[14.54545,7.27273,15,7.45455],"texture":"#7"}}},{"from":[6,11.93934,4.9975],"to":[10,15.93934,8.9975],"rotation":{"angle":0,"axis":"y","origin":[8,8,8]},"faces":{"north":{"uv":[7.63636,9.45455,9.09091,10.90909],"texture":"#7"},"east":{"uv":[0,8,1.45455,9.45455],"texture":"#7"},"south":{"uv":[8,2.18182,9.45455,3.63636],"texture":"#7"},"west":{"uv":[8,4,9.45455,5.45455],"texture":"#7"},"up":{"uv":[10.90909,10.90909,9.45455,9.45455],"rotation":90,"texture":"#7"},"down":{"uv":[1.45455,9.81818,0,11.27273],"rotation":270,"texture":"#7"}}},{"from":[13.23497,12.82691,6.4975],"to":[15.23497,13.82691,7.4975],"rotation":{"angle":22.5,"axis":"z","origin":[8,8,8]},"faces":{"north":{"uv":[12,13.09091,12.72727,13.45455],"texture":"#7"},"east":{"uv":[13.81818,3.63636,14.18182,4],"texture":"#7"},"south":{"uv":[13.09091,6.54545,13.81818,6.90909],"texture":"#7"},"up":{"uv":[7.27273,10.90909,6.90909,10.18182],"rotation":90,"texture":"#7"},"down":{"uv":[10.54545,13.09091,10.18182,13.81818],"rotation":270,"texture":"#7"}}},{"from":[14.23497,11.32691,6.4975],"to":[15.23497,12.82691,7.4975],"rotation":{"angle":22.5,"axis":"z","origin":[8,8,8]},"faces":{"north":{"uv":[10.90909,13.45455,11.27273,14],"texture":"#7"},"east":{"uv":[0.72727,13.45455,1.09091,14],"texture":"#7"},"south":{"uv":[13.45455,1.09091,13.81818,1.63636],"texture":"#7"},"west":{"uv":[13.45455,4.36364,13.81818,4.90909],"texture":"#7"},"down":{"uv":[5.09091,13.81818,4.72727,14.18182],"rotation":270,"texture":"#7"}}},{"from":[15.23497,11.32691,6.4975],"to":[16.98497,12.32691,7.4975],"rotation":{"angle":22.5,"axis":"z","origin":[8,8,8]},"faces":{"north":{"uv":[13.09091,12.72727,13.72727,13.09091],"texture":"#7"},"east":{"uv":[13.81818,7.27273,14.18182,7.63636],"texture":"#7"},"south":{"uv":[13.09091,12,13.72727,12.36364],"texture":"#7"},"up":{"uv":[0.36364,14.09091,0,13.45455],"rotation":90,"texture":"#7"},"down":{"uv":[13.81818,0,13.45455,0.63636],"rotation":270,"texture":"#7"}}},{"from":[16.23497,12.32691,6.6225],"to":[16.98497,13.32691,7.3725],"rotation":{"angle":22.5,"axis":"z","origin":[8,8,8]},"faces":{"north":{"uv":[14.18182,1.45455,14.45455,1.81818],"texture":"#7"},"east":{"uv":[13.81818,13.45455,14.09091,13.81818],"texture":"#7"},"south":{"uv":[14.18182,0,14.45455,0.36364],"texture":"#7"},"west":{"uv":[14.18182,0.72727,14.45455,1.09091],"texture":"#7"},"up":{"uv":[5,14.81818,4.72727,14.54545],"rotation":90,"texture":"#7"}}},{"from":[15.73497,12.82691,6.6225],"to":[16.23497,13.32691,7.3725],"rotation":{"angle":22.5,"axis":"z","origin":[8,8,8]},"faces":{"north":{"uv":[14.54545,13.09091,14.72727,13.27273],"texture":"#7"},"south":{"uv":[12.36364,14.54545,12.54545,14.72727],"texture":"#7"},"west":{"uv":[14.54545,8.72727,14.81818,8.90909],"texture":"#7"},"up":{"uv":[11.18182,14.72727,10.90909,14.54545],"rotation":90,"texture":"#7"},"down":{"uv":[11.90909,14.54545,11.63636,14.72727],"rotation":270,"texture":"#7"}}},{"from":[4.75,5.68934,6.751],"to":[11.25,14.31802,7.244],"rotation":{"angle":0,"axis":"y","origin":[8,8,8]},"faces":{"north":{"uv":[5.09091,3.63636,7.45455,6.81818],"texture":"#7"},"east":{"uv":[3.27273,10.18182,3.45455,13.36364],"texture":"#7"},"south":{"uv":[5.09091,0,7.45455,3.18182],"texture":"#7"},"west":{"uv":[4,10.18182,4.18182,13.36364],"texture":"#7"}}},{"from":[0.17143,0.17143,6.7475],"to":[3.18643,3.18643,7.2475],"rotation":{"angle":45,"axis":"z","origin":[8,8,8]},"faces":{"north":{"uv":[9.45455,5.81818,10.54545,6.90909],"texture":"#7"},"east":{"uv":[13.09091,13.45455,13.27273,14.54545],"texture":"#7"},"south":{"uv":[8,5.81818,9.09091,6.90909],"texture":"#7"},"west":{"uv":[13.81818,2.18182,14,3.27273],"texture":"#7"},"up":{"uv":[3.45455,14.90909,3.27273,13.81818],"rotation":90,"texture":"#7"},"down":{"uv":[4.18182,13.81818,4,14.90909],"rotation":270,"texture":"#7"}}},{"from":[4.06605,4.06605,6.7475],"to":[8.66605,8.66605,7.2475],"rotation":{"angle":45,"axis":"z","origin":[8,8,8]},"faces":{"north":{"uv":[8,0,9.63636,1.63636],"texture":"#7"},"east":{"uv":[6.90909,12,7.09091,13.63636],"texture":"#7"},"south":{"uv":[7.63636,7.27273,9.27273,8.90909],"texture":"#7"},"west":{"uv":[7.63636,12,7.81818,13.63636],"texture":"#7"},"up":{"uv":[12.18182,9.27273,12,7.63636],"rotation":90,"texture":"#7"},"down":{"uv":[8.54545,12,8.36364,13.63636],"rotation":270,"texture":"#7"}}},{"from":[5.875,-0.93934,6.751],"to":[10.125,5.68934,7.244],"rotation":{"angle":0,"axis":"y","origin":[8,8,8]},"faces":{"north":{"uv":[5.45455,7.27273,7,9.72727],"texture":"#7"},"east":{"uv":[11.27273,7.63636,11.45455,10.09091],"texture":"#7"},"south":{"uv":[3.27273,7.27273,4.81818,9.72727],"texture":"#7"},"west":{"uv":[9.45455,11.27273,9.63636,13.72727],"texture":"#7"},"down":{"uv":[13.27273,9.81818,13.09091,11.36364],"rotation":270,"texture":"#7"}}},{"from":[4.95367,4.68934,9.54633],"to":[6.45367,5.18934,11.04633],"rotation":{"angle":45,"axis":"y","origin":[8,8,8]},"faces":{"north":{"uv":[14.18182,5.81818,14.72727,6],"texture":"#7"},"east":{"uv":[14.18182,4.36364,14.72727,4.54545],"texture":"#7"},"south":{"uv":[14.18182,5.09091,14.72727,5.27273],"texture":"#7"},"west":{"uv":[5.45455,14.18182,6,14.36364],"texture":"#7"},"up":{"uv":[12.54545,10.36364,12,9.81818],"rotation":90,"texture":"#7"},"down":{"uv":[12.54545,10.90909,12,11.45455],"rotation":270,"texture":"#7"}}},{"from":[4.95367,8.43934,9.54633],"to":[6.45367,8.93934,11.04633],"rotation":{"angle":45,"axis":"y","origin":[8,8,8]},"faces":{"north":{"uv":[8.72727,14.18182,9.27273,14.36364],"texture":"#7"},"east":{"uv":[6.54545,14.18182,7.09091,14.36364],"texture":"#7"},"south":{"uv":[14.18182,6.54545,14.72727,6.72727],"texture":"#7"},"west":{"uv":[7.63636,14.18182,8.18182,14.36364],"texture":"#7"},"up":{"uv":[12.54545,12.54545,12,12],"rotation":90,"texture":"#7"},"down":{"uv":[12.90909,0,12.36364,0.54545],"rotation":270,"texture":"#7"}}},{"from":[4.95367,9.43934,9.54633],"to":[6.45367,9.93934,11.04633],"rotation":{"angle":45,"axis":"y","origin":[8,8,8]},"faces":{"north":{"uv":[13.81818,14.18182,14.36364,14.36364],"texture":"#7"},"east":{"uv":[9.81818,14.18182,10.36364,14.36364],"texture":"#7"},"south":{"uv":[14.18182,11.63636,14.72727,11.81818],"texture":"#7"},"west":{"uv":[14.18182,12.36364,14.72727,12.54545],"texture":"#7"},"up":{"uv":[12.90909,1.63636,12.36364,1.09091],"rotation":90,"texture":"#7"},"down":{"uv":[12.90909,4.36364,12.36364,4.90909],"rotation":270,"texture":"#7"}}},{"from":[3.20367,-1.81066,10.29133],"to":[8.20367,4.18934,10.30133],"light_emission":15,"rotation":{"angle":45,"axis":"y","origin":[8,8,8]},"faces":{"north":{"uv":[0,0,10,12],"texture":"#3"},"south":{"uv":[10,0,0,12],"texture":"#3"}}},{"from":[5.69867,-1.81066,7.79633],"to":[5.70867,4.18934,12.79633],"light_emission":15,"rotation":{"angle":45,"axis":"y","origin":[8,8,8]},"faces":{"east":{"uv":[0,0,10,12],"texture":"#3"},"west":{"uv":[10,0,0,12],"texture":"#3"}}},{"from":[5.75,11.43934,4.7475],"to":[10.25,16.43934,4.7575],"light_emission":15,"rotation":{"angle":0,"axis":"y","origin":[8,8,8]},"faces":{"north":{"uv":[2.66667,0,8.66667,6.66667],"texture":"#4"},"south":{"uv":[8.66667,0,2.66667,6.66667],"texture":"#4"}}},{"from":[4.6766,11.43934,5.85612],"to":[4.6866,16.43934,7.85612],"light_emission":15,"rotation":{"angle":-22.5,"axis":"y","origin":[8,8,8]},"faces":{"east":{"uv":[0,0,2.66667,6.66667],"texture":"#4"},"west":{"uv":[2.66667,0,0,6.66667],"texture":"#4"}}},{"from":[11.3134,11.43934,5.85612],"to":[11.3234,16.43934,7.85612],"light_emission":15,"rotation":{"angle":22.5,"axis":"y","origin":[8,8,8]},"faces":{"east":{"uv":[0,0,2.66667,6.66667],"texture":"#4"},"west":{"uv":[2.66667,0,0,6.66667],"texture":"#4"}}},{"from":[14.80937,13.44113,6.9925],"to":[16.80937,15.44113,7.0025],"rotation":{"angle":22.5,"axis":"z","origin":[8,8,8]},"faces":{"north":{"uv":[11.27273,1.09091,12,1.81818],"texture":"#7"},"south":{"uv":[12,1.09091,11.27273,1.81818],"texture":"#7"}}},{"from":[13.5,12.68934,6.9925],"to":[15,14.18934,7.0025],"rotation":{"angle":0,"axis":"y","origin":[8,8,8]},"faces":{"north":{"uv":[10.90909,12.36364,11.45455,12.90909],"texture":"#7"},"south":{"uv":[11.45455,12.36364,10.90909,12.90909],"texture":"#7"}}},{"from":[9.15165,9.15165,10.4975],"to":[10.65165,10.65165,11.9975],"rotation":{"angle":45,"axis":"z","origin":[8,8,8]},"faces":{"north":{"uv":[12.72727,7.63636,13.27273,8.18182],"texture":"#7"},"east":{"uv":[12.72727,2.18182,13.27273,2.72727],"texture":"#7"},"south":{"uv":[12.72727,3.27273,13.27273,3.81818],"texture":"#7"},"west":{"uv":[4.72727,12.72727,5.27273,13.27273],"texture":"#7"},"up":{"uv":[13.27273,9.27273,12.72727,8.72727],"rotation":90,"texture":"#7"},"down":{"uv":[13.63636,5.45455,13.09091,6],"rotation":270,"texture":"#7"}}},{"from":[9.40165,9.40165,6.9975],"to":[10.40165,10.40165,10.4975],"rotation":{"angle":45,"axis":"z","origin":[8,8,8]},"faces":{"north":{"uv":[13.81818,8.72727,14.18182,9.09091],"texture":"#7"},"east":{"uv":[3.27273,6.54545,4.54545,6.90909],"texture":"#7"},"south":{"uv":[13.81818,8,14.18182,8.36364],"texture":"#7"},"west":{"uv":[5.81818,11.27273,7.09091,11.63636],"texture":"#7"},"up":{"uv":[12.54545,7.27273,11.27273,6.90909],"rotation":90,"texture":"#7"},"down":{"uv":[8.90909,11.27273,7.63636,11.63636],"rotation":270,"texture":"#7"}}},{"from":[9,-5.31066,6.9975],"to":[12.5,15.18934,6.9975],"rotation":{"angle":0,"axis":"y","origin":[8,8,8]},"faces":{"north":{"uv":[0,0,1.27273,7.45455],"texture":"#7"},"south":{"uv":[1.27273,0,0,7.45455],"texture":"#7"}}},{"from":[11.77382,-5.31066,5.35174],"to":[14.27382,15.18934,5.35174],"rotation":{"angle":-22.5,"axis":"y","origin":[8,8,8]},"faces":{"north":{"uv":[1.81818,6.54545,2.72727,14],"texture":"#7"},"south":{"uv":[2.72727,6.54545,1.81818,14],"texture":"#7"}}},{"from":[1.72618,-5.31066,5.35174],"to":[4.22618,15.18934,5.35174],"rotation":{"angle":22.5,"axis":"y","origin":[8,8,8]},"faces":{"north":{"uv":[2.72727,6.54545,1.81818,14],"texture":"#7"},"south":{"uv":[1.81818,6.54545,2.72727,14],"texture":"#7"}}},{"from":[3.5,-5.31066,6.9975],"to":[7,15.18934,6.9975],"rotation":{"angle":0,"axis":"y","origin":[8,8,8]},"faces":{"north":{"uv":[1.27273,0,0,7.45455],"texture":"#7"},"south":{"uv":[0,0,1.27273,7.45455],"texture":"#7"}}},{"from":[7.43387,9.93934,6.01613],"to":[9.98387,11.93934,8.56613],"rotation":{"angle":45,"axis":"y","origin":[8,8,8]},"faces":{"north":{"uv":[9.81818,8.36364,10.72727,9.09091],"texture":"#7"},"east":{"uv":[9.81818,3.63636,10.72727,4.36364],"texture":"#7"},"south":{"uv":[9.81818,4.72727,10.72727,5.45455],"texture":"#7"},"west":{"uv":[9.81818,7.27273,10.72727,8],"texture":"#7"},"up":{"uv":[10.72727,3.09091,9.81818,2.18182],"rotation":90,"texture":"#7"}}},{"from":[3.29113,10.68934,7.28612],"to":[11.29113,18.68934,7.29612],"rotation":{"angle":-45,"axis":"y","origin":[8,8,8]},"faces":{"north":{"uv":[1.81818,3.27273,4.72727,6.18182],"texture":"#7"},"south":{"uv":[4.72727,3.27273,1.81818,6.18182],"texture":"#7"}}},{"from":[4.70887,10.68934,7.28612],"to":[12.70887,18.68934,7.29612],"rotation":{"angle":45,"axis":"y","origin":[8,8,8]},"faces":{"north":{"uv":[1.81818,0,4.72727,2.90909],"texture":"#7"},"south":{"uv":[4.72727,0,1.81818,2.90909],"texture":"#7"}}},{"from":[12.61396,10.03553,6.2475],"to":[15.11396,11.53553,7.7475],"rotation":{"angle":45,"axis":"z","origin":[8,8,8]},"faces":{"north":{"uv":[11.27273,3.27273,12.18182,3.81818],"texture":"#7"},"east":{"uv":[5.81818,13.09091,6.36364,13.63636],"texture":"#7"},"south":{"uv":[11.27273,2.18182,12.18182,2.72727],"texture":"#7"},"up":{"uv":[11.81818,5.27273,11.27273,4.36364],"rotation":90,"texture":"#7"},"down":{"uv":[5.27273,11.27273,4.72727,12.18182],"rotation":270,"texture":"#7"}}},{"from":[0.88604,10.03553,6.2475],"to":[3.38604,11.53553,7.7475],"rotation":{"angle":-45,"axis":"z","origin":[8,8,8]},"faces":{"north":{"uv":[12.18182,3.27273,11.27273,3.81818],"texture":"#7"},"south":{"uv":[12.18182,2.18182,11.27273,2.72727],"texture":"#7"},"west":{"uv":[6.36364,13.09091,5.81818,13.63636],"texture":"#7"},"up":{"uv":[11.81818,4.36364,11.27273,5.27273],"rotation":90,"texture":"#7"},"down":{"uv":[5.27273,12.18182,4.72727,11.27273],"rotation":270,"texture":"#7"}}},{"from":[0.76503,12.82691,6.4975],"to":[2.76503,13.82691,7.4975],"rotation":{"angle":-22.5,"axis":"z","origin":[8,8,8]},"faces":{"north":{"uv":[12.72727,13.09091,12,13.45455],"texture":"#7"},"south":{"uv":[13.81818,6.54545,13.09091,6.90909],"texture":"#7"},"west":{"uv":[14.18182,3.63636,13.81818,4],"texture":"#7"},"up":{"uv":[7.27273,10.18182,6.90909,10.90909],"rotation":90,"texture":"#7"},"down":{"uv":[10.54545,13.81818,10.18182,13.09091],"rotation":270,"texture":"#7"}}},{"from":[-0.80937,13.44113,6.9925],"to":[1.19063,15.44113,7.0025],"rotation":{"angle":-22.5,"axis":"z","origin":[8,8,8]},"faces":{"north":{"uv":[12,1.09091,11.27273,1.81818],"texture":"#7"},"south":{"uv":[11.27273,1.09091,12,1.81818],"texture":"#7"}}},{"from":[0.76503,11.32691,6.4975],"to":[1.76503,12.82691,7.4975],"rotation":{"angle":-22.5,"axis":"z","origin":[8,8,8]},"faces":{"north":{"uv":[11.27273,13.45455,10.90909,14],"texture":"#7"},"east":{"uv":[13.81818,4.36364,13.45455,4.90909],"texture":"#7"},"south":{"uv":[13.81818,1.09091,13.45455,1.63636],"texture":"#7"},"west":{"uv":[1.09091,13.45455,0.72727,14],"texture":"#7"},"down":{"uv":[5.09091,14.18182,4.72727,13.81818],"rotation":270,"texture":"#7"}}},{"from":[-0.98497,12.32691,6.6225],"to":[-0.23497,13.32691,7.3725],"rotation":{"angle":-22.5,"axis":"z","origin":[8,8,8]},"faces":{"north":{"uv":[14.45455,1.45455,14.18182,1.81818],"texture":"#7"},"east":{"uv":[14.45455,0.72727,14.18182,1.09091],"texture":"#7"},"south":{"uv":[14.45455,0,14.18182,0.36364],"texture":"#7"},"west":{"uv":[14.09091,13.45455,13.81818,13.81818],"texture":"#7"},"up":{"uv":[5,14.54545,4.72727,14.81818],"rotation":90,"texture":"#7"}}},{"from":[-0.23497,12.82691,6.6225],"to":[0.26503,13.32691,7.3725],"rotation":{"angle":-22.5,"axis":"z","origin":[8,8,8]},"faces":{"north":{"uv":[14.72727,13.09091,14.54545,13.27273],"texture":"#7"},"east":{"uv":[14.81818,8.72727,14.54545,8.90909],"texture":"#7"},"south":{"uv":[12.54545,14.54545,12.36364,14.72727],"texture":"#7"},"up":{"uv":[11.18182,14.54545,10.90909,14.72727],"rotation":90,"texture":"#7"},"down":{"uv":[11.90909,14.72727,11.63636,14.54545],"rotation":270,"texture":"#7"}}},{"from":[-0.98497,11.32691,6.4975],"to":[0.76503,12.32691,7.4975],"rotation":{"angle":-22.5,"axis":"z","origin":[8,8,8]},"faces":{"north":{"uv":[13.72727,12.72727,13.09091,13.09091],"texture":"#7"},"south":{"uv":[13.72727,12,13.09091,12.36364],"texture":"#7"},"west":{"uv":[14.18182,7.27273,13.81818,7.63636],"texture":"#7"},"up":{"uv":[0.36364,13.45455,0,14.09091],"rotation":90,"texture":"#7"},"down":{"uv":[13.81818,0.63636,13.45455,0],"rotation":270,"texture":"#7"}}},{"from":[1,12.68934,6.9925],"to":[2.5,14.18934,7.0025],"rotation":{"angle":0,"axis":"y","origin":[8,8,8]},"faces":{"north":{"uv":[11.45455,12.36364,10.90909,12.90909],"texture":"#7"},"south":{"uv":[10.90909,12.36364,11.45455,12.90909],"texture":"#7"}}},{"name":"cube inverted","from":[9.95887,11.93934,8.54113],"to":[7.45887,9.93934,6.04113],"rotation":{"angle":45,"axis":"y","origin":[8,8,8]},"faces":{"north":{"uv":[9.81818,5.45455,10.72727,4.72727],"texture":"#7"},"east":{"uv":[9.81818,8,10.72727,7.27273],"texture":"#7"},"south":{"uv":[9.81818,9.09091,10.72727,8.36364],"texture":"#7"},"west":{"uv":[9.81818,4.36364,10.72727,3.63636],"texture":"#7"},"down":{"uv":[9.81818,3.09091,10.72727,2.18182],"rotation":270,"texture":"#7"}}},{"from":[0,12.25,6.9985],"to":[5,19.25,7.0015],"rotation":{"angle":0,"axis":"y","origin":[2.5,15.75,7]},"faces":{"north":{"uv":[10,0,0,14],"texture":"#5"},"south":{"uv":[0,0,10,14],"texture":"#5"}}},{"from":[11,12.25,6.9985],"to":[16,19.25,7.0015],"rotation":{"angle":0,"axis":"y","origin":[13.5,15.75,7]},"faces":{"north":{"uv":[0,0,10,14],"texture":"#5"},"south":{"uv":[10,0,0,14],"texture":"#5"}}}],"gui_light":"front","display":{"thirdperson_righthand":{"rotation":[0,-80,0],"translation":[3.25,-0.75,0.5]},"thirdperson_lefthand":{"rotation":[0,-80,0],"translation":[3.25,-0.75,0.5]},"firstperson_righthand":{"rotation":[0,0,7],"translation":[1,2.5,1.25],"scale":[0.7,0.7,0.7]},"firstperson_lefthand":{"rotation":[0,0,7],"translation":[1,2.5,1.25],"scale":[0.7,0.7,0.7]},"ground":{"rotation":[45,0,0],"translation":[0,5,0],"scale":[0.7,0.7,0.7]},"gui":{"rotation":[0,-180,45],"scale":[0.82,0.82,0.82]},"fixed":{"translation":[0,2.5,-5.75],"scale":[2,2,2]}},"groups":[{"name":"shield","origin":[5.9975,-4.31066,7],"color":0,"children":[0,1,2,3,4,5,6,7,8,9,10,11,12,13,14,15,16,17,{"name":"animated_2","origin":[6.9975,-4.81066,8],"color":0,"children":[18,19]},{"name":"animated_3","origin":[4.7475,4.18934,6.5],"color":0,"children":[20,21,22]},23,24,25,26,27,28,29,30,31,32,33,34,35,36,37,38,39,40,41,42,43,44,45]}],"mcmodels":"d22989953ed810bd703d465c5ee35e3d"}