{"format_version":"1.9.0","credit":"Pologony Creation Co.,Ltd.","texture_size":[36,36],"textures":{"3":"minewave:item/halloween_pumpkin/animated/animated_3","4":"minewave:item/halloween_pumpkin/animated/animated_2","5":"minewave:item/halloween_pumpkin/animated/animated_7","7":"minewave:item/halloween_pumpkin/staff","8":"minewave:item/halloween_pumpkin/animated/staff_outline","particle":"minewave:item/halloween_pumpkin/animated/animated_7"},"elements":[{"from":[7,-5,7],"to":[9,-3,9],"rotation":{"angle":0,"axis":"y","origin":[7,-5,7]},"faces":{"north":{"uv":[2.66667,8,3.55556,8.88889],"texture":"#7"},"east":{"uv":[2.66667,9.33333,3.55556,10.22222],"texture":"#7"},"south":{"uv":[9.77778,10.22222,10.66667,11.11111],"texture":"#7"},"west":{"uv":[2.66667,10.66667,3.55556,11.55556],"texture":"#7"},"up":{"uv":[11.55556,6.22222,10.66667,5.33333],"texture":"#7"},"down":{"uv":[11.55556,6.66667,10.66667,7.55556],"texture":"#7"}}},{"from":[7.25,-3,7.25],"to":[8.75,-2.5,8.75],"rotation":{"angle":45,"axis":"y","origin":[8,-2.75,8]},"faces":{"north":{"uv":[9.77778,13.33333,10.44444,13.55556],"texture":"#7"},"east":{"uv":[11.11111,13.33333,11.77778,13.55556],"texture":"#7"},"south":{"uv":[12.44444,13.33333,13.11111,13.55556],"texture":"#7"},"west":{"uv":[0,13.77778,0.66667,14],"texture":"#7"},"up":{"uv":[12.66667,0.66667,12,0],"texture":"#7"},"down":{"uv":[12.66667,1.33333,12,2],"texture":"#7"}}},{"from":[7.5,-2.5,7.42678],"to":[8.75,-2,8.67678],"rotation":{"angle":45,"axis":"y","origin":[8,-2.25,8.17678]},"faces":{"north":{"uv":[14.22222,1.77778,14.77778,2],"texture":"#7"},"east":{"uv":[14.22222,2.66667,14.77778,2.88889],"texture":"#7"},"south":{"uv":[14.22222,4.88889,14.77778,5.11111],"texture":"#7"},"west":{"uv":[5.77778,14.22222,6.33333,14.44444],"texture":"#7"}}},{"from":[7.5,-1.5,7.5],"to":[8.5,11.5,8.5],"rotation":{"angle":45,"axis":"y","origin":[8,2.75,8]},"faces":{"north":{"uv":[4,6.66667,4.44444,12.44444],"texture":"#7"},"east":{"uv":[4.88889,6.66667,5.33333,12.44444],"texture":"#7"},"south":{"uv":[5.77778,6.66667,6.22222,12.44444],"texture":"#7"},"west":{"uv":[6.66667,6.66667,7.11111,12.44444],"texture":"#7"}}},{"from":[7.5,11.75,7.42678],"to":[8.75,12.25,8.67678],"rotation":{"angle":45,"axis":"y","origin":[8,12,8.17678]},"faces":{"north":{"uv":[14.22222,5.77778,14.77778,6],"texture":"#7"},"east":{"uv":[14.22222,6.66667,14.77778,6.88889],"texture":"#7"},"south":{"uv":[14.22222,7.55556,14.77778,7.77778],"texture":"#7"},"west":{"uv":[14.22222,8.44444,14.77778,8.66667],"texture":"#7"}}},{"from":[6,12.75,6],"to":[10,16.75,10],"rotation":{"angle":0,"axis":"y","origin":[6,12.75,6]},"faces":{"north":{"uv":[4,0,5.77778,1.77778],"texture":"#7"},"east":{"uv":[4,2.22222,5.77778,4],"texture":"#7"},"south":{"uv":[4,4.44444,5.77778,6.22222],"texture":"#7"},"west":{"uv":[6.22222,0,8,1.77778],"texture":"#7"},"up":{"uv":[8,4,6.22222,2.22222],"texture":"#7"},"down":{"uv":[8,4.44444,6.22222,6.22222],"texture":"#7"}}},{"from":[7.25,-2,7.25],"to":[8.75,-1.5,8.75],"rotation":{"angle":45,"axis":"y","origin":[8,-1.75,8]},"faces":{"north":{"uv":[1.33333,13.77778,2,14],"texture":"#7"},"east":{"uv":[13.77778,4,14.44444,4.22222],"texture":"#7"},"south":{"uv":[7.11111,13.77778,7.77778,14],"texture":"#7"},"west":{"uv":[8.44444,13.77778,9.11111,14],"texture":"#7"},"up":{"uv":[3.33333,12.66667,2.66667,12],"texture":"#7"},"down":{"uv":[12.66667,2.66667,12,3.33333],"texture":"#7"}}},{"from":[7.25,11.25,7.25],"to":[8.75,11.75,8.75],"rotation":{"angle":45,"axis":"y","origin":[8,11.5,8]},"faces":{"north":{"uv":[13.77778,9.33333,14.44444,9.55556],"texture":"#7"},"east":{"uv":[13.77778,10.22222,14.44444,10.44444],"texture":"#7"},"south":{"uv":[13.77778,11.11111,14.44444,11.33333],"texture":"#7"},"west":{"uv":[13.77778,12,14.44444,12.22222],"texture":"#7"},"up":{"uv":[12.66667,6,12,5.33333],"texture":"#7"},"down":{"uv":[12.66667,6.66667,12,7.33333],"texture":"#7"}}},{"from":[7.25,12.25,7.25],"to":[8.75,12.75,8.75],"rotation":{"angle":45,"axis":"y","origin":[8,12.5,8]},"faces":{"north":{"uv":[13.77778,12.88889,14.44444,13.11111],"texture":"#7"},"east":{"uv":[13.77778,13.77778,14.44444,14],"texture":"#7"},"south":{"uv":[14.22222,0,14.88889,0.22222],"texture":"#7"},"west":{"uv":[14.22222,0.88889,14.88889,1.11111],"texture":"#7"},"up":{"uv":[12.66667,8.66667,12,8],"texture":"#7"},"down":{"uv":[10.88889,12,10.22222,12.66667],"texture":"#7"}}},{"from":[7.99646,11.5,4.00354],"to":[8.00646,19.5,12.00354],"rotation":{"angle":45,"axis":"y","origin":[7.99646,15.5,8.00354]},"faces":{"east":{"uv":[3.55556,0,0,3.55556],"texture":"#7"},"west":{"uv":[0,0,3.55556,3.55556],"texture":"#7"}}},{"from":[7.99646,11.5,3.99646],"to":[8.00646,19.5,11.99646],"rotation":{"angle":-45,"axis":"y","origin":[7.99646,15.5,7.99646]},"faces":{"east":{"uv":[3.55556,4,0,7.55556],"texture":"#7"},"west":{"uv":[0,4,3.55556,7.55556],"texture":"#7"}}},{"from":[7.995,-8.5,5.5],"to":[8.005,-2.5,10.5],"light_emission":15,"rotation":{"angle":45,"axis":"y","origin":[8,-5.5,8]},"faces":{"east":{"uv":[10,0,0,12],"texture":"#3"},"west":{"uv":[0,0,10,12],"texture":"#3"}}},{"from":[5.5,-8.5,7.995],"to":[10.5,-2.5,8.005],"light_emission":15,"rotation":{"angle":45,"axis":"y","origin":[8,-5.5,8]},"faces":{"north":{"uv":[0,0,10,12],"texture":"#3"},"south":{"uv":[10,0,0,12],"texture":"#3"}}},{"from":[5.75,12.25,5.75],"to":[5.76,17.25,10.25],"light_emission":15,"rotation":{"angle":0,"axis":"y","origin":[5.75,13,6.5]},"faces":{"east":{"uv":[8.66667,0,2.66667,6.66667],"texture":"#4"},"west":{"uv":[2.66667,0,8.66667,6.66667],"texture":"#4"}}},{"from":[5.67579,12.25,10.62306],"to":[7.67579,17.25,10.63306],"light_emission":15,"rotation":{"angle":-22.5,"axis":"y","origin":[6.67579,14.75,10.62806]},"faces":{"north":{"uv":[0,0,2.66667,6.66667],"texture":"#4"},"south":{"uv":[2.66667,0,0,6.66667],"texture":"#4"}}},{"from":[5.67388,12.25,5.36732],"to":[7.67388,17.25,5.37732],"light_emission":15,"rotation":{"angle":22.5,"axis":"y","origin":[6.67388,14.75,5.36732]},"faces":{"north":{"uv":[0,0,2.66667,6.66667],"texture":"#4"},"south":{"uv":[2.66667,0,0,6.66667],"texture":"#4"}}},{"from":[7.99,13.1,3.25],"to":[8.01,15.1,5.25],"rotation":{"angle":-22.5,"axis":"x","origin":[8,14,5]},"faces":{"east":{"uv":[11.55556,8,10.66667,8.88889],"texture":"#7"},"west":{"uv":[10.66667,8,11.55556,8.88889],"texture":"#7"}}},{"from":[7.99,19.5,4.1],"to":[8.01,21,5.6],"rotation":{"angle":22.5,"axis":"x","origin":[8,19.75,4.5]},"faces":{"east":{"uv":[12.22222,12,11.55556,12.66667],"texture":"#7"},"west":{"uv":[11.55556,12,12.22222,12.66667],"texture":"#7"}}},{"from":[6.725,10.75,6.725],"to":[9.275,12.75,9.275],"rotation":{"angle":45,"axis":"y","origin":[8,11.75,8]},"faces":{"north":{"uv":[8.44444,3.55556,9.55556,4.44444],"texture":"#7"},"east":{"uv":[8.44444,4.88889,9.55556,5.77778],"texture":"#7"},"south":{"uv":[8.88889,6.22222,10,7.11111],"texture":"#7"},"west":{"uv":[8.88889,7.55556,10,8.44444],"texture":"#7"},"up":{"uv":[9.55556,1.11111,8.44444,0],"texture":"#7"}}},{"name":"cube inverted","from":[9.25,12.75,9.25],"to":[6.75,10.75,6.75],"rotation":{"angle":45,"axis":"y","origin":[8,11.75,8]},"faces":{"north":{"uv":[8.88889,8.88889,10,9.77778],"texture":"#7"},"east":{"uv":[10.22222,0,11.33333,0.88889],"texture":"#7"},"south":{"uv":[10.22222,1.33333,11.33333,2.22222],"texture":"#7"},"west":{"uv":[10.22222,2.66667,11.33333,3.55556],"texture":"#7"},"down":{"uv":[9.55556,1.77778,8.44444,2.88889],"texture":"#7"}}},{"from":[7.625,14.81153,3.56256],"to":[8.375,15.56153,5.31256],"rotation":{"angle":22.5,"axis":"x","origin":[8,16.31153,4.81256]},"faces":{"north":{"uv":[0,14.66667,0.33333,15],"texture":"#7"},"east":{"uv":[7.11111,12.88889,7.88889,13.22222],"texture":"#7"},"south":{"uv":[0.88889,14.66667,1.22222,15],"texture":"#7"},"west":{"uv":[8.44444,12.88889,9.22222,13.22222],"texture":"#7"},"up":{"uv":[13.22222,12.77778,12.88889,12],"texture":"#7"},"down":{"uv":[13.66667,0,13.33333,0.77778],"texture":"#7"}}},{"from":[7.375,14.56153,5.31256],"to":[8.625,15.81153,7.06256],"rotation":{"angle":22.5,"axis":"x","origin":[8,16.31153,4.81256]},"faces":{"north":{"uv":[12.44444,10.66667,13,11.22222],"texture":"#7"},"east":{"uv":[0,12.44444,0.77778,13],"texture":"#7"},"south":{"uv":[5.77778,12.88889,6.33333,13.44444],"texture":"#7"},"west":{"uv":[1.33333,12.44444,2.11111,13],"texture":"#7"},"up":{"uv":[13,4.77778,12.44444,4],"texture":"#7"},"down":{"uv":[13,9.33333,12.44444,10.11111],"texture":"#7"}}},{"from":[7.625,15.56153,3.56256],"to":[8.375,17.31153,4.31256],"rotation":{"angle":22.5,"axis":"x","origin":[8,16.31153,4.81256]},"faces":{"north":{"uv":[13.33333,1.33333,13.66667,2.11111],"texture":"#7"},"east":{"uv":[2.66667,13.33333,3,14.11111],"texture":"#7"},"south":{"uv":[13.33333,2.66667,13.66667,3.44444],"texture":"#7"},"west":{"uv":[13.33333,5.33333,13.66667,6.11111],"texture":"#7"},"up":{"uv":[2.11111,15,1.77778,14.66667],"texture":"#7"}}},{"from":[7.625,16.81153,4.31256],"to":[8.375,17.31153,4.81256],"rotation":{"angle":22.5,"axis":"x","origin":[8,16.31153,4.81256]},"faces":{"east":{"uv":[15.11111,9.33333,15.33333,9.55556],"texture":"#7"},"south":{"uv":[13.33333,14.66667,13.66667,14.88889],"texture":"#7"},"west":{"uv":[15.11111,10.22222,15.33333,10.44444],"texture":"#7"},"up":{"uv":[14.55556,14.88889,14.22222,14.66667],"texture":"#7"},"down":{"uv":[3.88889,15.11111,3.55556,15.33333],"texture":"#7"}}},{"from":[7.75,15.75,4.25],"to":[8.25,17,8],"rotation":{"angle":-45,"axis":"x","origin":[7.5,15.75,5]},"faces":{"north":{"uv":[9.77778,14.22222,10,14.77778],"texture":"#7"},"east":{"uv":[10.22222,4,11.88889,4.55556],"texture":"#7"},"south":{"uv":[10.66667,14.22222,10.88889,14.77778],"texture":"#7"},"west":{"uv":[7.55556,10.22222,9.22222,10.77778],"texture":"#7"},"up":{"uv":[4.22222,14.55556,4,12.88889],"texture":"#7"},"down":{"uv":[5.11111,12.88889,4.88889,14.55556],"texture":"#7"}}},{"from":[7.75,17,7],"to":[8.25,18.25,8],"rotation":{"angle":-45,"axis":"x","origin":[7.5,15.75,5]},"faces":{"north":{"uv":[11.55556,14.22222,11.77778,14.77778],"texture":"#7"},"east":{"uv":[13.33333,6.66667,13.77778,7.22222],"texture":"#7"},"south":{"uv":[12.44444,14.22222,12.66667,14.77778],"texture":"#7"},"west":{"uv":[13.33333,8,13.77778,8.55556],"texture":"#7"},"up":{"uv":[8.22222,15.11111,8,14.66667],"texture":"#7"},"down":{"uv":[9.11111,14.66667,8.88889,15.11111],"texture":"#7"}}},{"from":[7.75,17.5,6.25],"to":[8.25,18.25,7],"rotation":{"angle":-45,"axis":"x","origin":[7.5,15.75,5]},"faces":{"north":{"uv":[15.11111,3.55556,15.33333,3.88889],"texture":"#7"},"east":{"uv":[2.66667,14.66667,3,15],"texture":"#7"},"south":{"uv":[4.44444,15.11111,4.66667,15.44444],"texture":"#7"},"west":{"uv":[7.11111,14.66667,7.44444,15],"texture":"#7"},"up":{"uv":[5.55556,15.44444,5.33333,15.11111],"texture":"#7"},"down":{"uv":[6.44444,15.11111,6.22222,15.44444],"texture":"#7"}}},{"from":[7.75,18.25,6.25],"to":[8.25,18.75,6.75],"rotation":{"angle":-45,"axis":"x","origin":[7.5,15.75,5]},"faces":{"north":{"uv":[15.11111,11.11111,15.33333,11.33333],"texture":"#7"},"east":{"uv":[15.11111,12,15.33333,12.22222],"texture":"#7"},"south":{"uv":[15.11111,12.88889,15.33333,13.11111],"texture":"#7"},"west":{"uv":[15.11111,13.77778,15.33333,14],"texture":"#7"},"up":{"uv":[15.33333,14.88889,15.11111,14.66667],"texture":"#7"},"down":{"uv":[0.22222,15.55556,0,15.77778],"texture":"#7"}}},{"from":[7.99,13.1,10.75],"to":[8.01,15.1,12.75],"rotation":{"angle":22.5,"axis":"x","origin":[8,14,11]},"faces":{"east":{"uv":[10.66667,8,11.55556,8.88889],"texture":"#7"},"west":{"uv":[11.55556,8,10.66667,8.88889],"texture":"#7"}}},{"from":[7.375,14.56153,8.93744],"to":[8.625,15.81153,10.68744],"rotation":{"angle":-22.5,"axis":"x","origin":[8,16.31153,11.18744]},"faces":{"north":{"uv":[6.33333,12.88889,5.77778,13.44444],"texture":"#7"},"east":{"uv":[0.77778,12.44444,0,13],"texture":"#7"},"south":{"uv":[13,10.66667,12.44444,11.22222],"texture":"#7"},"west":{"uv":[2.11111,12.44444,1.33333,13],"texture":"#7"},"up":{"uv":[13,4,12.44444,4.77778],"texture":"#7"},"down":{"uv":[13,10.11111,12.44444,9.33333],"texture":"#7"}}},{"from":[7.625,14.81153,10.68744],"to":[8.375,15.56153,12.43744],"rotation":{"angle":-22.5,"axis":"x","origin":[8,16.31153,11.18744]},"faces":{"north":{"uv":[1.22222,14.66667,0.88889,15],"texture":"#7"},"east":{"uv":[7.88889,12.88889,7.11111,13.22222],"texture":"#7"},"south":{"uv":[0.33333,14.66667,0,15],"texture":"#7"},"west":{"uv":[9.22222,12.88889,8.44444,13.22222],"texture":"#7"},"up":{"uv":[13.22222,12,12.88889,12.77778],"texture":"#7"},"down":{"uv":[13.66667,0.77778,13.33333,0],"texture":"#7"}}},{"from":[7.625,15.56153,11.68744],"to":[8.375,17.31153,12.43744],"rotation":{"angle":-22.5,"axis":"x","origin":[8,16.31153,11.18744]},"faces":{"north":{"uv":[13.66667,2.66667,13.33333,3.44444],"texture":"#7"},"east":{"uv":[3,13.33333,2.66667,14.11111],"texture":"#7"},"south":{"uv":[13.66667,1.33333,13.33333,2.11111],"texture":"#7"},"west":{"uv":[13.66667,5.33333,13.33333,6.11111],"texture":"#7"},"up":{"uv":[2.11111,14.66667,1.77778,15],"texture":"#7"}}},{"from":[7.625,16.81153,11.18744],"to":[8.375,17.31153,11.68744],"rotation":{"angle":-22.5,"axis":"x","origin":[8,16.31153,11.18744]},"faces":{"north":{"uv":[13.66667,14.66667,13.33333,14.88889],"texture":"#7"},"east":{"uv":[15.33333,9.33333,15.11111,9.55556],"texture":"#7"},"west":{"uv":[15.33333,10.22222,15.11111,10.44444],"texture":"#7"},"up":{"uv":[14.55556,14.66667,14.22222,14.88889],"texture":"#7"},"down":{"uv":[3.88889,15.33333,3.55556,15.11111],"texture":"#7"}}},{"from":[7.75,15.75,8],"to":[8.25,17,11.75],"rotation":{"angle":45,"axis":"x","origin":[7.5,15.75,11]},"faces":{"north":{"uv":[10.88889,14.22222,10.66667,14.77778],"texture":"#7"},"east":{"uv":[11.88889,4,10.22222,4.55556],"texture":"#7"},"south":{"uv":[10,14.22222,9.77778,14.77778],"texture":"#7"},"west":{"uv":[9.22222,10.22222,7.55556,10.77778],"texture":"#7"},"up":{"uv":[4.22222,12.88889,4,14.55556],"texture":"#7"},"down":{"uv":[5.11111,14.55556,4.88889,12.88889],"texture":"#7"}}},{"from":[7.75,17,8],"to":[8.25,18.25,9],"rotation":{"angle":45,"axis":"x","origin":[7.5,15.75,11]},"faces":{"north":{"uv":[12.66667,14.22222,12.44444,14.77778],"texture":"#7"},"east":{"uv":[13.77778,6.66667,13.33333,7.22222],"texture":"#7"},"south":{"uv":[11.77778,14.22222,11.55556,14.77778],"texture":"#7"},"west":{"uv":[13.77778,8,13.33333,8.55556],"texture":"#7"},"up":{"uv":[8.22222,14.66667,8,15.11111],"texture":"#7"},"down":{"uv":[9.11111,15.11111,8.88889,14.66667],"texture":"#7"}}},{"from":[7.75,17.5,9],"to":[8.25,18.25,9.75],"rotation":{"angle":45,"axis":"x","origin":[7.5,15.75,11]},"faces":{"north":{"uv":[4.66667,15.11111,4.44444,15.44444],"texture":"#7"},"east":{"uv":[3,14.66667,2.66667,15],"texture":"#7"},"south":{"uv":[15.33333,3.55556,15.11111,3.88889],"texture":"#7"},"west":{"uv":[7.44444,14.66667,7.11111,15],"texture":"#7"},"up":{"uv":[5.55556,15.11111,5.33333,15.44444],"texture":"#7"},"down":{"uv":[6.44444,15.44444,6.22222,15.11111],"texture":"#7"}}},{"from":[7.75,18.25,9.25],"to":[8.25,18.75,9.75],"rotation":{"angle":45,"axis":"x","origin":[7.5,15.75,11]},"faces":{"north":{"uv":[15.33333,12.88889,15.11111,13.11111],"texture":"#7"},"east":{"uv":[15.33333,12,15.11111,12.22222],"texture":"#7"},"south":{"uv":[15.33333,11.11111,15.11111,11.33333],"texture":"#7"},"west":{"uv":[15.33333,13.77778,15.11111,14],"texture":"#7"},"up":{"uv":[15.33333,14.66667,15.11111,14.88889],"texture":"#7"},"down":{"uv":[0.22222,15.77778,0,15.55556],"texture":"#7"}}},{"from":[7.99,19.5,10.4],"to":[8.01,21,11.9],"rotation":{"angle":-22.5,"axis":"x","origin":[8,19.75,11.5]},"faces":{"east":{"uv":[11.55556,12,12.22222,12.66667],"texture":"#7"},"west":{"uv":[12.22222,12,11.55556,12.66667],"texture":"#7"}}},{"from":[7,18.75,8],"to":[9,20.75,10],"rotation":{"angle":-45,"axis":"x","origin":[7,18.75,8]},"faces":{"north":{"uv":[0,11.11111,0.88889,12],"texture":"#7"},"east":{"uv":[1.33333,11.11111,2.22222,12],"texture":"#7"},"south":{"uv":[11.11111,9.33333,12,10.22222],"texture":"#7"},"west":{"uv":[11.11111,10.66667,12,11.55556],"texture":"#7"},"up":{"uv":[8.44444,12.44444,7.55556,11.55556],"texture":"#7"},"down":{"uv":[9.77778,11.55556,8.88889,12.44444],"texture":"#7"}}},{"name":"cube_outline","from":[9.1,20.85,10.1],"to":[6.9,18.65,7.9],"light_emission":15,"rotation":{"angle":-45,"axis":"x","origin":[7,18.75,8]},"faces":{"north":{"uv":[0,0,3,3],"texture":"#8"},"east":{"uv":[0,4,3,7],"texture":"#8"},"south":{"uv":[4,0,7,3],"texture":"#8"},"west":{"uv":[4,4,7,7],"texture":"#8"},"up":{"uv":[3,11,0,8],"texture":"#8"},"down":{"uv":[11,0,8,3],"texture":"#8"}}},{"from":[7,13.5,10.40421],"to":[9,23.5,10.41421],"light_emission":15,"rotation":{"angle":22.5,"axis":"y","origin":[8,23,8]},"faces":{"north":{"uv":[4.8,5.2,3.2,15.2],"texture":"#5"},"south":{"uv":[3.2,5.2,4.8,15.2],"texture":"#5"}}},{"from":[10.40421,13.5,7],"to":[10.41421,23.5,9],"light_emission":15,"rotation":{"angle":-22.5,"axis":"y","origin":[8,23,8]},"faces":{"east":{"uv":[4.8,5.2,6.4,15.2],"texture":"#5"},"west":{"uv":[6.4,5.2,4.8,15.2],"texture":"#5"}}},{"from":[10.40421,13.5,7],"to":[10.41421,23.5,9],"light_emission":15,"rotation":{"angle":22.5,"axis":"y","origin":[8,23,8]},"faces":{"east":{"uv":[6.4,5.2,8,15.2],"texture":"#5"},"west":{"uv":[8,5.2,6.4,15.2],"texture":"#5"}}},{"from":[5.58579,13.5,7],"to":[5.59579,23.5,9],"light_emission":15,"rotation":{"angle":22.5,"axis":"y","origin":[8,23,8]},"faces":{"east":{"uv":[0,5.2,1.6,15.2],"texture":"#5"},"west":{"uv":[0,5.2,1.6,15.2],"texture":"#5"}}},{"from":[7,13.5,10.40422],"to":[9,23.5,10.41422],"light_emission":15,"rotation":{"angle":-22.5,"axis":"y","origin":[8,23,8]},"faces":{"north":{"uv":[3.2,5.2,1.6,15.2],"texture":"#5"},"south":{"uv":[1.6,5.2,3.2,15.2],"texture":"#5"}}},{"from":[7.00001,13.5,5.58579],"to":[9.00001,23.5,5.59579],"light_emission":15,"rotation":{"angle":-22.5,"axis":"y","origin":[8,23,8]},"faces":{"north":{"uv":[8,5.2,9.6,15.2],"texture":"#5"},"south":{"uv":[9.6,5.2,8,15.2],"texture":"#5"}}},{"from":[7,13.5,5.58579],"to":[9,23.5,5.59579],"light_emission":15,"rotation":{"angle":22.5,"axis":"y","origin":[8,23,8]},"faces":{"north":{"uv":[9.6,5.2,11.2,15.2],"texture":"#5"},"south":{"uv":[11.2,5.2,9.6,15.2],"texture":"#5"}}},{"from":[5.58579,13.5,7],"to":[5.59579,23.5,9],"light_emission":15,"rotation":{"angle":-22.5,"axis":"y","origin":[8,23,8]},"faces":{"east":{"uv":[12.8,5.2,11.2,15.2],"texture":"#5"},"west":{"uv":[11.2,5.2,12.8,15.2],"texture":"#5"}}},{"from":[9.03701,15,2],"to":[9.04701,21,4],"rotation":{"angle":-22.5,"axis":"y","origin":[9.03701,15,1]},"faces":{"east":{"uv":[8.44444,6.66667,7.55556,9.33333],"texture":"#7"},"west":{"uv":[7.55556,6.66667,8.44444,9.33333],"texture":"#7"}}},{"from":[8.65357,15,-0.07229],"to":[8.66357,21,1.92771],"rotation":{"angle":0,"axis":"y","origin":[8.65357,15,-1.07229]},"faces":{"east":{"uv":[0.88889,8,0,10.66667],"texture":"#7"},"west":{"uv":[0,8,0.88889,10.66667],"texture":"#7"}}},{"from":[7.50628,15,-1.84011],"to":[7.51628,21,0.15989],"rotation":{"angle":22.5,"axis":"y","origin":[7.50628,15,-2.84011]},"faces":{"east":{"uv":[2.22222,8,1.33333,10.66667],"texture":"#7"},"west":{"uv":[1.33333,8,2.22222,10.66667],"texture":"#7"}}},{"from":[8.65357,15,14.07229],"to":[8.66357,21,16.07229],"rotation":{"angle":0,"axis":"y","origin":[8.65357,15,17.07229]},"faces":{"east":{"uv":[0,8,0.88889,10.66667],"texture":"#7"},"west":{"uv":[0.88889,8,0,10.66667],"texture":"#7"}}},{"from":[9.03701,15,12],"to":[9.04701,21,14],"rotation":{"angle":22.5,"axis":"y","origin":[9.03701,15,15]},"faces":{"east":{"uv":[7.55556,6.66667,8.44444,9.33333],"texture":"#7"},"west":{"uv":[8.44444,6.66667,7.55556,9.33333],"texture":"#7"}}},{"from":[7.50628,15,15.84011],"to":[7.51628,21,17.84011],"rotation":{"angle":-22.5,"axis":"y","origin":[7.50628,15,18.84011]},"faces":{"east":{"uv":[1.33333,8,2.22222,10.66667],"texture":"#7"},"west":{"uv":[2.22222,8,1.33333,10.66667],"texture":"#7"}}}],"gui_light":"front","display":{"thirdperson_righthand":{"translation":[0,1.25,1]},"thirdperson_lefthand":{"rotation":[0,-180,0],"translation":[0,1.25,1]},"firstperson_righthand":{"rotation":[-10,0,0],"translation":[1.25,2,2],"scale":[0.7,0.7,0.7]},"firstperson_lefthand":{"rotation":[-10,-180,0],"translation":[1.25,2,2],"scale":[0.7,0.7,0.7]},"ground":{"rotation":[45,0,0],"translation":[0,5,0],"scale":[0.7,0.7,0.7]},"gui":{"rotation":[-90,135,90],"translation":[-0.25,-0.25,0],"scale":[0.78,0.78,0.78]},"head":{"rotation":[0,-90,0]},"fixed":{"rotation":[0,-90,0],"translation":[0,0,-2.25],"scale":[2,2,2]}},"groups":[{"name":"staff","origin":[7,-2,7],"color":0,"children":[0,1,2,3,4,5,6,7,8,9,10,{"name":"animated_2","origin":[8,-2.5,8],"color":0,"children":[11,12]},{"name":"animated_3","origin":[5.75,6.5,6.5],"color":0,"children":[13,14,15]},16,17,18,19,20,21,22,23,24,25,26,27,28,29,30,31,32,33,34,35,36,37,38,39,{"name":"animated_1","origin":[7,12.75,10.41421],"color":0,"children":[40,41,42,43,44,45,46,47]},48,49,50,51,52,53]}],"mcmodels":"d22989953ed810bd703d465c5ee35e3d"}