{"format_version":"1.9.0","credit":"Pologony Creation Co.,Ltd.","texture_size":[40,40],"textures":{"3":"minewave:item/halloween_pumpkin/animated/animated_3","4":"minewave:item/halloween_pumpkin/animated/animated_2","6":"minewave:item/halloween_pumpkin/animated/animated_6","7":"minewave:item/halloween_pumpkin/trident"},"elements":[{"from":[7,-5,7],"to":[9,-3,9],"rotation":{"angle":0,"axis":"y","origin":[7,-5,7]},"faces":{"north":{"uv":[4.8,7.2,5.6,8],"texture":"#7"},"east":{"uv":[10.8,8.8,11.6,9.6],"texture":"#7"},"south":{"uv":[9.2,10.8,10,11.6],"texture":"#7"},"west":{"uv":[10.8,10,11.6,10.8],"texture":"#7"},"up":{"uv":[12,0.8,11.2,0],"texture":"#7"},"down":{"uv":[1.6,11.2,0.8,12],"texture":"#7"}}},{"from":[7.25,-3,7.25],"to":[8.75,-2.5,8.75],"rotation":{"angle":45,"axis":"y","origin":[8,-2.75,8]},"faces":{"north":{"uv":[13.2,5.2,13.8,5.4],"texture":"#7"},"east":{"uv":[13.2,9.6,13.8,9.8],"texture":"#7"},"south":{"uv":[13.2,10.4,13.8,10.6],"texture":"#7"},"west":{"uv":[12.4,13.2,13,13.4],"texture":"#7"},"up":{"uv":[11.8,5.4,11.2,4.8],"texture":"#7"},"down":{"uv":[11.8,6,11.2,6.6],"texture":"#7"}}},{"from":[7.5,-2.5,7.42678],"to":[8.75,-2,8.67678],"rotation":{"angle":45,"axis":"y","origin":[8,-2.25,8.17678]},"faces":{"north":{"uv":[14,2.4,14.5,2.6],"texture":"#7"},"east":{"uv":[14,3.2,14.5,3.4],"texture":"#7"},"south":{"uv":[14,4,14.5,4.2],"texture":"#7"},"west":{"uv":[14,8.4,14.5,8.6],"texture":"#7"}}},{"from":[7.5,-1.5,7.5],"to":[8.5,14.5,8.5],"rotation":{"angle":45,"axis":"y","origin":[8,2.75,8]},"faces":{"north":{"uv":[6,3.6,6.4,10],"texture":"#7"},"east":{"uv":[6.8,0,7.2,6.4],"texture":"#7"},"south":{"uv":[6.8,6.8,7.2,13.2],"texture":"#7"},"west":{"uv":[0,7.2,0.4,13.6],"texture":"#7"}}},{"from":[7.5,15,7.42678],"to":[8.75,15.5,8.67678],"rotation":{"angle":45,"axis":"y","origin":[8,15.25,8.17678]},"faces":{"north":{"uv":[9.6,14,10.1,14.2],"texture":"#7"},"east":{"uv":[10.8,14,11.3,14.2],"texture":"#7"},"south":{"uv":[12,14,12.5,14.2],"texture":"#7"},"west":{"uv":[0,14.4,0.5,14.6],"texture":"#7"}}},{"from":[6,16,6],"to":[10,20,10],"rotation":{"angle":0,"axis":"y","origin":[6,16,6]},"faces":{"north":{"uv":[0.8,7.2,2.4,8.8],"texture":"#7"},"east":{"uv":[2.8,7.2,4.4,8.8],"texture":"#7"},"south":{"uv":[7.6,0,9.2,1.6],"texture":"#7"},"west":{"uv":[7.6,2,9.2,3.6],"texture":"#7"},"up":{"uv":[9.2,5.6,7.6,4],"texture":"#7"},"down":{"uv":[9.2,6,7.6,7.6],"texture":"#7"}}},{"from":[7.25,-2,7.25],"to":[8.75,-1.5,8.75],"rotation":{"angle":45,"axis":"y","origin":[8,-1.75,8]},"faces":{"north":{"uv":[13.6,6,14.2,6.2],"texture":"#7"},"east":{"uv":[6.4,13.6,7,13.8],"texture":"#7"},"south":{"uv":[13.6,6.8,14.2,7],"texture":"#7"},"west":{"uv":[7.6,13.6,8.2,13.8],"texture":"#7"},"up":{"uv":[8.2,11.8,7.6,11.2],"texture":"#7"},"down":{"uv":[11,11.2,10.4,11.8],"texture":"#7"}}},{"from":[7.25,14.5,7.25],"to":[8.75,15,8.75],"rotation":{"angle":45,"axis":"y","origin":[8,14.75,8]},"faces":{"north":{"uv":[13.6,7.6,14.2,7.8],"texture":"#7"},"east":{"uv":[13.6,11.2,14.2,11.4],"texture":"#7"},"south":{"uv":[13.6,12,14.2,12.2],"texture":"#7"},"west":{"uv":[13.6,12.8,14.2,13],"texture":"#7"},"up":{"uv":[12.2,11.8,11.6,11.2],"texture":"#7"},"down":{"uv":[2.6,12,2,12.6],"texture":"#7"}}},{"from":[7.25,15.5,7.25],"to":[8.75,16,8.75],"rotation":{"angle":45,"axis":"y","origin":[8,15.75,8]},"faces":{"north":{"uv":[13.6,13.6,14.2,13.8],"texture":"#7"},"east":{"uv":[14,0,14.6,0.2],"texture":"#7"},"south":{"uv":[14,0.8,14.6,1],"texture":"#7"},"west":{"uv":[14,1.6,14.6,1.8],"texture":"#7"},"up":{"uv":[3.8,12.6,3.2,12],"texture":"#7"},"down":{"uv":[5,12,4.4,12.6],"texture":"#7"}}},{"from":[7.99646,14.75,4.00354],"to":[8.00646,22.75,12.00354],"rotation":{"angle":45,"axis":"y","origin":[7.99646,18.75,8.00354]},"faces":{"east":{"uv":[3.2,0,0,3.2],"texture":"#7"},"west":{"uv":[0,0,3.2,3.2],"texture":"#7"}}},{"from":[7.99646,14.75,3.99646],"to":[8.00646,22.75,11.99646],"rotation":{"angle":-45,"axis":"y","origin":[7.99646,18.75,7.99646]},"faces":{"east":{"uv":[3.2,3.6,0,6.8],"texture":"#7"},"west":{"uv":[0,3.6,3.2,6.8],"texture":"#7"}}},{"from":[7.995,-8.5,5.5],"to":[8.005,-2.5,10.5],"light_emission":15,"rotation":{"angle":45,"axis":"y","origin":[8,-5.5,8]},"faces":{"east":{"uv":[10,0,0,12],"texture":"#3"},"west":{"uv":[0,0,10,12],"texture":"#3"}}},{"from":[5.5,-8.5,7.995],"to":[10.5,-2.5,8.005],"light_emission":15,"rotation":{"angle":45,"axis":"y","origin":[8,-5.5,8]},"faces":{"north":{"uv":[0,0,10,12],"texture":"#3"},"south":{"uv":[10,0,0,12],"texture":"#3"}}},{"from":[5.75,15.75,5.75],"to":[5.76,20.75,10.25],"light_emission":15,"rotation":{"angle":0,"axis":"y","origin":[5.75,16.5,6.5]},"faces":{"east":{"uv":[8.66667,0,2.66667,6.66667],"texture":"#4"},"west":{"uv":[2.66667,0,8.66667,6.66667],"texture":"#4"}}},{"from":[5.67579,15.75,10.62306],"to":[7.67579,20.75,10.63306],"light_emission":15,"rotation":{"angle":-22.5,"axis":"y","origin":[6.67579,18.25,10.62806]},"faces":{"north":{"uv":[0,0,2.66667,6.66667],"texture":"#4"},"south":{"uv":[2.66667,0,0,6.66667],"texture":"#4"}}},{"from":[5.67388,15.75,5.36732],"to":[7.67388,20.75,5.37732],"light_emission":15,"rotation":{"angle":22.5,"axis":"y","origin":[6.67388,18.25,5.36732]},"faces":{"north":{"uv":[0,0,2.66667,6.66667],"texture":"#4"},"south":{"uv":[2.66667,0,0,6.66667],"texture":"#4"}}},{"from":[7.9985,19.93015,0.87151],"to":[8.0015,26.93015,5.87151],"light_emission":15,"rotation":{"angle":0,"axis":"x","origin":[8,23.68015,3.12151]},"faces":{"east":{"uv":[10,0,0,14],"texture":"#6"},"west":{"uv":[0,0,10,14],"texture":"#6"}}},{"from":[7.9985,19.93015,10.12849],"to":[8.0015,26.93015,15.12849],"light_emission":15,"rotation":{"angle":0,"axis":"x","origin":[8,23.68015,12.87849]},"faces":{"east":{"uv":[0,0,10,14],"texture":"#6"},"west":{"uv":[10,0,0,14],"texture":"#6"}}},{"from":[7.99,16.35,3.25],"to":[8.01,18.35,5.25],"rotation":{"angle":-22.5,"axis":"x","origin":[8,17.25,5]},"faces":{"east":{"uv":[12,1.2,11.2,2],"texture":"#7"},"west":{"uv":[11.2,1.2,12,2],"texture":"#7"}}},{"from":[6.725,14,6.725],"to":[9.275,16,9.275],"rotation":{"angle":45,"axis":"y","origin":[8,15,8]},"faces":{"north":{"uv":[9.6,1.6,10.6,2.4],"texture":"#7"},"east":{"uv":[9.6,2.8,10.6,3.6],"texture":"#7"},"south":{"uv":[9.6,4,10.6,4.8],"texture":"#7"},"west":{"uv":[9.6,5.2,10.6,6],"texture":"#7"},"up":{"uv":[10.2,9,9.2,8],"texture":"#7"}}},{"name":"cube inverted","from":[9.25,16,9.25],"to":[6.75,14,6.75],"rotation":{"angle":45,"axis":"y","origin":[8,15,8]},"faces":{"north":{"uv":[9.6,6.4,10.6,7.2],"texture":"#7"},"east":{"uv":[9.2,9.6,10.2,10.4],"texture":"#7"},"south":{"uv":[7.6,10,8.6,10.8],"texture":"#7"},"west":{"uv":[2.4,10.8,3.4,11.6],"texture":"#7"},"down":{"uv":[10.6,0,9.6,1],"texture":"#7"}}},{"from":[7.625,18.06153,3.56256],"to":[8.375,18.81153,5.31256],"rotation":{"angle":22.5,"axis":"x","origin":[8,19.56153,4.81256]},"faces":{"north":{"uv":[14.4,4.8,14.7,5.1],"texture":"#7"},"east":{"uv":[4.8,8.4,5.5,8.7],"texture":"#7"},"south":{"uv":[5.6,14.4,5.9,14.7],"texture":"#7"},"west":{"uv":[12.4,12.4,13.1,12.7],"texture":"#7"},"up":{"uv":[13.1,7.9,12.8,7.2],"texture":"#7"},"down":{"uv":[13.1,11.2,12.8,11.9],"texture":"#7"}}},{"from":[7.375,17.81153,5.31256],"to":[8.625,19.06153,7.06256],"rotation":{"angle":22.5,"axis":"x","origin":[8,19.56153,4.81256]},"faces":{"north":{"uv":[12.4,6,12.9,6.5],"texture":"#7"},"east":{"uv":[5.6,12,6.3,12.5],"texture":"#7"},"south":{"uv":[7.6,12.4,8.1,12.9],"texture":"#7"},"west":{"uv":[8.8,12,9.5,12.5],"texture":"#7"},"up":{"uv":[12.5,9.5,12,8.8],"texture":"#7"},"down":{"uv":[12.5,10,12,10.7],"texture":"#7"}}},{"from":[7.625,18.81153,3.56256],"to":[8.375,20.56153,4.31256],"rotation":{"angle":22.5,"axis":"x","origin":[8,19.56153,4.81256]},"faces":{"north":{"uv":[13.2,0,13.5,0.7],"texture":"#7"},"east":{"uv":[13.2,1.2,13.5,1.9],"texture":"#7"},"south":{"uv":[1.6,13.2,1.9,13.9],"texture":"#7"},"west":{"uv":[2.4,13.2,2.7,13.9],"texture":"#7"},"up":{"uv":[6.7,14.7,6.4,14.4],"texture":"#7"}}},{"from":[7.625,20.06153,4.31256],"to":[8.375,20.56153,4.81256],"rotation":{"angle":22.5,"axis":"x","origin":[8,19.56153,4.81256]},"faces":{"east":{"uv":[9.6,14.8,9.8,15],"texture":"#7"},"south":{"uv":[14.4,10,14.7,10.2],"texture":"#7"},"west":{"uv":[10.4,14.8,10.6,15],"texture":"#7"},"up":{"uv":[13.5,14.6,13.2,14.4],"texture":"#7"},"down":{"uv":[14.3,14.4,14,14.6],"texture":"#7"}}},{"from":[7.75,19,4.25],"to":[8.25,20.25,8],"rotation":{"angle":-45,"axis":"x","origin":[7.5,19,5]},"faces":{"north":{"uv":[1.2,14.4,1.4,14.9],"texture":"#7"},"east":{"uv":[4,10.8,5.5,11.3],"texture":"#7"},"south":{"uv":[2,14.4,2.2,14.9],"texture":"#7"},"west":{"uv":[10.8,7.6,12.3,8.1],"texture":"#7"},"up":{"uv":[12.6,3.5,12.4,2],"texture":"#7"},"down":{"uv":[12.6,4,12.4,5.5],"texture":"#7"}}},{"from":[7.75,20.25,7],"to":[8.25,21.5,8],"rotation":{"angle":-45,"axis":"x","origin":[7.5,19,5]},"faces":{"north":{"uv":[2.8,14.4,3,14.9],"texture":"#7"},"east":{"uv":[13.2,2.4,13.6,2.9],"texture":"#7"},"south":{"uv":[4.8,14.4,5,14.9],"texture":"#7"},"west":{"uv":[3.2,13.2,3.6,13.7],"texture":"#7"},"up":{"uv":[9,14.8,8.8,14.4],"texture":"#7"},"down":{"uv":[14.6,9.2,14.4,9.6],"texture":"#7"}}},{"from":[7.75,20.75,6.25],"to":[8.25,21.5,7],"rotation":{"angle":-45,"axis":"x","origin":[7.5,19,5]},"faces":{"north":{"uv":[3.6,14.8,3.8,15.1],"texture":"#7"},"east":{"uv":[7.2,14.4,7.5,14.7],"texture":"#7"},"south":{"uv":[14.8,5.6,15,5.9],"texture":"#7"},"west":{"uv":[8,14.4,8.3,14.7],"texture":"#7"},"up":{"uv":[15,6.7,14.8,6.4],"texture":"#7"},"down":{"uv":[15,7.2,14.8,7.5],"texture":"#7"}}},{"from":[7.75,21.5,6.25],"to":[8.25,22,6.75],"rotation":{"angle":-45,"axis":"x","origin":[7.5,19,5]},"faces":{"north":{"uv":[14.8,10.8,15,11],"texture":"#7"},"east":{"uv":[11.2,14.8,11.4,15],"texture":"#7"},"south":{"uv":[14.8,11.6,15,11.8],"texture":"#7"},"west":{"uv":[12,14.8,12.2,15],"texture":"#7"},"up":{"uv":[15,12.6,14.8,12.4],"texture":"#7"},"down":{"uv":[15,13.2,14.8,13.4],"texture":"#7"}}},{"from":[7.7535,19,8],"to":[8.2465,22,11],"rotation":{"angle":-45,"axis":"x","origin":[7.5035,19,8]},"faces":{"north":{"uv":[6,10.4,6.2,11.6],"texture":"#7"},"east":{"uv":[2.4,9.2,3.6,10.4],"texture":"#7"},"south":{"uv":[10,12.4,10.2,13.6],"texture":"#7"},"west":{"uv":[4,9.2,5.2,10.4],"texture":"#7"},"up":{"uv":[11,13.6,10.8,12.4],"texture":"#7"},"down":{"uv":[11.8,12.4,11.6,13.6],"texture":"#7"}}},{"from":[7.7585,21.37132,6.75],"to":[8.2415,25.37132,9.25],"rotation":{"angle":0,"axis":"x","origin":[8.005,22.87132,8]},"faces":{"north":{"uv":[12.4,0,12.6,1.6],"texture":"#7"},"east":{"uv":[7.6,8,8.6,9.6],"texture":"#7"},"south":{"uv":[0.8,12.4,1,14],"texture":"#7"},"west":{"uv":[0.8,9.2,1.8,10.8],"texture":"#7"},"up":{"uv":[13.4,4.6,13.2,3.6],"texture":"#7"},"down":{"uv":[4.2,13.2,4,14.2],"texture":"#7"}}},{"from":[7.7535,24.63397,6.75],"to":[8.2465,26.40897,8.525],"rotation":{"angle":-45,"axis":"x","origin":[7.995,25.88397,8]},"faces":{"north":{"uv":[4.8,13.2,5,13.9],"texture":"#7"},"east":{"uv":[11.2,2.4,11.9,3.1],"texture":"#7"},"south":{"uv":[5.6,13.2,5.8,13.9],"texture":"#7"},"west":{"uv":[11.2,3.6,11.9,4.3],"texture":"#7"},"up":{"uv":[13.4,9.1,13.2,8.4],"texture":"#7"},"down":{"uv":[9,13.2,8.8,13.9],"texture":"#7"}}},{"from":[7.995,21.5,5.375],"to":[8.005,29.5,10.625],"rotation":{"angle":0,"axis":"y","origin":[6.995,21.5,5.625]},"faces":{"east":{"uv":[5.7,0,3.6,3.2],"texture":"#7"},"west":{"uv":[3.6,0,5.7,3.2],"texture":"#7"}}},{"from":[7.995,18,0.625],"to":[8.005,26,4.875],"rotation":{"angle":0,"axis":"y","origin":[6.995,21.5,5.625]},"faces":{"east":{"uv":[5.3,3.6,3.6,6.8],"texture":"#7"},"west":{"uv":[3.6,3.6,5.3,6.8],"texture":"#7"}}},{"from":[7.75,21.5,9.25],"to":[8.25,22,9.75],"rotation":{"angle":45,"axis":"x","origin":[7.5,19,11]},"faces":{"north":{"uv":[15,11.6,14.8,11.8],"texture":"#7"},"east":{"uv":[11.4,14.8,11.2,15],"texture":"#7"},"south":{"uv":[15,10.8,14.8,11],"texture":"#7"},"west":{"uv":[12.2,14.8,12,15],"texture":"#7"},"up":{"uv":[15,12.4,14.8,12.6],"texture":"#7"},"down":{"uv":[15,13.4,14.8,13.2],"texture":"#7"}}},{"from":[7.75,20.75,9],"to":[8.25,21.5,9.75],"rotation":{"angle":45,"axis":"x","origin":[7.5,19,11]},"faces":{"north":{"uv":[15,5.6,14.8,5.9],"texture":"#7"},"east":{"uv":[7.5,14.4,7.2,14.7],"texture":"#7"},"south":{"uv":[3.8,14.8,3.6,15.1],"texture":"#7"},"west":{"uv":[8.3,14.4,8,14.7],"texture":"#7"},"up":{"uv":[15,6.4,14.8,6.7],"texture":"#7"},"down":{"uv":[15,7.5,14.8,7.2],"texture":"#7"}}},{"from":[7.75,20.25,8],"to":[8.25,21.5,9],"rotation":{"angle":45,"axis":"x","origin":[7.5,19,11]},"faces":{"north":{"uv":[5,14.4,4.8,14.9],"texture":"#7"},"east":{"uv":[13.6,2.4,13.2,2.9],"texture":"#7"},"south":{"uv":[3,14.4,2.8,14.9],"texture":"#7"},"west":{"uv":[3.6,13.2,3.2,13.7],"texture":"#7"},"up":{"uv":[9,14.4,8.8,14.8],"texture":"#7"},"down":{"uv":[14.6,9.6,14.4,9.2],"texture":"#7"}}},{"from":[7.75,19,8],"to":[8.25,20.25,11.75],"rotation":{"angle":45,"axis":"x","origin":[7.5,19,11]},"faces":{"north":{"uv":[2.2,14.4,2,14.9],"texture":"#7"},"east":{"uv":[5.5,10.8,4,11.3],"texture":"#7"},"south":{"uv":[1.4,14.4,1.2,14.9],"texture":"#7"},"west":{"uv":[12.3,7.6,10.8,8.1],"texture":"#7"},"up":{"uv":[12.6,2,12.4,3.5],"texture":"#7"},"down":{"uv":[12.6,5.5,12.4,4],"texture":"#7"}}},{"from":[7.625,18.81153,11.68744],"to":[8.375,20.56153,12.43744],"rotation":{"angle":-22.5,"axis":"x","origin":[8,19.56153,11.18744]},"faces":{"north":{"uv":[1.9,13.2,1.6,13.9],"texture":"#7"},"east":{"uv":[13.5,1.2,13.2,1.9],"texture":"#7"},"south":{"uv":[13.5,0,13.2,0.7],"texture":"#7"},"west":{"uv":[2.7,13.2,2.4,13.9],"texture":"#7"},"up":{"uv":[6.7,14.4,6.4,14.7],"texture":"#7"}}},{"from":[7.625,20.06153,11.18744],"to":[8.375,20.56153,11.68744],"rotation":{"angle":-22.5,"axis":"x","origin":[8,19.56153,11.18744]},"faces":{"north":{"uv":[14.7,10,14.4,10.2],"texture":"#7"},"east":{"uv":[9.8,14.8,9.6,15],"texture":"#7"},"west":{"uv":[10.6,14.8,10.4,15],"texture":"#7"},"up":{"uv":[13.5,14.4,13.2,14.6],"texture":"#7"},"down":{"uv":[14.3,14.6,14,14.4],"texture":"#7"}}},{"from":[7.625,18.06153,10.68744],"to":[8.375,18.81153,12.43744],"rotation":{"angle":-22.5,"axis":"x","origin":[8,19.56153,11.18744]},"faces":{"north":{"uv":[5.9,14.4,5.6,14.7],"texture":"#7"},"east":{"uv":[5.5,8.4,4.8,8.7],"texture":"#7"},"south":{"uv":[14.7,4.8,14.4,5.1],"texture":"#7"},"west":{"uv":[13.1,12.4,12.4,12.7],"texture":"#7"},"up":{"uv":[13.1,7.2,12.8,7.9],"texture":"#7"},"down":{"uv":[13.1,11.9,12.8,11.2],"texture":"#7"}}},{"from":[7.375,17.81153,8.93744],"to":[8.625,19.06153,10.68744],"rotation":{"angle":-22.5,"axis":"x","origin":[8,19.56153,11.18744]},"faces":{"north":{"uv":[8.1,12.4,7.6,12.9],"texture":"#7"},"east":{"uv":[6.3,12,5.6,12.5],"texture":"#7"},"south":{"uv":[12.9,6,12.4,6.5],"texture":"#7"},"west":{"uv":[9.5,12,8.8,12.5],"texture":"#7"},"up":{"uv":[12.5,8.8,12,9.5],"texture":"#7"},"down":{"uv":[12.5,10.7,12,10],"texture":"#7"}}},{"from":[7.995,18,11.125],"to":[8.005,26,15.375],"rotation":{"angle":0,"axis":"y","origin":[6.995,21.5,10.375]},"faces":{"east":{"uv":[3.6,3.6,5.3,6.8],"texture":"#7"},"west":{"uv":[5.3,3.6,3.6,6.8],"texture":"#7"}}},{"from":[7.99,16.35,10.75],"to":[8.01,18.35,12.75],"rotation":{"angle":22.5,"axis":"x","origin":[8,17.25,11]},"faces":{"east":{"uv":[11.2,1.2,12,2],"texture":"#7"},"west":{"uv":[12,1.2,11.2,2],"texture":"#7"}}}],"gui_light":"front","display":{"thirdperson_righthand":{"translation":[0,-1.5,1]},"thirdperson_lefthand":{"rotation":[0,-180,0],"translation":[0,-1.5,1]},"firstperson_righthand":{"rotation":[-10,0,0],"translation":[1.25,2,2],"scale":[0.7,0.7,0.7]},"firstperson_lefthand":{"rotation":[-10,-180,0],"translation":[1.25,2,2],"scale":[0.7,0.7,0.7]},"ground":{"rotation":[45,0,0],"translation":[0,5,0],"scale":[0.7,0.7,0.7]},"gui":{"rotation":[-90,135,90],"translation":[-1.75,-1.75,0],"scale":[0.65,0.65,0.65]},"head":{"rotation":[0,-90,0]},"fixed":{"rotation":[0,-90,0],"translation":[0,0,-2.25],"scale":[2,2,2]}},"groups":[{"name":"trident","origin":[7,-2,7],"color":0,"children":[0,1,2,3,4,5,6,7,8,9,10,{"name":"animated_2","origin":[8,-2.5,8],"color":0,"children":[11,12]},{"name":"animated_3","origin":[5.75,6.5,6.5],"color":0,"children":[13,14,15]},{"name":"animated_4","origin":[7.9985,7,16],"color":0,"children":[16,17]},18,19,20,21,22,23,24,25,26,27,28,29,30,31,32,33,34,35,36,37,38,39,40,41,42,43]}],"mcmodels":"d22989953ed810bd703d465c5ee35e3d"}