{"format_version":"1.9.0","credit":"Pologony Creation Co.,Ltd.","textures":{"2":"minewave:item/halloween_pumpkin/animated/animated_6","4":"minewave:item/halloween_pumpkin/animated/animated_2","7":"minewave:item/halloween_pumpkin/animated/wings","particle":"minewave:item/halloween_pumpkin/animated/animated_6"},"elements":[{"from":[6,4.375,5.25346],"to":[10,8.375,9.25346],"rotation":{"angle":0,"axis":"y","origin":[8,6.75,7.25346]},"faces":{"north":{"uv":[9,9,11,11],"texture":"#7"},"east":{"uv":[9,11.5,11,13.5],"texture":"#7"},"south":{"uv":[11.5,9,13.5,11],"texture":"#7"},"west":{"uv":[11.5,11.5,13.5,13.5],"texture":"#7"},"up":{"uv":[14,2,12,0],"texture":"#7"},"down":{"uv":[14,2.5,12,4.5],"texture":"#7"}}},{"from":[10.34022,5.83837,6.75346],"to":[12.34022,6.83837,7.75346],"rotation":{"angle":22.5,"axis":"z","origin":[8,8,8]},"faces":{"north":{"uv":[11,14,12,14.5],"texture":"#7"},"east":{"uv":[2,15,2.5,15.5],"texture":"#7"},"south":{"uv":[14,11,15,11.5],"texture":"#7"},"up":{"uv":[15,12.5,14,12],"texture":"#7"},"down":{"uv":[13.5,14,12.5,14.5],"texture":"#7"}}},{"from":[11.34022,4.33837,6.75346],"to":[12.34022,5.83837,7.75346],"rotation":{"angle":22.5,"axis":"z","origin":[8,8,8]},"faces":{"north":{"uv":[14.5,2,15,2.75],"texture":"#7"},"east":{"uv":[14.5,3.5,15,4.25],"texture":"#7"},"south":{"uv":[0,15,0.5,15.75],"texture":"#7"},"west":{"uv":[1,15,1.5,15.75],"texture":"#7"},"down":{"uv":[3.5,15,3,15.5],"texture":"#7"}}},{"from":[12.34022,4.33837,6.75346],"to":[14.09022,5.33837,7.75346],"rotation":{"angle":22.5,"axis":"z","origin":[8,8,8]},"faces":{"north":{"uv":[14,13,14.875,13.5],"texture":"#7"},"east":{"uv":[4,15,4.5,15.5],"texture":"#7"},"south":{"uv":[14,14,14.875,14.5],"texture":"#7"},"up":{"uv":[15.375,0.5,14.5,0],"texture":"#7"},"down":{"uv":[15.375,1,14.5,1.5],"texture":"#7"}}},{"from":[13.34022,5.33837,6.87846],"to":[14.09022,6.33837,7.62846],"rotation":{"angle":22.5,"axis":"z","origin":[8,8,8]},"faces":{"north":{"uv":[5,15,5.375,15.5],"texture":"#7"},"east":{"uv":[6,15,6.375,15.5],"texture":"#7"},"south":{"uv":[11,15,11.375,15.5],"texture":"#7"},"west":{"uv":[12,15,12.375,15.5],"texture":"#7"},"up":{"uv":[13.375,15.375,13,15],"texture":"#7"}}},{"from":[12.84022,5.83837,6.87846],"to":[13.34022,6.33837,7.62846],"rotation":{"angle":22.5,"axis":"z","origin":[8,8,8]},"faces":{"north":{"uv":[15.5,3,15.75,3.25],"texture":"#7"},"south":{"uv":[15.5,4,15.75,4.25],"texture":"#7"},"west":{"uv":[14,15,14.375,15.25],"texture":"#7"},"up":{"uv":[15.25,15.375,15,15],"texture":"#7"},"down":{"uv":[15.75,2,15.5,2.375],"texture":"#7"}}},{"from":[5.75,3.875,9.48654],"to":[10.25,8.875,9.49654],"light_emission":15,"rotation":{"angle":0,"axis":"y","origin":[8,8,6.5]},"faces":{"north":{"uv":[2.66667,0,8.66667,6.66667],"texture":"#4"},"south":{"uv":[8.66667,0,2.66667,6.66667],"texture":"#4"}}},{"from":[4.77455,3.875,6.40741],"to":[4.78455,8.875,8.40741],"light_emission":15,"rotation":{"angle":22.5,"axis":"y","origin":[8,8,6.5]},"faces":{"east":{"uv":[2.66667,0,0,6.66667],"texture":"#4"},"west":{"uv":[0,0,2.66667,6.66667],"texture":"#4"}}},{"from":[11.21545,3.875,6.4074],"to":[11.22545,8.875,8.4074],"light_emission":15,"rotation":{"angle":-22.5,"axis":"y","origin":[8,8,6.5]},"faces":{"east":{"uv":[2.66667,0,0,6.66667],"texture":"#4"},"west":{"uv":[0,0,2.66667,6.66667],"texture":"#4"}}},{"from":[11.91462,6.45259,7.24846],"to":[13.91462,8.45259,7.25846],"rotation":{"angle":22.5,"axis":"z","origin":[8,8,8]},"faces":{"north":{"uv":[6,13.5,7,14.5],"texture":"#7"},"south":{"uv":[7,13.5,6,14.5],"texture":"#7"}}},{"from":[13.5,5.125,7.24846],"to":[15,6.625,7.25846],"rotation":{"angle":0,"axis":"y","origin":[8,8,8]},"faces":{"north":{"uv":[9.5,14,10.25,14.75],"texture":"#7"},"south":{"uv":[10.25,14,9.5,14.75],"texture":"#7"}}},{"from":[1,5.125,7.24846],"to":[2.5,6.625,7.25846],"rotation":{"angle":0,"axis":"y","origin":[8,8,8]},"faces":{"north":{"uv":[10.25,14,9.5,14.75],"texture":"#7"},"south":{"uv":[9.5,14,10.25,14.75],"texture":"#7"}}},{"from":[9.84803,-0.375,7.1712],"to":[16.84803,16.625,7.1812],"rotation":{"angle":-22.5,"axis":"y","origin":[8,8,7.425]},"faces":{"north":{"uv":[7,0,10.5,8.5],"texture":"#7"},"south":{"uv":[10.5,0,7,8.5],"texture":"#7"}}},{"from":[16.26781,-0.375,10.57575],"to":[23.26781,16.625,10.58575],"rotation":{"angle":0,"axis":"y","origin":[8,8,7.425]},"faces":{"north":{"uv":[3.5,0,7,8.5],"texture":"#7"},"south":{"uv":[7,0,3.5,8.5],"texture":"#7"}}},{"from":[20.89605,-0.375,16.17789],"to":[27.89605,16.625,16.18789],"rotation":{"angle":22.5,"axis":"y","origin":[8,8,7.425]},"faces":{"north":{"uv":[0,0,3.5,8.5],"texture":"#7"},"south":{"uv":[3.5,0,0,8.5],"texture":"#7"}}},{"from":[-0.84803,-0.375,7.1712],"to":[6.15197,16.625,7.1812],"rotation":{"angle":22.5,"axis":"y","origin":[8,8,7.425]},"faces":{"north":{"uv":[10.5,0,7,8.5],"texture":"#7"},"south":{"uv":[7,0,10.5,8.5],"texture":"#7"}}},{"from":[-11.89605,-0.375,16.17789],"to":[-4.89605,16.625,16.18789],"rotation":{"angle":-22.5,"axis":"y","origin":[8,8,7.425]},"faces":{"north":{"uv":[3.5,0,0,8.5],"texture":"#7"},"south":{"uv":[0,0,3.5,8.5],"texture":"#7"}}},{"from":[-7.26781,-0.375,10.57575],"to":[-0.26781,16.625,10.58575],"rotation":{"angle":0,"axis":"y","origin":[8,8,7.425]},"faces":{"north":{"uv":[7,0,3.5,8.5],"texture":"#7"},"south":{"uv":[3.5,0,7,8.5],"texture":"#7"}}},{"from":[3.99999,3.125,7.245],"to":[11.99999,11.125,7.255],"rotation":{"angle":-45,"axis":"y","origin":[8,7.125,7.25]},"faces":{"north":{"uv":[8.5,9,4.5,13],"texture":"#7"},"south":{"uv":[4.5,9,8.5,13],"texture":"#7"}}},{"from":[7.995,3.125,3.25],"to":[8.005,11.125,11.25],"rotation":{"angle":-45,"axis":"y","origin":[8,7.125,7.25]},"faces":{"east":{"uv":[0,9,4,13],"texture":"#7"},"west":{"uv":[4,9,0,13],"texture":"#7"}}},{"from":[6.725,2.375,5.975],"to":[9.275,4.375,8.525],"rotation":{"angle":45,"axis":"y","origin":[8,3.375,7.25]},"faces":{"north":{"uv":[12,7,13.25,8],"texture":"#7"},"east":{"uv":[0,13.5,1.25,14.5],"texture":"#7"},"south":{"uv":[2,13.5,3.25,14.5],"texture":"#7"},"west":{"uv":[4,13.5,5.25,14.5],"texture":"#7"},"up":{"uv":[13.25,6.25,12,5],"texture":"#7"}}},{"from":[8.92678,5.80178,6.50346],"to":[11.42678,7.30178,8.00346],"rotation":{"angle":45,"axis":"z","origin":[10.17678,6.55178,7.25346]},"faces":{"north":{"uv":[14,5,15.25,5.75],"texture":"#7"},"east":{"uv":[14,9.5,14.75,10.25],"texture":"#7"},"south":{"uv":[14,6.5,15.25,7.25],"texture":"#7"},"up":{"uv":[14,8.75,15.25,8],"texture":"#7"},"down":{"uv":[8.75,14,7.5,14.75],"texture":"#7"}}},{"from":[4.57322,5.80178,6.50346],"to":[7.07322,7.30178,8.00346],"rotation":{"angle":-45,"axis":"z","origin":[5.82322,6.55178,7.25346]},"faces":{"north":{"uv":[15.25,5,14,5.75],"texture":"#7"},"south":{"uv":[15.25,6.5,14,7.25],"texture":"#7"},"west":{"uv":[14.75,9.5,14,10.25],"texture":"#7"},"up":{"uv":[15.25,8.75,14,8],"texture":"#7"},"down":{"uv":[7.5,14,8.75,14.75],"texture":"#7"}}},{"from":[3.65978,5.83837,6.75346],"to":[5.65978,6.83837,7.75346],"rotation":{"angle":-22.5,"axis":"z","origin":[8,8,8]},"faces":{"north":{"uv":[12,14,11,14.5],"texture":"#7"},"south":{"uv":[15,11,14,11.5],"texture":"#7"},"west":{"uv":[2.5,15,2,15.5],"texture":"#7"},"up":{"uv":[14,12.5,15,12],"texture":"#7"},"down":{"uv":[12.5,14,13.5,14.5],"texture":"#7"}}},{"from":[2.08538,6.45259,7.24846],"to":[4.08538,8.45259,7.25846],"rotation":{"angle":-22.5,"axis":"z","origin":[8,8,8]},"faces":{"north":{"uv":[7,13.5,6,14.5],"texture":"#7"},"south":{"uv":[6,13.5,7,14.5],"texture":"#7"}}},{"from":[1.90978,4.33837,6.75346],"to":[3.65978,5.33837,7.75346],"rotation":{"angle":-22.5,"axis":"z","origin":[8,8,8]},"faces":{"north":{"uv":[14.875,13,14,13.5],"texture":"#7"},"south":{"uv":[14.875,14,14,14.5],"texture":"#7"},"west":{"uv":[4.5,15,4,15.5],"texture":"#7"},"up":{"uv":[14.5,0.5,15.375,0],"texture":"#7"},"down":{"uv":[14.5,1,15.375,1.5],"texture":"#7"}}},{"from":[1.90978,5.33837,6.87846],"to":[2.65978,6.33837,7.62846],"rotation":{"angle":-22.5,"axis":"z","origin":[8,8,8]},"faces":{"north":{"uv":[5.375,15,5,15.5],"texture":"#7"},"east":{"uv":[12.375,15,12,15.5],"texture":"#7"},"south":{"uv":[11.375,15,11,15.5],"texture":"#7"},"west":{"uv":[6.375,15,6,15.5],"texture":"#7"},"up":{"uv":[13,15.375,13.375,15],"texture":"#7"}}},{"from":[2.65978,5.83837,6.87846],"to":[3.15978,6.33837,7.62846],"rotation":{"angle":-22.5,"axis":"z","origin":[8,8,8]},"faces":{"north":{"uv":[15.75,3,15.5,3.25],"texture":"#7"},"east":{"uv":[14.375,15,14,15.25],"texture":"#7"},"south":{"uv":[15.75,4,15.5,4.25],"texture":"#7"},"up":{"uv":[15,15.375,15.25,15],"texture":"#7"},"down":{"uv":[15.5,2,15.75,2.375],"texture":"#7"}}},{"from":[3.65978,4.33837,6.75346],"to":[4.65978,5.83837,7.75346],"rotation":{"angle":-22.5,"axis":"z","origin":[8,8,8]},"faces":{"north":{"uv":[15,2,14.5,2.75],"texture":"#7"},"east":{"uv":[1.5,15,1,15.75],"texture":"#7"},"south":{"uv":[0.5,15,0,15.75],"texture":"#7"},"west":{"uv":[15,3.5,14.5,4.25],"texture":"#7"},"down":{"uv":[3,15,3.5,15.5],"texture":"#7"}}},{"name":"cube inverted","from":[9.275,4.375,8.525],"to":[6.725,2.375,5.975],"rotation":{"angle":45,"axis":"y","origin":[8,3.375,7.25]},"faces":{"north":{"uv":[2,14.5,3.25,13.5],"texture":"#7"},"east":{"uv":[4,14.5,5.25,13.5],"texture":"#7"},"south":{"uv":[12,8,13.25,7],"texture":"#7"},"west":{"uv":[0,14.5,1.25,13.5],"texture":"#7"},"down":{"uv":[12,6.25,13.25,5],"texture":"#7"}}},{"from":[11.25,5,7.2485],"to":[16.25,12,7.2515],"light_emission":15,"rotation":{"angle":0,"axis":"y","origin":[13.75,8.5,7.25]},"faces":{"north":{"uv":[0,0,10,14],"texture":"#2"},"south":{"uv":[10,0,0,14],"texture":"#2"}}},{"from":[-0.25,5,7.2485],"to":[4.75,12,7.2515],"light_emission":15,"rotation":{"angle":0,"axis":"y","origin":[2.25,8.5,7.25]},"faces":{"north":{"uv":[10,0,0,14],"texture":"#2"},"south":{"uv":[0,0,10,14],"texture":"#2"}}}],"gui_light":"front","display":{"thirdperson_righthand":{"rotation":[36,-180,0],"translation":[0,2.5,0.5],"scale":[0.7,0.7,0.7]},"thirdperson_lefthand":{"rotation":[66.75,0,0],"translation":[-5.5,-8.25,11.25]},"firstperson_righthand":{"rotation":[-25.75,0,0],"translation":[0,3.5,1.25],"scale":[0.7,0.7,0.7]},"firstperson_lefthand":{"rotation":[-25.75,0,0],"translation":[0,3.5,1.25],"scale":[0,0,0]},"ground":{"rotation":[-45,0,0],"translation":[0,5,0],"scale":[0.7,0.7,0.7]},"gui":{"scale":[0.48,0.48,0.48]},"head":{"translation":[0,-12.5,11.5],"scale":[2,2,2]},"fixed":{"rotation":[0,-180,0],"translation":[0,2.5,-4.5],"scale":[2,2,2]}},"groups":[{"name":"wings","origin":[6.25346,-3.875,7],"color":0,"children":[0,1,2,3,4,5,{"name":"animated_3","origin":[5.00346,4.625,6.5],"color":0,"children":[6,7,8]},9,10,11,12,13,14,15,16,17,18,19,20,21,22,23,24,25,26,27,28,29,30,31]}],"mcmodels":"d22989953ed810bd703d465c5ee35e3d"}