{"textures":{"0":"modelengine:entity/nm_squirrel_red_texture","particle":"#0"},"elements":[{"from":[7.775,8.085787,6.2426405],"to":[8.725,10.085787,11.2426405],"faces":{"east":{"uv":[3.0,10.25,4.25,10.75],"tintindex":0,"rotation":0,"texture":"#0"},"south":{"uv":[6.5,11.0,6.75,11.5],"tintindex":0,"rotation":0,"texture":"#0"},"north":{"uv":[11.0,6.25,11.25,6.75],"tintindex":0,"rotation":0,"texture":"#0"},"west":{"uv":[10.25,3.25,11.5,3.75],"tintindex":0,"rotation":0,"texture":"#0"},"up":{"uv":[11.0,5.5,10.75,4.25],"tintindex":0,"rotation":0,"texture":"#0"},"down":{"uv":[4.75,10.75,4.5,12.0],"tintindex":0,"rotation":0,"texture":"#0"}},"rotation":{"origin":[8.25,5.085787,10.7426405],"angle":-45.0,"axis":"x"}}],"display":{"head":{"rotation":[0.0,0.0,0.0]},"firstperson_righthand":{"rotation":[0.0,0.0,0.0]},"thirdperson_lefthand":{"rotation":[0.0,0.0,0.0]},"firstperson_lefthand":{"rotation":[0.0,0.0,0.0]},"fixed":{"rotation":[0.0,0.0,0.0]},"ground":{"rotation":[0.0,0.0,0.0]},"thirdperson_righthand":{"rotation":[0.0,0.0,0.0]},"gui":{"rotation":[-150.0,-45.0,180.0]}}}