{
   "parent":"item/handheld_rod",
   "textures":{
      "layer0":"item/fishing_rod"
   },
   "overrides":[
      {
         "predicate":{
            "cast":1
         },
         "model":"item/fishing_rod_cast"
      },
      {
         "predicate":{
            "cast":1
         },
         "model":"item/fishing_rod_cast"
      },
      {
         "predicate":{
            "custom_model_data":10000
         },
         "model":"plny_coral_summer:fishing_rod"
      },
      {
         "predicate":{
            "cast":1,
            "custom_model_data":10000
         },
         "model":"plny_coral_summer:fishing_rod_cast"
      },
      {
         "predicate":{
            "custom_model_data":10004
         },
         "model":"minewave:item/coral_summer/fishing_rod"
      },
      {
         "predicate":{
            "cast":1,
            "custom_model_data":10004
         },
         "model":"minewave:item/coral_summer/fishing_rod_cast"
      },
      {
         "predicate":{
            "custom_model_data":11000
         },
         "model":"minewave:item/parrot/fishing_rod"
      },
      {
         "predicate":{
            "cast":1,
            "custom_model_data":11000
         },
         "model":"minewave:item/parrot/fishing_rod_cast"
      },
      {
         "predicate":{
            "custom_model_data":12000
         },
         "model":"minewave:item/dinosaur/fishing_rod"
      },
      {
         "predicate":{
            "cast":1,
            "custom_model_data":12000
         },
         "model":"minewave:item/dinosaur/fishing_rod_cast"
      },
      {
         "predicate":{
            "custom_model_data":13000
         },
         "model":"minewave:item/halloween_pumpkin/fishing_rod"
      },
      {
         "predicate":{
            "cast":1,
            "custom_model_data":13000
         },
         "model":"minewave:item/halloween_pumpkin/fishing_rod_cast"
      },
      {
         "predicate":{
            "custom_model_data":13001
         },
         "model":"item/fishing_rod"
      }
   ]
}