{
   "parent":"item/handheld",
   "textures":{
      "layer0":"item/mace"
   },
   "overrides":[
      {
         "predicate":{
            "custom_model_data":10000
         },
         "model":"plny_coral_summer:mace"
      },
      {
         "predicate":{
            "custom_model_data":10001
         },
         "model":"minewave:item/blossom/mace"
      },
      {
         "predicate":{
            "custom_model_data":10003
         },
         "model":"minewave:item/lavachicken/mace"
      },
      {
         "predicate":{
            "custom_model_data":10004
         },
         "model":"minewave:item/coral_summer/mace"
      },
      {
         "predicate":{
            "custom_model_data":11000
         },
         "model":"minewave:item/parrot/hammer"
      },
      {
         "predicate":{
            "custom_model_data":12000
         },
         "model":"minewave:item/dinosaur/hammer"
      },
      {
         "predicate":{
            "custom_model_data":13000
         },
         "model":"minewave:item/halloween_pumpkin/mace"
      },
      {
         "predicate":{
            "custom_model_data":14000
         },
         "model":"minewave:item/thor/hammer"
      },
      {
         "predicate":{
            "custom_model_data":14001
         },
         "model":"item/mace"
      }
   ]
}