{
   "parent":"minecraft:item/handheld",
   "textures":{
      "layer0":"minecraft:item/netherite_shovel"
   },
   "overrides":[
      {
         "predicate":{
            "custom_model_data":10000
         },
         "model":"plny_coral_summer:shovel"
      },
      {
         "predicate":{
            "custom_model_data":11000
         },
         "model":"minewave:item/parrot/shovel"
      },
      {
         "predicate":{
            "custom_model_data":12000
         },
         "model":"minewave:item/dinosaur/shovel"
      },
      {
         "predicate":{
            "custom_model_data":13000
         },
         "model":"minewave:item/halloween_pumpkin/shovel"
      },
      {
         "predicate":{
            "custom_model_data":13001
         },
         "model":"item/netherite_shovel"
      }
   ]
}