{
   "parent":"item/handheld",
   "textures":{
      "layer0":"item/netherite_pickaxe"
   },
   "overrides":[
      {
         "predicate":{
            "custom_model_data":10000
         },
         "model":"plny_coral_summer:pickaxe"
      },
      {
         "predicate":{
            "custom_model_data":10001
         },
         "model":"minewave:item/blossom/pickaxe"
      },
      {
         "predicate":{
            "custom_model_data":10002
         },
         "model":"minewave:item/bunny/pickaxe"
      },
      {
         "predicate":{
            "custom_model_data":10003
         },
         "model":"minewave:item/lavachicken/pickaxe"
      },
      {
         "predicate":{
            "custom_model_data":10004
         },
         "model":"minewave:item/coral_summer/pickaxe"
      },
      {
         "predicate":{
            "custom_model_data":11000
         },
         "model":"minewave:item/parrot/pickaxe"
      },
      {
         "predicate":{
            "custom_model_data":12000
         },
         "model":"minewave:item/dinosaur/pickaxe"
      },
      {
         "predicate":{
            "custom_model_data":13000
         },
         "model":"minewave:item/halloween_pumpkin/pickaxe"
      },
      {
         "predicate":{
            "custom_model_data":13001
         },
         "model":"item/netherite_pickaxe"
      }
   ]
}