{
   "parent":"minecraft:item/generated",
   "overrides":[
      {
         "model":"minecraft:item/netherite_leggings_quartz_trim",
         "predicate":{
            "trim_type":0.1
         }
      },
      {
         "model":"minecraft:item/netherite_leggings_iron_trim",
         "predicate":{
            "trim_type":0.2
         }
      },
      {
         "model":"minecraft:item/netherite_leggings_netherite_darker_trim",
         "predicate":{
            "trim_type":0.3
         }
      },
      {
         "model":"minecraft:item/netherite_leggings_redstone_trim",
         "predicate":{
            "trim_type":0.4
         }
      },
      {
         "model":"minecraft:item/netherite_leggings_copper_trim",
         "predicate":{
            "trim_type":0.5
         }
      },
      {
         "model":"minecraft:item/netherite_leggings_gold_trim",
         "predicate":{
            "trim_type":0.6
         }
      },
      {
         "model":"minecraft:item/netherite_leggings_emerald_trim",
         "predicate":{
            "trim_type":0.7
         }
      },
      {
         "model":"minecraft:item/netherite_leggings_diamond_trim",
         "predicate":{
            "trim_type":0.8
         }
      },
      {
         "model":"minecraft:item/netherite_leggings_lapis_trim",
         "predicate":{
            "trim_type":0.9
         }
      },
      {
         "model":"minecraft:item/netherite_leggings_amethyst_trim",
         "predicate":{
            "trim_type":1.0
         }
      },
      {
         "predicate":{
            "custom_model_data":10001
         },
         "model":"minewave:item/blossom/leggings"
      },
      {
         "predicate":{
            "custom_model_data":10002
         },
         "model":"minewave:item/bunny/leggings"
      },
      {
         "predicate":{
            "custom_model_data":10003
         },
         "model":"minewave:item/lavachicken/leggings"
      },
      {
         "predicate":{
            "custom_model_data":10004
         },
         "model":"minewave:item/coral_summer/armor/leggings"
      },
      {
         "predicate":{
            "custom_model_data":11000
         },
         "model":"minewave:item/parrot/armor/leggings"
      },
      {
         "predicate":{
            "custom_model_data":12000
         },
         "model":"minewave:item/dinosaur/armor/leggings"
      },
      {
         "predicate":{
            "custom_model_data":13000
         },
         "model":"minewave:item/halloween_pumpkin/armor/leggings"
      },
      {
         "predicate":{
            "custom_model_data":14000
         },
         "model":"minewave:item/thor/armor/leggings"
      }
   ],
   "textures":{
      "layer0":"minecraft:item/netherite_leggings"
   }
}