{
   "parent":"item/handheld",
   "textures":{
      "layer0":"item/netherite_axe"
   },
   "overrides":[
      {
         "predicate":{
            "custom_model_data":10000
         },
         "model":"plny_coral_summer:axe"
      },
      {
         "predicate":{
            "custom_model_data":10001
         },
         "model":"minewave:item/blossom/axe"
      },
      {
         "predicate":{
            "custom_model_data":10002
         },
         "model":"minewave:item/bunny/axe"
      },
      {
         "predicate":{
            "custom_model_data":10003
         },
         "model":"minewave:item/lavachicken/axe"
      },
      {
         "predicate":{
            "custom_model_data":10004
         },
         "model":"minewave:item/coral_summer/axe"
      },
      {
         "predicate":{
            "custom_model_data":11000
         },
         "model":"minewave:item/parrot/axe"
      },
      {
         "predicate":{
            "custom_model_data":12000
         },
         "model":"minewave:item/dinosaur/axe"
      },
      {
         "predicate":{
            "custom_model_data":12001
         },
         "model":"item/netherite_axe"
      }
   ]
}