{
   "parent":"item/handheld",
   "textures":{
      "layer0":"item/netherite_hoe"
   },
   "overrides":[
      {
         "predicate":{
            "custom_model_data":10000
         },
         "model":"plny_coral_summer:hoe"
      },
      {
         "predicate":{
            "custom_model_data":10001
         },
         "model":"minewave:item/blossom/hoe"
      },
      {
         "predicate":{
            "custom_model_data":10002
         },
         "model":"minewave:item/bunny/hoe"
      },
      {
         "predicate":{
            "custom_model_data":10003
         },
         "model":"minewave:item/lavachicken/hoe"
      },
      {
         "predicate":{
            "custom_model_data":10004
         },
         "model":"minewave:item/coral_summer/hoe"
      },
      {
         "predicate":{
            "custom_model_data":11000
         },
         "model":"minewave:item/parrot/hoe"
      },
      {
         "predicate":{
            "custom_model_data":11001
         },
         "model":"item/netherite_hoe"
      }
   ]
}