{
   "parent":"item/handheld",
   "textures":{
      "layer0":"item/netherite_sword"
   },
   "overrides":[
      {
         "predicate":{
            "custom_model_data":10001
         },
         "model":"minewave:item/blossom/sword"
      },
      {
         "predicate":{
            "custom_model_data":10002
         },
         "model":"minewave:item/bunny/sword"
      },
      {
         "predicate":{
            "custom_model_data":10002
         },
         "model":"plny_coral_summer:scythe"
      },
      {
         "predicate":{
            "custom_model_data":10003
         },
         "model":"minewave:item/lavachicken/sword"
      },
      {
         "predicate":{
            "custom_model_data":10003
         },
         "model":"plny_coral_summer:spear"
      },
      {
         "predicate":{
            "custom_model_data":10004
         },
         "model":"minewave:item/coral_summer/hammer"
      },
      {
         "predicate":{
            "custom_model_data":10004
         },
         "model":"plny_coral_summer:staff"
      },
      {
         "predicate":{
            "custom_model_data":10005
         },
         "model":"minewave:item/coral_summer/scythe"
      },
      {
         "predicate":{
            "custom_model_data":10005
         },
         "model":"plny_coral_summer:sword"
      },
      {
         "predicate":{
            "custom_model_data":10006
         },
         "model":"minewave:item/coral_summer/spear"
      },
      {
         "predicate":{
            "custom_model_data":10006
         },
         "model":"plny_coral_summer:trident"
      },
      {
         "predicate":{
            "custom_model_data":10007
         },
         "model":"minewave:item/coral_summer/staff"
      },
      {
         "predicate":{
            "custom_model_data":10008
         },
         "model":"minewave:item/coral_summer/sword"
      },
      {
         "predicate":{
            "custom_model_data":10009
         },
         "model":"minewave:item/coral_summer/trident"
      },
      {
         "predicate":{
            "custom_model_data":11000
         },
         "model":"minewave:item/parrot/staff"
      },
      {
         "predicate":{
            "custom_model_data":11001
         },
         "model":"minewave:item/parrot/sword"
      },
      {
         "predicate":{
            "custom_model_data":11002
         },
         "model":"minewave:item/parrot/trident"
      },
      {
         "predicate":{
            "custom_model_data":11003
         },
         "model":"minewave:item/parrot/spear"
      },
      {
         "predicate":{
            "custom_model_data":11004
         },
         "model":"item/netherite_sword"
      }
   ]
}