{
   "parent":"minecraft:item/generated",
   "textures":{
      "layer0":"minecraft:item/paper"
   },
   "overrides":[
      {
         "predicate":{
            "custom_model_data":10000
         },
         "model":"_iainternal:ia_auto_gen/icon_left_blue"
      },
      {
         "predicate":{
            "custom_model_data":10001
         },
         "model":"_iainternal:ia_auto_gen/icon_right_blue"
      },
      {
         "predicate":{
            "custom_model_data":10002
         },
         "model":"minewave:item/bunny/hat"
      },
      {
         "predicate":{
            "custom_model_data":10002
         },
         "model":"_iainternal:ia_auto_gen/icon_search"
      },
      {
         "predicate":{
            "custom_model_data":10003
         },
         "model":"_iainternal:ia_auto_gen/icon_cancel"
      },
      {
         "predicate":{
            "custom_model_data":10004
         },
         "model":"minewave:item/coral_summer/chest"
      },
      {
         "predicate":{
            "custom_model_data":10004
         },
         "model":"_iainternal:ia_auto_gen/icon_arrow_chest"
      },
      {
         "predicate":{
            "custom_model_data":10005
         },
         "model":"minewave:item/coral_summer/key"
      },
      {
         "predicate":{
            "custom_model_data":10005
         },
         "model":"_iainternal:ia_auto_gen/icon_back_orange"
      },
      {
         "predicate":{
            "custom_model_data":10006
         },
         "model":"minewave:item/coral_summer/wings"
      },
      {
         "predicate":{
            "custom_model_data":10006
         },
         "model":"_iainternal:ia_auto_gen/icon_next_orange"
      },
      {
         "predicate":{
            "custom_model_data":10007
         },
         "model":"plny_coral_summer:chest"
      },
      {
         "predicate":{
            "custom_model_data":10008
         },
         "model":"plny_coral_summer:helmet"
      },
      {
         "predicate":{
            "custom_model_data":10009
         },
         "model":"plny_coral_summer:key"
      },
      {
         "predicate":{
            "custom_model_data":10010
         },
         "model":"plny_coral_summer:wings"
      },
      {
         "predicate":{
            "custom_model_data":11000
         },
         "model":"minewave:item/parrot/crate"
      },
      {
         "predicate":{
            "custom_model_data":11001
         },
         "model":"minewave:item/parrot/key"
      },
      {
         "predicate":{
            "custom_model_data":11002
         },
         "model":"minewave:item/parrot/wings"
      },
      {
         "predicate":{
            "custom_model_data":12000
         },
         "model":"minewave:item/dinosaur/crate"
      },
      {
         "predicate":{
            "custom_model_data":12001
         },
         "model":"minewave:item/dinosaur/wings"
      },
      {
         "predicate":{
            "custom_model_data":13000
         },
         "model":"minewave:item/halloween_pumpkin/chest"
      },
      {
         "predicate":{
            "custom_model_data":13001
         },
         "model":"minewave:item/halloween_pumpkin/key"
      },
      {
         "predicate":{
            "custom_model_data":13002
         },
         "model":"minewave:item/halloween_pumpkin/wings"
      },
      {
         "predicate":{
            "custom_model_data":14000
         },
         "model":"minewave:item/thor/cape"
      },
      {
         "predicate":{
            "custom_model_data":14001
         },
         "model":"minewave:item/thor/crate"
      },
      {
         "predicate":{
            "custom_model_data":14002
         },
         "model":"minewave:item/thor/key"
      },
      {
         "predicate":{
            "custom_model_data":20001
         },
         "model":"minewave:item/cosmetics/hats/crab_hat"
      },
      {
         "predicate":{
            "custom_model_data":20002
         },
         "model":"minewave:item/cosmetics/hats/ice_cream_cone_hat"
      },
      {
         "predicate":{
            "custom_model_data":20003
         },
         "model":"minewave:item/cosmetics/hats/farmer_hat"
      },
      {
         "predicate":{
            "custom_model_data":20004
         },
         "model":"minewave:item/cosmetics/hats/gold_top_hat"
      },
      {
         "predicate":{
            "custom_model_data":20005
         },
         "model":"minewave:item/cosmetics/summer_hats/surf_board_hat"
      },
      {
         "predicate":{
            "custom_model_data":20006
         },
         "model":"minewave:item/cosmetics/summer_hats/shark_hat"
      },
      {
         "predicate":{
            "custom_model_data":20007
         },
         "model":"minewave:item/cosmetics/christmas_hats/santa_hat"
      },
      {
         "predicate":{
            "custom_model_data":20008
         },
         "model":"minewave:item/cosmetics/christmas_hats/elf_hat"
      },
      {
         "predicate":{
            "custom_model_data":20009
         },
         "model":"minewave:item/cosmetics/christmas_hats/nutcracker_hat"
      },
      {
         "predicate":{
            "custom_model_data":20010
         },
         "model":"minewave:item/cosmetics/christmas_hats/grinch_hat"
      },
      {
         "predicate":{
            "custom_model_data":20011
         },
         "model":"minewave:item/cosmetics/spring_hats/sun_hat"
      },
      {
         "predicate":{
            "custom_model_data":20012
         },
         "model":"minewave:item/cosmetics/spring_hats/raining_cloud_hat"
      },
      {
         "predicate":{
            "custom_model_data":20013
         },
         "model":"minewave:item/cosmetics/spring_hats/butterfly_hat"
      },
      {
         "predicate":{
            "custom_model_data":20014
         },
         "model":"minewave:item/cosmetics/spring_hats/adventure_hat"
      },
      {
         "predicate":{
            "custom_model_data":20015
         },
         "model":"minewave:item/cosmetics/christmas_hats/christmas_hat"
      },
      {
         "predicate":{
            "custom_model_data":20016
         },
         "model":"minewave:item/cosmetics/halloween_hats/cat_hat"
      },
      {
         "predicate":{
            "custom_model_data":20017
         },
         "model":"minewave:item/cosmetics/halloween_hats/cowboy_hat"
      },
      {
         "predicate":{
            "custom_model_data":20018
         },
         "model":"minewave:item/cosmetics/halloween_hats/devil_hat"
      },
      {
         "predicate":{
            "custom_model_data":20019
         },
         "model":"minewave:item/cosmetics/halloween_hats/ghost_hat"
      },
      {
         "predicate":{
            "custom_model_data":20020
         },
         "model":"minewave:item/cosmetics/halloween_hats/hand_hat"
      },
      {
         "predicate":{
            "custom_model_data":20021
         },
         "model":"minewave:item/cosmetics/halloween_hats/hog_hat"
      },
      {
         "predicate":{
            "custom_model_data":20022
         },
         "model":"minewave:item/cosmetics/halloween_hats/pumpkin_hat"
      },
      {
         "predicate":{
            "custom_model_data":20023
         },
         "model":"minewave:item/cosmetics/halloween_hats/skeleton_hat"
      },
      {
         "predicate":{
            "custom_model_data":20024
         },
         "model":"minewave:item/cosmetics/halloween_hats/spider_hat"
      },
      {
         "predicate":{
            "custom_model_data":20025
         },
         "model":"minewave:item/cosmetics/halloween_hats/witch_hat"
      },
      {
         "predicate":{
            "custom_model_data":20026
         },
         "model":"minewave:item/cosmetics/fall_hats/acorn_hat"
      },
      {
         "predicate":{
            "custom_model_data":20027
         },
         "model":"minewave:item/cosmetics/fall_hats/fedora_hat"
      },
      {
         "predicate":{
            "custom_model_data":20028
         },
         "model":"minewave:item/cosmetics/fall_hats/fox_hat"
      },
      {
         "predicate":{
            "custom_model_data":20029
         },
         "model":"minewave:item/cosmetics/fall_hats/mushroom_hat"
      },
      {
         "predicate":{
            "custom_model_data":20030
         },
         "model":"minewave:item/cosmetics/fall_hats/owl_hat"
      },
      {
         "predicate":{
            "custom_model_data":20031
         },
         "model":"minewave:item/cosmetics/fall_hats/patchwork_hat"
      },
      {
         "predicate":{
            "custom_model_data":20032
         },
         "model":"minewave:item/cosmetics/fall_hats/pumpkin_hat"
      },
      {
         "predicate":{
            "custom_model_data":20033
         },
         "model":"minewave:item/cosmetics/fall_hats/scarecrow_hat"
      },
      {
         "predicate":{
            "custom_model_data":20034
         },
         "model":"minewave:item/cosmetics/fall_hats/squirrel_hat"
      },
      {
         "predicate":{
            "custom_model_data":20035
         },
         "model":"minewave:item/cosmetics/fall_hats/turkey_hat"
      },
      {
         "predicate":{
            "custom_model_data":25000
         },
         "model":"minewave:item/plushies/plushie_squirrel"
      },
      {
         "predicate":{
            "custom_model_data":25001
         },
         "model":"minewave:item/plushies/plushie_alligator"
      },
      {
         "predicate":{
            "custom_model_data":25002
         },
         "model":"minewave:item/plushies/plushie_blue_bird"
      },
      {
         "predicate":{
            "custom_model_data":25003
         },
         "model":"minewave:item/plushies/plushie_red_bird"
      },
      {
         "predicate":{
            "custom_model_data":25004
         },
         "model":"minewave:item/plushies/plushie_orange_bird"
      },
      {
         "predicate":{
            "custom_model_data":30000
         },
         "model":"minewave:item/icons/money"
      },
      {
         "predicate":{
            "custom_model_data":30001
         },
         "model":"minewave:item/icons/shell"
      },
      {
         "predicate":{
            "custom_model_data":30002
         },
         "model":"item/paper"
      }
   ]
}