{"parent":"item/generated","textures":{"layer0":"item/potion_overlay","layer1":"item/potion"},"overrides":[{"predicate":{"custom_model_data":9925252},"model":"plny_coral_summer:helmet"},{"predicate":{"custom_model_data":9925253},"model":"plny_coral_summer:wings_cosmetic"},{"predicate":{"custom_model_data":9925254},"model":"plny_coral_summer:wings_cosmetic_self"},{"predicate":{"custom_model_data":9925255},"model":"plny_coral_summer:wings_cosmetic_self_2"},{"predicate":{"custom_model_data":9925256},"model":"plny_coral_summer:wings_cosmetic_normal_2"},{"predicate":{"custom_model_data":9925257},"model":"item/potion"}]}