{
	"credit": "Made with Blockbench",
	"texture_size": [32, 32],
	"textures": {
		"0": "minewave:item/parrot/axe",
		"particle": "minewave:item/parrot/axe"
	},
	"elements": [
		{
			"from": [7.25, 2, 7.25],
			"to": [8.75, 12, 8.75],
			"rotation": {"angle": -45, "axis": "y", "origin": [8, 6.75, 8]},
			"faces": {
				"north": {"uv": [0, 0, 0.75, 5], "texture": "#0"},
				"east": {"uv": [1, 0, 1.75, 5], "texture": "#0"},
				"south": {"uv": [2, 0, 2.75, 5], "texture": "#0"},
				"west": {"uv": [3, 0, 3.75, 5], "texture": "#0"},
				"up": {"uv": [11.75, 3.75, 11, 3], "texture": "#0"},
				"down": {"uv": [11.75, 4, 11, 4.75], "texture": "#0"}
			}
		},
		{
			"from": [7, 5.5, 7],
			"to": [9, 6.5, 9],
			"rotation": {"angle": -45, "axis": "y", "origin": [8, 6.75, 8]},
			"faces": {
				"north": {"uv": [3, 5, 4, 5.5], "texture": "#0"},
				"east": {"uv": [2, 6.5, 3, 7], "texture": "#0"},
				"south": {"uv": [10.5, 8.5, 11.5, 9], "texture": "#0"},
				"west": {"uv": [11, 1.5, 12, 2], "texture": "#0"},
				"up": {"uv": [4.5, 9, 3.5, 8], "texture": "#0"},
				"down": {"uv": [5.5, 8, 4.5, 9], "texture": "#0"}
			}
		},
		{
			"from": [7, 7, 7],
			"to": [9, 8, 9],
			"rotation": {"angle": -45, "axis": "y", "origin": [8, 6.75, 8]},
			"faces": {
				"north": {"uv": [11, 5, 12, 5.5], "texture": "#0"},
				"east": {"uv": [11, 5.5, 12, 6], "texture": "#0"},
				"south": {"uv": [11, 6, 12, 6.5], "texture": "#0"},
				"west": {"uv": [11, 6.5, 12, 7], "texture": "#0"},
				"up": {"uv": [1, 9.5, 0, 8.5], "texture": "#0"},
				"down": {"uv": [9.5, 2, 8.5, 3], "texture": "#0"}
			}
		},
		{
			"from": [7, 8.5, 7],
			"to": [9, 9.5, 9],
			"rotation": {"angle": -45, "axis": "y", "origin": [8, 6.75, 8]},
			"faces": {
				"north": {"uv": [11, 7, 12, 7.5], "texture": "#0"},
				"east": {"uv": [11, 7.5, 12, 8], "texture": "#0"},
				"south": {"uv": [11, 8, 12, 8.5], "texture": "#0"},
				"west": {"uv": [11, 9, 12, 9.5], "texture": "#0"},
				"up": {"uv": [9.5, 4, 8.5, 3], "texture": "#0"},
				"down": {"uv": [9.5, 6, 8.5, 7], "texture": "#0"}
			}
		},
		{
			"from": [7, 4, 7],
			"to": [9, 5, 9],
			"rotation": {"angle": -45, "axis": "y", "origin": [8, 6.75, 8]},
			"faces": {
				"north": {"uv": [11, 9.5, 12, 10], "texture": "#0"},
				"east": {"uv": [10, 11, 11, 11.5], "texture": "#0"},
				"south": {"uv": [11, 10, 12, 10.5], "texture": "#0"},
				"west": {"uv": [11, 10.5, 12, 11], "texture": "#0"},
				"up": {"uv": [9.5, 8, 8.5, 7], "texture": "#0"},
				"down": {"uv": [9.5, 8, 8.5, 9], "texture": "#0"}
			}
		},
		{
			"from": [6.75, 11.25, 6.75],
			"to": [9.25, 13.75, 9.25],
			"rotation": {"angle": 45, "axis": "x", "origin": [8, 12.5, 8]},
			"faces": {
				"north": {"uv": [5.5, 1.5, 6.75, 2.75], "texture": "#0"},
				"east": {"uv": [3, 5.5, 4.25, 6.75], "texture": "#0"},
				"south": {"uv": [5.5, 3, 6.75, 4.25], "texture": "#0"},
				"west": {"uv": [4.5, 5.5, 5.75, 6.75], "texture": "#0"},
				"up": {"uv": [7.25, 5.75, 6, 4.5], "texture": "#0"},
				"down": {"uv": [7.25, 6, 6, 7.25], "texture": "#0"}
			}
		},
		{
			"from": [9, 11.20183, 4.75],
			"to": [9, 12.70183, 6.75],
			"rotation": {"angle": 45, "axis": "x", "origin": [10.25, 12.45183, 8]},
			"faces": {
				"north": {"uv": [0, 0, 0, 0.75], "texture": "#0"},
				"east": {"uv": [9.5, 6, 10.5, 6.75], "texture": "#0"},
				"south": {"uv": [0, 0, 0, 0.75], "texture": "#0"},
				"west": {"uv": [9.5, 7, 10.5, 7.75], "texture": "#0"},
				"up": {"uv": [0, 1, 0, 0], "texture": "#0"},
				"down": {"uv": [0, 0, 0, 1], "texture": "#0"}
			}
		},
		{
			"from": [7, 13.70183, 7.75],
			"to": [7, 15.70183, 9.25],
			"rotation": {"angle": 45, "axis": "x", "origin": [8, 12.45183, 8]},
			"faces": {
				"north": {"uv": [0, 0, 0, 1], "texture": "#0"},
				"east": {"uv": [9, 5, 9.75, 6], "texture": "#0"},
				"south": {"uv": [0, 0, 0, 1], "texture": "#0"},
				"west": {"uv": [2.5, 9.5, 3.25, 10.5], "texture": "#0"},
				"up": {"uv": [0, 0.75, 0, 0], "texture": "#0"},
				"down": {"uv": [0, 0, 0, 0.75], "texture": "#0"}
			}
		},
		{
			"from": [7, 13.20183, 7.25],
			"to": [7, 16.20183, 8.75],
			"rotation": {"angle": 0, "axis": "y", "origin": [8, 12.45183, 8]},
			"faces": {
				"north": {"uv": [0, 0, 0, 1.5], "texture": "#0"},
				"east": {"uv": [6.5, 7.5, 7.25, 9], "texture": "#0"},
				"south": {"uv": [0, 0, 0, 1.5], "texture": "#0"},
				"west": {"uv": [7.5, 7.5, 8.25, 9], "texture": "#0"},
				"up": {"uv": [0, 0.75, 0, 0], "texture": "#0"},
				"down": {"uv": [0, 0, 0, 0.75], "texture": "#0"}
			}
		},
		{
			"from": [7.25, 13.20183, 8.25],
			"to": [7.25, 15.70183, 9.75],
			"rotation": {"angle": 22.5, "axis": "x", "origin": [7.25, 14.70183, 9]},
			"faces": {
				"north": {"uv": [0, 0, 0, 1.25], "texture": "#0"},
				"east": {"uv": [9, 9, 9.75, 10.25], "texture": "#0"},
				"south": {"uv": [0, 0, 0, 1.25], "texture": "#0"},
				"west": {"uv": [0, 9.5, 0.75, 10.75], "texture": "#0"},
				"up": {"uv": [0, 0.75, 0, 0], "texture": "#0"},
				"down": {"uv": [0, 0, 0, 0.75], "texture": "#0"}
			}
		},
		{
			"from": [7.25, 13.20183, 6.25],
			"to": [7.25, 15.70183, 7.75],
			"rotation": {"angle": -22.5, "axis": "x", "origin": [7.25, 14.70183, 7]},
			"faces": {
				"north": {"uv": [0, 0, 0, 1.25], "texture": "#0"},
				"east": {"uv": [1.5, 9.5, 2.25, 10.75], "texture": "#0"},
				"south": {"uv": [0, 0, 0, 1.25], "texture": "#0"},
				"west": {"uv": [9.5, 2, 10.25, 3.25], "texture": "#0"},
				"up": {"uv": [0, 0.75, 0, 0], "texture": "#0"},
				"down": {"uv": [0, 0, 0, 0.75], "texture": "#0"}
			}
		},
		{
			"from": [7, 11.20183, 4.75],
			"to": [7, 12.70183, 6.75],
			"rotation": {"angle": 45, "axis": "x", "origin": [8.25, 12.45183, 8]},
			"faces": {
				"north": {"uv": [0, 0, 0, 0.75], "texture": "#0"},
				"east": {"uv": [10, 1, 11, 1.75], "texture": "#0"},
				"south": {"uv": [0, 0, 0, 0.75], "texture": "#0"},
				"west": {"uv": [10, 3.5, 11, 4.25], "texture": "#0"},
				"up": {"uv": [0, 1, 0, 0], "texture": "#0"},
				"down": {"uv": [0, 0, 0, 1], "texture": "#0"}
			}
		},
		{
			"from": [8.75, 13.20183, 6.25],
			"to": [8.75, 15.70183, 7.75],
			"rotation": {"angle": -22.5, "axis": "x", "origin": [8.75, 14.70183, 7]},
			"faces": {
				"north": {"uv": [0, 0, 0, 1.25], "texture": "#0"},
				"east": {"uv": [5, 9, 5.75, 10.25], "texture": "#0"},
				"south": {"uv": [0, 0, 0, 1.25], "texture": "#0"},
				"west": {"uv": [6, 9, 6.75, 10.25], "texture": "#0"},
				"up": {"uv": [0, 0.75, 0, 0], "texture": "#0"},
				"down": {"uv": [0, 0, 0, 0.75], "texture": "#0"}
			}
		},
		{
			"from": [8.75, 13.20183, 8.25],
			"to": [8.75, 15.70183, 9.75],
			"rotation": {"angle": 22.5, "axis": "x", "origin": [8.75, 14.70183, 9]},
			"faces": {
				"north": {"uv": [0, 0, 0, 1.25], "texture": "#0"},
				"east": {"uv": [7, 9, 7.75, 10.25], "texture": "#0"},
				"south": {"uv": [0, 0, 0, 1.25], "texture": "#0"},
				"west": {"uv": [8, 9, 8.75, 10.25], "texture": "#0"},
				"up": {"uv": [0, 0.75, 0, 0], "texture": "#0"},
				"down": {"uv": [0, 0, 0, 0.75], "texture": "#0"}
			}
		},
		{
			"from": [9, 13.20183, 7.25],
			"to": [9, 16.20183, 8.75],
			"rotation": {"angle": 0, "axis": "y", "origin": [10, 12.45183, 8]},
			"faces": {
				"north": {"uv": [0, 0, 0, 1.5], "texture": "#0"},
				"east": {"uv": [5.5, 7.5, 6.25, 9], "texture": "#0"},
				"south": {"uv": [0, 0, 0, 1.5], "texture": "#0"},
				"west": {"uv": [7.5, 6, 8.25, 7.5], "texture": "#0"},
				"up": {"uv": [0, 0.75, 0, 0], "texture": "#0"},
				"down": {"uv": [0, 0, 0, 0.75], "texture": "#0"}
			}
		},
		{
			"from": [9, 13.70183, 7.75],
			"to": [9, 15.70183, 9.25],
			"rotation": {"angle": 45, "axis": "x", "origin": [10, 12.45183, 8]},
			"faces": {
				"north": {"uv": [0, 0, 0, 1], "texture": "#0"},
				"east": {"uv": [9.5, 8, 10.25, 9], "texture": "#0"},
				"south": {"uv": [0, 0, 0, 1], "texture": "#0"},
				"west": {"uv": [10, 0, 10.75, 1], "texture": "#0"},
				"up": {"uv": [0, 0.75, 0, 0], "texture": "#0"},
				"down": {"uv": [0, 0, 0, 0.75], "texture": "#0"}
			}
		},
		{
			"from": [8, 11.5, 5.35],
			"to": [8, 13.5, 7.35],
			"rotation": {"angle": 0, "axis": "y", "origin": [8, 9.03661, 5.5]},
			"faces": {
				"north": {"uv": [0, 0, 0, 1], "texture": "#0"},
				"east": {"uv": [9, 0, 10, 1], "texture": "#0"},
				"south": {"uv": [0, 0, 0, 1], "texture": "#0"},
				"west": {"uv": [9, 1, 10, 2], "texture": "#0"},
				"up": {"uv": [0, 1, 0, 0], "texture": "#0"},
				"down": {"uv": [0, 0, 0, 1], "texture": "#0"}
			}
		},
		{
			"from": [8, 11.5, 8.6],
			"to": [8, 13.5, 11.1],
			"rotation": {"angle": 0, "axis": "y", "origin": [8, 9.03661, 5.5]},
			"faces": {
				"north": {"uv": [0, 0, 0, 1], "texture": "#0"},
				"east": {"uv": [7, 2, 8.25, 3], "texture": "#0"},
				"south": {"uv": [0, 0, 0, 1], "texture": "#0"},
				"west": {"uv": [7, 3, 8.25, 4], "texture": "#0"},
				"up": {"uv": [0, 1.25, 0, 0], "texture": "#0"},
				"down": {"uv": [0, 0, 0, 1.25], "texture": "#0"}
			}
		},
		{
			"from": [7.25, 11, 10.6],
			"to": [8.75, 14, 11.6],
			"rotation": {"angle": -22.5, "axis": "x", "origin": [8, 12.5, 11.1]},
			"faces": {
				"north": {"uv": [1.5, 8, 2.25, 9.5], "texture": "#0"},
				"east": {"uv": [4, 10, 4.5, 11.5], "texture": "#0"},
				"south": {"uv": [2.5, 8, 3.25, 9.5], "texture": "#0"},
				"west": {"uv": [4.5, 10, 5, 11.5], "texture": "#0"},
				"up": {"uv": [12.25, 2.5, 11.5, 2], "texture": "#0"},
				"down": {"uv": [3.25, 11.5, 2.5, 12], "texture": "#0"}
			}
		},
		{
			"from": [7.25, 11.31334, 12.14441],
			"to": [8.75, 11.31334, 14.14441],
			"rotation": {"angle": -22.5, "axis": "x", "origin": [8, 11.28821, 12.15984]},
			"faces": {
				"north": {"uv": [0, 0, 0.75, 0], "texture": "#0"},
				"east": {"uv": [0, 0, 1, 0], "texture": "#0"},
				"south": {"uv": [0, 0, 0.75, 0], "texture": "#0"},
				"west": {"uv": [0, 0, 1, 0], "texture": "#0"},
				"up": {"uv": [10.75, 5.5, 10, 4.5], "texture": "#0"},
				"down": {"uv": [10.75, 9, 10, 10], "texture": "#0"}
			}
		},
		{
			"from": [7.25, 11.27277, 12.13471],
			"to": [8.75, 13.27277, 12.13471],
			"rotation": {"angle": 0, "axis": "y", "origin": [8, 11.28821, 12.15984]},
			"faces": {
				"north": {"uv": [10.75, 11, 10, 10], "rotation": 180, "texture": "#0"},
				"east": {"uv": [0, 0, 1, 0], "rotation": 90, "texture": "#0"},
				"south": {"uv": [11.25, 2, 10.5, 3], "texture": "#0"},
				"west": {"uv": [0, 0, 1, 0], "rotation": 270, "texture": "#0"},
				"up": {"uv": [0, 0, 0.75, 0], "texture": "#0"},
				"down": {"uv": [0, 0, 0.75, 0], "rotation": 180, "texture": "#0"}
			}
		},
		{
			"from": [7.25, 11.27277, 12.13471],
			"to": [8.75, 13.27277, 12.13471],
			"rotation": {"angle": 45, "axis": "x", "origin": [8, 11.28821, 12.15984]},
			"faces": {
				"north": {"uv": [3.25, 11.5, 2.5, 10.5], "rotation": 180, "texture": "#0"},
				"east": {"uv": [0, 0, 1, 0], "rotation": 90, "texture": "#0"},
				"south": {"uv": [5.75, 10.5, 5, 11.5], "texture": "#0"},
				"west": {"uv": [0, 0, 1, 0], "rotation": 270, "texture": "#0"},
				"up": {"uv": [0, 0, 0.75, 0], "texture": "#0"},
				"down": {"uv": [0, 0, 0.75, 0], "rotation": 180, "texture": "#0"}
			}
		},
		{
			"from": [7.5, 10.5, 2.35],
			"to": [8.5, 14.5, 5.35],
			"rotation": {"angle": 0, "axis": "y", "origin": [8, 9.03661, 5]},
			"faces": {
				"north": {"uv": [1, 8.5, 1.5, 10.5], "texture": "#0"},
				"east": {"uv": [4, 0, 5.5, 2], "texture": "#0"},
				"south": {"uv": [3.5, 9, 4, 11], "texture": "#0"},
				"west": {"uv": [4, 2, 5.5, 4], "texture": "#0"},
				"up": {"uv": [1.5, 12, 1, 10.5], "texture": "#0"},
				"down": {"uv": [11, 5.5, 10.5, 7], "texture": "#0"}
			}
		},
		{
			"from": [7.55, 7.5, 2.35],
			"to": [8.45, 10.5, 4.85],
			"rotation": {"angle": -45, "axis": "x", "origin": [8, 10.5, 2.35]},
			"faces": {
				"north": {"uv": [6, 10.5, 6.5, 12], "texture": "#0"},
				"east": {"uv": [4, 4, 5.25, 5.5], "texture": "#0"},
				"south": {"uv": [6.5, 10.5, 7, 12], "texture": "#0"},
				"west": {"uv": [0, 5, 1.25, 6.5], "texture": "#0"},
				"up": {"uv": [11.5, 1.25, 11, 0], "texture": "#0"},
				"down": {"uv": [1, 11, 0.5, 12.25], "texture": "#0"}
			}
		},
		{
			"from": [7.55, 14.5, 2.35],
			"to": [8.45, 17, 5.35],
			"rotation": {"angle": 22.5, "axis": "x", "origin": [8, 14.5, 2.35]},
			"faces": {
				"north": {"uv": [1.5, 11, 2, 12.25], "texture": "#0"},
				"east": {"uv": [1.5, 5, 3, 6.25], "texture": "#0"},
				"south": {"uv": [2, 11, 2.5, 12.25], "texture": "#0"},
				"west": {"uv": [5.5, 0, 7, 1.25], "texture": "#0"},
				"up": {"uv": [7.5, 12, 7, 10.5], "texture": "#0"},
				"down": {"uv": [11, 7, 10.5, 8.5], "texture": "#0"}
			}
		},
		{
			"from": [7.55, 17, 2.35],
			"to": [8.45, 18.5, 2.35],
			"rotation": {"angle": 22.5, "axis": "x", "origin": [8, 14.5, 2.35]},
			"faces": {
				"north": {"uv": [5.5, 4.5, 6, 5.25], "texture": "#0"},
				"east": {"uv": [0, 0, 0, 0.75], "texture": "#0"},
				"south": {"uv": [3.5, 11, 4, 11.75], "texture": "#0"},
				"west": {"uv": [0, 0, 0, 0.75], "texture": "#0"},
				"up": {"uv": [0.5, 0, 0, 0], "texture": "#0"},
				"down": {"uv": [0.5, 0, 0, 0], "texture": "#0"}
			}
		},
		{
			"from": [7.55, 17, 2.35],
			"to": [7.55, 18.5, 6.35],
			"rotation": {"angle": 22.5, "axis": "x", "origin": [8, 14.5, 2.35]},
			"faces": {
				"north": {"uv": [0, 0, 0, 0.75], "texture": "#0"},
				"east": {"uv": [0, 6.5, 2, 7.25], "texture": "#0"},
				"south": {"uv": [0, 0, 0, 0.75], "texture": "#0"},
				"west": {"uv": [7, 0, 9, 0.75], "texture": "#0"},
				"up": {"uv": [0, 2, 0, 0], "texture": "#0"},
				"down": {"uv": [0, 0, 0, 2], "texture": "#0"}
			}
		},
		{
			"from": [8.45, 17, 2.35],
			"to": [8.45, 18.5, 6.35],
			"rotation": {"angle": 22.5, "axis": "x", "origin": [8, 14.5, 2.35]},
			"faces": {
				"north": {"uv": [0, 0, 0, 0.75], "texture": "#0"},
				"east": {"uv": [7, 1, 9, 1.75], "texture": "#0"},
				"south": {"uv": [0, 0, 0, 0.75], "texture": "#0"},
				"west": {"uv": [2, 7, 4, 7.75], "texture": "#0"},
				"up": {"uv": [0, 2, 0, 0], "texture": "#0"},
				"down": {"uv": [0, 0, 0, 2], "texture": "#0"}
			}
		},
		{
			"from": [8, -1.36213, 8.40001],
			"to": [8, 1.63787, 9.40001],
			"rotation": {"angle": -22.5, "axis": "x", "origin": [8, 1.63787, 9.40001]},
			"faces": {
				"north": {"uv": [0, 0, 0, 1.5], "texture": "#0"},
				"east": {"uv": [7.5, 10.5, 8, 12], "texture": "#0"},
				"south": {"uv": [0, 0, 0, 1.5], "texture": "#0"},
				"west": {"uv": [8, 10.5, 8.5, 12], "texture": "#0"},
				"up": {"uv": [0, 0.5, 0, 0], "texture": "#0"},
				"down": {"uv": [0, 0, 0, 0.5], "texture": "#0"}
			}
		},
		{
			"from": [8, -2.11213, 7.50001],
			"to": [8, 0.88787, 8.50001],
			"rotation": {"angle": 0, "axis": "y", "origin": [8, 1.63787, 8.00001]},
			"faces": {
				"north": {"uv": [0, 0, 0, 1.5], "texture": "#0"},
				"east": {"uv": [8.5, 10.5, 9, 12], "texture": "#0"},
				"south": {"uv": [0, 0, 0, 1.5], "texture": "#0"},
				"west": {"uv": [9, 10.5, 9.5, 12], "texture": "#0"},
				"up": {"uv": [0, 0.5, 0, 0], "texture": "#0"},
				"down": {"uv": [0, 0, 0, 0.5], "texture": "#0"}
			}
		},
		{
			"from": [8, -1.36213, 6.60001],
			"to": [8, 1.63787, 7.60001],
			"rotation": {"angle": 22.5, "axis": "x", "origin": [8, 1.63787, 6.60001]},
			"faces": {
				"north": {"uv": [0, 0, 0, 1.5], "texture": "#0"},
				"east": {"uv": [9.5, 10.5, 10, 12], "texture": "#0"},
				"south": {"uv": [0, 0, 0, 1.5], "texture": "#0"},
				"west": {"uv": [0, 11, 0.5, 12.5], "texture": "#0"},
				"up": {"uv": [0, 0.5, 0, 0], "texture": "#0"},
				"down": {"uv": [0, 0, 0, 0.5], "texture": "#0"}
			}
		},
		{
			"from": [6.75, 0.82354, 1.57246],
			"to": [9.25, 2.82354, 3.57246],
			"rotation": {"angle": -45, "axis": "x", "origin": [8, 8.28661, 5.5]},
			"faces": {
				"north": {"uv": [4, 7, 5.25, 8], "texture": "#0"},
				"east": {"uv": [4, 9, 5, 10], "texture": "#0"},
				"south": {"uv": [0, 7.5, 1.25, 8.5], "texture": "#0"},
				"west": {"uv": [9, 4, 10, 5], "texture": "#0"},
				"up": {"uv": [8.75, 5, 7.5, 4], "texture": "#0"},
				"down": {"uv": [8.75, 5, 7.5, 6], "texture": "#0"}
			}
		}
	],
	"display": {
		"thirdperson_righthand": {
			"translation": [0, 1, 0.5],
			"scale": [1.2, 1.2, 1.2]
		},
		"thirdperson_lefthand": {
			"translation": [0, 1, 0.5],
			"scale": [1.2, 1.2, 1.2]
		},
		"firstperson_righthand": {
			"rotation": [-5, 0, 0],
			"translation": [0, 2, 0]
		},
		"firstperson_lefthand": {
			"rotation": [-5, 0, 0],
			"translation": [0, 2, 0]
		},
		"ground": {
			"translation": [0, 6, 0]
		},
		"gui": {
			"rotation": [-90, 45, 90],
			"translation": [0.75, 0.5, 0],
			"scale": [0.9, 0.9, 0.9]
		},
		"fixed": {
			"rotation": [-90, 45, 90],
			"translation": [1.5, -0.5, 0]
		}
	},
	"groups": [
		{
			"name": "parrotaxe",
			"origin": [8, 8.30909, 8.01261],
			"color": 0,
			"children": [0, 1, 2, 3, 4, 5, 6, 7, 8, 9, 10, 11, 12, 13, 14, 15, 16, 17, 18, 19, 20, 21, 22, 23, 24, 25, 26, 27, 28, 29, 30, 31]
		}
	]
}