{
	"credit": "Made with Blockbench",
	"texture_size": [32, 32],
	"textures": {
		"2": "minewave:item/parrot/bow",
		"particle": "minewave:item/parrot/bow"
	},
	"elements": [
		{
			"from": [6.5, 6.19697, 2.74684],
			"to": [9.5, 8.69697, 5.24684],
			"rotation": {"angle": -45, "axis": "x", "origin": [8, 7.44697, 3.99684]},
			"faces": {
				"north": {"uv": [6, 3, 7.5, 4.25], "texture": "#2"},
				"east": {"uv": [8.5, 4, 9.75, 5.25], "texture": "#2"},
				"south": {"uv": [4, 6, 5.5, 7.25], "texture": "#2"},
				"west": {"uv": [5.5, 8.5, 6.75, 9.75], "texture": "#2"},
				"up": {"uv": [7, 7.25, 5.5, 6], "texture": "#2"},
				"down": {"uv": [1.5, 6.5, 0, 7.75], "texture": "#2"}
			}
		},
		{
			"from": [7, 3.96496, 1.5064],
			"to": [9, 6.96496, 3.0064],
			"rotation": {"angle": 45, "axis": "x", "origin": [8, 5.71496, 2.2564]},
			"faces": {
				"north": {"uv": [8.5, 8.5, 9.5, 10], "texture": "#2"},
				"east": {"uv": [8.5, 10, 9.25, 11.5], "texture": "#2"},
				"south": {"uv": [0, 9, 1, 10.5], "texture": "#2"},
				"west": {"uv": [0, 10.5, 0.75, 12], "texture": "#2"},
				"up": {"uv": [14, 8.25, 13, 7.5], "texture": "#2"},
				"down": {"uv": [14, 8.5, 13, 9.25], "texture": "#2"}
			}
		},
		{
			"from": [7, 3.96496, 3.0064],
			"to": [9, 5.46496, 7.6564],
			"rotation": {"angle": 45, "axis": "x", "origin": [8, 5.71496, 2.2564]},
			"faces": {
				"north": {"uv": [12.5, 13, 13.5, 13.75], "texture": "#2"},
				"east": {"uv": [7.5, 3, 9.75, 3.75], "texture": "#2"},
				"south": {"uv": [13.5, 0, 14.5, 0.75], "texture": "#2"},
				"west": {"uv": [5.5, 7.5, 7.75, 8.25], "texture": "#2"},
				"up": {"uv": [5, 2.25, 4, 0], "texture": "#2"},
				"down": {"uv": [5, 2.5, 4, 4.75], "texture": "#2"}
			}
		},
		{
			"from": [7.25, 0.64849, 4.83292],
			"to": [8.75, 0.64849, 7.83292],
			"rotation": {"angle": 0, "axis": "y", "origin": [8, 0.64849, 4.848]},
			"faces": {
				"north": {"uv": [0, 0, 0.75, 0], "texture": "#2"},
				"east": {"uv": [0, 0, 1.5, 0], "texture": "#2"},
				"south": {"uv": [0, 0, 0.75, 0], "texture": "#2"},
				"west": {"uv": [0, 0, 1.5, 0], "texture": "#2"},
				"up": {"uv": [7.25, 11.5, 6.5, 10], "texture": "#2"},
				"down": {"uv": [8.25, 10, 7.5, 11.5], "texture": "#2"}
			}
		},
		{
			"from": [7.25, 0.64849, 4.83292],
			"to": [8.75, 0.64849, 7.83292],
			"rotation": {"angle": 22.5, "axis": "x", "origin": [8, 0.64849, 4.848]},
			"faces": {
				"north": {"uv": [0, 0, 0.75, 0], "texture": "#2"},
				"east": {"uv": [0, 0, 1.5, 0], "texture": "#2"},
				"south": {"uv": [0, 0, 0.75, 0], "texture": "#2"},
				"west": {"uv": [0, 0, 1.5, 0], "texture": "#2"},
				"up": {"uv": [6.25, 11.5, 5.5, 10], "texture": "#2"},
				"down": {"uv": [10.75, 6, 10, 7.5], "texture": "#2"}
			}
		},
		{
			"from": [7.25, -2.33643, 4.848],
			"to": [8.75, 0.66357, 4.848],
			"rotation": {"angle": -22.5, "axis": "x", "origin": [8, 0.64849, 4.848]},
			"faces": {
				"north": {"uv": [3.5, 9, 4.25, 10.5], "texture": "#2"},
				"east": {"uv": [0, 0, 0, 1.5], "texture": "#2"},
				"south": {"uv": [10, 4.5, 10.75, 6], "texture": "#2"},
				"west": {"uv": [0, 0, 0, 1.5], "texture": "#2"},
				"up": {"uv": [0.75, 0, 0, 0], "texture": "#2"},
				"down": {"uv": [0.75, 0, 0, 0], "texture": "#2"}
			}
		},
		{
			"from": [7.05, 1.43582, 4.39682],
			"to": [8.95, 2.93582, 9.89682],
			"rotation": {"angle": -22.5, "axis": "x", "origin": [8, 2.18582, 6.64682]},
			"faces": {
				"north": {"uv": [13.5, 1, 14.5, 1.75], "texture": "#2"},
				"east": {"uv": [4, 5, 6.75, 5.75], "texture": "#2"},
				"south": {"uv": [13.5, 2, 14.5, 2.75], "texture": "#2"},
				"west": {"uv": [6, 0, 8.75, 0.75], "texture": "#2"},
				"up": {"uv": [1, 2.75, 0, 0], "texture": "#2"},
				"down": {"uv": [2, 0, 1, 2.75], "texture": "#2"}
			}
		},
		{
			"from": [6.5, 13.90733, 2.76823],
			"to": [9.5, 16.40733, 5.26823],
			"rotation": {"angle": 45, "axis": "x", "origin": [8, 15.15733, 4.01823]},
			"faces": {
				"north": {"uv": [1.5, 6.5, 3, 7.75], "texture": "#2"},
				"east": {"uv": [8.5, 5.5, 9.75, 6.75], "texture": "#2"},
				"south": {"uv": [7, 4.5, 8.5, 5.75], "texture": "#2"},
				"west": {"uv": [7, 8.5, 8.25, 9.75], "texture": "#2"},
				"up": {"uv": [8.5, 7.25, 7, 6], "texture": "#2"},
				"down": {"uv": [4.5, 7.5, 3, 8.75], "texture": "#2"}
			}
		},
		{
			"from": [9.25, 13.90183, 0.75],
			"to": [9.25, 15.40183, 2.75],
			"rotation": {"angle": 45, "axis": "x", "origin": [10.5, 15.15183, 4]},
			"faces": {
				"north": {"uv": [0, 0, 0, 0.75], "texture": "#2"},
				"east": {"uv": [13.5, 3, 14.5, 3.75], "texture": "#2"},
				"south": {"uv": [0, 0, 0, 0.75], "texture": "#2"},
				"west": {"uv": [6.5, 13.5, 7.5, 14.25], "texture": "#2"},
				"up": {"uv": [0, 1, 0, 0], "texture": "#2"},
				"down": {"uv": [0, 0, 0, 1], "texture": "#2"}
			}
		},
		{
			"from": [9.25, 3.67854, 1.517],
			"to": [9.25, 5.67854, 3.017],
			"rotation": {"angle": 45, "axis": "x", "origin": [9.2, 5.69555, 4]},
			"faces": {
				"north": {"uv": [0, 0, 0, 1], "texture": "#2"},
				"east": {"uv": [7.5, 13.5, 8.25, 14.5], "texture": "#2"},
				"south": {"uv": [0, 0, 0, 1], "texture": "#2"},
				"west": {"uv": [9.5, 13.5, 10.25, 14.5], "texture": "#2"},
				"up": {"uv": [0, 0.75, 0, 0], "texture": "#2"},
				"down": {"uv": [0, 0, 0, 0.75], "texture": "#2"}
			}
		},
		{
			"from": [9.25, 3.68927, 3.25],
			"to": [9.25, 6.68927, 4.75],
			"rotation": {"angle": 0, "axis": "y", "origin": [9.2, 5.69555, 4]},
			"faces": {
				"north": {"uv": [0, 0, 0, 1.5], "texture": "#2"},
				"east": {"uv": [1, 10.5, 1.75, 12], "texture": "#2"},
				"south": {"uv": [0, 0, 0, 1.5], "texture": "#2"},
				"west": {"uv": [10.5, 1, 11.25, 2.5], "texture": "#2"},
				"up": {"uv": [0, 0.75, 0, 0], "texture": "#2"},
				"down": {"uv": [0, 0, 0, 0.75], "texture": "#2"}
			}
		},
		{
			"from": [9.15, 3.84512, 2.51987],
			"to": [9.15, 6.34512, 4.01987],
			"rotation": {"angle": 22.5, "axis": "x", "origin": [9.2, 5.69555, 4]},
			"faces": {
				"north": {"uv": [0, 0, 0, 1.25], "texture": "#2"},
				"east": {"uv": [12, 8.5, 12.75, 9.75], "texture": "#2"},
				"south": {"uv": [0, 0, 0, 1.25], "texture": "#2"},
				"west": {"uv": [9.5, 12, 10.25, 13.25], "texture": "#2"},
				"up": {"uv": [0, 0.75, 0, 0], "texture": "#2"},
				"down": {"uv": [0, 0, 0, 0.75], "texture": "#2"}
			}
		},
		{
			"from": [9.15, 3.84512, 3.98013],
			"to": [9.15, 6.34512, 5.48013],
			"rotation": {"angle": -22.5, "axis": "x", "origin": [9.2, 5.69555, 4]},
			"faces": {
				"north": {"uv": [0, 0, 0, 1.25], "texture": "#2"},
				"east": {"uv": [10.5, 12, 11.25, 13.25], "texture": "#2"},
				"south": {"uv": [0, 0, 0, 1.25], "texture": "#2"},
				"west": {"uv": [12.5, 0, 13.25, 1.25], "texture": "#2"},
				"up": {"uv": [0, 0.75, 0, 0], "texture": "#2"},
				"down": {"uv": [0, 0, 0, 0.75], "texture": "#2"}
			}
		},
		{
			"from": [9.25, 6.67854, 4.017],
			"to": [9.25, 8.17854, 6.017],
			"rotation": {"angle": 45, "axis": "x", "origin": [9.2, 5.69555, 4]},
			"faces": {
				"north": {"uv": [0, 0, 0, 0.75], "texture": "#2"},
				"east": {"uv": [13.5, 9.5, 14.5, 10.25], "texture": "#2"},
				"south": {"uv": [0, 0, 0, 0.75], "texture": "#2"},
				"west": {"uv": [10.5, 13.5, 11.5, 14.25], "texture": "#2"},
				"up": {"uv": [0, 1, 0, 0], "texture": "#2"},
				"down": {"uv": [0, 0, 0, 1], "texture": "#2"}
			}
		},
		{
			"from": [9.15, 15.90183, 2.25],
			"to": [9.15, 18.40183, 3.75],
			"rotation": {"angle": -22.5, "axis": "x", "origin": [9.15, 17.40183, 3]},
			"faces": {
				"north": {"uv": [0, 0, 0, 1.25], "texture": "#2"},
				"east": {"uv": [12.5, 1.5, 13.25, 2.75], "texture": "#2"},
				"south": {"uv": [0, 0, 0, 1.25], "texture": "#2"},
				"west": {"uv": [2, 12.5, 2.75, 13.75], "texture": "#2"},
				"up": {"uv": [0, 0.75, 0, 0], "texture": "#2"},
				"down": {"uv": [0, 0, 0, 0.75], "texture": "#2"}
			}
		},
		{
			"from": [9.25, 16.40183, 3.75],
			"to": [9.25, 18.40183, 5.25],
			"rotation": {"angle": 45, "axis": "x", "origin": [10.25, 15.15183, 4]},
			"faces": {
				"north": {"uv": [0, 0, 0, 1], "texture": "#2"},
				"east": {"uv": [13.5, 10.5, 14.25, 11.5], "texture": "#2"},
				"south": {"uv": [0, 0, 0, 1], "texture": "#2"},
				"west": {"uv": [13.5, 11.5, 14.25, 12.5], "texture": "#2"},
				"up": {"uv": [0, 0.75, 0, 0], "texture": "#2"},
				"down": {"uv": [0, 0, 0, 0.75], "texture": "#2"}
			}
		},
		{
			"from": [9.15, 15.90183, 4.25],
			"to": [9.15, 18.40183, 5.75],
			"rotation": {"angle": 22.5, "axis": "x", "origin": [9.15, 17.40183, 5]},
			"faces": {
				"north": {"uv": [0, 0, 0, 1.25], "texture": "#2"},
				"east": {"uv": [12.5, 3, 13.25, 4.25], "texture": "#2"},
				"south": {"uv": [0, 0, 0, 1.25], "texture": "#2"},
				"west": {"uv": [8.5, 12.5, 9.25, 13.75], "texture": "#2"},
				"up": {"uv": [0, 0.75, 0, 0], "texture": "#2"},
				"down": {"uv": [0, 0, 0, 0.75], "texture": "#2"}
			}
		},
		{
			"from": [9.25, 15.90183, 3.25],
			"to": [9.25, 18.90183, 4.75],
			"rotation": {"angle": 0, "axis": "y", "origin": [10.25, 15.15183, 4]},
			"faces": {
				"north": {"uv": [0, 0, 0, 1.5], "texture": "#2"},
				"east": {"uv": [3.5, 10.5, 4.25, 12], "texture": "#2"},
				"south": {"uv": [0, 0, 0, 1.5], "texture": "#2"},
				"west": {"uv": [9.5, 10.5, 10.25, 12], "texture": "#2"},
				"up": {"uv": [0, 0.75, 0, 0], "texture": "#2"},
				"down": {"uv": [0, 0, 0, 0.75], "texture": "#2"}
			}
		},
		{
			"from": [6.75, 16.40183, 3.75],
			"to": [6.75, 18.40183, 5.25],
			"rotation": {"angle": 45, "axis": "x", "origin": [7.75, 15.15183, 4]},
			"faces": {
				"north": {"uv": [0, 0, 0, 1], "texture": "#2"},
				"east": {"uv": [13.5, 12.5, 14.25, 13.5], "texture": "#2"},
				"south": {"uv": [0, 0, 0, 1], "texture": "#2"},
				"west": {"uv": [13.5, 13.5, 14.25, 14.5], "texture": "#2"},
				"up": {"uv": [0, 0.75, 0, 0], "texture": "#2"},
				"down": {"uv": [0, 0, 0, 0.75], "texture": "#2"}
			}
		},
		{
			"from": [6.75, 6.67854, 4.017],
			"to": [6.75, 8.17854, 6.017],
			"rotation": {"angle": 45, "axis": "x", "origin": [6.825, 5.69555, 4]},
			"faces": {
				"north": {"uv": [0, 0, 0, 0.75], "texture": "#2"},
				"east": {"uv": [2, 14, 3, 14.75], "texture": "#2"},
				"south": {"uv": [0, 0, 0, 0.75], "texture": "#2"},
				"west": {"uv": [14, 4, 15, 4.75], "texture": "#2"},
				"up": {"uv": [0, 1, 0, 0], "texture": "#2"},
				"down": {"uv": [0, 0, 0, 1], "texture": "#2"}
			}
		},
		{
			"from": [6.9, 3.84512, 3.98013],
			"to": [6.9, 6.34512, 5.48013],
			"rotation": {"angle": -22.5, "axis": "x", "origin": [6.825, 5.69555, 4]},
			"faces": {
				"north": {"uv": [0, 0, 0, 1.25], "texture": "#2"},
				"east": {"uv": [12.5, 10, 13.25, 11.25], "texture": "#2"},
				"south": {"uv": [0, 0, 0, 1.25], "texture": "#2"},
				"west": {"uv": [11.5, 12.5, 12.25, 13.75], "texture": "#2"},
				"up": {"uv": [0, 0.75, 0, 0], "texture": "#2"},
				"down": {"uv": [0, 0, 0, 0.75], "texture": "#2"}
			}
		},
		{
			"from": [6.9, 3.84512, 2.51987],
			"to": [6.9, 6.34512, 4.01987],
			"rotation": {"angle": 22.5, "axis": "x", "origin": [6.825, 5.69555, 4]},
			"faces": {
				"north": {"uv": [0, 0, 0, 1.25], "texture": "#2"},
				"east": {"uv": [12.5, 11.5, 13.25, 12.75], "texture": "#2"},
				"south": {"uv": [0, 0, 0, 1.25], "texture": "#2"},
				"west": {"uv": [0, 13, 0.75, 14.25], "texture": "#2"},
				"up": {"uv": [0, 0.75, 0, 0], "texture": "#2"},
				"down": {"uv": [0, 0, 0, 0.75], "texture": "#2"}
			}
		},
		{
			"from": [6.75, 3.68927, 3.25],
			"to": [6.75, 6.68927, 4.75],
			"rotation": {"angle": 0, "axis": "y", "origin": [6.825, 5.69555, 4]},
			"faces": {
				"north": {"uv": [0, 0, 0, 1.5], "texture": "#2"},
				"east": {"uv": [10.5, 10.5, 11.25, 12], "texture": "#2"},
				"south": {"uv": [0, 0, 0, 1.5], "texture": "#2"},
				"west": {"uv": [2, 11, 2.75, 12.5], "texture": "#2"},
				"up": {"uv": [0, 0.75, 0, 0], "texture": "#2"},
				"down": {"uv": [0, 0, 0, 0.75], "texture": "#2"}
			}
		},
		{
			"from": [6.75, 3.67854, 1.517],
			"to": [6.75, 5.67854, 3.017],
			"rotation": {"angle": 45, "axis": "x", "origin": [6.825, 5.69555, 4]},
			"faces": {
				"north": {"uv": [0, 0, 0, 1], "texture": "#2"},
				"east": {"uv": [14, 5, 14.75, 6], "texture": "#2"},
				"south": {"uv": [0, 0, 0, 1], "texture": "#2"},
				"west": {"uv": [14, 7.5, 14.75, 8.5], "texture": "#2"},
				"up": {"uv": [0, 0.75, 0, 0], "texture": "#2"},
				"down": {"uv": [0, 0, 0, 0.75], "texture": "#2"}
			}
		},
		{
			"from": [6.75, 15.90183, 3.25],
			"to": [6.75, 18.90183, 4.75],
			"rotation": {"angle": 0, "axis": "y", "origin": [7.75, 15.15183, 4]},
			"faces": {
				"north": {"uv": [0, 0, 0, 1.5], "texture": "#2"},
				"east": {"uv": [11, 4.5, 11.75, 6], "texture": "#2"},
				"south": {"uv": [0, 0, 0, 1.5], "texture": "#2"},
				"west": {"uv": [11, 6, 11.75, 7.5], "texture": "#2"},
				"up": {"uv": [0, 0.75, 0, 0], "texture": "#2"},
				"down": {"uv": [0, 0, 0, 0.75], "texture": "#2"}
			}
		},
		{
			"from": [6.9, 15.90183, 4.25],
			"to": [6.9, 18.40183, 5.75],
			"rotation": {"angle": 22.5, "axis": "x", "origin": [6.9, 17.40183, 5]},
			"faces": {
				"north": {"uv": [0, 0, 0, 1.25], "texture": "#2"},
				"east": {"uv": [1, 13, 1.75, 14.25], "texture": "#2"},
				"south": {"uv": [0, 0, 0, 1.25], "texture": "#2"},
				"west": {"uv": [3, 13, 3.75, 14.25], "texture": "#2"},
				"up": {"uv": [0, 0.75, 0, 0], "texture": "#2"},
				"down": {"uv": [0, 0, 0, 0.75], "texture": "#2"}
			}
		},
		{
			"from": [6.9, 15.90183, 2.25],
			"to": [6.9, 18.40183, 3.75],
			"rotation": {"angle": -22.5, "axis": "x", "origin": [6.9, 17.40183, 3]},
			"faces": {
				"north": {"uv": [0, 0, 0, 1.25], "texture": "#2"},
				"east": {"uv": [13, 4.5, 13.75, 5.75], "texture": "#2"},
				"south": {"uv": [0, 0, 0, 1.25], "texture": "#2"},
				"west": {"uv": [5.5, 13, 6.25, 14.25], "texture": "#2"},
				"up": {"uv": [0, 0.75, 0, 0], "texture": "#2"},
				"down": {"uv": [0, 0, 0, 0.75], "texture": "#2"}
			}
		},
		{
			"from": [6.75, 13.90183, 0.75],
			"to": [6.75, 15.40183, 2.75],
			"rotation": {"angle": 45, "axis": "x", "origin": [8, 15.15183, 4]},
			"faces": {
				"north": {"uv": [0, 0, 0, 0.75], "texture": "#2"},
				"east": {"uv": [8.5, 14, 9.5, 14.75], "texture": "#2"},
				"south": {"uv": [0, 0, 0, 0.75], "texture": "#2"},
				"west": {"uv": [14, 8.5, 15, 9.25], "texture": "#2"},
				"up": {"uv": [0, 1, 0, 0], "texture": "#2"},
				"down": {"uv": [0, 0, 0, 1], "texture": "#2"}
			}
		},
		{
			"from": [7, 15.73934, 1.57779],
			"to": [9, 18.73934, 3.07779],
			"rotation": {"angle": -45, "axis": "x", "origin": [8, 16.98934, 2.32779]},
			"faces": {
				"north": {"uv": [9, 0, 10, 1.5], "texture": "#2"},
				"east": {"uv": [11, 7.5, 11.75, 9], "texture": "#2"},
				"south": {"uv": [1, 9, 2, 10.5], "texture": "#2"},
				"west": {"uv": [11, 9, 11.75, 10.5], "texture": "#2"},
				"up": {"uv": [12.5, 14.75, 11.5, 14], "texture": "#2"},
				"down": {"uv": [13.5, 14, 12.5, 14.75], "texture": "#2"}
			}
		},
		{
			"from": [7, 17.23934, 3.07779],
			"to": [9, 18.73934, 7.67779],
			"rotation": {"angle": -45, "axis": "x", "origin": [8, 16.98934, 2.32779]},
			"faces": {
				"north": {"uv": [0, 14.5, 1, 15.25], "texture": "#2"},
				"east": {"uv": [0, 8, 2.25, 8.75], "texture": "#2"},
				"south": {"uv": [14.5, 0, 15.5, 0.75], "texture": "#2"},
				"west": {"uv": [8, 7.5, 10.25, 8.25], "texture": "#2"},
				"up": {"uv": [6, 2.25, 5, 0], "texture": "#2"},
				"down": {"uv": [6, 2.5, 5, 4.75], "texture": "#2"}
			}
		},
		{
			"from": [7.25, 22.02046, 4.86896],
			"to": [8.75, 22.02046, 7.86896],
			"rotation": {"angle": 0, "axis": "y", "origin": [8, 22.02046, 4.88403]},
			"faces": {
				"north": {"uv": [0, 0, 0.75, 0], "texture": "#2"},
				"east": {"uv": [0, 0, 1.5, 0], "texture": "#2"},
				"south": {"uv": [0, 0, 0.75, 0], "texture": "#2"},
				"west": {"uv": [0, 0, 1.5, 0], "texture": "#2"},
				"up": {"uv": [12.25, 1.5, 11.5, 0], "texture": "#2"},
				"down": {"uv": [12.25, 1.5, 11.5, 3], "texture": "#2"}
			}
		},
		{
			"from": [7.25, 22.02046, 4.86896],
			"to": [8.75, 22.02046, 7.86896],
			"rotation": {"angle": -22.5, "axis": "x", "origin": [8, 22.02046, 4.88403]},
			"faces": {
				"north": {"uv": [0, 0, 0.75, 0], "texture": "#2"},
				"east": {"uv": [0, 0, 1.5, 0], "texture": "#2"},
				"south": {"uv": [0, 0, 0.75, 0], "texture": "#2"},
				"west": {"uv": [0, 0, 1.5, 0], "texture": "#2"},
				"up": {"uv": [12.25, 4.5, 11.5, 3], "texture": "#2"},
				"down": {"uv": [6.25, 11.5, 5.5, 13], "texture": "#2"}
			}
		},
		{
			"from": [7.25, 22.00538, 4.88403],
			"to": [8.75, 25.00538, 4.88403],
			"rotation": {"angle": 22.5, "axis": "x", "origin": [8, 22.02046, 4.88403]},
			"faces": {
				"north": {"uv": [6.5, 11.5, 7.25, 13], "texture": "#2"},
				"east": {"uv": [0, 0, 0, 1.5], "texture": "#2"},
				"south": {"uv": [7.5, 11.5, 8.25, 13], "texture": "#2"},
				"west": {"uv": [0, 0, 0, 1.5], "texture": "#2"},
				"up": {"uv": [0.75, 0, 0, 0], "texture": "#2"},
				"down": {"uv": [0.75, 0, 0, 0], "texture": "#2"}
			}
		},
		{
			"from": [7.05, 19.62172, 4.40384],
			"to": [8.95, 21.12172, 9.90384],
			"rotation": {"angle": 22.5, "axis": "x", "origin": [8, 20.37172, 6.90384]},
			"faces": {
				"north": {"uv": [1, 14.5, 2, 15.25], "texture": "#2"},
				"east": {"uv": [6, 1, 8.75, 1.75], "texture": "#2"},
				"south": {"uv": [14.5, 1, 15.5, 1.75], "texture": "#2"},
				"west": {"uv": [6, 2, 8.75, 2.75], "texture": "#2"},
				"up": {"uv": [3, 2.75, 2, 0], "texture": "#2"},
				"down": {"uv": [1, 3, 0, 5.75], "texture": "#2"}
			}
		},
		{
			"from": [7.25, 8.05046, 3.22849],
			"to": [8.75, 14.55046, 4.72849],
			"rotation": {"angle": -45, "axis": "y", "origin": [8, 11.30046, 3.97849]},
			"faces": {
				"north": {"uv": [3, 0, 3.75, 3.25], "texture": "#2"},
				"east": {"uv": [1, 3, 1.75, 6.25], "texture": "#2"},
				"south": {"uv": [2, 3, 2.75, 6.25], "texture": "#2"},
				"west": {"uv": [3, 3.5, 3.75, 6.75], "texture": "#2"},
				"up": {"uv": [10.25, 15.25, 9.5, 14.5], "texture": "#2"},
				"down": {"uv": [15.25, 9.5, 14.5, 10.25], "texture": "#2"}
			}
		},
		{
			"from": [7, 12.30046, 2.97849],
			"to": [9, 13.30046, 4.97849],
			"rotation": {"angle": -45, "axis": "y", "origin": [8, 11.30046, 3.97849]},
			"faces": {
				"north": {"uv": [0, 6, 1, 6.5], "texture": "#2"},
				"east": {"uv": [6, 4.5, 7, 5], "texture": "#2"},
				"south": {"uv": [3, 7, 4, 7.5], "texture": "#2"},
				"west": {"uv": [7.5, 4, 8.5, 4.5], "texture": "#2"},
				"up": {"uv": [9.5, 12.5, 8.5, 11.5], "texture": "#2"},
				"down": {"uv": [12.5, 10.5, 11.5, 11.5], "texture": "#2"}
			}
		},
		{
			"from": [7, 9.30046, 2.97849],
			"to": [9, 10.30046, 4.97849],
			"rotation": {"angle": -45, "axis": "y", "origin": [8, 8.30046, 3.97849]},
			"faces": {
				"north": {"uv": [9, 2.5, 10, 3], "texture": "#2"},
				"east": {"uv": [10.5, 14.5, 11.5, 15], "texture": "#2"},
				"south": {"uv": [14.5, 10.5, 15.5, 11], "texture": "#2"},
				"west": {"uv": [14.5, 11, 15.5, 11.5], "texture": "#2"},
				"up": {"uv": [12.5, 12.5, 11.5, 11.5], "texture": "#2"},
				"down": {"uv": [1, 12, 0, 13], "texture": "#2"}
			}
		},
		{
			"from": [7, 10.80046, 2.97849],
			"to": [9, 11.80046, 4.97849],
			"rotation": {"angle": -45, "axis": "y", "origin": [8, 9.80046, 3.97849]},
			"faces": {
				"north": {"uv": [14.5, 11.5, 15.5, 12], "texture": "#2"},
				"east": {"uv": [14.5, 12, 15.5, 12.5], "texture": "#2"},
				"south": {"uv": [14.5, 12.5, 15.5, 13], "texture": "#2"},
				"west": {"uv": [14.5, 13, 15.5, 13.5], "texture": "#2"},
				"up": {"uv": [2, 13, 1, 12], "texture": "#2"},
				"down": {"uv": [4, 12, 3, 13], "texture": "#2"}
			}
		},
		{
			"from": [6.75, 5.6635, 12.70759],
			"to": [9.25, 7.6635, 14.70759],
			"rotation": {"angle": 22.5, "axis": "x", "origin": [8, 14.43377, 3.7959]},
			"faces": {
				"north": {"uv": [9, 1.5, 10.25, 2.5], "texture": "#2"},
				"east": {"uv": [12, 4.5, 13, 5.5], "texture": "#2"},
				"south": {"uv": [2, 9, 3.25, 10], "texture": "#2"},
				"west": {"uv": [12, 5.5, 13, 6.5], "texture": "#2"},
				"up": {"uv": [10.75, 9.5, 9.5, 8.5], "texture": "#2"},
				"down": {"uv": [10.75, 9.5, 9.5, 10.5], "texture": "#2"}
			}
		},
		{
			"from": [8, 6.1635, 14.70759],
			"to": [8, 7.1635, 17.70759],
			"rotation": {"angle": 22.5, "axis": "x", "origin": [8, 14.43377, 3.7959]},
			"faces": {
				"north": {"uv": [0, 0, 0, 0.5], "texture": "#2"},
				"east": {"uv": [8.5, 7, 10, 7.5], "texture": "#2"},
				"south": {"uv": [0, 0, 0, 0.5], "texture": "#2"},
				"west": {"uv": [14.5, 2, 16, 2.5], "texture": "#2"},
				"up": {"uv": [0, 1.5, 0, 0], "texture": "#2"},
				"down": {"uv": [0, 0, 0, 1.5], "texture": "#2"}
			}
		},
		{
			"from": [8, 1.00523, 9.28925],
			"to": [8, 2.00523, 12.78925],
			"rotation": {"angle": 45, "axis": "x", "origin": [8, 1.50523, 11.28925]},
			"faces": {
				"north": {"uv": [0, 0, 0, 0.5], "texture": "#2"},
				"east": {"uv": [13, 6, 14.75, 6.5], "texture": "#2"},
				"south": {"uv": [0, 0, 0, 0.5], "texture": "#2"},
				"west": {"uv": [6.5, 13, 8.25, 13.5], "texture": "#2"},
				"up": {"uv": [0, 1.75, 0, 0], "texture": "#2"},
				"down": {"uv": [0, 0, 0, 1.75], "texture": "#2"}
			}
		},
		{
			"from": [8, 4.00523, 10.53925],
			"to": [8, 5.00523, 13.53925],
			"rotation": {"angle": -22.5, "axis": "x", "origin": [8, 4.50523, 12.28925]},
			"faces": {
				"north": {"uv": [0, 0, 0, 0.5], "texture": "#2"},
				"east": {"uv": [14.5, 2.5, 16, 3], "texture": "#2"},
				"south": {"uv": [0, 0, 0, 0.5], "texture": "#2"},
				"west": {"uv": [3, 14.5, 4.5, 15], "texture": "#2"},
				"up": {"uv": [0, 1.5, 0, 0], "texture": "#2"},
				"down": {"uv": [0, 0, 0, 1.5], "texture": "#2"}
			}
		},
		{
			"from": [8.1, 4.1135, 10.15759],
			"to": [8.1, 18.6135, 10.65759],
			"rotation": {"angle": 0, "axis": "y", "origin": [8.1, 11.38377, 2.9959]},
			"faces": {
				"north": {"uv": [0, 0, 0, 7.25], "texture": "#2"},
				"east": {"uv": [4.5, 7.5, 4.75, 14.75], "texture": "#2"},
				"south": {"uv": [0, 0, 0, 7.25], "texture": "#2"},
				"west": {"uv": [5, 7.5, 5.25, 14.75], "texture": "#2"},
				"up": {"uv": [0, 0.25, 0, 0], "texture": "#2"},
				"down": {"uv": [0, 0, 0, 0.25], "texture": "#2"}
			}
		},
		{
			"from": [6.75, 15.03279, 12.65029],
			"to": [9.25, 17.03279, 14.65029],
			"rotation": {"angle": -22.5, "axis": "x", "origin": [8, 8.38377, 3.9459]},
			"faces": {
				"north": {"uv": [10, 0, 11.25, 1], "texture": "#2"},
				"east": {"uv": [12, 6.5, 13, 7.5], "texture": "#2"},
				"south": {"uv": [2, 10, 3.25, 11], "texture": "#2"},
				"west": {"uv": [12, 7.5, 13, 8.5], "texture": "#2"},
				"up": {"uv": [11.25, 3.5, 10, 2.5], "texture": "#2"},
				"down": {"uv": [11.25, 3.5, 10, 4.5], "texture": "#2"}
			}
		},
		{
			"from": [8, 15.53279, 14.65029],
			"to": [8, 16.53279, 17.65029],
			"rotation": {"angle": -22.5, "axis": "x", "origin": [8, 8.38377, 3.9459]},
			"faces": {
				"north": {"uv": [0, 0, 0, 0.5], "texture": "#2"},
				"east": {"uv": [14.5, 3, 16, 3.5], "texture": "#2"},
				"south": {"uv": [0, 0, 0, 0.5], "texture": "#2"},
				"west": {"uv": [14.5, 3.5, 16, 4], "texture": "#2"},
				"up": {"uv": [0, 1.5, 0, 0], "texture": "#2"},
				"down": {"uv": [0, 0, 0, 1.5], "texture": "#2"}
			}
		},
		{
			"from": [8, 17.97036, 10.65089],
			"to": [8, 18.97036, 13.65089],
			"rotation": {"angle": 22.5, "axis": "x", "origin": [8, 18.43074, 11.46828]},
			"faces": {
				"north": {"uv": [0, 0, 0, 0.5], "texture": "#2"},
				"east": {"uv": [5.5, 14.5, 7, 15], "texture": "#2"},
				"south": {"uv": [0, 0, 0, 0.5], "texture": "#2"},
				"west": {"uv": [7, 14.5, 8.5, 15], "texture": "#2"},
				"up": {"uv": [0, 1.5, 0, 0], "texture": "#2"},
				"down": {"uv": [0, 0, 0, 1.5], "texture": "#2"}
			}
		},
		{
			"from": [8, 20.67036, 9.15089],
			"to": [8, 21.67036, 12.65089],
			"rotation": {"angle": -45, "axis": "x", "origin": [8, 21.17036, 11.15089]},
			"faces": {
				"north": {"uv": [0, 0, 0, 0.5], "texture": "#2"},
				"east": {"uv": [13, 6.5, 14.75, 7], "texture": "#2"},
				"south": {"uv": [0, 0, 0, 0.5], "texture": "#2"},
				"west": {"uv": [13, 7, 14.75, 7.5], "texture": "#2"},
				"up": {"uv": [0, 1.75, 0, 0], "texture": "#2"},
				"down": {"uv": [0, 0, 0, 1.75], "texture": "#2"}
			}
		}
	],
	"display": {
		"thirdperson_righthand": {
			"translation": [0, -4.5, 4],
			"scale": [0.8, 0.8, 0.8]
		},
		"thirdperson_lefthand": {
			"translation": [0, -4.5, 4],
			"scale": [0.8, 0.8, 0.8]
		},
		"firstperson_righthand": {
			"rotation": [-5, 3, 0],
			"translation": [0, 0, 1],
			"scale": [0.7, 0.7, 0.7]
		},
		"firstperson_lefthand": {
			"rotation": [-5, 3, 0],
			"translation": [0, 0, 1],
			"scale": [0.7, 0.7, 0.7]
		},
		"ground": {
			"translation": [0, 6, 0],
			"scale": [0.8, 0.8, 0.8]
		},
		"gui": {
			"rotation": [90, 45, -90],
			"translation": [-1.75, -1.5, 0],
			"scale": [0.7, 0.7, 0.7]
		},
		"fixed": {
			"rotation": [90, -45, 90],
			"translation": [2, -2, 0],
			"scale": [0.8, 0.8, 0.8]
		}
	},
	"groups": [
		{
			"name": "parrotbow",
			"origin": [8, 16.75046, 10.51331],
			"color": 0,
			"children": [
				0,
				1,
				2,
				3,
				4,
				5,
				6,
				7,
				8,
				9,
				10,
				11,
				12,
				13,
				14,
				15,
				16,
				17,
				18,
				19,
				20,
				21,
				22,
				23,
				24,
				25,
				26,
				27,
				28,
				29,
				30,
				31,
				32,
				33,
				34,
				35,
				36,
				37,
				38,
				39,
				40,
				41,
				42,
				43,
				44,
				45,
				46
			]
		}
	]
}