{
	"credit": "Made with Blockbench",
	"texture_size": [64, 64],
	"textures": {
		"1": "minewave:item/parrot/bow_1"
	},
	"elements": [
		{
			"from": [6.5, 6.19697, 2.74684],
			"to": [9.5, 8.69697, 5.24684],
			"rotation": {"angle": -45, "axis": "x", "origin": [8, 7.44697, 3.99684]},
			"faces": {
				"north": {"uv": [3, 1.5, 3.75, 2.125], "texture": "#1"},
				"east": {"uv": [4.25, 2, 4.875, 2.625], "texture": "#1"},
				"south": {"uv": [2, 3, 2.75, 3.625], "texture": "#1"},
				"west": {"uv": [2.75, 4.25, 3.375, 4.875], "texture": "#1"},
				"up": {"uv": [3.5, 3.625, 2.75, 3], "texture": "#1"},
				"down": {"uv": [0.75, 3.25, 0, 3.875], "texture": "#1"}
			}
		},
		{
			"from": [7, 3.96496, 1.5064],
			"to": [9, 6.96496, 3.0064],
			"rotation": {"angle": 45, "axis": "x", "origin": [8, 5.71496, 2.2564]},
			"faces": {
				"north": {"uv": [4.25, 4.25, 4.75, 5], "texture": "#1"},
				"east": {"uv": [5, 2.5, 5.375, 3.25], "texture": "#1"},
				"south": {"uv": [0, 4.5, 0.5, 5.25], "texture": "#1"},
				"west": {"uv": [2.75, 5, 3.125, 5.75], "texture": "#1"},
				"up": {"uv": [2.25, 7.125, 1.75, 6.75], "texture": "#1"},
				"down": {"uv": [7.25, 5.25, 6.75, 5.625], "texture": "#1"}
			}
		},
		{
			"from": [7, 3.96496, 3.0064],
			"to": [9, 5.46496, 7.6564],
			"rotation": {"angle": 45, "axis": "x", "origin": [8, 5.71496, 2.2564]},
			"faces": {
				"north": {"uv": [6.75, 5.75, 7.25, 6.125], "texture": "#1"},
				"east": {"uv": [3.75, 1.5, 4.875, 1.875], "texture": "#1"},
				"south": {"uv": [6.75, 6.25, 7.25, 6.625], "texture": "#1"},
				"west": {"uv": [2.75, 3.75, 3.875, 4.125], "texture": "#1"},
				"up": {"uv": [2.5, 1.125, 2, 0], "texture": "#1"},
				"down": {"uv": [2.5, 1.25, 2, 2.375], "texture": "#1"}
			}
		},
		{
			"from": [7.25, 0.64849, 4.83292],
			"to": [8.75, 0.64849, 7.83292],
			"rotation": {"angle": 0, "axis": "y", "origin": [8, 0.64849, 4.848]},
			"faces": {
				"north": {"uv": [0, 0, 0.375, 0], "texture": "#1"},
				"east": {"uv": [0, 0, 0.75, 0], "texture": "#1"},
				"south": {"uv": [0, 0, 0.375, 0], "texture": "#1"},
				"west": {"uv": [0, 0, 0.75, 0], "texture": "#1"},
				"up": {"uv": [3.625, 5.75, 3.25, 5], "texture": "#1"},
				"down": {"uv": [4.125, 5, 3.75, 5.75], "texture": "#1"}
			}
		},
		{
			"from": [7.25, 0.64849, 4.83292],
			"to": [8.75, 0.64849, 7.83292],
			"rotation": {"angle": 22.5, "axis": "x", "origin": [8, 0.64849, 4.848]},
			"faces": {
				"north": {"uv": [0, 0, 0.375, 0], "texture": "#1"},
				"east": {"uv": [0, 0, 0.75, 0], "texture": "#1"},
				"south": {"uv": [0, 0, 0.375, 0], "texture": "#1"},
				"west": {"uv": [0, 0, 0.75, 0], "texture": "#1"},
				"up": {"uv": [4.625, 5.75, 4.25, 5], "texture": "#1"},
				"down": {"uv": [0.375, 5.25, 0, 6], "texture": "#1"}
			}
		},
		{
			"from": [7.25, -2.33643, 4.848],
			"to": [8.75, 0.66357, 4.848],
			"rotation": {"angle": -22.5, "axis": "x", "origin": [8, 0.64849, 4.848]},
			"faces": {
				"north": {"uv": [0.5, 5.25, 0.875, 6], "texture": "#1"},
				"east": {"uv": [0, 0, 0, 0.75], "texture": "#1"},
				"south": {"uv": [4.75, 5.25, 5.125, 6], "texture": "#1"},
				"west": {"uv": [0, 0, 0, 0.75], "texture": "#1"},
				"up": {"uv": [0, 0, 0.375, 0], "texture": "#1"},
				"down": {"uv": [0, 0, 0.375, 0], "texture": "#1"}
			}
		},
		{
			"from": [7.05, 1.43582, 4.39682],
			"to": [8.95, 2.93582, 9.89682],
			"rotation": {"angle": -22.5, "axis": "x", "origin": [8, 2.18582, 6.64682]},
			"faces": {
				"north": {"uv": [6.75, 6.75, 7.25, 7.125], "texture": "#1"},
				"east": {"uv": [2, 2.5, 3.375, 2.875], "texture": "#1"},
				"south": {"uv": [7, 2.25, 7.5, 2.625], "texture": "#1"},
				"west": {"uv": [3, 0, 4.375, 0.375], "texture": "#1"},
				"up": {"uv": [0.5, 1.375, 0, 0], "texture": "#1"},
				"down": {"uv": [1, 0, 0.5, 1.375], "texture": "#1"}
			}
		},
		{
			"from": [6.5, 13.90733, 2.76823],
			"to": [9.5, 16.40733, 5.26823],
			"rotation": {"angle": 45, "axis": "x", "origin": [8, 15.15733, 4.01823]},
			"faces": {
				"north": {"uv": [0.75, 3.25, 1.5, 3.875], "texture": "#1"},
				"east": {"uv": [4.25, 2.75, 4.875, 3.375], "texture": "#1"},
				"south": {"uv": [3.5, 2.25, 4.25, 2.875], "texture": "#1"},
				"west": {"uv": [3.5, 4.25, 4.125, 4.875], "texture": "#1"},
				"up": {"uv": [4.25, 3.625, 3.5, 3], "texture": "#1"},
				"down": {"uv": [2.25, 3.75, 1.5, 4.375], "texture": "#1"}
			}
		},
		{
			"from": [9.25, 13.90183, 0.75],
			"to": [9.25, 15.40183, 2.75],
			"rotation": {"angle": 45, "axis": "x", "origin": [10.5, 15.15183, 4]},
			"faces": {
				"north": {"uv": [0, 0, 0, 0.375], "texture": "#1"},
				"east": {"uv": [7, 2.75, 7.5, 3.125], "texture": "#1"},
				"south": {"uv": [0, 0, 0, 0.375], "texture": "#1"},
				"west": {"uv": [7, 3.25, 7.5, 3.625], "texture": "#1"},
				"up": {"uv": [0, 0.5, 0, 0], "texture": "#1"},
				"down": {"uv": [0, 0, 0, 0.5], "texture": "#1"}
			}
		},
		{
			"from": [9.25, 3.67854, 1.517],
			"to": [9.25, 5.67854, 3.017],
			"rotation": {"angle": 45, "axis": "x", "origin": [9.2, 5.69555, 4]},
			"faces": {
				"north": {"uv": [0, 0, 0, 0.5], "texture": "#1"},
				"east": {"uv": [7, 3.75, 7.375, 4.25], "texture": "#1"},
				"south": {"uv": [0, 0, 0, 0.5], "texture": "#1"},
				"west": {"uv": [7, 4.25, 7.375, 4.75], "texture": "#1"},
				"up": {"uv": [0, 0, 0, 0.375], "texture": "#1"},
				"down": {"uv": [0, 0, 0, 0.375], "texture": "#1"}
			}
		},
		{
			"from": [9.25, 3.68927, 3.25],
			"to": [9.25, 6.68927, 4.75],
			"rotation": {"angle": 0, "axis": "y", "origin": [9.2, 5.69555, 4]},
			"faces": {
				"north": {"uv": [0, 0, 0, 0.75], "texture": "#1"},
				"east": {"uv": [5.25, 5.25, 5.625, 6], "texture": "#1"},
				"south": {"uv": [0, 0, 0, 0.75], "texture": "#1"},
				"west": {"uv": [1.5, 5.5, 1.875, 6.25], "texture": "#1"},
				"up": {"uv": [0, 0, 0, 0.375], "texture": "#1"},
				"down": {"uv": [0, 0, 0, 0.375], "texture": "#1"}
			}
		},
		{
			"from": [9.15, 3.84512, 2.51987],
			"to": [9.15, 6.34512, 4.01987],
			"rotation": {"angle": 22.5, "axis": "x", "origin": [9.2, 5.69555, 4]},
			"faces": {
				"north": {"uv": [0, 0, 0, 0.625], "texture": "#1"},
				"east": {"uv": [6.25, 6.25, 6.625, 6.875], "texture": "#1"},
				"south": {"uv": [0, 0, 0, 0.625], "texture": "#1"},
				"west": {"uv": [6.5, 2.5, 6.875, 3.125], "texture": "#1"},
				"up": {"uv": [0, 0, 0, 0.375], "texture": "#1"},
				"down": {"uv": [0, 0, 0, 0.375], "texture": "#1"}
			}
		},
		{
			"from": [9.15, 3.84512, 3.98013],
			"to": [9.15, 6.34512, 5.48013],
			"rotation": {"angle": -22.5, "axis": "x", "origin": [9.2, 5.69555, 4]},
			"faces": {
				"north": {"uv": [0, 0, 0, 0.625], "texture": "#1"},
				"east": {"uv": [2.75, 6.5, 3.125, 7.125], "texture": "#1"},
				"south": {"uv": [0, 0, 0, 0.625], "texture": "#1"},
				"west": {"uv": [3.25, 6.5, 3.625, 7.125], "texture": "#1"},
				"up": {"uv": [0, 0, 0, 0.375], "texture": "#1"},
				"down": {"uv": [0, 0, 0, 0.375], "texture": "#1"}
			}
		},
		{
			"from": [9.25, 6.67854, 4.017],
			"to": [9.25, 8.17854, 6.017],
			"rotation": {"angle": 45, "axis": "x", "origin": [9.2, 5.69555, 4]},
			"faces": {
				"north": {"uv": [0, 0, 0, 0.375], "texture": "#1"},
				"east": {"uv": [7, 4.75, 7.5, 5.125], "texture": "#1"},
				"south": {"uv": [0, 0, 0, 0.375], "texture": "#1"},
				"west": {"uv": [6.25, 7, 6.75, 7.375], "texture": "#1"},
				"up": {"uv": [0, 0, 0, 0.5], "texture": "#1"},
				"down": {"uv": [0, 0, 0, 0.5], "texture": "#1"}
			}
		},
		{
			"from": [9.15, 15.90183, 2.25],
			"to": [9.15, 18.40183, 3.75],
			"rotation": {"angle": -22.5, "axis": "x", "origin": [9.15, 17.40183, 3]},
			"faces": {
				"north": {"uv": [0, 0, 0, 0.625], "texture": "#1"},
				"east": {"uv": [3.75, 6.5, 4.125, 7.125], "texture": "#1"},
				"south": {"uv": [0, 0, 0, 0.625], "texture": "#1"},
				"west": {"uv": [6.5, 3.75, 6.875, 4.375], "texture": "#1"},
				"up": {"uv": [0, 0, 0, 0.375], "texture": "#1"},
				"down": {"uv": [0, 0, 0, 0.375], "texture": "#1"}
			}
		},
		{
			"from": [9.25, 16.40183, 3.75],
			"to": [9.25, 18.40183, 5.25],
			"rotation": {"angle": 45, "axis": "x", "origin": [10.25, 15.15183, 4]},
			"faces": {
				"north": {"uv": [0, 0, 0, 0.5], "texture": "#1"},
				"east": {"uv": [7.25, 0, 7.625, 0.5], "texture": "#1"},
				"south": {"uv": [0, 0, 0, 0.5], "texture": "#1"},
				"west": {"uv": [7.25, 0.5, 7.625, 1], "texture": "#1"},
				"up": {"uv": [0, 0, 0, 0.375], "texture": "#1"},
				"down": {"uv": [0, 0, 0, 0.375], "texture": "#1"}
			}
		},
		{
			"from": [9.15, 15.90183, 4.25],
			"to": [9.15, 18.40183, 5.75],
			"rotation": {"angle": 22.5, "axis": "x", "origin": [9.15, 17.40183, 5]},
			"faces": {
				"north": {"uv": [0, 0, 0, 0.625], "texture": "#1"},
				"east": {"uv": [4.25, 6.5, 4.625, 7.125], "texture": "#1"},
				"south": {"uv": [0, 0, 0, 0.625], "texture": "#1"},
				"west": {"uv": [6.5, 4.5, 6.875, 5.125], "texture": "#1"},
				"up": {"uv": [0, 0, 0, 0.375], "texture": "#1"},
				"down": {"uv": [0, 0, 0, 0.375], "texture": "#1"}
			}
		},
		{
			"from": [9.25, 15.90183, 3.25],
			"to": [9.25, 18.90183, 4.75],
			"rotation": {"angle": 0, "axis": "y", "origin": [10.25, 15.15183, 4]},
			"faces": {
				"north": {"uv": [0, 0, 0, 0.75], "texture": "#1"},
				"east": {"uv": [5.5, 2.5, 5.875, 3.25], "texture": "#1"},
				"south": {"uv": [0, 0, 0, 0.75], "texture": "#1"},
				"west": {"uv": [5.5, 3.75, 5.875, 4.5], "texture": "#1"},
				"up": {"uv": [0, 0, 0, 0.375], "texture": "#1"},
				"down": {"uv": [0, 0, 0, 0.375], "texture": "#1"}
			}
		},
		{
			"from": [6.75, 16.40183, 3.75],
			"to": [6.75, 18.40183, 5.25],
			"rotation": {"angle": 45, "axis": "x", "origin": [7.75, 15.15183, 4]},
			"faces": {
				"north": {"uv": [0, 0, 0, 0.5], "texture": "#1"},
				"east": {"uv": [7.25, 1, 7.625, 1.5], "texture": "#1"},
				"south": {"uv": [0, 0, 0, 0.5], "texture": "#1"},
				"west": {"uv": [1.75, 7.25, 2.125, 7.75], "texture": "#1"},
				"up": {"uv": [0, 0, 0, 0.375], "texture": "#1"},
				"down": {"uv": [0, 0, 0, 0.375], "texture": "#1"}
			}
		},
		{
			"from": [6.75, 6.67854, 4.017],
			"to": [6.75, 8.17854, 6.017],
			"rotation": {"angle": 45, "axis": "x", "origin": [6.825, 5.69555, 4]},
			"faces": {
				"north": {"uv": [0, 0, 0, 0.375], "texture": "#1"},
				"east": {"uv": [2.75, 7.25, 3.25, 7.625], "texture": "#1"},
				"south": {"uv": [0, 0, 0, 0.375], "texture": "#1"},
				"west": {"uv": [3.25, 7.25, 3.75, 7.625], "texture": "#1"},
				"up": {"uv": [0, 0, 0, 0.5], "texture": "#1"},
				"down": {"uv": [0, 0, 0, 0.5], "texture": "#1"}
			}
		},
		{
			"from": [6.9, 3.84512, 3.98013],
			"to": [6.9, 6.34512, 5.48013],
			"rotation": {"angle": -22.5, "axis": "x", "origin": [6.825, 5.69555, 4]},
			"faces": {
				"north": {"uv": [0, 0, 0, 0.625], "texture": "#1"},
				"east": {"uv": [4.75, 6.5, 5.125, 7.125], "texture": "#1"},
				"south": {"uv": [0, 0, 0, 0.625], "texture": "#1"},
				"west": {"uv": [5.25, 6.5, 5.625, 7.125], "texture": "#1"},
				"up": {"uv": [0, 0, 0, 0.375], "texture": "#1"},
				"down": {"uv": [0, 0, 0, 0.375], "texture": "#1"}
			}
		},
		{
			"from": [6.9, 3.84512, 2.51987],
			"to": [6.9, 6.34512, 4.01987],
			"rotation": {"angle": 22.5, "axis": "x", "origin": [6.825, 5.69555, 4]},
			"faces": {
				"north": {"uv": [0, 0, 0, 0.625], "texture": "#1"},
				"east": {"uv": [5.75, 6.5, 6.125, 7.125], "texture": "#1"},
				"south": {"uv": [0, 0, 0, 0.625], "texture": "#1"},
				"west": {"uv": [0, 6.75, 0.375, 7.375], "texture": "#1"},
				"up": {"uv": [0, 0, 0, 0.375], "texture": "#1"},
				"down": {"uv": [0, 0, 0, 0.375], "texture": "#1"}
			}
		},
		{
			"from": [6.75, 3.68927, 3.25],
			"to": [6.75, 6.68927, 4.75],
			"rotation": {"angle": 0, "axis": "y", "origin": [6.825, 5.69555, 4]},
			"faces": {
				"north": {"uv": [0, 0, 0, 0.75], "texture": "#1"},
				"east": {"uv": [5.5, 4.5, 5.875, 5.25], "texture": "#1"},
				"south": {"uv": [0, 0, 0, 0.75], "texture": "#1"},
				"west": {"uv": [5.75, 0, 6.125, 0.75], "texture": "#1"},
				"up": {"uv": [0, 0, 0, 0.375], "texture": "#1"},
				"down": {"uv": [0, 0, 0, 0.375], "texture": "#1"}
			}
		},
		{
			"from": [6.75, 3.67854, 1.517],
			"to": [6.75, 5.67854, 3.017],
			"rotation": {"angle": 45, "axis": "x", "origin": [6.825, 5.69555, 4]},
			"faces": {
				"north": {"uv": [0, 0, 0, 0.5], "texture": "#1"},
				"east": {"uv": [3.75, 7.25, 4.125, 7.75], "texture": "#1"},
				"south": {"uv": [0, 0, 0, 0.5], "texture": "#1"},
				"west": {"uv": [4.25, 7.25, 4.625, 7.75], "texture": "#1"},
				"up": {"uv": [0, 0, 0, 0.375], "texture": "#1"},
				"down": {"uv": [0, 0, 0, 0.375], "texture": "#1"}
			}
		},
		{
			"from": [6.75, 15.90183, 3.25],
			"to": [6.75, 18.90183, 4.75],
			"rotation": {"angle": 0, "axis": "y", "origin": [7.75, 15.15183, 4]},
			"faces": {
				"north": {"uv": [0, 0, 0, 0.75], "texture": "#1"},
				"east": {"uv": [5.75, 1, 6.125, 1.75], "texture": "#1"},
				"south": {"uv": [0, 0, 0, 0.75], "texture": "#1"},
				"west": {"uv": [5.75, 1.75, 6.125, 2.5], "texture": "#1"},
				"up": {"uv": [0, 0, 0, 0.375], "texture": "#1"},
				"down": {"uv": [0, 0, 0, 0.375], "texture": "#1"}
			}
		},
		{
			"from": [6.9, 15.90183, 4.25],
			"to": [6.9, 18.40183, 5.75],
			"rotation": {"angle": 22.5, "axis": "x", "origin": [6.9, 17.40183, 5]},
			"faces": {
				"north": {"uv": [0, 0, 0, 0.625], "texture": "#1"},
				"east": {"uv": [6.75, 0, 7.125, 0.625], "texture": "#1"},
				"south": {"uv": [0, 0, 0, 0.625], "texture": "#1"},
				"west": {"uv": [0.5, 6.75, 0.875, 7.375], "texture": "#1"},
				"up": {"uv": [0, 0, 0, 0.375], "texture": "#1"},
				"down": {"uv": [0, 0, 0, 0.375], "texture": "#1"}
			}
		},
		{
			"from": [6.9, 15.90183, 2.25],
			"to": [6.9, 18.40183, 3.75],
			"rotation": {"angle": -22.5, "axis": "x", "origin": [6.9, 17.40183, 3]},
			"faces": {
				"north": {"uv": [0, 0, 0, 0.625], "texture": "#1"},
				"east": {"uv": [6.75, 1, 7.125, 1.625], "texture": "#1"},
				"south": {"uv": [0, 0, 0, 0.625], "texture": "#1"},
				"west": {"uv": [1.25, 6.75, 1.625, 7.375], "texture": "#1"},
				"up": {"uv": [0, 0, 0, 0.375], "texture": "#1"},
				"down": {"uv": [0, 0, 0, 0.375], "texture": "#1"}
			}
		},
		{
			"from": [6.75, 13.90183, 0.75],
			"to": [6.75, 15.40183, 2.75],
			"rotation": {"angle": 45, "axis": "x", "origin": [8, 15.15183, 4]},
			"faces": {
				"north": {"uv": [0, 0, 0, 0.375], "texture": "#1"},
				"east": {"uv": [4.75, 7.25, 5.25, 7.625], "texture": "#1"},
				"south": {"uv": [0, 0, 0, 0.375], "texture": "#1"},
				"west": {"uv": [5.25, 7.25, 5.75, 7.625], "texture": "#1"},
				"up": {"uv": [0, 0, 0, 0.5], "texture": "#1"},
				"down": {"uv": [0, 0, 0, 0.5], "texture": "#1"}
			}
		},
		{
			"from": [7, 15.73934, 1.57779],
			"to": [9, 18.73934, 3.07779],
			"rotation": {"angle": -45, "axis": "x", "origin": [8, 16.98934, 2.32779]},
			"faces": {
				"north": {"uv": [4.5, 0, 5, 0.75], "texture": "#1"},
				"east": {"uv": [2.75, 5.75, 3.125, 6.5], "texture": "#1"},
				"south": {"uv": [0.5, 4.5, 1, 5.25], "texture": "#1"},
				"west": {"uv": [3.25, 5.75, 3.625, 6.5], "texture": "#1"},
				"up": {"uv": [7.75, 5.625, 7.25, 5.25], "texture": "#1"},
				"down": {"uv": [6.25, 7.25, 5.75, 7.625], "texture": "#1"}
			}
		},
		{
			"from": [7, 17.23934, 3.07779],
			"to": [9, 18.73934, 7.67779],
			"rotation": {"angle": -45, "axis": "x", "origin": [8, 16.98934, 2.32779]},
			"faces": {
				"north": {"uv": [7.25, 5.75, 7.75, 6.125], "texture": "#1"},
				"east": {"uv": [0, 4, 1.125, 4.375], "texture": "#1"},
				"south": {"uv": [7.25, 6.25, 7.75, 6.625], "texture": "#1"},
				"west": {"uv": [4, 3.75, 5.125, 4.125], "texture": "#1"},
				"up": {"uv": [3, 1.125, 2.5, 0], "texture": "#1"},
				"down": {"uv": [3, 1.25, 2.5, 2.375], "texture": "#1"}
			}
		},
		{
			"from": [7.25, 22.02046, 4.86896],
			"to": [8.75, 22.02046, 7.86896],
			"rotation": {"angle": 0, "axis": "y", "origin": [8, 22.02046, 4.88403]},
			"faces": {
				"north": {"uv": [0, 0, 0.375, 0], "texture": "#1"},
				"east": {"uv": [0, 0, 0.75, 0], "texture": "#1"},
				"south": {"uv": [0, 0, 0.375, 0], "texture": "#1"},
				"west": {"uv": [0, 0, 0.75, 0], "texture": "#1"},
				"up": {"uv": [4.125, 6.5, 3.75, 5.75], "texture": "#1"},
				"down": {"uv": [4.625, 5.75, 4.25, 6.5], "texture": "#1"}
			}
		},
		{
			"from": [7.25, 22.02046, 4.86896],
			"to": [8.75, 22.02046, 7.86896],
			"rotation": {"angle": -22.5, "axis": "x", "origin": [8, 22.02046, 4.88403]},
			"faces": {
				"north": {"uv": [0, 0, 0.375, 0], "texture": "#1"},
				"east": {"uv": [0, 0, 0.75, 0], "texture": "#1"},
				"south": {"uv": [0, 0, 0.375, 0], "texture": "#1"},
				"west": {"uv": [0, 0, 0.75, 0], "texture": "#1"},
				"up": {"uv": [6.125, 6, 5.75, 5.25], "texture": "#1"},
				"down": {"uv": [0.375, 6, 0, 6.75], "texture": "#1"}
			}
		},
		{
			"from": [7.25, 22.00538, 4.88403],
			"to": [8.75, 25.00538, 4.88403],
			"rotation": {"angle": 22.5, "axis": "x", "origin": [8, 22.02046, 4.88403]},
			"faces": {
				"north": {"uv": [0.5, 6, 0.875, 6.75], "texture": "#1"},
				"east": {"uv": [0, 0, 0, 0.75], "texture": "#1"},
				"south": {"uv": [6, 2.5, 6.375, 3.25], "texture": "#1"},
				"west": {"uv": [0, 0, 0, 0.75], "texture": "#1"},
				"up": {"uv": [0, 0, 0.375, 0], "texture": "#1"},
				"down": {"uv": [0, 0, 0.375, 0], "texture": "#1"}
			}
		},
		{
			"from": [7.05, 19.62172, 4.40384],
			"to": [8.95, 21.12172, 9.90384],
			"rotation": {"angle": 22.5, "axis": "x", "origin": [8, 20.37172, 6.90384]},
			"faces": {
				"north": {"uv": [6.75, 7.25, 7.25, 7.625], "texture": "#1"},
				"east": {"uv": [3, 0.5, 4.375, 0.875], "texture": "#1"},
				"south": {"uv": [7.25, 6.75, 7.75, 7.125], "texture": "#1"},
				"west": {"uv": [3, 1, 4.375, 1.375], "texture": "#1"},
				"up": {"uv": [1.5, 1.375, 1, 0], "texture": "#1"},
				"down": {"uv": [0.5, 1.5, 0, 2.875], "texture": "#1"}
			}
		},
		{
			"from": [7.25, 8.05046, 3.22849],
			"to": [8.75, 14.55046, 4.72849],
			"rotation": {"angle": -45, "axis": "y", "origin": [8, 11.30046, 3.97849]},
			"faces": {
				"north": {"uv": [1.5, 0, 1.875, 1.625], "texture": "#1"},
				"east": {"uv": [0.5, 1.5, 0.875, 3.125], "texture": "#1"},
				"south": {"uv": [1, 1.5, 1.375, 3.125], "texture": "#1"},
				"west": {"uv": [1.5, 1.75, 1.875, 3.375], "texture": "#1"},
				"up": {"uv": [2.625, 7.875, 2.25, 7.5], "texture": "#1"},
				"down": {"uv": [7.875, 3.75, 7.5, 4.125], "texture": "#1"}
			}
		},
		{
			"from": [8, 10.31606, -3.57495],
			"to": [8, 12.31606, -2.07495],
			"rotation": {"angle": 0, "axis": "y", "origin": [8.025, 13.89106, 3.87505]},
			"faces": {
				"north": {"uv": [0, 0, 0, 0.5], "texture": "#1"},
				"east": {"uv": [7.25, 7.25, 7.625, 7.75], "texture": "#1"},
				"south": {"uv": [0, 0, 0, 0.5], "texture": "#1"},
				"west": {"uv": [0, 7.5, 0.375, 8], "texture": "#1"},
				"up": {"uv": [0, 0.375, 0, 0], "texture": "#1"},
				"down": {"uv": [0, 0, 0, 0.375], "texture": "#1"}
			}
		},
		{
			"from": [7, 11.31606, 7.92505],
			"to": [9, 11.31606, 9.92505],
			"rotation": {"angle": 0, "axis": "y", "origin": [8.025, 13.89106, 15.87505]},
			"faces": {
				"north": {"uv": [0, 0, 0.5, 0], "texture": "#1"},
				"east": {"uv": [0, 0, 0.5, 0], "texture": "#1"},
				"south": {"uv": [0, 0, 0.5, 0], "texture": "#1"},
				"west": {"uv": [0, 0, 0.5, 0], "texture": "#1"},
				"up": {"uv": [5.75, 1.5, 5.25, 1], "texture": "#1"},
				"down": {"uv": [6.5, 3.75, 6, 4.25], "texture": "#1"}
			}
		},
		{
			"from": [8, 10.31606, 7.92505],
			"to": [8, 12.31606, 9.92505],
			"rotation": {"angle": 0, "axis": "y", "origin": [8.025, 13.89106, 15.87505]},
			"faces": {
				"north": {"uv": [0, 0, 0, 0.5], "texture": "#1"},
				"east": {"uv": [6, 4.25, 6.5, 4.75], "texture": "#1"},
				"south": {"uv": [0, 0, 0, 0.5], "texture": "#1"},
				"west": {"uv": [4.75, 6, 5.25, 6.5], "texture": "#1"},
				"up": {"uv": [0, 0.5, 0, 0], "texture": "#1"},
				"down": {"uv": [0, 0, 0, 0.5], "texture": "#1"}
			}
		},
		{
			"from": [7, 11.31606, -3.57495],
			"to": [9, 11.31606, -2.07495],
			"rotation": {"angle": 0, "axis": "y", "origin": [8.025, 13.89106, 3.87505]},
			"faces": {
				"north": {"uv": [0, 0, 0.5, 0], "texture": "#1"},
				"east": {"uv": [0, 0, 0.375, 0], "texture": "#1"},
				"south": {"uv": [0, 0, 0.5, 0], "texture": "#1"},
				"west": {"uv": [0, 0, 0.375, 0], "texture": "#1"},
				"up": {"uv": [1, 7.875, 0.5, 7.5], "texture": "#1"},
				"down": {"uv": [1.5, 7.5, 1, 7.875], "texture": "#1"}
			}
		},
		{
			"from": [7.75, 11.06606, -2.57495],
			"to": [8.25, 11.56606, 8.42505],
			"rotation": {"angle": 0, "axis": "y", "origin": [8.025, 13.89106, 3.87505]},
			"faces": {
				"north": {"uv": [5.25, 3.75, 5.375, 3.875], "texture": "#1"},
				"east": {"uv": [4.25, 3.5, 7, 3.625], "texture": "#1"},
				"south": {"uv": [5.25, 4, 5.375, 4.125], "texture": "#1"},
				"west": {"uv": [4.5, 0.75, 7.25, 0.875], "texture": "#1"},
				"up": {"uv": [1.375, 6.75, 1.25, 4], "texture": "#1"},
				"down": {"uv": [1.125, 4.5, 1, 7.25], "texture": "#1"}
			}
		},
		{
			"from": [7, 12.30046, 2.97849],
			"to": [9, 13.30046, 4.97849],
			"rotation": {"angle": -45, "axis": "y", "origin": [8, 11.30046, 3.97849]},
			"faces": {
				"north": {"uv": [0, 3, 0.5, 3.25], "texture": "#1"},
				"east": {"uv": [3, 2.25, 3.5, 2.5], "texture": "#1"},
				"south": {"uv": [1.5, 3.5, 2, 3.75], "texture": "#1"},
				"west": {"uv": [3.75, 2, 4.25, 2.25], "texture": "#1"},
				"up": {"uv": [6.5, 5.25, 6, 4.75], "texture": "#1"},
				"down": {"uv": [5.75, 6, 5.25, 6.5], "texture": "#1"}
			}
		},
		{
			"from": [7, 9.30046, 2.97849],
			"to": [9, 10.30046, 4.97849],
			"rotation": {"angle": -45, "axis": "y", "origin": [8, 8.30046, 3.97849]},
			"faces": {
				"north": {"uv": [6.25, 0.5, 6.75, 0.75], "texture": "#1"},
				"east": {"uv": [7.5, 4.25, 8, 4.5], "texture": "#1"},
				"south": {"uv": [7.5, 4.5, 8, 4.75], "texture": "#1"},
				"west": {"uv": [7.5, 4.75, 8, 5], "texture": "#1"},
				"up": {"uv": [6.25, 6.5, 5.75, 6], "texture": "#1"},
				"down": {"uv": [6.75, 0, 6.25, 0.5], "texture": "#1"}
			}
		},
		{
			"from": [7, 10.80046, 2.97849],
			"to": [9, 11.80046, 4.97849],
			"rotation": {"angle": -45, "axis": "y", "origin": [8, 9.80046, 3.97849]},
			"faces": {
				"north": {"uv": [7.5, 5, 8, 5.25], "texture": "#1"},
				"east": {"uv": [6.25, 7.5, 6.75, 7.75], "texture": "#1"},
				"south": {"uv": [7.75, 0, 8.25, 0.25], "texture": "#1"},
				"west": {"uv": [7.75, 0.25, 8.25, 0.5], "texture": "#1"},
				"up": {"uv": [6.75, 1.5, 6.25, 1], "texture": "#1"},
				"down": {"uv": [2, 6.25, 1.5, 6.75], "texture": "#1"}
			}
		},
		{
			"from": [6.75, 5.6635, 12.70759],
			"to": [9.25, 7.6635, 14.70759],
			"rotation": {"angle": 22.5, "axis": "x", "origin": [8, 14.43377, 3.7959]},
			"faces": {
				"north": {"uv": [4.5, 1, 5.125, 1.5], "texture": "#1"},
				"east": {"uv": [6.25, 1.5, 6.75, 2], "texture": "#1"},
				"south": {"uv": [1.5, 4.5, 2.125, 5], "texture": "#1"},
				"west": {"uv": [6.25, 2, 6.75, 2.5], "texture": "#1"},
				"up": {"uv": [5.375, 4.75, 4.75, 4.25], "texture": "#1"},
				"down": {"uv": [5.375, 4.75, 4.75, 5.25], "texture": "#1"}
			}
		},
		{
			"from": [8, 6.1635, 14.70759],
			"to": [8, 7.1635, 17.70759],
			"rotation": {"angle": 22.5, "axis": "x", "origin": [8, 14.43377, 3.7959]},
			"faces": {
				"north": {"uv": [0, 0, 0, 0.25], "texture": "#1"},
				"east": {"uv": [5, 0.5, 5.75, 0.75], "texture": "#1"},
				"south": {"uv": [0, 0, 0, 0.25], "texture": "#1"},
				"west": {"uv": [7.25, 1.5, 8, 1.75], "texture": "#1"},
				"up": {"uv": [0, 0, 0, 0.75], "texture": "#1"},
				"down": {"uv": [0, 0, 0, 0.75], "texture": "#1"}
			}
		},
		{
			"from": [8, 1.00523, 9.28925],
			"to": [8, 2.00523, 12.78925],
			"rotation": {"angle": 45, "axis": "x", "origin": [8, 1.50523, 11.28925]},
			"faces": {
				"north": {"uv": [0, 0, 0, 0.25], "texture": "#1"},
				"east": {"uv": [5, 3.25, 5.875, 3.5], "texture": "#1"},
				"south": {"uv": [0, 0, 0, 0.25], "texture": "#1"},
				"west": {"uv": [6, 3.25, 6.875, 3.5], "texture": "#1"},
				"up": {"uv": [0, 0.875, 0, 0], "texture": "#1"},
				"down": {"uv": [0, 0, 0, 0.875], "texture": "#1"}
			}
		},
		{
			"from": [8, 4.00523, 10.53925],
			"to": [8, 5.00523, 13.53925],
			"rotation": {"angle": -22.5, "axis": "x", "origin": [8, 4.50523, 12.28925]},
			"faces": {
				"north": {"uv": [0, 0, 0, 0.25], "texture": "#1"},
				"east": {"uv": [7.5, 2.25, 8.25, 2.5], "texture": "#1"},
				"south": {"uv": [0, 0, 0, 0.25], "texture": "#1"},
				"west": {"uv": [7.5, 2.5, 8.25, 2.75], "texture": "#1"},
				"up": {"uv": [0, 0, 0, 0.75], "texture": "#1"},
				"down": {"uv": [0, 0, 0, 0.75], "texture": "#1"}
			}
		},
		{
			"from": [8.1, 4.1135, 10.15759],
			"to": [8.1, 18.6135, 10.65759],
			"rotation": {"angle": 0, "axis": "y", "origin": [8.1, 11.38377, 2.9959]},
			"faces": {
				"north": {"uv": [0, 0, 0, 3.625], "texture": "#1"},
				"east": {"uv": [2.25, 3.75, 2.375, 7.375], "texture": "#1"},
				"south": {"uv": [0, 0, 0, 3.625], "texture": "#1"},
				"west": {"uv": [2.5, 3.75, 2.625, 7.375], "texture": "#1"},
				"up": {"uv": [0, 0.125, 0, 0], "texture": "#1"},
				"down": {"uv": [0, 0, 0, 0.125], "texture": "#1"}
			}
		},
		{
			"from": [6.75, 15.03279, 12.65029],
			"to": [9.25, 17.03279, 14.65029],
			"rotation": {"angle": -22.5, "axis": "x", "origin": [8, 8.38377, 3.9459]},
			"faces": {
				"north": {"uv": [5, 0, 5.625, 0.5], "texture": "#1"},
				"east": {"uv": [6.25, 5.25, 6.75, 5.75], "texture": "#1"},
				"south": {"uv": [1.5, 5, 2.125, 5.5], "texture": "#1"},
				"west": {"uv": [6.25, 5.75, 6.75, 6.25], "texture": "#1"},
				"up": {"uv": [5.625, 2, 5, 1.5], "texture": "#1"},
				"down": {"uv": [5.625, 2, 5, 2.5], "texture": "#1"}
			}
		},
		{
			"from": [8, 15.53279, 14.65029],
			"to": [8, 16.53279, 17.65029],
			"rotation": {"angle": -22.5, "axis": "x", "origin": [8, 8.38377, 3.9459]},
			"faces": {
				"north": {"uv": [0, 0, 0, 0.25], "texture": "#1"},
				"east": {"uv": [7.5, 2.75, 8.25, 3], "texture": "#1"},
				"south": {"uv": [0, 0, 0, 0.25], "texture": "#1"},
				"west": {"uv": [7.5, 3, 8.25, 3.25], "texture": "#1"},
				"up": {"uv": [0, 0, 0, 0.75], "texture": "#1"},
				"down": {"uv": [0, 0, 0, 0.75], "texture": "#1"}
			}
		},
		{
			"from": [8, 17.97036, 10.65089],
			"to": [8, 18.97036, 13.65089],
			"rotation": {"angle": 22.5, "axis": "x", "origin": [8, 18.43074, 11.46828]},
			"faces": {
				"north": {"uv": [0, 0, 0, 0.25], "texture": "#1"},
				"east": {"uv": [7.5, 3.25, 8.25, 3.5], "texture": "#1"},
				"south": {"uv": [0, 0, 0, 0.25], "texture": "#1"},
				"west": {"uv": [7.5, 3.5, 8.25, 3.75], "texture": "#1"},
				"up": {"uv": [0, 0, 0, 0.75], "texture": "#1"},
				"down": {"uv": [0, 0, 0, 0.75], "texture": "#1"}
			}
		},
		{
			"from": [8, 20.67036, 9.15089],
			"to": [8, 21.67036, 12.65089],
			"rotation": {"angle": -45, "axis": "x", "origin": [8, 21.17036, 11.15089]},
			"faces": {
				"north": {"uv": [0, 0, 0, 0.25], "texture": "#1"},
				"east": {"uv": [6.75, 1.75, 7.625, 2], "texture": "#1"},
				"south": {"uv": [0, 0, 0, 0.25], "texture": "#1"},
				"west": {"uv": [6.75, 2, 7.625, 2.25], "texture": "#1"},
				"up": {"uv": [0, 0, 0, 0.875], "texture": "#1"},
				"down": {"uv": [0, 0, 0, 0.875], "texture": "#1"}
			}
		}
	],
	"display": {
		"thirdperson_righthand": {
			"translation": [0, -4.5, 4],
			"scale": [0.8, 0.8, 0.8]
		},
		"thirdperson_lefthand": {
			"translation": [0, -4.5, 4],
			"scale": [0.8, 0.8, 0.8]
		},
		"firstperson_righthand": {
			"rotation": [-5, 3, 0],
			"translation": [0, 0, 1],
			"scale": [0.7, 0.7, 0.7]
		},
		"firstperson_lefthand": {
			"rotation": [-5, 3, 0],
			"translation": [0, 0, 1],
			"scale": [0.7, 0.7, 0.7]
		},
		"ground": {
			"translation": [0, 6, 0],
			"scale": [0.8, 0.8, 0.8]
		},
		"gui": {
			"rotation": [90, 45, -90],
			"translation": [-1.75, -1.5, 0],
			"scale": [0.7, 0.7, 0.7]
		},
		"fixed": {
			"rotation": [90, -45, 90],
			"translation": [2, -2, 0],
			"scale": [0.8, 0.8, 0.8]
		}
	},
	"groups": [
		{
			"name": "parrotbow",
			"origin": [8, 16.75046, 10.51331],
			"color": 0,
			"children": [
				0,
				1,
				2,
				3,
				4,
				5,
				6,
				7,
				8,
				9,
				10,
				11,
				12,
				13,
				14,
				15,
				16,
				17,
				18,
				19,
				20,
				21,
				22,
				23,
				24,
				25,
				26,
				27,
				28,
				29,
				30,
				31,
				32,
				33,
				34,
				35,
				36,
				37,
				38,
				39,
				40,
				41,
				42,
				43,
				44,
				45,
				46,
				47,
				48,
				49,
				50,
				51
			]
		}
	]
}