{
	"credit": "Made with Blockbench",
	"texture_size": [64, 64],
	"textures": {
		"1": "minewave:item/parrot/bow_2"
	},
	"elements": [
		{
			"from": [6.5, 9.49454, 0.89222],
			"to": [9.5, 11.99454, 3.39222],
			"rotation": {"angle": -45, "axis": "x", "origin": [8, 11.33448, 7.05005]},
			"faces": {
				"north": {"uv": [3, 1.5, 3.75, 2.125], "texture": "#1"},
				"east": {"uv": [4.25, 2, 4.875, 2.625], "texture": "#1"},
				"south": {"uv": [2, 3, 2.75, 3.625], "texture": "#1"},
				"west": {"uv": [2.75, 4.25, 3.375, 4.875], "texture": "#1"},
				"up": {"uv": [3.5, 3.625, 2.75, 3], "texture": "#1"},
				"down": {"uv": [0.75, 3.25, 0, 3.875], "texture": "#1"}
			}
		},
		{
			"from": [7, 2.22126, 6.88402],
			"to": [9, 5.22126, 8.38402],
			"rotation": {"angle": 45, "axis": "x", "origin": [8, 11.33448, 7.05005]},
			"faces": {
				"north": {"uv": [4.25, 4.25, 4.75, 5], "texture": "#1"},
				"east": {"uv": [5, 2.5, 5.375, 3.25], "texture": "#1"},
				"south": {"uv": [0, 4.5, 0.5, 5.25], "texture": "#1"},
				"west": {"uv": [2.75, 5, 3.125, 5.75], "texture": "#1"},
				"up": {"uv": [2.25, 7.125, 1.75, 6.75], "texture": "#1"},
				"down": {"uv": [7.25, 5.25, 6.75, 5.625], "texture": "#1"}
			}
		},
		{
			"from": [7, 2.22126, 8.38402],
			"to": [9, 3.72126, 13.03402],
			"rotation": {"angle": 45, "axis": "x", "origin": [8, 11.33448, 7.05005]},
			"faces": {
				"north": {"uv": [6.75, 5.75, 7.25, 6.125], "texture": "#1"},
				"east": {"uv": [3.75, 1.5, 4.875, 1.875], "texture": "#1"},
				"south": {"uv": [6.75, 6.25, 7.25, 6.625], "texture": "#1"},
				"west": {"uv": [2.75, 3.75, 3.875, 4.125], "texture": "#1"},
				"up": {"uv": [2.5, 1.125, 2, 0], "texture": "#1"},
				"down": {"uv": [2.5, 1.25, 2, 2.375], "texture": "#1"}
			}
		},
		{
			"from": [7.25, 0.64849, 4.83292],
			"to": [8.75, 0.64849, 7.83292],
			"rotation": {"angle": 0, "axis": "y", "origin": [8, 11.33448, 7.05005]},
			"faces": {
				"north": {"uv": [0, 0, 0.375, 0], "texture": "#1"},
				"east": {"uv": [0, 0, 0.75, 0], "texture": "#1"},
				"south": {"uv": [0, 0, 0.375, 0], "texture": "#1"},
				"west": {"uv": [0, 0, 0.75, 0], "texture": "#1"},
				"up": {"uv": [3.625, 5.75, 3.25, 5], "texture": "#1"},
				"down": {"uv": [4.125, 5, 3.75, 5.75], "texture": "#1"}
			}
		},
		{
			"from": [7.25, 0.61922, 9.08989],
			"to": [8.75, 0.61922, 12.08989],
			"rotation": {"angle": 22.5, "axis": "x", "origin": [8, 11.33448, 7.05005]},
			"faces": {
				"north": {"uv": [0, 0, 0.375, 0], "texture": "#1"},
				"east": {"uv": [0, 0, 0.75, 0], "texture": "#1"},
				"south": {"uv": [0, 0, 0.375, 0], "texture": "#1"},
				"west": {"uv": [0, 0, 0.75, 0], "texture": "#1"},
				"up": {"uv": [4.625, 5.75, 4.25, 5], "texture": "#1"},
				"down": {"uv": [0.375, 5.25, 0, 6], "texture": "#1"}
			}
		},
		{
			"from": [7.25, -0.68032, 0.92627],
			"to": [8.75, 2.31968, 0.92627],
			"rotation": {"angle": -22.5, "axis": "x", "origin": [8, 11.33448, 7.05005]},
			"faces": {
				"north": {"uv": [0.5, 5.25, 0.875, 6], "texture": "#1"},
				"east": {"uv": [0, 0, 0, 0.75], "texture": "#1"},
				"south": {"uv": [4.75, 5.25, 5.125, 6], "texture": "#1"},
				"west": {"uv": [0, 0, 0, 0.75], "texture": "#1"},
				"up": {"uv": [0, 0, 0.375, 0], "texture": "#1"},
				"down": {"uv": [0, 0, 0.375, 0], "texture": "#1"}
			}
		},
		{
			"from": [7.05, 2.28653, 0.92648],
			"to": [8.95, 3.78653, 6.42648],
			"rotation": {"angle": -22.5, "axis": "x", "origin": [8, 11.33448, 7.05005]},
			"faces": {
				"north": {"uv": [6.75, 6.75, 7.25, 7.125], "texture": "#1"},
				"east": {"uv": [2, 2.5, 3.375, 2.875], "texture": "#1"},
				"south": {"uv": [7, 2.25, 7.5, 2.625], "texture": "#1"},
				"west": {"uv": [3, 0, 4.375, 0.375], "texture": "#1"},
				"up": {"uv": [0.5, 1.375, 0, 0], "texture": "#1"},
				"down": {"uv": [1, 0, 0.5, 1.375], "texture": "#1"}
			}
		},
		{
			"from": [6.5, 10.64382, 0.95306],
			"to": [9.5, 13.14382, 3.45306],
			"rotation": {"angle": 45, "axis": "x", "origin": [8, 11.33448, 7.05005]},
			"faces": {
				"north": {"uv": [0.75, 3.25, 1.5, 3.875], "texture": "#1"},
				"east": {"uv": [4.25, 2.75, 4.875, 3.375], "texture": "#1"},
				"south": {"uv": [3.5, 2.25, 4.25, 2.875], "texture": "#1"},
				"west": {"uv": [3.5, 4.25, 4.125, 4.875], "texture": "#1"},
				"up": {"uv": [4.25, 3.625, 3.5, 3], "texture": "#1"},
				"down": {"uv": [2.25, 3.75, 1.5, 4.375], "texture": "#1"}
			}
		},
		{
			"from": [9.25, 10.62704, -1.05594],
			"to": [9.25, 12.12704, 0.94406],
			"rotation": {"angle": 45, "axis": "x", "origin": [8, 11.33448, 7.05005]},
			"faces": {
				"north": {"uv": [0, 0, 0, 0.375], "texture": "#1"},
				"east": {"uv": [7, 2.75, 7.5, 3.125], "texture": "#1"},
				"south": {"uv": [0, 0, 0, 0.375], "texture": "#1"},
				"west": {"uv": [7, 3.25, 7.5, 3.625], "texture": "#1"},
				"up": {"uv": [0, 0.5, 0, 0], "texture": "#1"},
				"down": {"uv": [0, 0, 0, 0.5], "texture": "#1"}
			}
		},
		{
			"from": [9.25, 3.17343, 6.39766],
			"to": [9.25, 5.17343, 7.89766],
			"rotation": {"angle": 45, "axis": "x", "origin": [8, 11.33448, 7.05005]},
			"faces": {
				"north": {"uv": [0, 0, 0, 0.5], "texture": "#1"},
				"east": {"uv": [7, 3.75, 7.375, 4.25], "texture": "#1"},
				"south": {"uv": [0, 0, 0, 0.5], "texture": "#1"},
				"west": {"uv": [7, 4.25, 7.375, 4.75], "texture": "#1"},
				"up": {"uv": [0, 0, 0, 0.375], "texture": "#1"},
				"down": {"uv": [0, 0, 0, 0.375], "texture": "#1"}
			}
		},
		{
			"from": [9.25, 3.68927, 3.25],
			"to": [9.25, 6.68927, 4.75],
			"rotation": {"angle": 0, "axis": "y", "origin": [8, 11.33448, 7.05005]},
			"faces": {
				"north": {"uv": [0, 0, 0, 0.75], "texture": "#1"},
				"east": {"uv": [5.25, 5.25, 5.625, 6], "texture": "#1"},
				"south": {"uv": [0, 0, 0, 0.75], "texture": "#1"},
				"west": {"uv": [1.5, 5.5, 1.875, 6.25], "texture": "#1"},
				"up": {"uv": [0, 0, 0, 0.375], "texture": "#1"},
				"down": {"uv": [0, 0, 0, 0.375], "texture": "#1"}
			}
		},
		{
			"from": [9.15, 3.10715, 4.90996],
			"to": [9.15, 5.60715, 6.40996],
			"rotation": {"angle": 22.5, "axis": "x", "origin": [8, 11.33448, 7.05005]},
			"faces": {
				"north": {"uv": [0, 0, 0, 0.625], "texture": "#1"},
				"east": {"uv": [6.25, 6.25, 6.625, 6.875], "texture": "#1"},
				"south": {"uv": [0, 0, 0, 0.625], "texture": "#1"},
				"west": {"uv": [6.5, 2.5, 6.875, 3.125], "texture": "#1"},
				"up": {"uv": [0, 0, 0, 0.375], "texture": "#1"},
				"down": {"uv": [0, 0, 0, 0.375], "texture": "#1"}
			}
		},
		{
			"from": [9.15, 5.44156, 2.05438],
			"to": [9.15, 7.94156, 3.55438],
			"rotation": {"angle": -22.5, "axis": "x", "origin": [8, 11.33448, 7.05005]},
			"faces": {
				"north": {"uv": [0, 0, 0, 0.625], "texture": "#1"},
				"east": {"uv": [2.75, 6.5, 3.125, 7.125], "texture": "#1"},
				"south": {"uv": [0, 0, 0, 0.625], "texture": "#1"},
				"west": {"uv": [3.25, 6.5, 3.625, 7.125], "texture": "#1"},
				"up": {"uv": [0, 0, 0, 0.375], "texture": "#1"},
				"down": {"uv": [0, 0, 0, 0.375], "texture": "#1"}
			}
		},
		{
			"from": [9.25, 6.17343, 8.89766],
			"to": [9.25, 7.67343, 10.89766],
			"rotation": {"angle": 45, "axis": "x", "origin": [8, 11.33448, 7.05005]},
			"faces": {
				"north": {"uv": [0, 0, 0, 0.375], "texture": "#1"},
				"east": {"uv": [7, 4.75, 7.5, 5.125], "texture": "#1"},
				"south": {"uv": [0, 0, 0, 0.375], "texture": "#1"},
				"west": {"uv": [6.25, 7, 6.75, 7.375], "texture": "#1"},
				"up": {"uv": [0, 0, 0, 0.5], "texture": "#1"},
				"down": {"uv": [0, 0, 0, 0.5], "texture": "#1"}
			}
		},
		{
			"from": [9.15, 16.98987, 4.88017],
			"to": [9.15, 19.48987, 6.38017],
			"rotation": {"angle": -22.5, "axis": "x", "origin": [8, 11.33448, 7.05005]},
			"faces": {
				"north": {"uv": [0, 0, 0, 0.625], "texture": "#1"},
				"east": {"uv": [3.75, 6.5, 4.125, 7.125], "texture": "#1"},
				"south": {"uv": [0, 0, 0, 0.625], "texture": "#1"},
				"west": {"uv": [6.5, 3.75, 6.875, 4.375], "texture": "#1"},
				"up": {"uv": [0, 0, 0, 0.375], "texture": "#1"},
				"down": {"uv": [0, 0, 0, 0.375], "texture": "#1"}
			}
		},
		{
			"from": [9.25, 13.12704, 1.94406],
			"to": [9.25, 15.12704, 3.44406],
			"rotation": {"angle": 45, "axis": "x", "origin": [8, 11.33448, 7.05005]},
			"faces": {
				"north": {"uv": [0, 0, 0, 0.5], "texture": "#1"},
				"east": {"uv": [7.25, 0, 7.625, 0.5], "texture": "#1"},
				"south": {"uv": [0, 0, 0, 0.5], "texture": "#1"},
				"west": {"uv": [7.25, 0.5, 7.625, 1], "texture": "#1"},
				"up": {"uv": [0, 0, 0, 0.375], "texture": "#1"},
				"down": {"uv": [0, 0, 0, 0.375], "texture": "#1"}
			}
		},
		{
			"from": [9.15, 14.65546, 2.08417],
			"to": [9.15, 17.15546, 3.58417],
			"rotation": {"angle": 22.5, "axis": "x", "origin": [8, 11.33448, 7.05005]},
			"faces": {
				"north": {"uv": [0, 0, 0, 0.625], "texture": "#1"},
				"east": {"uv": [4.25, 6.5, 4.625, 7.125], "texture": "#1"},
				"south": {"uv": [0, 0, 0, 0.625], "texture": "#1"},
				"west": {"uv": [6.5, 4.5, 6.875, 5.125], "texture": "#1"},
				"up": {"uv": [0, 0, 0, 0.375], "texture": "#1"},
				"down": {"uv": [0, 0, 0, 0.375], "texture": "#1"}
			}
		},
		{
			"from": [9.25, 15.90183, 3.25],
			"to": [9.25, 18.90183, 4.75],
			"rotation": {"angle": 0, "axis": "y", "origin": [8, 11.33448, 7.05005]},
			"faces": {
				"north": {"uv": [0, 0, 0, 0.75], "texture": "#1"},
				"east": {"uv": [5.5, 2.5, 5.875, 3.25], "texture": "#1"},
				"south": {"uv": [0, 0, 0, 0.75], "texture": "#1"},
				"west": {"uv": [5.5, 3.75, 5.875, 4.5], "texture": "#1"},
				"up": {"uv": [0, 0, 0, 0.375], "texture": "#1"},
				"down": {"uv": [0, 0, 0, 0.375], "texture": "#1"}
			}
		},
		{
			"from": [6.75, 13.12704, 1.94406],
			"to": [6.75, 15.12704, 3.44406],
			"rotation": {"angle": 45, "axis": "x", "origin": [8, 11.33448, 7.05005]},
			"faces": {
				"north": {"uv": [0, 0, 0, 0.5], "texture": "#1"},
				"east": {"uv": [7.25, 1, 7.625, 1.5], "texture": "#1"},
				"south": {"uv": [0, 0, 0, 0.5], "texture": "#1"},
				"west": {"uv": [1.75, 7.25, 2.125, 7.75], "texture": "#1"},
				"up": {"uv": [0, 0, 0, 0.375], "texture": "#1"},
				"down": {"uv": [0, 0, 0, 0.375], "texture": "#1"}
			}
		},
		{
			"from": [6.75, 6.17343, 8.89766],
			"to": [6.75, 7.67343, 10.89766],
			"rotation": {"angle": 45, "axis": "x", "origin": [8, 11.33448, 7.05005]},
			"faces": {
				"north": {"uv": [0, 0, 0, 0.375], "texture": "#1"},
				"east": {"uv": [2.75, 7.25, 3.25, 7.625], "texture": "#1"},
				"south": {"uv": [0, 0, 0, 0.375], "texture": "#1"},
				"west": {"uv": [3.25, 7.25, 3.75, 7.625], "texture": "#1"},
				"up": {"uv": [0, 0, 0, 0.5], "texture": "#1"},
				"down": {"uv": [0, 0, 0, 0.5], "texture": "#1"}
			}
		},
		{
			"from": [6.9, 5.44156, 2.05438],
			"to": [6.9, 7.94156, 3.55438],
			"rotation": {"angle": -22.5, "axis": "x", "origin": [8, 11.33448, 7.05005]},
			"faces": {
				"north": {"uv": [0, 0, 0, 0.625], "texture": "#1"},
				"east": {"uv": [4.75, 6.5, 5.125, 7.125], "texture": "#1"},
				"south": {"uv": [0, 0, 0, 0.625], "texture": "#1"},
				"west": {"uv": [5.25, 6.5, 5.625, 7.125], "texture": "#1"},
				"up": {"uv": [0, 0, 0, 0.375], "texture": "#1"},
				"down": {"uv": [0, 0, 0, 0.375], "texture": "#1"}
			}
		},
		{
			"from": [6.9, 3.10715, 4.90996],
			"to": [6.9, 5.60715, 6.40996],
			"rotation": {"angle": 22.5, "axis": "x", "origin": [8, 11.33448, 7.05005]},
			"faces": {
				"north": {"uv": [0, 0, 0, 0.625], "texture": "#1"},
				"east": {"uv": [5.75, 6.5, 6.125, 7.125], "texture": "#1"},
				"south": {"uv": [0, 0, 0, 0.625], "texture": "#1"},
				"west": {"uv": [0, 6.75, 0.375, 7.375], "texture": "#1"},
				"up": {"uv": [0, 0, 0, 0.375], "texture": "#1"},
				"down": {"uv": [0, 0, 0, 0.375], "texture": "#1"}
			}
		},
		{
			"from": [6.75, 3.68927, 3.25],
			"to": [6.75, 6.68927, 4.75],
			"rotation": {"angle": 0, "axis": "y", "origin": [8, 11.33448, 7.05005]},
			"faces": {
				"north": {"uv": [0, 0, 0, 0.75], "texture": "#1"},
				"east": {"uv": [5.5, 4.5, 5.875, 5.25], "texture": "#1"},
				"south": {"uv": [0, 0, 0, 0.75], "texture": "#1"},
				"west": {"uv": [5.75, 0, 6.125, 0.75], "texture": "#1"},
				"up": {"uv": [0, 0, 0, 0.375], "texture": "#1"},
				"down": {"uv": [0, 0, 0, 0.375], "texture": "#1"}
			}
		},
		{
			"from": [6.75, 3.17343, 6.39766],
			"to": [6.75, 5.17343, 7.89766],
			"rotation": {"angle": 45, "axis": "x", "origin": [8, 11.33448, 7.05005]},
			"faces": {
				"north": {"uv": [0, 0, 0, 0.5], "texture": "#1"},
				"east": {"uv": [3.75, 7.25, 4.125, 7.75], "texture": "#1"},
				"south": {"uv": [0, 0, 0, 0.5], "texture": "#1"},
				"west": {"uv": [4.25, 7.25, 4.625, 7.75], "texture": "#1"},
				"up": {"uv": [0, 0, 0, 0.375], "texture": "#1"},
				"down": {"uv": [0, 0, 0, 0.375], "texture": "#1"}
			}
		},
		{
			"from": [6.75, 15.90183, 3.25],
			"to": [6.75, 18.90183, 4.75],
			"rotation": {"angle": 0, "axis": "y", "origin": [8, 11.33448, 7.05005]},
			"faces": {
				"north": {"uv": [0, 0, 0, 0.75], "texture": "#1"},
				"east": {"uv": [5.75, 1, 6.125, 1.75], "texture": "#1"},
				"south": {"uv": [0, 0, 0, 0.75], "texture": "#1"},
				"west": {"uv": [5.75, 1.75, 6.125, 2.5], "texture": "#1"},
				"up": {"uv": [0, 0, 0, 0.375], "texture": "#1"},
				"down": {"uv": [0, 0, 0, 0.375], "texture": "#1"}
			}
		},
		{
			"from": [6.9, 14.65546, 2.08417],
			"to": [6.9, 17.15546, 3.58417],
			"rotation": {"angle": 22.5, "axis": "x", "origin": [8, 11.33448, 7.05005]},
			"faces": {
				"north": {"uv": [0, 0, 0, 0.625], "texture": "#1"},
				"east": {"uv": [6.75, 0, 7.125, 0.625], "texture": "#1"},
				"south": {"uv": [0, 0, 0, 0.625], "texture": "#1"},
				"west": {"uv": [0.5, 6.75, 0.875, 7.375], "texture": "#1"},
				"up": {"uv": [0, 0, 0, 0.375], "texture": "#1"},
				"down": {"uv": [0, 0, 0, 0.375], "texture": "#1"}
			}
		},
		{
			"from": [6.9, 16.98987, 4.88017],
			"to": [6.9, 19.48987, 6.38017],
			"rotation": {"angle": -22.5, "axis": "x", "origin": [8, 11.33448, 7.05005]},
			"faces": {
				"north": {"uv": [0, 0, 0, 0.625], "texture": "#1"},
				"east": {"uv": [6.75, 1, 7.125, 1.625], "texture": "#1"},
				"south": {"uv": [0, 0, 0, 0.625], "texture": "#1"},
				"west": {"uv": [1.25, 6.75, 1.625, 7.375], "texture": "#1"},
				"up": {"uv": [0, 0, 0, 0.375], "texture": "#1"},
				"down": {"uv": [0, 0, 0, 0.375], "texture": "#1"}
			}
		},
		{
			"from": [6.75, 10.62704, -1.05594],
			"to": [6.75, 12.12704, 0.94406],
			"rotation": {"angle": 45, "axis": "x", "origin": [8, 11.33448, 7.05005]},
			"faces": {
				"north": {"uv": [0, 0, 0, 0.375], "texture": "#1"},
				"east": {"uv": [4.75, 7.25, 5.25, 7.625], "texture": "#1"},
				"south": {"uv": [0, 0, 0, 0.375], "texture": "#1"},
				"west": {"uv": [5.25, 7.25, 5.75, 7.625], "texture": "#1"},
				"up": {"uv": [0, 0, 0, 0.5], "texture": "#1"},
				"down": {"uv": [0, 0, 0, 0.5], "texture": "#1"}
			}
		},
		{
			"from": [7, 17.42221, 6.9595],
			"to": [9, 20.42221, 8.4595],
			"rotation": {"angle": -45, "axis": "x", "origin": [8, 11.33448, 7.05005]},
			"faces": {
				"north": {"uv": [4.5, 0, 5, 0.75], "texture": "#1"},
				"east": {"uv": [2.75, 5.75, 3.125, 6.5], "texture": "#1"},
				"south": {"uv": [0.5, 4.5, 1, 5.25], "texture": "#1"},
				"west": {"uv": [3.25, 5.75, 3.625, 6.5], "texture": "#1"},
				"up": {"uv": [7.75, 5.625, 7.25, 5.25], "texture": "#1"},
				"down": {"uv": [6.25, 7.25, 5.75, 7.625], "texture": "#1"}
			}
		},
		{
			"from": [7, 18.92221, 8.4595],
			"to": [9, 20.42221, 13.0595],
			"rotation": {"angle": -45, "axis": "x", "origin": [8, 11.33448, 7.05005]},
			"faces": {
				"north": {"uv": [7.25, 5.75, 7.75, 6.125], "texture": "#1"},
				"east": {"uv": [0, 4, 1.125, 4.375], "texture": "#1"},
				"south": {"uv": [7.25, 6.25, 7.75, 6.625], "texture": "#1"},
				"west": {"uv": [4, 3.75, 5.125, 4.125], "texture": "#1"},
				"up": {"uv": [3, 1.125, 2.5, 0], "texture": "#1"},
				"down": {"uv": [3, 1.25, 2.5, 2.375], "texture": "#1"}
			}
		},
		{
			"from": [7.25, 22.02046, 4.86896],
			"to": [8.75, 22.02046, 7.86896],
			"rotation": {"angle": 0, "axis": "y", "origin": [8, 11.33448, 7.05005]},
			"faces": {
				"north": {"uv": [0, 0, 0.375, 0], "texture": "#1"},
				"east": {"uv": [0, 0, 0.75, 0], "texture": "#1"},
				"south": {"uv": [0, 0, 0.375, 0], "texture": "#1"},
				"west": {"uv": [0, 0, 0.75, 0], "texture": "#1"},
				"up": {"uv": [4.125, 6.5, 3.75, 5.75], "texture": "#1"},
				"down": {"uv": [4.625, 5.75, 4.25, 6.5], "texture": "#1"}
			}
		},
		{
			"from": [7.25, 22.03594, 9.12319],
			"to": [8.75, 22.03594, 12.12319],
			"rotation": {"angle": -22.5, "axis": "x", "origin": [8, 11.33448, 7.05005]},
			"faces": {
				"north": {"uv": [0, 0, 0.375, 0], "texture": "#1"},
				"east": {"uv": [0, 0, 0.75, 0], "texture": "#1"},
				"south": {"uv": [0, 0, 0.375, 0], "texture": "#1"},
				"west": {"uv": [0, 0, 0.75, 0], "texture": "#1"},
				"up": {"uv": [6.125, 6, 5.75, 5.25], "texture": "#1"},
				"down": {"uv": [0.375, 6, 0, 6.75], "texture": "#1"}
			}
		},
		{
			"from": [7.25, 20.36306, 0.95956],
			"to": [8.75, 23.36306, 0.95956],
			"rotation": {"angle": 22.5, "axis": "x", "origin": [8, 11.33448, 7.05005]},
			"faces": {
				"north": {"uv": [0.5, 6, 0.875, 6.75], "texture": "#1"},
				"east": {"uv": [0, 0, 0, 0.75], "texture": "#1"},
				"south": {"uv": [6, 2.5, 6.375, 3.25], "texture": "#1"},
				"west": {"uv": [0, 0, 0, 0.75], "texture": "#1"},
				"up": {"uv": [0, 0, 0.375, 0], "texture": "#1"},
				"down": {"uv": [0, 0, 0.375, 0], "texture": "#1"}
			}
		},
		{
			"from": [7.05, 18.87785, 0.95657],
			"to": [8.95, 20.37785, 6.45657],
			"rotation": {"angle": 22.5, "axis": "x", "origin": [8, 11.33448, 7.05005]},
			"faces": {
				"north": {"uv": [6.75, 7.25, 7.25, 7.625], "texture": "#1"},
				"east": {"uv": [3, 0.5, 4.375, 0.875], "texture": "#1"},
				"south": {"uv": [7.25, 6.75, 7.75, 7.125], "texture": "#1"},
				"west": {"uv": [3, 1, 4.375, 1.375], "texture": "#1"},
				"up": {"uv": [1.5, 1.375, 1, 0], "texture": "#1"},
				"down": {"uv": [0.5, 1.5, 0, 2.875], "texture": "#1"}
			}
		},
		{
			"from": [5.07808, 8.05046, 4.12813],
			"to": [6.57808, 14.55046, 5.62813],
			"rotation": {"angle": -45, "axis": "y", "origin": [8, 11.33448, 7.05005]},
			"faces": {
				"north": {"uv": [1.5, 0, 1.875, 1.625], "texture": "#1"},
				"east": {"uv": [0.5, 1.5, 0.875, 3.125], "texture": "#1"},
				"south": {"uv": [1, 1.5, 1.375, 3.125], "texture": "#1"},
				"west": {"uv": [1.5, 1.75, 1.875, 3.375], "texture": "#1"},
				"up": {"uv": [2.625, 7.875, 2.25, 7.5], "texture": "#1"},
				"down": {"uv": [7.875, 3.75, 7.5, 4.125], "texture": "#1"}
			}
		},
		{
			"from": [8, 10.31606, 0.42505],
			"to": [8, 12.31606, 1.92505],
			"rotation": {"angle": 0, "axis": "y", "origin": [8, 11.33448, 7.05005]},
			"faces": {
				"north": {"uv": [0, 0, 0, 0.5], "texture": "#1"},
				"east": {"uv": [7.25, 7.25, 7.625, 7.75], "texture": "#1"},
				"south": {"uv": [0, 0, 0, 0.5], "texture": "#1"},
				"west": {"uv": [0, 7.5, 0.375, 8], "texture": "#1"},
				"up": {"uv": [0, 0.375, 0, 0], "texture": "#1"},
				"down": {"uv": [0, 0, 0, 0.375], "texture": "#1"}
			}
		},
		{
			"from": [7, 11.31606, 11.92505],
			"to": [9, 11.31606, 13.92505],
			"rotation": {"angle": 0, "axis": "y", "origin": [8, 11.33448, 7.05005]},
			"faces": {
				"north": {"uv": [0, 0, 0.5, 0], "texture": "#1"},
				"east": {"uv": [0, 0, 0.5, 0], "texture": "#1"},
				"south": {"uv": [0, 0, 0.5, 0], "texture": "#1"},
				"west": {"uv": [0, 0, 0.5, 0], "texture": "#1"},
				"up": {"uv": [5.75, 1.5, 5.25, 1], "texture": "#1"},
				"down": {"uv": [6.5, 3.75, 6, 4.25], "texture": "#1"}
			}
		},
		{
			"from": [8, 10.31606, 11.92505],
			"to": [8, 12.31606, 13.92505],
			"rotation": {"angle": 0, "axis": "y", "origin": [8, 11.33448, 7.05005]},
			"faces": {
				"north": {"uv": [0, 0, 0, 0.5], "texture": "#1"},
				"east": {"uv": [6, 4.25, 6.5, 4.75], "texture": "#1"},
				"south": {"uv": [0, 0, 0, 0.5], "texture": "#1"},
				"west": {"uv": [4.75, 6, 5.25, 6.5], "texture": "#1"},
				"up": {"uv": [0, 0.5, 0, 0], "texture": "#1"},
				"down": {"uv": [0, 0, 0, 0.5], "texture": "#1"}
			}
		},
		{
			"from": [7, 11.31606, 0.42505],
			"to": [9, 11.31606, 1.92505],
			"rotation": {"angle": 0, "axis": "y", "origin": [8, 11.33448, 7.05005]},
			"faces": {
				"north": {"uv": [0, 0, 0.5, 0], "texture": "#1"},
				"east": {"uv": [0, 0, 0.375, 0], "texture": "#1"},
				"south": {"uv": [0, 0, 0.5, 0], "texture": "#1"},
				"west": {"uv": [0, 0, 0.375, 0], "texture": "#1"},
				"up": {"uv": [1, 7.875, 0.5, 7.5], "texture": "#1"},
				"down": {"uv": [1.5, 7.5, 1, 7.875], "texture": "#1"}
			}
		},
		{
			"from": [7.75, 11.06606, 1.42505],
			"to": [8.25, 11.56606, 12.42505],
			"rotation": {"angle": 0, "axis": "y", "origin": [8, 11.33448, 7.05005]},
			"faces": {
				"north": {"uv": [5.25, 3.75, 5.375, 3.875], "texture": "#1"},
				"east": {"uv": [4.25, 3.5, 7, 3.625], "texture": "#1"},
				"south": {"uv": [5.25, 4, 5.375, 4.125], "texture": "#1"},
				"west": {"uv": [4.5, 0.75, 7.25, 0.875], "texture": "#1"},
				"up": {"uv": [1.375, 6.75, 1.25, 4], "texture": "#1"},
				"down": {"uv": [1.125, 4.5, 1, 7.25], "texture": "#1"}
			}
		},
		{
			"from": [4.82808, 12.30046, 3.87813],
			"to": [6.82808, 13.30046, 5.87813],
			"rotation": {"angle": -45, "axis": "y", "origin": [8, 11.33448, 7.05005]},
			"faces": {
				"north": {"uv": [0, 3, 0.5, 3.25], "texture": "#1"},
				"east": {"uv": [3, 2.25, 3.5, 2.5], "texture": "#1"},
				"south": {"uv": [1.5, 3.5, 2, 3.75], "texture": "#1"},
				"west": {"uv": [3.75, 2, 4.25, 2.25], "texture": "#1"},
				"up": {"uv": [6.5, 5.25, 6, 4.75], "texture": "#1"},
				"down": {"uv": [5.75, 6, 5.25, 6.5], "texture": "#1"}
			}
		},
		{
			"from": [4.82808, 9.30046, 3.87813],
			"to": [6.82808, 10.30046, 5.87813],
			"rotation": {"angle": -45, "axis": "y", "origin": [8, 11.33448, 7.05005]},
			"faces": {
				"north": {"uv": [6.25, 0.5, 6.75, 0.75], "texture": "#1"},
				"east": {"uv": [7.5, 4.25, 8, 4.5], "texture": "#1"},
				"south": {"uv": [7.5, 4.5, 8, 4.75], "texture": "#1"},
				"west": {"uv": [7.5, 4.75, 8, 5], "texture": "#1"},
				"up": {"uv": [6.25, 6.5, 5.75, 6], "texture": "#1"},
				"down": {"uv": [6.75, 0, 6.25, 0.5], "texture": "#1"}
			}
		},
		{
			"from": [4.82808, 10.80046, 3.87813],
			"to": [6.82808, 11.80046, 5.87813],
			"rotation": {"angle": -45, "axis": "y", "origin": [8, 11.33448, 7.05005]},
			"faces": {
				"north": {"uv": [7.5, 5, 8, 5.25], "texture": "#1"},
				"east": {"uv": [6.25, 7.5, 6.75, 7.75], "texture": "#1"},
				"south": {"uv": [7.75, 0, 8.25, 0.25], "texture": "#1"},
				"west": {"uv": [7.75, 0.25, 8.25, 0.5], "texture": "#1"},
				"up": {"uv": [6.75, 1.5, 6.25, 1], "texture": "#1"},
				"down": {"uv": [2, 6.25, 1.5, 6.75], "texture": "#1"}
			}
		},
		{
			"from": [6.75, 4.18227, 11.76925],
			"to": [9.25, 6.18227, 13.76925],
			"rotation": {"angle": 22.5, "axis": "x", "origin": [8, 11.33448, 7.05005]},
			"faces": {
				"north": {"uv": [4.5, 1, 5.125, 1.5], "texture": "#1"},
				"east": {"uv": [6.25, 1.5, 6.75, 2], "texture": "#1"},
				"south": {"uv": [1.5, 4.5, 2.125, 5], "texture": "#1"},
				"west": {"uv": [6.25, 2, 6.75, 2.5], "texture": "#1"},
				"up": {"uv": [5.375, 4.75, 4.75, 4.25], "texture": "#1"},
				"down": {"uv": [5.375, 4.75, 4.75, 5.25], "texture": "#1"}
			}
		},
		{
			"from": [8, 4.68227, 13.76925],
			"to": [8, 5.68227, 16.76925],
			"rotation": {"angle": 22.5, "axis": "x", "origin": [8, 11.33448, 7.05005]},
			"faces": {
				"north": {"uv": [0, 0, 0, 0.25], "texture": "#1"},
				"east": {"uv": [5, 0.5, 5.75, 0.75], "texture": "#1"},
				"south": {"uv": [0, 0, 0, 0.25], "texture": "#1"},
				"west": {"uv": [7.25, 1.5, 8, 1.75], "texture": "#1"},
				"up": {"uv": [0, 0, 0, 0.75], "texture": "#1"},
				"down": {"uv": [0, 0, 0, 0.75], "texture": "#1"}
			}
		},
		{
			"from": [8, 6.88172, 14.99794],
			"to": [8, 7.88172, 18.49794],
			"rotation": {"angle": 45, "axis": "x", "origin": [8, 11.33448, 7.05005]},
			"faces": {
				"north": {"uv": [0, 0, 0, 0.25], "texture": "#1"},
				"east": {"uv": [5, 3.25, 5.875, 3.5], "texture": "#1"},
				"south": {"uv": [0, 0, 0, 0.25], "texture": "#1"},
				"west": {"uv": [6, 3.25, 6.875, 3.5], "texture": "#1"},
				"up": {"uv": [0, 0.875, 0, 0], "texture": "#1"},
				"down": {"uv": [0, 0, 0, 0.875], "texture": "#1"}
			}
		},
		{
			"from": [8, 2.52012, 7.527],
			"to": [8, 3.52012, 10.527],
			"rotation": {"angle": -22.5, "axis": "x", "origin": [8, 11.33448, 7.05005]},
			"faces": {
				"north": {"uv": [0, 0, 0, 0.25], "texture": "#1"},
				"east": {"uv": [7.5, 2.25, 8.25, 2.5], "texture": "#1"},
				"south": {"uv": [0, 0, 0, 0.25], "texture": "#1"},
				"west": {"uv": [7.5, 2.5, 8.25, 2.75], "texture": "#1"},
				"up": {"uv": [0, 0, 0, 0.75], "texture": "#1"},
				"down": {"uv": [0, 0, 0, 0.75], "texture": "#1"}
			}
		},
		{
			"from": [8.1, 4.1135, 10.15759],
			"to": [8.1, 18.6135, 10.65759],
			"rotation": {"angle": 0, "axis": "y", "origin": [8, 11.33448, 7.05005]},
			"faces": {
				"north": {"uv": [0, 0, 0, 3.625], "texture": "#1"},
				"east": {"uv": [2.25, 3.75, 2.375, 7.375], "texture": "#1"},
				"south": {"uv": [0, 0, 0, 3.625], "texture": "#1"},
				"west": {"uv": [2.5, 3.75, 2.625, 7.375], "texture": "#1"},
				"up": {"uv": [0, 0.125, 0, 0], "texture": "#1"},
				"down": {"uv": [0, 0, 0, 0.125], "texture": "#1"}
			}
		},
		{
			"from": [6.75, 16.44531, 11.75739],
			"to": [9.25, 18.44531, 13.75739],
			"rotation": {"angle": -22.5, "axis": "x", "origin": [8, 11.33448, 7.05005]},
			"faces": {
				"north": {"uv": [5, 0, 5.625, 0.5], "texture": "#1"},
				"east": {"uv": [6.25, 5.25, 6.75, 5.75], "texture": "#1"},
				"south": {"uv": [1.5, 5, 2.125, 5.5], "texture": "#1"},
				"west": {"uv": [6.25, 5.75, 6.75, 6.25], "texture": "#1"},
				"up": {"uv": [5.625, 2, 5, 1.5], "texture": "#1"},
				"down": {"uv": [5.625, 2, 5, 2.5], "texture": "#1"}
			}
		},
		{
			"from": [8, 16.94531, 13.75739],
			"to": [8, 17.94531, 16.75739],
			"rotation": {"angle": -22.5, "axis": "x", "origin": [8, 11.33448, 7.05005]},
			"faces": {
				"north": {"uv": [0, 0, 0, 0.25], "texture": "#1"},
				"east": {"uv": [7.5, 2.75, 8.25, 3], "texture": "#1"},
				"south": {"uv": [0, 0, 0, 0.25], "texture": "#1"},
				"west": {"uv": [7.5, 3, 8.25, 3.25], "texture": "#1"},
				"up": {"uv": [0, 0, 0, 0.75], "texture": "#1"},
				"down": {"uv": [0, 0, 0, 0.75], "texture": "#1"}
			}
		},
		{
			"from": [8, 19.12097, 7.59895],
			"to": [8, 20.12097, 10.59895],
			"rotation": {"angle": 22.5, "axis": "x", "origin": [8, 11.33448, 7.05005]},
			"faces": {
				"north": {"uv": [0, 0, 0, 0.25], "texture": "#1"},
				"east": {"uv": [7.5, 3.25, 8.25, 3.5], "texture": "#1"},
				"south": {"uv": [0, 0, 0, 0.25], "texture": "#1"},
				"west": {"uv": [7.5, 3.5, 8.25, 3.75], "texture": "#1"},
				"up": {"uv": [0, 0, 0, 0.75], "texture": "#1"},
				"down": {"uv": [0, 0, 0, 0.75], "texture": "#1"}
			}
		},
		{
			"from": [8, 14.88976, 14.9048],
			"to": [8, 15.88976, 18.4048],
			"rotation": {"angle": -45, "axis": "x", "origin": [8, 11.33448, 7.05005]},
			"faces": {
				"north": {"uv": [0, 0, 0, 0.25], "texture": "#1"},
				"east": {"uv": [6.75, 1.75, 7.625, 2], "texture": "#1"},
				"south": {"uv": [0, 0, 0, 0.25], "texture": "#1"},
				"west": {"uv": [6.75, 2, 7.625, 2.25], "texture": "#1"},
				"up": {"uv": [0, 0, 0, 0.875], "texture": "#1"},
				"down": {"uv": [0, 0, 0, 0.875], "texture": "#1"}
			}
		}
	],
	"display": {
		"thirdperson_righthand": {
			"translation": [0, -4.5, 4],
			"scale": [0.8, 0.8, 0.8]
		},
		"thirdperson_lefthand": {
			"translation": [0, -4.5, 4],
			"scale": [0.8, 0.8, 0.8]
		},
		"firstperson_righthand": {
			"rotation": [-5, 3, 0],
			"translation": [0, 0, 1],
			"scale": [0.7, 0.7, 0.7]
		},
		"firstperson_lefthand": {
			"rotation": [-5, 3, 0],
			"translation": [0, 0, 1],
			"scale": [0.7, 0.7, 0.7]
		},
		"ground": {
			"translation": [0, 6, 0],
			"scale": [0.8, 0.8, 0.8]
		},
		"gui": {
			"rotation": [90, 45, -90],
			"translation": [-1.75, -1.5, 0],
			"scale": [0.7, 0.7, 0.7]
		},
		"fixed": {
			"rotation": [90, -45, 90],
			"translation": [2, -2, 0],
			"scale": [0.8, 0.8, 0.8]
		}
	},
	"groups": [
		{
			"name": "parrotbow",
			"origin": [8, 16.75046, 10.51331],
			"color": 0,
			"children": [
				0,
				1,
				2,
				3,
				4,
				5,
				6,
				7,
				8,
				9,
				10,
				11,
				12,
				13,
				14,
				15,
				16,
				17,
				18,
				19,
				20,
				21,
				22,
				23,
				24,
				25,
				26,
				27,
				28,
				29,
				30,
				31,
				32,
				33,
				34,
				35,
				36,
				37,
				38,
				39,
				40,
				41,
				42,
				43,
				44,
				45,
				46,
				47,
				48,
				49,
				50,
				51
			]
		}
	]
}