{
	"credit": "Made with Blockbench",
	"texture_size": [64, 64],
	"textures": {
		"2": "minewave:item/parrot/crate",
		"particle": "minewave:item/parrot/crate"
	},
	"elements": [
		{
			"from": [0, 5.5, 1],
			"to": [16, 7, 3],
			"rotation": {"angle": 0, "axis": "y", "origin": [-2, -4, -1]},
			"faces": {
				"north": {"uv": [9.5, 9.25, 13.5, 9.625], "texture": "#2"},
				"east": {"uv": [13.75, 5, 14.25, 5.375], "texture": "#2"},
				"south": {"uv": [0, 9.75, 4, 10.125], "texture": "#2"},
				"west": {"uv": [14, 7.5, 14.5, 7.875], "texture": "#2"},
				"up": {"uv": [12.5, 7.5, 8.5, 7], "texture": "#2"},
				"down": {"uv": [13, 3.75, 9, 4.25], "texture": "#2"}
			}
		},
		{
			"from": [1, 7, 2],
			"to": [2.5, 8.5, 3.5],
			"rotation": {"angle": 0, "axis": "y", "origin": [-2, -4.5, -1]},
			"faces": {
				"north": {"uv": [1.5, 14.5, 1.875, 14.875], "texture": "#2"},
				"east": {"uv": [14.5, 3.5, 14.875, 3.875], "texture": "#2"},
				"south": {"uv": [14.5, 4, 14.875, 4.375], "texture": "#2"},
				"west": {"uv": [14.5, 6, 14.875, 6.375], "texture": "#2"},
				"up": {"uv": [6.875, 14.875, 6.5, 14.5], "texture": "#2"},
				"down": {"uv": [14.875, 6.5, 14.5, 6.875], "texture": "#2"}
			}
		},
		{
			"from": [13.5, 11.5, 2],
			"to": [15, 13, 6],
			"rotation": {"angle": -22.5, "axis": "x", "origin": [14.25, 8.5, 3.5]},
			"faces": {
				"north": {"uv": [14.5, 7, 14.875, 7.375], "texture": "#2"},
				"east": {"uv": [5.5, 8.75, 6.5, 9.125], "texture": "#2"},
				"south": {"uv": [14.5, 7.5, 14.875, 7.875], "texture": "#2"},
				"west": {"uv": [12, 10.75, 13, 11.125], "texture": "#2"},
				"up": {"uv": [6.125, 7.5, 5.75, 6.5], "texture": "#2"},
				"down": {"uv": [13.125, 0.75, 12.75, 1.75], "texture": "#2"}
			}
		},
		{
			"from": [2.5, 11.5, 3],
			"to": [13.5, 12, 5.75],
			"rotation": {"angle": -22.5, "axis": "x", "origin": [14.25, 8.5, 3.5]},
			"faces": {
				"north": {"uv": [12.5, 4.75, 15.25, 4.875], "texture": "#2"},
				"east": {"uv": [5, 7.25, 5.75, 7.375], "texture": "#2"},
				"south": {"uv": [13, 8, 15.75, 8.125], "texture": "#2"},
				"west": {"uv": [14, 10, 14.75, 10.125], "texture": "#2"},
				"up": {"uv": [10, 9.25, 7.25, 8.5], "texture": "#2"},
				"down": {"uv": [5.5, 8.75, 2.75, 9.5], "texture": "#2"}
			}
		},
		{
			"from": [13.5, 8.5, 2],
			"to": [15, 11.5, 3.5],
			"rotation": {"angle": -22.5, "axis": "x", "origin": [14.25, 8.5, 3.5]},
			"faces": {
				"north": {"uv": [12.25, 13.25, 12.625, 14], "texture": "#2"},
				"east": {"uv": [12.75, 13.25, 13.125, 14], "texture": "#2"},
				"south": {"uv": [13.25, 13.25, 13.625, 14], "texture": "#2"},
				"west": {"uv": [0, 13.5, 0.375, 14.25], "texture": "#2"},
				"up": {"uv": [8.875, 14.875, 8.5, 14.5], "texture": "#2"},
				"down": {"uv": [14.875, 8.5, 14.5, 8.875], "texture": "#2"}
			}
		},
		{
			"from": [2.5, 8.5, 3],
			"to": [13.5, 11.5, 3.5],
			"rotation": {"angle": -22.5, "axis": "x", "origin": [14.25, 8.5, 3.5]},
			"faces": {
				"north": {"uv": [0, 9, 2.75, 9.75], "texture": "#2"},
				"east": {"uv": [11, 14.75, 11.125, 15.5], "texture": "#2"},
				"south": {"uv": [9, 0, 11.75, 0.75], "texture": "#2"},
				"west": {"uv": [15, 6, 15.125, 6.75], "texture": "#2"},
				"up": {"uv": [15.75, 8.375, 13, 8.25], "texture": "#2"},
				"down": {"uv": [15.75, 10.25, 13, 10.375], "texture": "#2"}
			}
		},
		{
			"from": [13.5, 11.5, 10],
			"to": [15, 13, 14],
			"rotation": {"angle": 22.5, "axis": "x", "origin": [14.25, 8.5, 12.5]},
			"faces": {
				"north": {"uv": [9, 14.5, 9.375, 14.875], "texture": "#2"},
				"east": {"uv": [12.5, 7, 13.5, 7.375], "texture": "#2"},
				"south": {"uv": [14.5, 9, 14.875, 9.375], "texture": "#2"},
				"west": {"uv": [12.75, 1.75, 13.75, 2.125], "texture": "#2"},
				"up": {"uv": [1.875, 13.75, 1.5, 12.75], "texture": "#2"},
				"down": {"uv": [13.125, 2.25, 12.75, 3.25], "texture": "#2"}
			}
		},
		{
			"from": [13.5, 8.5, 12.5],
			"to": [15, 11.5, 14],
			"rotation": {"angle": 22.5, "axis": "x", "origin": [14.25, 8.5, 12.5]},
			"faces": {
				"north": {"uv": [13.5, 0, 13.875, 0.75], "texture": "#2"},
				"east": {"uv": [0.5, 13.5, 0.875, 14.25], "texture": "#2"},
				"south": {"uv": [1, 13.5, 1.375, 14.25], "texture": "#2"},
				"west": {"uv": [13.5, 3.75, 13.875, 4.5], "texture": "#2"},
				"up": {"uv": [9.875, 14.875, 9.5, 14.5], "texture": "#2"},
				"down": {"uv": [14.875, 9.5, 14.5, 9.875], "texture": "#2"}
			}
		},
		{
			"from": [13.5, 12.1, 4.05],
			"to": [15, 13.6, 11.9],
			"rotation": {"angle": 0, "axis": "y", "origin": [10.5, 0.6, 7.4]},
			"faces": {
				"north": {"uv": [10, 14.5, 10.375, 14.875], "texture": "#2"},
				"east": {"uv": [2.75, 7.75, 4.75, 8.125], "texture": "#2"},
				"south": {"uv": [11.25, 14.5, 11.625, 14.875], "texture": "#2"},
				"west": {"uv": [2.75, 8.25, 4.75, 8.625], "texture": "#2"},
				"up": {"uv": [2.375, 13.25, 2, 11.25], "texture": "#2"},
				"down": {"uv": [2.875, 11.25, 2.5, 13.25], "texture": "#2"}
			}
		},
		{
			"from": [13.5, 13.6, 11.9],
			"to": [15, 13.6, 14.9],
			"rotation": {"angle": 0, "axis": "y", "origin": [14.25, 13.6, 11.9]},
			"faces": {
				"north": {"uv": [0, 0, 0.375, 0], "texture": "#2"},
				"east": {"uv": [0, 0, 0.75, 0], "texture": "#2"},
				"south": {"uv": [0, 0, 0.375, 0], "texture": "#2"},
				"west": {"uv": [0, 0, 0.75, 0], "texture": "#2"},
				"up": {"uv": [4.875, 14.25, 4.5, 13.5], "texture": "#2"},
				"down": {"uv": [5.375, 13.5, 5, 14.25], "texture": "#2"}
			}
		},
		{
			"from": [1, 13.6, 11.9],
			"to": [2.5, 16.6, 11.9],
			"rotation": {"angle": 22.5, "axis": "x", "origin": [1.75, 13.6, 11.9]},
			"faces": {
				"north": {"uv": [13.5, 9, 13.875, 9.75], "texture": "#2"},
				"east": {"uv": [0, 0, 0, 0.75], "texture": "#2"},
				"south": {"uv": [10.75, 13.5, 11.125, 14.25], "texture": "#2"},
				"west": {"uv": [0, 0, 0, 0.75], "texture": "#2"},
				"up": {"uv": [0.375, 0, 0, 0], "texture": "#2"},
				"down": {"uv": [0.375, 0, 0, 0], "texture": "#2"}
			}
		},
		{
			"from": [1, 13.6, 11.9],
			"to": [2.5, 13.6, 14.9],
			"rotation": {"angle": -22.5, "axis": "x", "origin": [1.75, 13.6, 11.9]},
			"faces": {
				"north": {"uv": [0, 0, 0.375, 0], "texture": "#2"},
				"east": {"uv": [0, 0, 0.75, 0], "texture": "#2"},
				"south": {"uv": [0, 0, 0.375, 0], "texture": "#2"},
				"west": {"uv": [0, 0, 0.75, 0], "texture": "#2"},
				"up": {"uv": [14.125, 1.5, 13.75, 0.75], "texture": "#2"},
				"down": {"uv": [1.875, 13.75, 1.5, 14.5], "texture": "#2"}
			}
		},
		{
			"from": [1, 13.6, 11.9],
			"to": [2.5, 13.6, 14.9],
			"rotation": {"angle": 0, "axis": "y", "origin": [1.75, 13.6, 11.9]},
			"faces": {
				"north": {"uv": [0, 0, 0.375, 0], "texture": "#2"},
				"east": {"uv": [0, 0, 0.75, 0], "texture": "#2"},
				"south": {"uv": [0, 0, 0.375, 0], "texture": "#2"},
				"west": {"uv": [0, 0, 0.75, 0], "texture": "#2"},
				"up": {"uv": [14.125, 2.25, 13.75, 1.5], "texture": "#2"},
				"down": {"uv": [14.125, 2.25, 13.75, 3], "texture": "#2"}
			}
		},
		{
			"from": [13.5, 13.6, 11.9],
			"to": [15, 13.6, 14.9],
			"rotation": {"angle": -22.5, "axis": "x", "origin": [14.25, 13.6, 11.9]},
			"faces": {
				"north": {"uv": [0, 0, 0.375, 0], "texture": "#2"},
				"east": {"uv": [0, 0, 0.75, 0], "texture": "#2"},
				"south": {"uv": [0, 0, 0.375, 0], "texture": "#2"},
				"west": {"uv": [0, 0, 0.75, 0], "texture": "#2"},
				"up": {"uv": [14.125, 3.75, 13.75, 3], "texture": "#2"},
				"down": {"uv": [8.875, 13.75, 8.5, 14.5], "texture": "#2"}
			}
		},
		{
			"from": [13.5, 13.6, 11.9],
			"to": [15, 16.6, 11.9],
			"rotation": {"angle": 22.5, "axis": "x", "origin": [14.25, 13.6, 11.9]},
			"faces": {
				"north": {"uv": [9, 13.75, 9.375, 14.5], "texture": "#2"},
				"east": {"uv": [0, 0, 0, 0.75], "texture": "#2"},
				"south": {"uv": [9.5, 13.75, 9.875, 14.5], "texture": "#2"},
				"west": {"uv": [0, 0, 0, 0.75], "texture": "#2"},
				"up": {"uv": [0.375, 0, 0, 0], "texture": "#2"},
				"down": {"uv": [0.375, 0, 0, 0], "texture": "#2"}
			}
		},
		{
			"from": [13.6, 10.5, 2],
			"to": [14.6, 12.5, 14],
			"rotation": {"angle": 0, "axis": "y", "origin": [10.1, -4.5, 9.5]},
			"faces": {
				"north": {"uv": [3.25, 6, 3.5, 6.5], "texture": "#2"},
				"east": {"uv": [4, 9.75, 7, 10.25], "texture": "#2"},
				"south": {"uv": [7, 8.75, 7.25, 9.25], "texture": "#2"},
				"west": {"uv": [7, 9.75, 10, 10.25], "texture": "#2"},
				"up": {"uv": [3.25, 14.25, 3, 11.25], "texture": "#2"},
				"down": {"uv": [3.5, 11.25, 3.25, 14.25], "texture": "#2"}
			}
		},
		{
			"from": [13.6, 7, 2.5],
			"to": [14.6, 10.5, 13.5],
			"rotation": {"angle": 0, "axis": "y", "origin": [10.1, -4.5, 9.5]},
			"faces": {
				"north": {"uv": [4.75, 7.75, 5, 8.625], "texture": "#2"},
				"east": {"uv": [7.25, 7.5, 10, 8.375], "texture": "#2"},
				"south": {"uv": [3, 14.25, 3.25, 15.125], "texture": "#2"},
				"west": {"uv": [0, 8, 2.75, 8.875], "texture": "#2"},
				"up": {"uv": [7.25, 14, 7, 11.25], "texture": "#2"},
				"down": {"uv": [7.5, 11.25, 7.25, 14], "texture": "#2"}
			}
		},
		{
			"from": [13.5, 7, 12.5],
			"to": [15, 8.5, 14],
			"rotation": {"angle": 0, "axis": "y", "origin": [10.5, -4.5, 9.5]},
			"faces": {
				"north": {"uv": [11.75, 14.5, 12.125, 14.875], "texture": "#2"},
				"east": {"uv": [14.75, 0.5, 15.125, 0.875], "texture": "#2"},
				"south": {"uv": [14.75, 1, 15.125, 1.375], "texture": "#2"},
				"west": {"uv": [14.75, 1.5, 15.125, 1.875], "texture": "#2"},
				"up": {"uv": [2.375, 15.125, 2, 14.75], "texture": "#2"},
				"down": {"uv": [15.125, 2, 14.75, 2.375], "texture": "#2"}
			}
		},
		{
			"from": [2.5, 7, 12.5],
			"to": [13.5, 8.5, 13],
			"rotation": {"angle": 0, "axis": "y", "origin": [10.5, -4.5, 9.5]},
			"faces": {
				"north": {"uv": [2, 10.25, 4.75, 10.625], "texture": "#2"},
				"east": {"uv": [15, 7, 15.125, 7.375], "texture": "#2"},
				"south": {"uv": [4.75, 10.25, 7.5, 10.625], "texture": "#2"},
				"west": {"uv": [15, 7.5, 15.125, 7.875], "texture": "#2"},
				"up": {"uv": [15.75, 10.625, 13, 10.5], "texture": "#2"},
				"down": {"uv": [15.75, 10.75, 13, 10.875], "texture": "#2"}
			}
		},
		{
			"from": [13.5, 7, 2],
			"to": [15, 8.5, 3.5],
			"rotation": {"angle": 0, "axis": "y", "origin": [10.5, -4.5, -1]},
			"faces": {
				"north": {"uv": [2.5, 14.75, 2.875, 15.125], "texture": "#2"},
				"east": {"uv": [14.75, 2.5, 15.125, 2.875], "texture": "#2"},
				"south": {"uv": [14.75, 3, 15.125, 3.375], "texture": "#2"},
				"west": {"uv": [3.75, 14.75, 4.125, 15.125], "texture": "#2"},
				"up": {"uv": [4.625, 15.125, 4.25, 14.75], "texture": "#2"},
				"down": {"uv": [5.125, 14.75, 4.75, 15.125], "texture": "#2"}
			}
		},
		{
			"from": [2.5, 7, 3],
			"to": [13.5, 8.5, 3.5],
			"rotation": {"angle": 0, "axis": "y", "origin": [10.5, -4.5, -1]},
			"faces": {
				"north": {"uv": [7.5, 10.25, 10.25, 10.625], "texture": "#2"},
				"east": {"uv": [8.5, 15, 8.625, 15.375], "texture": "#2"},
				"south": {"uv": [10.25, 10.25, 13, 10.625], "texture": "#2"},
				"west": {"uv": [15, 8.5, 15.125, 8.875], "texture": "#2"},
				"up": {"uv": [15.75, 11.125, 13, 11], "texture": "#2"},
				"down": {"uv": [15.75, 11.5, 13, 11.625], "texture": "#2"}
			}
		},
		{
			"from": [1, 7, 12.5],
			"to": [2.5, 8.5, 14],
			"rotation": {"angle": 0, "axis": "y", "origin": [-2, -4.5, 9.5]},
			"faces": {
				"north": {"uv": [14.75, 5, 15.125, 5.375], "texture": "#2"},
				"east": {"uv": [5.25, 14.75, 5.625, 15.125], "texture": "#2"},
				"south": {"uv": [14.75, 5.5, 15.125, 5.875], "texture": "#2"},
				"west": {"uv": [5.75, 14.75, 6.125, 15.125], "texture": "#2"},
				"up": {"uv": [7.375, 15.125, 7, 14.75], "texture": "#2"},
				"down": {"uv": [7.875, 14.75, 7.5, 15.125], "texture": "#2"}
			}
		},
		{
			"from": [1.4, 7, 2.5],
			"to": [2.4, 10.5, 13.5],
			"rotation": {"angle": 0, "axis": "y", "origin": [-2.1, -4.5, 9.5]},
			"faces": {
				"north": {"uv": [3.25, 14.25, 3.5, 15.125], "texture": "#2"},
				"east": {"uv": [8.5, 5, 11.25, 5.875], "texture": "#2"},
				"south": {"uv": [3.5, 14.25, 3.75, 15.125], "texture": "#2"},
				"west": {"uv": [8.5, 6, 11.25, 6.875], "texture": "#2"},
				"up": {"uv": [7.75, 14, 7.5, 11.25], "texture": "#2"},
				"down": {"uv": [8, 11.25, 7.75, 14], "texture": "#2"}
			}
		},
		{
			"from": [1.4, 10.5, 2],
			"to": [2.4, 12.5, 14],
			"rotation": {"angle": 0, "axis": "y", "origin": [-2.1, -4.5, 9.5]},
			"faces": {
				"north": {"uv": [3.75, 14.25, 4, 14.75], "texture": "#2"},
				"east": {"uv": [10, 7.5, 13, 8], "texture": "#2"},
				"south": {"uv": [6.25, 14.75, 6.5, 15.25], "texture": "#2"},
				"west": {"uv": [10, 8, 13, 8.5], "texture": "#2"},
				"up": {"uv": [3.75, 14.25, 3.5, 11.25], "texture": "#2"},
				"down": {"uv": [4, 11.25, 3.75, 14.25], "texture": "#2"}
			}
		},
		{
			"from": [1, 12.1, 4.05],
			"to": [2.5, 13.6, 11.9],
			"rotation": {"angle": 0, "axis": "y", "origin": [-2, 0.6, 7.4]},
			"faces": {
				"north": {"uv": [8, 14.75, 8.375, 15.125], "texture": "#2"},
				"east": {"uv": [4, 11.25, 6, 11.625], "texture": "#2"},
				"south": {"uv": [10.5, 14.75, 10.875, 15.125], "texture": "#2"},
				"west": {"uv": [11.25, 5, 13.25, 5.375], "texture": "#2"},
				"up": {"uv": [6.375, 13.25, 6, 11.25], "texture": "#2"},
				"down": {"uv": [6.875, 11.25, 6.5, 13.25], "texture": "#2"}
			}
		},
		{
			"from": [1, 13.6, 1.05],
			"to": [2.5, 13.6, 4.05],
			"rotation": {"angle": 0, "axis": "y", "origin": [1.75, 13.6, 4.05]},
			"faces": {
				"north": {"uv": [0, 0, 0.375, 0], "texture": "#2"},
				"east": {"uv": [0, 0, 0.75, 0], "texture": "#2"},
				"south": {"uv": [0, 0, 0.375, 0], "texture": "#2"},
				"west": {"uv": [0, 0, 0.75, 0], "texture": "#2"},
				"up": {"uv": [10.625, 14.5, 10.25, 13.75], "texture": "#2"},
				"down": {"uv": [14.125, 13.25, 13.75, 14], "texture": "#2"}
			}
		},
		{
			"from": [13.5, 13.6, 4.05],
			"to": [15, 16.6, 4.05],
			"rotation": {"angle": -22.5, "axis": "x", "origin": [14.25, 13.6, 4.05]},
			"faces": {
				"north": {"uv": [14, 0, 14.375, 0.75], "texture": "#2"},
				"east": {"uv": [0, 0, 0, 0.75], "texture": "#2"},
				"south": {"uv": [2, 14, 2.375, 14.75], "texture": "#2"},
				"west": {"uv": [0, 0, 0, 0.75], "texture": "#2"},
				"up": {"uv": [0.375, 0, 0, 0], "texture": "#2"},
				"down": {"uv": [0.375, 0, 0, 0], "texture": "#2"}
			}
		},
		{
			"from": [13.5, 13.6, 1.05],
			"to": [15, 13.6, 4.05],
			"rotation": {"angle": 22.5, "axis": "x", "origin": [14.25, 13.6, 4.05]},
			"faces": {
				"north": {"uv": [0, 0, 0.375, 0], "texture": "#2"},
				"east": {"uv": [0, 0, 0.75, 0], "texture": "#2"},
				"south": {"uv": [0, 0, 0.375, 0], "texture": "#2"},
				"west": {"uv": [0, 0, 0.75, 0], "texture": "#2"},
				"up": {"uv": [2.875, 14.75, 2.5, 14], "texture": "#2"},
				"down": {"uv": [14.375, 3.75, 14, 4.5], "texture": "#2"}
			}
		},
		{
			"from": [13.5, 13.6, 1.05],
			"to": [15, 13.6, 4.05],
			"rotation": {"angle": 0, "axis": "y", "origin": [14.25, 13.6, 4.05]},
			"faces": {
				"north": {"uv": [0, 0, 0.375, 0], "texture": "#2"},
				"east": {"uv": [0, 0, 0.75, 0], "texture": "#2"},
				"south": {"uv": [0, 0, 0.375, 0], "texture": "#2"},
				"west": {"uv": [0, 0, 0.75, 0], "texture": "#2"},
				"up": {"uv": [4.375, 14.75, 4, 14], "texture": "#2"},
				"down": {"uv": [5.875, 14, 5.5, 14.75], "texture": "#2"}
			}
		},
		{
			"from": [1, 13.6, 1.05],
			"to": [2.5, 13.6, 4.05],
			"rotation": {"angle": 22.5, "axis": "x", "origin": [1.75, 13.6, 4.05]},
			"faces": {
				"north": {"uv": [0, 0, 0.375, 0], "texture": "#2"},
				"east": {"uv": [0, 0, 0.75, 0], "texture": "#2"},
				"south": {"uv": [0, 0, 0.375, 0], "texture": "#2"},
				"west": {"uv": [0, 0, 0.75, 0], "texture": "#2"},
				"up": {"uv": [6.375, 14.75, 6, 14], "texture": "#2"},
				"down": {"uv": [14.375, 6, 14, 6.75], "texture": "#2"}
			}
		},
		{
			"from": [1, 13.6, 4.05],
			"to": [2.5, 16.6, 4.05],
			"rotation": {"angle": -22.5, "axis": "x", "origin": [1.75, 13.6, 4.05]},
			"faces": {
				"north": {"uv": [14, 6.75, 14.375, 7.5], "texture": "#2"},
				"east": {"uv": [0, 0, 0, 0.75], "texture": "#2"},
				"south": {"uv": [7, 14, 7.375, 14.75], "texture": "#2"},
				"west": {"uv": [0, 0, 0, 0.75], "texture": "#2"},
				"up": {"uv": [0.375, 0, 0, 0], "texture": "#2"},
				"down": {"uv": [0.375, 0, 0, 0], "texture": "#2"}
			}
		},
		{
			"from": [2.5, 12.1, 4.2],
			"to": [13.5, 12.6, 11.75],
			"rotation": {"angle": 0, "axis": "y", "origin": [-2, 0.6, 7.4]},
			"faces": {
				"north": {"uv": [13, 11.75, 15.75, 11.875], "texture": "#2"},
				"east": {"uv": [13.5, 4.5, 15.375, 4.625], "texture": "#2"},
				"south": {"uv": [13, 12, 15.75, 12.125], "texture": "#2"},
				"west": {"uv": [13.5, 11.25, 15.375, 11.375], "texture": "#2"},
				"up": {"uv": [6.25, 6.375, 3.5, 4.5], "texture": "#2"},
				"down": {"uv": [2.75, 6, 0, 7.875], "texture": "#2"}
			}
		},
		{
			"from": [1, 8.5, 12.5],
			"to": [2.5, 11.5, 14],
			"rotation": {"angle": 22.5, "axis": "x", "origin": [1.75, 8.5, 12.5]},
			"faces": {
				"north": {"uv": [7.5, 14, 7.875, 14.75], "texture": "#2"},
				"east": {"uv": [8, 14, 8.375, 14.75], "texture": "#2"},
				"south": {"uv": [14, 8.5, 14.375, 9.25], "texture": "#2"},
				"west": {"uv": [14, 9.25, 14.375, 10], "texture": "#2"},
				"up": {"uv": [12.625, 15.125, 12.25, 14.75], "texture": "#2"},
				"down": {"uv": [13.125, 14.75, 12.75, 15.125], "texture": "#2"}
			}
		},
		{
			"from": [2.5, 8.5, 12.5],
			"to": [13.5, 11.5, 13],
			"rotation": {"angle": 22.5, "axis": "x", "origin": [1.75, 8.5, 12.5]},
			"faces": {
				"north": {"uv": [9, 0.75, 11.75, 1.5], "texture": "#2"},
				"east": {"uv": [6.5, 15, 6.625, 15.75], "texture": "#2"},
				"south": {"uv": [9, 1.5, 11.75, 2.25], "texture": "#2"},
				"west": {"uv": [6.75, 15, 6.875, 15.75], "texture": "#2"},
				"up": {"uv": [15, 13.125, 12.25, 13], "texture": "#2"},
				"down": {"uv": [15.75, 12.25, 13, 12.375], "texture": "#2"}
			}
		},
		{
			"from": [1, 11.5, 10],
			"to": [2.5, 13, 14],
			"rotation": {"angle": 22.5, "axis": "x", "origin": [1.75, 8.5, 12.5]},
			"faces": {
				"north": {"uv": [13.25, 14.75, 13.625, 15.125], "texture": "#2"},
				"east": {"uv": [12.75, 3.25, 13.75, 3.625], "texture": "#2"},
				"south": {"uv": [14.75, 13.25, 15.125, 13.625], "texture": "#2"},
				"west": {"uv": [11.25, 12.75, 12.25, 13.125], "texture": "#2"},
				"up": {"uv": [13.375, 4.75, 13, 3.75], "texture": "#2"},
				"down": {"uv": [4.375, 13, 4, 14], "texture": "#2"}
			}
		},
		{
			"from": [2.5, 11.5, 10.25],
			"to": [13.5, 12, 13],
			"rotation": {"angle": 22.5, "axis": "x", "origin": [1.75, 8.5, 12.5]},
			"faces": {
				"north": {"uv": [13, 12.5, 15.75, 12.625], "texture": "#2"},
				"east": {"uv": [14.75, 10, 15.5, 10.125], "texture": "#2"},
				"south": {"uv": [13, 12.75, 15.75, 12.875], "texture": "#2"},
				"west": {"uv": [15, 6.75, 15.75, 6.875], "texture": "#2"},
				"up": {"uv": [11.75, 3, 9, 2.25], "texture": "#2"},
				"down": {"uv": [11.75, 3, 9, 3.75], "texture": "#2"}
			}
		},
		{
			"from": [1, 8.5, 2],
			"to": [2.5, 11.5, 3.5],
			"rotation": {"angle": -22.5, "axis": "x", "origin": [1.75, 8.5, 3.5]},
			"faces": {
				"north": {"uv": [12.25, 14, 12.625, 14.75], "texture": "#2"},
				"east": {"uv": [12.75, 14, 13.125, 14.75], "texture": "#2"},
				"south": {"uv": [13.25, 14, 13.625, 14.75], "texture": "#2"},
				"west": {"uv": [13.75, 14, 14.125, 14.75], "texture": "#2"},
				"up": {"uv": [14.125, 15.125, 13.75, 14.75], "texture": "#2"},
				"down": {"uv": [15.125, 13.75, 14.75, 14.125], "texture": "#2"}
			}
		},
		{
			"from": [1, 11.5, 2],
			"to": [2.5, 13, 6],
			"rotation": {"angle": -22.5, "axis": "x", "origin": [1.75, 8.5, 3.5]},
			"faces": {
				"north": {"uv": [14.25, 14.75, 14.625, 15.125], "texture": "#2"},
				"east": {"uv": [4.5, 13, 5.5, 13.375], "texture": "#2"},
				"south": {"uv": [14.75, 14.25, 15.125, 14.625], "texture": "#2"},
				"west": {"uv": [13, 7.5, 14, 7.875], "texture": "#2"},
				"up": {"uv": [5.875, 14, 5.5, 13], "texture": "#2"},
				"down": {"uv": [8.375, 13, 8, 14], "texture": "#2"}
			}
		},
		{
			"from": [7, 6, 0.5],
			"to": [9.5, 8.5, 3],
			"rotation": {"angle": 45, "axis": "z", "origin": [8, 7, 1.5]},
			"faces": {
				"north": {"uv": [5, 6.5, 5.625, 7.125], "texture": "#2"},
				"east": {"uv": [12.25, 11.5, 12.875, 12.125], "texture": "#2"},
				"south": {"uv": [12.25, 12.25, 12.875, 12.875], "texture": "#2"},
				"west": {"uv": [0, 12.75, 0.625, 13.375], "texture": "#2"},
				"up": {"uv": [13.375, 0.625, 12.75, 0], "texture": "#2"},
				"down": {"uv": [1.375, 12.75, 0.75, 13.375], "texture": "#2"}
			}
		},
		{
			"from": [5.492, 9.11255, 0.775],
			"to": [6.992, 11.11255, 0.775],
			"rotation": {"angle": 45, "axis": "z", "origin": [7.975, 9.09555, 0.9]},
			"faces": {
				"north": {"uv": [14.25, 3, 14.625, 3.5], "texture": "#2"},
				"east": {"uv": [0, 0, 0, 0.5], "texture": "#2"},
				"south": {"uv": [4.5, 14.25, 4.875, 14.75], "texture": "#2"},
				"west": {"uv": [0, 0, 0, 0.5], "texture": "#2"},
				"up": {"uv": [0.375, 0, 0, 0], "texture": "#2"},
				"down": {"uv": [0.375, 0, 0, 0], "texture": "#2"}
			}
		},
		{
			"from": [7.225, 8.10183, 0.775],
			"to": [8.725, 11.10183, 0.775],
			"rotation": {"angle": 0, "axis": "y", "origin": [7.975, 9.09555, 0.9]},
			"faces": {
				"north": {"uv": [0, 14.25, 0.375, 15], "texture": "#2"},
				"east": {"uv": [0, 0, 0, 0.75], "texture": "#2"},
				"south": {"uv": [0.5, 14.25, 0.875, 15], "texture": "#2"},
				"west": {"uv": [0, 0, 0, 0.75], "texture": "#2"},
				"up": {"uv": [0.375, 0, 0, 0], "texture": "#2"},
				"down": {"uv": [0.375, 0, 0, 0], "texture": "#2"}
			}
		},
		{
			"from": [6.49487, 8.44598, 1.025],
			"to": [7.99487, 10.94598, 1.025],
			"rotation": {"angle": 22.5, "axis": "z", "origin": [7.975, 9.09555, 0.9]},
			"faces": {
				"north": {"uv": [14.25, 0.75, 14.625, 1.375], "texture": "#2"},
				"east": {"uv": [0, 0, 0, 0.625], "texture": "#2"},
				"south": {"uv": [1, 14.25, 1.375, 14.875], "texture": "#2"},
				"west": {"uv": [0, 0, 0, 0.625], "texture": "#2"},
				"up": {"uv": [0.375, 0, 0, 0], "texture": "#2"},
				"down": {"uv": [0.375, 0, 0, 0], "texture": "#2"}
			}
		},
		{
			"from": [7.95513, 8.44598, 1.025],
			"to": [9.45513, 10.94598, 1.025],
			"rotation": {"angle": -22.5, "axis": "z", "origin": [7.975, 9.09555, 0.9]},
			"faces": {
				"north": {"uv": [14.25, 1.5, 14.625, 2.125], "texture": "#2"},
				"east": {"uv": [0, 0, 0, 0.625], "texture": "#2"},
				"south": {"uv": [14.25, 2.25, 14.625, 2.875], "texture": "#2"},
				"west": {"uv": [0, 0, 0, 0.625], "texture": "#2"},
				"up": {"uv": [0.375, 0, 0, 0], "texture": "#2"},
				"down": {"uv": [0.375, 0, 0, 0], "texture": "#2"}
			}
		},
		{
			"from": [7.992, 6.61255, 0.775],
			"to": [9.992, 8.11255, 0.775],
			"rotation": {"angle": 45, "axis": "z", "origin": [7.975, 9.09555, 0.9]},
			"faces": {
				"north": {"uv": [5, 14.25, 5.5, 14.625], "texture": "#2"},
				"east": {"uv": [0, 0, 0, 0.375], "texture": "#2"},
				"south": {"uv": [14.25, 5, 14.75, 5.375], "texture": "#2"},
				"west": {"uv": [0, 0, 0, 0.375], "texture": "#2"},
				"up": {"uv": [0.5, 0, 0, 0], "texture": "#2"},
				"down": {"uv": [0.5, 0, 0, 0], "texture": "#2"}
			}
		},
		{
			"from": [0, 5.5, 13],
			"to": [16, 7, 15],
			"rotation": {"angle": 0, "axis": "y", "origin": [-2, -4, -1]},
			"faces": {
				"north": {"uv": [10, 8.5, 14, 8.875], "texture": "#2"},
				"east": {"uv": [14.25, 5.5, 14.75, 5.875], "texture": "#2"},
				"south": {"uv": [10, 9.75, 14, 10.125], "texture": "#2"},
				"west": {"uv": [10.75, 14.25, 11.25, 14.625], "texture": "#2"},
				"up": {"uv": [13, 4.75, 9, 4.25], "texture": "#2"},
				"down": {"uv": [9.5, 9.25, 5.5, 9.75], "texture": "#2"}
			}
		},
		{
			"from": [3, 5, 13.25],
			"to": [5, 7.5, 15.25],
			"rotation": {"angle": 0, "axis": "y", "origin": [-2, -4, -1]},
			"faces": {
				"north": {"uv": [8.5, 13, 9, 13.625], "texture": "#2"},
				"east": {"uv": [9, 13, 9.5, 13.625], "texture": "#2"},
				"south": {"uv": [9.5, 13, 10, 13.625], "texture": "#2"},
				"west": {"uv": [13.25, 0.75, 13.75, 1.375], "texture": "#2"},
				"up": {"uv": [3.25, 6.5, 2.75, 6], "texture": "#2"},
				"down": {"uv": [7, 8.75, 6.5, 9.25], "texture": "#2"}
			}
		},
		{
			"from": [11, 5, 13.25],
			"to": [13, 7.5, 15.25],
			"rotation": {"angle": 0, "axis": "y", "origin": [-2, -4, -1]},
			"faces": {
				"north": {"uv": [2, 13.25, 2.5, 13.875], "texture": "#2"},
				"east": {"uv": [13.25, 2.25, 13.75, 2.875], "texture": "#2"},
				"south": {"uv": [2.5, 13.25, 3, 13.875], "texture": "#2"},
				"west": {"uv": [6, 13.25, 6.5, 13.875], "texture": "#2"},
				"up": {"uv": [13.75, 5.5, 13.25, 5], "texture": "#2"},
				"down": {"uv": [14, 7, 13.5, 7.5], "texture": "#2"}
			}
		},
		{
			"from": [0, 5.5, 3],
			"to": [2, 7, 13],
			"rotation": {"angle": 0, "axis": "y", "origin": [-2, -4, -1]},
			"faces": {
				"north": {"uv": [14.25, 13.25, 14.75, 13.625], "texture": "#2"},
				"east": {"uv": [2, 10.75, 4.5, 11.125], "texture": "#2"},
				"south": {"uv": [14.25, 13.75, 14.75, 14.125], "texture": "#2"},
				"west": {"uv": [4.5, 10.75, 7, 11.125], "texture": "#2"},
				"up": {"uv": [0.5, 12.75, 0, 10.25], "texture": "#2"},
				"down": {"uv": [1, 10.25, 0.5, 12.75], "texture": "#2"}
			}
		},
		{
			"from": [14, 5.5, 3],
			"to": [16, 7, 13],
			"rotation": {"angle": 0, "axis": "y", "origin": [-2, -4, -1]},
			"faces": {
				"north": {"uv": [14.25, 14.25, 14.75, 14.625], "texture": "#2"},
				"east": {"uv": [7, 10.75, 9.5, 11.125], "texture": "#2"},
				"south": {"uv": [14.5, 0, 15, 0.375], "texture": "#2"},
				"west": {"uv": [9.5, 10.75, 12, 11.125], "texture": "#2"},
				"up": {"uv": [1.5, 12.75, 1, 10.25], "texture": "#2"},
				"down": {"uv": [2, 10.25, 1.5, 12.75], "texture": "#2"}
			}
		},
		{
			"from": [1, 1, 2],
			"to": [2.5, 6, 3.5],
			"rotation": {"angle": 0, "axis": "y", "origin": [1, -4.9, -1]},
			"faces": {
				"north": {"uv": [11.25, 11.5, 11.625, 12.75], "texture": "#2"},
				"east": {"uv": [11.75, 0, 12.125, 1.25], "texture": "#2"},
				"south": {"uv": [11.75, 1.25, 12.125, 2.5], "texture": "#2"},
				"west": {"uv": [11.75, 2.5, 12.125, 3.75], "texture": "#2"},
				"up": {"uv": [15.125, 15.125, 14.75, 14.75], "texture": "#2"},
				"down": {"uv": [0.375, 15, 0, 15.375], "texture": "#2"}
			}
		},
		{
			"from": [1, 0, 2],
			"to": [15, 1, 14],
			"rotation": {"angle": 0, "axis": "y", "origin": [1, -2.9, -1]},
			"faces": {
				"north": {"uv": [9, 4.75, 12.5, 5], "texture": "#2"},
				"east": {"uv": [11.25, 5.5, 14.25, 5.75], "texture": "#2"},
				"south": {"uv": [10, 9, 13.5, 9.25], "texture": "#2"},
				"west": {"uv": [11.25, 5.75, 14.25, 6], "texture": "#2"},
				"up": {"uv": [3.5, 3, 0, 0], "texture": "#2"},
				"down": {"uv": [3.5, 3, 0, 6], "texture": "#2"}
			}
		},
		{
			"from": [13.5, 1, 2],
			"to": [15, 6, 3.5],
			"rotation": {"angle": 0, "axis": "y", "origin": [-2, -5, -1]},
			"faces": {
				"north": {"uv": [4, 11.75, 4.375, 13], "texture": "#2"},
				"east": {"uv": [4.5, 11.75, 4.875, 13], "texture": "#2"},
				"south": {"uv": [5, 11.75, 5.375, 13], "texture": "#2"},
				"west": {"uv": [5.5, 11.75, 5.875, 13], "texture": "#2"},
				"up": {"uv": [15.375, 0.375, 15, 0], "texture": "#2"},
				"down": {"uv": [0.875, 15, 0.5, 15.375], "texture": "#2"}
			}
		},
		{
			"from": [13.5, 1, 12.5],
			"to": [15, 6, 14],
			"rotation": {"angle": 0, "axis": "y", "origin": [-2, -5, 9.5]},
			"faces": {
				"north": {"uv": [8, 11.75, 8.375, 13], "texture": "#2"},
				"east": {"uv": [8.5, 11.75, 8.875, 13], "texture": "#2"},
				"south": {"uv": [9, 11.75, 9.375, 13], "texture": "#2"},
				"west": {"uv": [9.5, 11.75, 9.875, 13], "texture": "#2"},
				"up": {"uv": [1.375, 15.375, 1, 15], "texture": "#2"},
				"down": {"uv": [1.875, 15, 1.5, 15.375], "texture": "#2"}
			}
		},
		{
			"from": [1, 1, 12.5],
			"to": [2.5, 6, 14],
			"rotation": {"angle": 0, "axis": "y", "origin": [1, -4.9, 9.5]},
			"faces": {
				"north": {"uv": [11.75, 11.5, 12.125, 12.75], "texture": "#2"},
				"east": {"uv": [12.25, 0, 12.625, 1.25], "texture": "#2"},
				"south": {"uv": [12.25, 1.25, 12.625, 2.5], "texture": "#2"},
				"west": {"uv": [12.25, 2.5, 12.625, 3.75], "texture": "#2"},
				"up": {"uv": [15.375, 3.875, 15, 3.5], "texture": "#2"},
				"down": {"uv": [15.375, 4, 15, 4.375], "texture": "#2"}
			}
		},
		{
			"from": [2.5, 1, 2.5],
			"to": [13.5, 6, 3.5],
			"rotation": {"angle": 0, "axis": "y", "origin": [-2, -5, -1]},
			"faces": {
				"north": {"uv": [6.25, 0, 9, 1.25], "texture": "#2"},
				"east": {"uv": [10, 11.75, 10.25, 13], "texture": "#2"},
				"south": {"uv": [6.25, 1.25, 9, 2.5], "texture": "#2"},
				"west": {"uv": [10, 13, 10.25, 14.25], "texture": "#2"},
				"up": {"uv": [5.5, 9.75, 2.75, 9.5], "texture": "#2"},
				"down": {"uv": [14, 6, 11.25, 6.25], "texture": "#2"}
			}
		},
		{
			"from": [2.5, 1, 12.5],
			"to": [13.5, 6, 13.5],
			"rotation": {"angle": 0, "axis": "y", "origin": [-2, -4, -1]},
			"faces": {
				"north": {"uv": [6.25, 2.5, 9, 3.75], "texture": "#2"},
				"east": {"uv": [6.5, 13.25, 6.75, 14.5], "texture": "#2"},
				"south": {"uv": [6.25, 3.75, 9, 5], "texture": "#2"},
				"west": {"uv": [6.75, 13.25, 7, 14.5], "texture": "#2"},
				"up": {"uv": [14, 6.5, 11.25, 6.25], "texture": "#2"},
				"down": {"uv": [14, 6.5, 11.25, 6.75], "texture": "#2"}
			}
		},
		{
			"from": [13.5, 1, 3.5],
			"to": [14.5, 6, 12.5],
			"rotation": {"angle": 0, "axis": "y", "origin": [-2, -4, -1]},
			"faces": {
				"north": {"uv": [11.25, 13.25, 11.5, 14.5], "texture": "#2"},
				"east": {"uv": [6.25, 5, 8.5, 6.25], "texture": "#2"},
				"south": {"uv": [11.5, 13.25, 11.75, 14.5], "texture": "#2"},
				"west": {"uv": [6.25, 6.25, 8.5, 7.5], "texture": "#2"},
				"up": {"uv": [11, 13.5, 10.75, 11.25], "texture": "#2"},
				"down": {"uv": [11.25, 11.25, 11, 13.5], "texture": "#2"}
			}
		},
		{
			"from": [2.5, 1, 3.5],
			"to": [13.5, 2, 12.5],
			"rotation": {"angle": 0, "axis": "y", "origin": [-2, -3, -1]},
			"faces": {
				"north": {"uv": [11.25, 6.75, 14, 7], "texture": "#2"},
				"east": {"uv": [11.25, 11.25, 13.5, 11.5], "texture": "#2"},
				"south": {"uv": [8, 11.25, 10.75, 11.5], "texture": "#2"},
				"west": {"uv": [8, 11.5, 10.25, 11.75], "texture": "#2"},
				"up": {"uv": [6.25, 2.25, 3.5, 0], "texture": "#2"},
				"down": {"uv": [6.25, 2.25, 3.5, 4.5], "texture": "#2"}
			}
		},
		{
			"from": [1.5, 1, 3.5],
			"to": [2.5, 6, 12.5],
			"rotation": {"angle": 0, "axis": "y", "origin": [1, -4, -1]},
			"faces": {
				"north": {"uv": [11.75, 13.25, 12, 14.5], "texture": "#2"},
				"east": {"uv": [2.75, 6.5, 5, 7.75], "texture": "#2"},
				"south": {"uv": [12, 13.25, 12.25, 14.5], "texture": "#2"},
				"west": {"uv": [5, 7.5, 7.25, 8.75], "texture": "#2"},
				"up": {"uv": [10.5, 13.75, 10.25, 11.5], "texture": "#2"},
				"down": {"uv": [10.75, 11.5, 10.5, 13.75], "texture": "#2"}
			}
		}
	],
	"display": {
		"thirdperson_righthand": {
			"rotation": [55, 0, 0],
			"translation": [0, 1, -1],
			"scale": [0.3, 0.3, 0.3]
		},
		"thirdperson_lefthand": {
			"rotation": [55, 0, 0],
			"translation": [0, 1, -1],
			"scale": [0.3, 0.3, 0.3]
		},
		"firstperson_righthand": {
			"translation": [0, 1, 0],
			"scale": [0.4, 0.4, 0.4]
		},
		"firstperson_lefthand": {
			"translation": [0, 1, 0],
			"scale": [0.4, 0.4, 0.4]
		},
		"ground": {
			"translation": [0, 6, 0],
			"scale": [0.7, 0.7, 0.7]
		},
		"gui": {
			"rotation": [-165, 35, -180],
			"scale": [0.7, 0.7, 0.7]
		},
		"head": {
			"rotation": [-180, 0, -180],
			"translation": [0, -27, 0],
			"scale": [2, 2, 2]
		},
		"fixed": {
			"rotation": [-90, 0, 0],
			"translation": [0, 0.5, -22.5],
			"scale": [3, 3, 3]
		}
	},
	"groups": [
		{
			"name": "crate",
			"origin": [0.82752, 6.29479, 8],
			"color": 0,
			"children": [
				0,
				1,
				2,
				3,
				4,
				5,
				6,
				7,
				8,
				9,
				10,
				11,
				12,
				13,
				14,
				15,
				16,
				17,
				18,
				19,
				20,
				21,
				22,
				23,
				24,
				25,
				26,
				27,
				28,
				29,
				30,
				31,
				32,
				33,
				34,
				35,
				36,
				37,
				38,
				39,
				40,
				41,
				42,
				43,
				44,
				45,
				46,
				47,
				48,
				49,
				50,
				51,
				52,
				53,
				54,
				55,
				56,
				57,
				58
			]
		}
	]
}