{
	"credit": "Made with Blockbench",
	"texture_size": [64, 64],
	"textures": {
		"1": "minewave:item/parrot/crossbow_1"
	},
	"elements": [
		{
			"from": [0.7, 3.9, 8.6],
			"to": [8.8, 3.9, 9.1],
			"rotation": {"angle": -22.5, "axis": "y", "origin": [0.75, 3.9, 8.85]},
			"faces": {
				"north": {"uv": [0, 0, 2, 0], "texture": "#1"},
				"east": {"uv": [0, 0, 0.125, 0], "texture": "#1"},
				"south": {"uv": [0, 0, 2, 0], "texture": "#1"},
				"west": {"uv": [0, 0, 0.125, 0], "texture": "#1"},
				"up": {"uv": [8.75, 1.125, 6.75, 1], "texture": "#1"},
				"down": {"uv": [9, 4, 7, 4.125], "texture": "#1"}
			}
		},
		{
			"from": [7.35, 3.9, 8.6],
			"to": [15.05, 3.9, 9.1],
			"rotation": {"angle": 22.5, "axis": "y", "origin": [15.325, 3.9, 8.85]},
			"faces": {
				"north": {"uv": [0, 0, 1.875, 0], "texture": "#1"},
				"east": {"uv": [0, 0, 0.125, 0], "texture": "#1"},
				"south": {"uv": [0, 0, 1.875, 0], "texture": "#1"},
				"west": {"uv": [0, 0, 0.125, 0], "texture": "#1"},
				"up": {"uv": [2.625, 7.375, 0.75, 7.25], "texture": "#1"},
				"down": {"uv": [9.125, 1.25, 7.25, 1.375], "texture": "#1"}
			}
		},
		{
			"from": [10.83463, 0.6816, 1.89684],
			"to": [13.33463, 3.6816, 4.39684],
			"rotation": {"angle": 45, "axis": "y", "origin": [12.08463, 2.1816, 3.14684]},
			"faces": {
				"north": {"uv": [4, 2, 4.625, 2.75], "texture": "#1"},
				"east": {"uv": [4, 2.75, 4.625, 3.5], "texture": "#1"},
				"south": {"uv": [4, 3.5, 4.625, 4.25], "texture": "#1"},
				"west": {"uv": [3, 4.25, 3.625, 5], "texture": "#1"},
				"up": {"uv": [5.375, 4.125, 4.75, 3.5], "texture": "#1"},
				"down": {"uv": [5.125, 4.75, 4.5, 5.375], "texture": "#1"}
			}
		},
		{
			"from": [13.33463, 1.1816, 2.39684],
			"to": [16.33463, 3.1816, 3.89684],
			"rotation": {"angle": 45, "axis": "y", "origin": [12.08463, 2.1816, 3.14684]},
			"faces": {
				"north": {"uv": [2.25, 1.5, 3, 2], "texture": "#1"},
				"east": {"uv": [0.75, 8, 1.125, 8.5], "texture": "#1"},
				"south": {"uv": [5.75, 1.25, 6.5, 1.75], "texture": "#1"},
				"west": {"uv": [1.25, 8, 1.625, 8.5], "texture": "#1"},
				"up": {"uv": [5.25, 6.625, 4.5, 6.25], "texture": "#1"},
				"down": {"uv": [6, 6.25, 5.25, 6.625], "texture": "#1"}
			}
		},
		{
			"from": [14.83463, 1.1816, 3.89684],
			"to": [16.33463, 3.1816, 7.89684],
			"rotation": {"angle": 45, "axis": "y", "origin": [12.08463, 2.1816, 3.14684]},
			"faces": {
				"north": {"uv": [1.75, 8, 2.125, 8.5], "texture": "#1"},
				"east": {"uv": [3.75, 0, 4.75, 0.5], "texture": "#1"},
				"south": {"uv": [2.25, 8, 2.625, 8.5], "texture": "#1"},
				"west": {"uv": [3.75, 0.5, 4.75, 1], "texture": "#1"},
				"up": {"uv": [1.875, 6.75, 1.5, 5.75], "texture": "#1"},
				"down": {"uv": [2.375, 5.75, 2, 6.75], "texture": "#1"}
			}
		},
		{
			"from": [16.25405, 1.2316, 3.06651],
			"to": [17.75405, 3.1316, 8.56651],
			"rotation": {"angle": -22.5, "axis": "y", "origin": [17.00405, 2.1816, 5.06651]},
			"faces": {
				"north": {"uv": [3.75, 8, 4.125, 8.5], "texture": "#1"},
				"east": {"uv": [1.5, 2, 2.875, 2.5], "texture": "#1"},
				"south": {"uv": [4.25, 8, 4.625, 8.5], "texture": "#1"},
				"west": {"uv": [2.25, 0, 3.625, 0.5], "texture": "#1"},
				"up": {"uv": [1.375, 4.625, 1, 3.25], "texture": "#1"},
				"down": {"uv": [1.875, 3.5, 1.5, 4.875], "texture": "#1"}
			}
		},
		{
			"from": [18.45873, 1.4316, 3.51604],
			"to": [18.45873, 2.9316, 6.51604],
			"rotation": {"angle": 0, "axis": "y", "origin": [18.48635, 2.1816, 3.51995]},
			"faces": {
				"north": {"uv": [0, 0, 0, 0.375], "texture": "#1"},
				"east": {"uv": [6.25, 6, 7, 6.375], "texture": "#1"},
				"south": {"uv": [0, 0, 0, 0.375], "texture": "#1"},
				"west": {"uv": [6.5, 1.25, 7.25, 1.625], "texture": "#1"},
				"up": {"uv": [0, 0.75, 0, 0], "texture": "#1"},
				"down": {"uv": [0, 0, 0, 0.75], "texture": "#1"}
			}
		},
		{
			"from": [18.45873, 1.4316, 3.51604],
			"to": [18.45873, 2.9316, 6.51604],
			"rotation": {"angle": 22.5, "axis": "y", "origin": [18.48635, 2.1816, 3.51995]},
			"faces": {
				"north": {"uv": [0, 0, 0, 0.375], "texture": "#1"},
				"east": {"uv": [6.25, 6.5, 7, 6.875], "texture": "#1"},
				"south": {"uv": [0, 0, 0, 0.375], "texture": "#1"},
				"west": {"uv": [6.75, 0.5, 7.5, 0.875], "texture": "#1"},
				"up": {"uv": [0, 0, 0, 0.75], "texture": "#1"},
				"down": {"uv": [0, 0, 0, 0.75], "texture": "#1"}
			}
		},
		{
			"from": [18.48244, 1.4316, 3.54757],
			"to": [21.48244, 2.9316, 3.54757],
			"rotation": {"angle": -22.5, "axis": "y", "origin": [18.48635, 2.1816, 3.51995]},
			"faces": {
				"north": {"uv": [1.25, 6.75, 2, 7.125], "texture": "#1"},
				"east": {"uv": [0, 0, 0, 0.375], "texture": "#1"},
				"south": {"uv": [2, 6.75, 2.75, 7.125], "texture": "#1"},
				"west": {"uv": [0, 0, 0, 0.375], "texture": "#1"},
				"up": {"uv": [0.75, 0, 0, 0], "texture": "#1"},
				"down": {"uv": [0, 0, 0.75, 0], "texture": "#1"}
			}
		},
		{
			"from": [3.30057, 1.1816, 2.39576],
			"to": [12.30057, 2.6816, 3.89576],
			"rotation": {"angle": 0, "axis": "y", "origin": [10.30057, 2.1816, 3.14576]},
			"faces": {
				"north": {"uv": [0, 0, 2.25, 0.375], "texture": "#1"},
				"east": {"uv": [8.75, 2.5, 9.125, 2.875], "texture": "#1"},
				"south": {"uv": [0, 0.5, 2.25, 0.875], "texture": "#1"},
				"west": {"uv": [2.75, 8.75, 3.125, 9.125], "texture": "#1"},
				"up": {"uv": [2.25, 1.375, 0, 1], "texture": "#1"},
				"down": {"uv": [2.25, 1.5, 0, 1.875], "texture": "#1"}
			}
		},
		{
			"from": [6.55057, 1.1816, 8.89576],
			"to": [9.05057, 3.1816, 12.89576],
			"rotation": {"angle": 0, "axis": "y", "origin": [10.30057, 2.1816, 3.14576]},
			"faces": {
				"north": {"uv": [6, 4.75, 6.625, 5.25], "texture": "#1"},
				"east": {"uv": [3.75, 1, 4.75, 1.5], "texture": "#1"},
				"south": {"uv": [6, 5.25, 6.625, 5.75], "texture": "#1"},
				"west": {"uv": [3, 3.75, 4, 4.25], "texture": "#1"},
				"up": {"uv": [2.125, 3.5, 1.5, 2.5], "texture": "#1"},
				"down": {"uv": [2.875, 2.5, 2.25, 3.5], "texture": "#1"}
			}
		},
		{
			"from": [6.55057, 2.1816, 12.89576],
			"to": [9.05057, 3.1816, 15.89576],
			"rotation": {"angle": 0, "axis": "y", "origin": [10.30057, 2.1816, 3.14576]},
			"faces": {
				"north": {"uv": [8.5, 3.75, 9.125, 4], "texture": "#1"},
				"east": {"uv": [4.75, 8, 5.5, 8.25], "texture": "#1"},
				"south": {"uv": [8.5, 5.75, 9.125, 6], "texture": "#1"},
				"west": {"uv": [6.25, 8, 7, 8.25], "texture": "#1"},
				"up": {"uv": [4.375, 5, 3.75, 4.25], "texture": "#1"},
				"down": {"uv": [0.625, 4.5, 0, 5.25], "texture": "#1"}
			}
		},
		{
			"from": [6.55057, 1.1816, 3.89576],
			"to": [9.05057, 2.6816, 8.89576],
			"rotation": {"angle": 0, "axis": "y", "origin": [10.30057, 2.1816, 3.14576]},
			"faces": {
				"north": {"uv": [3.5, 7.25, 4.125, 7.625], "texture": "#1"},
				"east": {"uv": [4.5, 4.25, 5.75, 4.625], "texture": "#1"},
				"south": {"uv": [4.25, 7.25, 4.875, 7.625], "texture": "#1"},
				"west": {"uv": [4.75, 0, 6, 0.375], "texture": "#1"},
				"up": {"uv": [0.625, 3.25, 0, 2], "texture": "#1"},
				"down": {"uv": [1.375, 2, 0.75, 3.25], "texture": "#1"}
			}
		},
		{
			"from": [7.55057, 3.6816, 2.89576],
			"to": [8.05057, 4.1816, 12.89576],
			"rotation": {"angle": 0, "axis": "y", "origin": [10.30057, 2.6816, 5.14576]},
			"faces": {
				"north": {"uv": [8.75, 1.75, 8.875, 1.875], "texture": "#1"},
				"east": {"uv": [5.75, 1.75, 8.25, 1.875], "texture": "#1"},
				"south": {"uv": [8.75, 3, 8.875, 3.125], "texture": "#1"},
				"west": {"uv": [6, 5.75, 8.5, 5.875], "texture": "#1"},
				"up": {"uv": [0.625, 8.5, 0.5, 6], "texture": "#1"},
				"down": {"uv": [6.125, 6, 6, 8.5], "texture": "#1"}
			}
		},
		{
			"from": [6.80057, 3.9316, 1.89576],
			"to": [8.80057, 3.9316, 4.39576],
			"rotation": {"angle": 0, "axis": "y", "origin": [10.30057, 2.6816, 5.14576]},
			"faces": {
				"north": {"uv": [0, 0, 0.5, 0], "texture": "#1"},
				"east": {"uv": [0, 0, 0.625, 0], "texture": "#1"},
				"south": {"uv": [0, 0, 0.5, 0], "texture": "#1"},
				"west": {"uv": [0, 0, 0.625, 0], "texture": "#1"},
				"up": {"uv": [6.75, 1.125, 6.25, 0.5], "texture": "#1"},
				"down": {"uv": [1.25, 6.25, 0.75, 6.875], "texture": "#1"}
			}
		},
		{
			"from": [7.80057, 2.9316, 11.39576],
			"to": [7.80057, 4.9316, 13.89576],
			"rotation": {"angle": 0, "axis": "y", "origin": [10.30057, 2.6816, 14.64576]},
			"faces": {
				"north": {"uv": [0, 0, 0, 0.375], "texture": "#1"},
				"east": {"uv": [6.25, 2, 6.875, 2.5], "texture": "#1"},
				"south": {"uv": [0, 0, 0, 0.375], "texture": "#1"},
				"west": {"uv": [2.5, 6.25, 3.125, 6.75], "texture": "#1"},
				"up": {"uv": [0, 0.625, 0, 0], "texture": "#1"},
				"down": {"uv": [0, 0, 0, 0.625], "texture": "#1"}
			}
		},
		{
			"from": [6.80057, 3.9316, 11.39576],
			"to": [8.80057, 3.9316, 13.89576],
			"rotation": {"angle": 0, "axis": "y", "origin": [10.30057, 2.6816, 14.64576]},
			"faces": {
				"north": {"uv": [0, 0, 0.5, 0], "texture": "#1"},
				"east": {"uv": [0, 0, 0.625, 0], "texture": "#1"},
				"south": {"uv": [0, 0, 0.5, 0], "texture": "#1"},
				"west": {"uv": [0, 0, 0.625, 0], "texture": "#1"},
				"up": {"uv": [6.75, 3.125, 6.25, 2.5], "texture": "#1"},
				"down": {"uv": [3.75, 6.25, 3.25, 6.875], "texture": "#1"}
			}
		},
		{
			"from": [7.80057, 2.9316, 1.89576],
			"to": [7.80057, 4.9316, 4.39576],
			"rotation": {"angle": 0, "axis": "y", "origin": [10.30057, 2.6816, 5.14576]},
			"faces": {
				"north": {"uv": [0, 0, 0, 0.375], "texture": "#1"},
				"east": {"uv": [6.25, 3.25, 6.875, 3.75], "texture": "#1"},
				"south": {"uv": [0, 0, 0, 0.375], "texture": "#1"},
				"west": {"uv": [6.25, 3.75, 6.875, 4.25], "texture": "#1"},
				"up": {"uv": [0, 0, 0, 0.625], "texture": "#1"},
				"down": {"uv": [0, 0, 0, 0.625], "texture": "#1"}
			}
		},
		{
			"from": [6.05057, 2.1816, 5.89576],
			"to": [9.55057, 3.6816, 6.89576],
			"rotation": {"angle": 0, "axis": "y", "origin": [10.30057, 2.6816, 3.14576]},
			"faces": {
				"north": {"uv": [5.75, 4.25, 6.625, 4.625], "texture": "#1"},
				"east": {"uv": [1.25, 6.25, 1.5, 6.625], "texture": "#1"},
				"south": {"uv": [6, 0, 6.875, 0.375], "texture": "#1"},
				"west": {"uv": [3.75, 6.25, 4, 6.625], "texture": "#1"},
				"up": {"uv": [8.125, 1.75, 7.25, 1.5], "texture": "#1"},
				"down": {"uv": [4.625, 7.75, 3.75, 8], "texture": "#1"}
			}
		},
		{
			"from": [6.05057, 3.6816, 5.89576],
			"to": [9.55057, 4.6816, 5.89576],
			"rotation": {"angle": 0, "axis": "y", "origin": [10.30057, 2.6816, 3.14576]},
			"faces": {
				"north": {"uv": [4.75, 7.75, 5.625, 8], "texture": "#1"},
				"east": {"uv": [0, 0, 0, 0.25], "texture": "#1"},
				"south": {"uv": [7.75, 6, 8.625, 6.25], "texture": "#1"},
				"west": {"uv": [0, 0, 0, 0.25], "texture": "#1"},
				"up": {"uv": [0.875, 0, 0, 0], "texture": "#1"},
				"down": {"uv": [0, 0, 0.875, 0], "texture": "#1"}
			}
		},
		{
			"from": [9.05057, 0.6816, 1.39576],
			"to": [10.05057, 3.1816, 4.89576],
			"rotation": {"angle": 0, "axis": "y", "origin": [10.30057, 2.1816, 3.14576]},
			"faces": {
				"north": {"uv": [7.25, 8.5, 7.5, 9.125], "texture": "#1"},
				"east": {"uv": [3, 1.5, 3.875, 2.125], "texture": "#1"},
				"south": {"uv": [8.5, 7.25, 8.75, 7.875], "texture": "#1"},
				"west": {"uv": [3, 2.25, 3.875, 2.875], "texture": "#1"},
				"up": {"uv": [0.25, 7.875, 0, 7], "texture": "#1"},
				"down": {"uv": [0.5, 7, 0.25, 7.875], "texture": "#1"}
			}
		},
		{
			"from": [10.05057, 3.1816, 1.39576],
			"to": [10.05057, 4.1816, 4.89576],
			"rotation": {"angle": 0, "axis": "y", "origin": [10.30057, 2.1816, 3.14576]},
			"faces": {
				"north": {"uv": [0, 0, 0, 0.25], "texture": "#1"},
				"east": {"uv": [7.75, 6.25, 8.625, 6.5], "texture": "#1"},
				"south": {"uv": [0, 0, 0, 0.25], "texture": "#1"},
				"west": {"uv": [7.75, 6.5, 8.625, 6.75], "texture": "#1"},
				"up": {"uv": [0, 0.875, 0, 0], "texture": "#1"},
				"down": {"uv": [0, 0, 0, 0.875], "texture": "#1"}
			}
		},
		{
			"from": [5.55057, 3.1816, 1.39576],
			"to": [5.55057, 4.1816, 4.89576],
			"rotation": {"angle": 0, "axis": "y", "origin": [6.80057, 2.1816, 3.14576]},
			"faces": {
				"north": {"uv": [0, 0, 0, 0.25], "texture": "#1"},
				"east": {"uv": [7.75, 6.75, 8.625, 7], "texture": "#1"},
				"south": {"uv": [0, 0, 0, 0.25], "texture": "#1"},
				"west": {"uv": [7.75, 7, 8.625, 7.25], "texture": "#1"},
				"up": {"uv": [0, 0, 0, 0.875], "texture": "#1"},
				"down": {"uv": [0, 0, 0, 0.875], "texture": "#1"}
			}
		},
		{
			"from": [5.55057, 0.6816, 1.39576],
			"to": [6.55057, 3.1816, 4.89576],
			"rotation": {"angle": 0, "axis": "y", "origin": [6.80057, 2.1816, 3.14576]},
			"faces": {
				"north": {"uv": [8.5, 8, 8.75, 8.625], "texture": "#1"},
				"east": {"uv": [3, 3, 3.875, 3.625], "texture": "#1"},
				"south": {"uv": [0, 8.75, 0.25, 9.375], "texture": "#1"},
				"west": {"uv": [0, 3.25, 0.875, 3.875], "texture": "#1"},
				"up": {"uv": [6, 8.125, 5.75, 7.25], "texture": "#1"},
				"down": {"uv": [8, 7.25, 7.75, 8.125], "texture": "#1"}
			}
		},
		{
			"from": [6.55057, 0.6816, 1.39576],
			"to": [9.05057, 1.6816, 2.39576],
			"rotation": {"angle": 0, "axis": "y", "origin": [6.80057, 2.1816, 3.14576]},
			"faces": {
				"north": {"uv": [8.75, 0.5, 9.375, 0.75], "texture": "#1"},
				"east": {"uv": [0.75, 4.5, 1, 4.75], "texture": "#1"},
				"south": {"uv": [8.75, 0.75, 9.375, 1], "texture": "#1"},
				"west": {"uv": [4.75, 1.25, 5, 1.5], "texture": "#1"},
				"up": {"uv": [9.375, 1.25, 8.75, 1], "texture": "#1"},
				"down": {"uv": [9.375, 1.5, 8.75, 1.75], "texture": "#1"}
			}
		},
		{
			"from": [2.27428, 0.6816, 1.91823],
			"to": [4.77428, 3.6816, 4.41823],
			"rotation": {"angle": -45, "axis": "y", "origin": [3.52428, 2.1816, 3.16823]},
			"faces": {
				"north": {"uv": [4.75, 0.5, 5.375, 1.25], "texture": "#1"},
				"east": {"uv": [0.75, 4.75, 1.375, 5.5], "texture": "#1"},
				"south": {"uv": [4.75, 2, 5.375, 2.75], "texture": "#1"},
				"west": {"uv": [4.75, 2.75, 5.375, 3.5], "texture": "#1"},
				"up": {"uv": [5.625, 1.875, 5, 1.25], "texture": "#1"},
				"down": {"uv": [2.125, 5, 1.5, 5.625], "texture": "#1"}
			}
		},
		{
			"from": [1.52902, 3.33448, 1.23417],
			"to": [4.02902, 3.33448, 2.73417],
			"rotation": {"angle": 22.5, "axis": "y", "origin": [7.35, 2.18447, 6.20005]},
			"faces": {
				"north": {"uv": [0, 0, 0.625, 0], "texture": "#1"},
				"east": {"uv": [0, 0, 0.375, 0], "texture": "#1"},
				"south": {"uv": [0, 0, 0.625, 0], "texture": "#1"},
				"west": {"uv": [0, 0, 0.375, 0], "texture": "#1"},
				"up": {"uv": [5.625, 7.625, 5, 7.25], "texture": "#1"},
				"down": {"uv": [8.125, 0.5, 7.5, 0.875], "texture": "#1"}
			}
		},
		{
			"from": [12.79521, 3.43447, 2.4],
			"to": [15.79521, 3.43447, 3.9],
			"rotation": {"angle": 0, "axis": "y", "origin": [13.78893, 3.38447, 3.15]},
			"faces": {
				"north": {"uv": [0, 0, 0.75, 0], "texture": "#1"},
				"east": {"uv": [0, 0, 0.375, 0], "texture": "#1"},
				"south": {"uv": [0, 0, 0.75, 0], "texture": "#1"},
				"west": {"uv": [0, 0, 0.375, 0], "texture": "#1"},
				"up": {"uv": [7.5, 2.875, 6.75, 2.5], "texture": "#1"},
				"down": {"uv": [4.5, 6.75, 3.75, 7.125], "texture": "#1"}
			}
		},
		{
			"from": [11.30593, 3.43447, 3.167],
			"to": [12.80593, 3.43447, 5.167],
			"rotation": {"angle": 45, "axis": "y", "origin": [13.78893, 3.38447, 3.15]},
			"faces": {
				"north": {"uv": [0, 0, 0.375, 0], "texture": "#1"},
				"east": {"uv": [0, 0, 0.5, 0], "texture": "#1"},
				"south": {"uv": [0, 0, 0.375, 0], "texture": "#1"},
				"west": {"uv": [0, 0, 0.5, 0], "texture": "#1"},
				"up": {"uv": [7.375, 8.5, 7, 8], "texture": "#1"},
				"down": {"uv": [8.375, 7.25, 8, 7.75], "texture": "#1"}
			}
		},
		{
			"from": [13.13935, 3.33448, 3.13013],
			"to": [15.63935, 3.33448, 4.63013],
			"rotation": {"angle": -22.5, "axis": "y", "origin": [13.78893, 3.38447, 3.15]},
			"faces": {
				"north": {"uv": [0, 0, 0.625, 0], "texture": "#1"},
				"east": {"uv": [0, 0, 0.375, 0], "texture": "#1"},
				"south": {"uv": [0, 0, 0.625, 0], "texture": "#1"},
				"west": {"uv": [0, 0, 0.375, 0], "texture": "#1"},
				"up": {"uv": [1.375, 7.875, 0.75, 7.5], "texture": "#1"},
				"down": {"uv": [2.125, 7.5, 1.5, 7.875], "texture": "#1"}
			}
		},
		{
			"from": [13.80593, 3.43447, 0.667],
			"to": [15.80593, 3.43447, 2.167],
			"rotation": {"angle": 45, "axis": "y", "origin": [13.78893, 3.38447, 3.15]},
			"faces": {
				"north": {"uv": [0, 0, 0.5, 0], "texture": "#1"},
				"east": {"uv": [0, 0, 0.375, 0], "texture": "#1"},
				"south": {"uv": [0, 0, 0.5, 0], "texture": "#1"},
				"west": {"uv": [0, 0, 0.375, 0], "texture": "#1"},
				"up": {"uv": [8.5, 8.125, 8, 7.75], "texture": "#1"},
				"down": {"uv": [8.75, 0.5, 8.25, 0.875], "texture": "#1"}
			}
		},
		{
			"from": [13.13935, 3.33448, 1.66987],
			"to": [15.63935, 3.33448, 3.16987],
			"rotation": {"angle": 22.5, "axis": "y", "origin": [13.78893, 3.38447, 3.15]},
			"faces": {
				"north": {"uv": [0, 0, 0.625, 0], "texture": "#1"},
				"east": {"uv": [0, 0, 0.375, 0], "texture": "#1"},
				"south": {"uv": [0, 0, 0.625, 0], "texture": "#1"},
				"west": {"uv": [0, 0, 0.375, 0], "texture": "#1"},
				"up": {"uv": [2.875, 7.875, 2.25, 7.5], "texture": "#1"},
				"down": {"uv": [8.125, 2.5, 7.5, 2.875], "texture": "#1"}
			}
		},
		{
			"from": [3.55743, 3.43447, 1.09406],
			"to": [5.55743, 3.43447, 2.59406],
			"rotation": {"angle": 45, "axis": "y", "origin": [7.35, 2.18447, 6.20005]},
			"faces": {
				"north": {"uv": [0, 0, 0.5, 0], "texture": "#1"},
				"east": {"uv": [0, 0, 0.375, 0], "texture": "#1"},
				"south": {"uv": [0, 0, 0.5, 0], "texture": "#1"},
				"west": {"uv": [0, 0, 0.375, 0], "texture": "#1"},
				"up": {"uv": [8.75, 1.875, 8.25, 1.5], "texture": "#1"},
				"down": {"uv": [8.75, 2.5, 8.25, 2.875], "texture": "#1"}
			}
		},
		{
			"from": [-0.80539, 3.33448, 4.03017],
			"to": [1.69461, 3.33448, 5.53017],
			"rotation": {"angle": -22.5, "axis": "y", "origin": [7.35, 2.18447, 6.20005]},
			"faces": {
				"north": {"uv": [0, 0, 0.625, 0], "texture": "#1"},
				"east": {"uv": [0, 0, 0.375, 0], "texture": "#1"},
				"south": {"uv": [0, 0, 0.625, 0], "texture": "#1"},
				"west": {"uv": [0, 0, 0.375, 0], "texture": "#1"},
				"up": {"uv": [8.125, 4.625, 7.5, 4.25], "texture": "#1"},
				"down": {"uv": [8.125, 4.75, 7.5, 5.125], "texture": "#1"}
			}
		},
		{
			"from": [6.55743, 3.43447, -1.90594],
			"to": [8.05743, 3.43447, 0.09406],
			"rotation": {"angle": 45, "axis": "y", "origin": [7.35, 2.18447, 6.20005]},
			"faces": {
				"north": {"uv": [0, 0, 0.375, 0], "texture": "#1"},
				"east": {"uv": [0, 0, 0.5, 0], "texture": "#1"},
				"south": {"uv": [0, 0, 0.375, 0], "texture": "#1"},
				"west": {"uv": [0, 0, 0.5, 0], "texture": "#1"},
				"up": {"uv": [3.125, 8.75, 2.75, 8.25], "texture": "#1"},
				"down": {"uv": [3.625, 8.25, 3.25, 8.75], "texture": "#1"}
			}
		},
		{
			"from": [-0.21736, 3.43447, 2.4],
			"to": [2.78264, 3.43447, 3.9],
			"rotation": {"angle": 0, "axis": "y", "origin": [7.35, 2.18447, 6.20005]},
			"faces": {
				"north": {"uv": [0, 0, 0.75, 0], "texture": "#1"},
				"east": {"uv": [0, 0, 0.375, 0], "texture": "#1"},
				"south": {"uv": [0, 0, 0.75, 0], "texture": "#1"},
				"west": {"uv": [0, 0, 0.375, 0], "texture": "#1"},
				"up": {"uv": [7.5, 4.625, 6.75, 4.25], "texture": "#1"},
				"down": {"uv": [5.25, 6.75, 4.5, 7.125], "texture": "#1"}
			}
		},
		{
			"from": [-0.21736, 0.93447, 2.4],
			"to": [2.78264, 0.93447, 3.9],
			"rotation": {"angle": 0, "axis": "y", "origin": [7.35, -0.31553, 6.20005]},
			"faces": {
				"north": {"uv": [0, 0, 0.75, 0], "texture": "#1"},
				"east": {"uv": [0, 0, 0.375, 0], "texture": "#1"},
				"south": {"uv": [0, 0, 0.75, 0], "texture": "#1"},
				"west": {"uv": [0, 0, 0.375, 0], "texture": "#1"},
				"up": {"uv": [7.5, 5.125, 6.75, 4.75], "texture": "#1"},
				"down": {"uv": [6, 6.75, 5.25, 7.125], "texture": "#1"}
			}
		},
		{
			"from": [13.13935, 1.08447, 1.66987],
			"to": [15.63935, 1.08447, 3.16987],
			"rotation": {"angle": 22.5, "axis": "y", "origin": [13.78893, 1.00947, 3.15]},
			"faces": {
				"north": {"uv": [0, 0, 0.625, 0], "texture": "#1"},
				"east": {"uv": [0, 0, 0.375, 0], "texture": "#1"},
				"south": {"uv": [0, 0, 0.625, 0], "texture": "#1"},
				"west": {"uv": [0, 0, 0.375, 0], "texture": "#1"},
				"up": {"uv": [8.125, 5.625, 7.5, 5.25], "texture": "#1"},
				"down": {"uv": [6.875, 7.5, 6.25, 7.875], "texture": "#1"}
			}
		},
		{
			"from": [13.80593, 0.93447, 0.667],
			"to": [15.80593, 0.93447, 2.167],
			"rotation": {"angle": 45, "axis": "y", "origin": [13.78893, 1.00947, 3.15]},
			"faces": {
				"north": {"uv": [0, 0, 0.5, 0], "texture": "#1"},
				"east": {"uv": [0, 0, 0.375, 0], "texture": "#1"},
				"south": {"uv": [0, 0, 0.5, 0], "texture": "#1"},
				"west": {"uv": [0, 0, 0.375, 0], "texture": "#1"},
				"up": {"uv": [8.75, 4.625, 8.25, 4.25], "texture": "#1"},
				"down": {"uv": [5.25, 8.25, 4.75, 8.625], "texture": "#1"}
			}
		},
		{
			"from": [13.13935, 1.08447, 3.13013],
			"to": [15.63935, 1.08447, 4.63013],
			"rotation": {"angle": -22.5, "axis": "y", "origin": [13.78893, 1.00947, 3.15]},
			"faces": {
				"north": {"uv": [0, 0, 0.625, 0], "texture": "#1"},
				"east": {"uv": [0, 0, 0.375, 0], "texture": "#1"},
				"south": {"uv": [0, 0, 0.625, 0], "texture": "#1"},
				"west": {"uv": [0, 0, 0.375, 0], "texture": "#1"},
				"up": {"uv": [7.625, 7.875, 7, 7.5], "texture": "#1"},
				"down": {"uv": [8.375, 0, 7.75, 0.375], "texture": "#1"}
			}
		},
		{
			"from": [11.30593, 0.93447, 3.167],
			"to": [12.80593, 0.93447, 5.167],
			"rotation": {"angle": 45, "axis": "y", "origin": [13.78893, 1.00947, 3.15]},
			"faces": {
				"north": {"uv": [0, 0, 0.375, 0], "texture": "#1"},
				"east": {"uv": [0, 0, 0.5, 0], "texture": "#1"},
				"south": {"uv": [0, 0, 0.375, 0], "texture": "#1"},
				"west": {"uv": [0, 0, 0.5, 0], "texture": "#1"},
				"up": {"uv": [8.625, 5.25, 8.25, 4.75], "texture": "#1"},
				"down": {"uv": [5.625, 8.25, 5.25, 8.75], "texture": "#1"}
			}
		},
		{
			"from": [12.79521, 0.93447, 2.4],
			"to": [15.79521, 0.93447, 3.9],
			"rotation": {"angle": 0, "axis": "y", "origin": [13.78893, 1.00947, 3.15]},
			"faces": {
				"north": {"uv": [0, 0, 0.75, 0], "texture": "#1"},
				"east": {"uv": [0, 0, 0.375, 0], "texture": "#1"},
				"south": {"uv": [0, 0, 0.75, 0], "texture": "#1"},
				"west": {"uv": [0, 0, 0.375, 0], "texture": "#1"},
				"up": {"uv": [7.5, 5.625, 6.75, 5.25], "texture": "#1"},
				"down": {"uv": [7.75, 0, 7, 0.375], "texture": "#1"}
			}
		},
		{
			"from": [6.55743, 0.93447, -1.90594],
			"to": [8.05743, 0.93447, 0.09406],
			"rotation": {"angle": 45, "axis": "y", "origin": [7.35, -0.31553, 6.20005]},
			"faces": {
				"north": {"uv": [0, 0, 0.375, 0], "texture": "#1"},
				"east": {"uv": [0, 0, 0.5, 0], "texture": "#1"},
				"south": {"uv": [0, 0, 0.375, 0], "texture": "#1"},
				"west": {"uv": [0, 0, 0.5, 0], "texture": "#1"},
				"up": {"uv": [8.625, 5.75, 8.25, 5.25], "texture": "#1"},
				"down": {"uv": [6.625, 8.25, 6.25, 8.75], "texture": "#1"}
			}
		},
		{
			"from": [-0.80539, 1.08447, 4.03017],
			"to": [1.69461, 1.08447, 5.53017],
			"rotation": {"angle": -22.5, "axis": "y", "origin": [7.35, -0.06553, 6.20005]},
			"faces": {
				"north": {"uv": [0, 0, 0.625, 0], "texture": "#1"},
				"east": {"uv": [0, 0, 0.375, 0], "texture": "#1"},
				"south": {"uv": [0, 0, 0.625, 0], "texture": "#1"},
				"west": {"uv": [0, 0, 0.375, 0], "texture": "#1"},
				"up": {"uv": [8.375, 2.375, 7.75, 2], "texture": "#1"},
				"down": {"uv": [3.625, 7.75, 3, 8.125], "texture": "#1"}
			}
		},
		{
			"from": [3.55743, 0.93447, 1.09406],
			"to": [5.55743, 0.93447, 2.59406],
			"rotation": {"angle": 45, "axis": "y", "origin": [7.35, -0.31553, 6.20005]},
			"faces": {
				"north": {"uv": [0, 0, 0.5, 0], "texture": "#1"},
				"east": {"uv": [0, 0, 0.375, 0], "texture": "#1"},
				"south": {"uv": [0, 0, 0.5, 0], "texture": "#1"},
				"west": {"uv": [0, 0, 0.375, 0], "texture": "#1"},
				"up": {"uv": [8, 8.625, 7.5, 8.25], "texture": "#1"},
				"down": {"uv": [8.5, 8.25, 8, 8.625], "texture": "#1"}
			}
		},
		{
			"from": [1.52902, 1.08447, 1.23417],
			"to": [4.02902, 1.08447, 2.73417],
			"rotation": {"angle": 22.5, "axis": "y", "origin": [7.35, -0.06553, 6.20005]},
			"faces": {
				"north": {"uv": [0, 0, 0.625, 0], "texture": "#1"},
				"east": {"uv": [0, 0, 0.375, 0], "texture": "#1"},
				"south": {"uv": [0, 0, 0.625, 0], "texture": "#1"},
				"west": {"uv": [0, 0, 0.375, 0], "texture": "#1"},
				"up": {"uv": [8.375, 3.375, 7.75, 3], "texture": "#1"},
				"down": {"uv": [8.375, 3.5, 7.75, 3.875], "texture": "#1"}
			}
		},
		{
			"from": [-0.72572, 1.1816, 2.41823],
			"to": [2.27428, 3.1816, 3.91823],
			"rotation": {"angle": -45, "axis": "y", "origin": [3.52428, 2.1816, 3.16823]},
			"faces": {
				"north": {"uv": [2.5, 5.75, 3.25, 6.25], "texture": "#1"},
				"east": {"uv": [8.5, 0, 8.875, 0.5], "texture": "#1"},
				"south": {"uv": [3.25, 5.75, 4, 6.25], "texture": "#1"},
				"west": {"uv": [0.5, 8.5, 0.875, 9], "texture": "#1"},
				"up": {"uv": [7.75, 2.375, 7, 2], "texture": "#1"},
				"down": {"uv": [3.5, 7, 2.75, 7.375], "texture": "#1"}
			}
		},
		{
			"from": [-0.72572, 1.1816, 3.91823],
			"to": [0.77428, 3.1816, 7.91823],
			"rotation": {"angle": -45, "axis": "y", "origin": [3.52428, 2.1816, 3.16823]},
			"faces": {
				"north": {"uv": [1, 8.5, 1.375, 9], "texture": "#1"},
				"east": {"uv": [0, 4, 1, 4.5], "texture": "#1"},
				"south": {"uv": [1.5, 8.5, 1.875, 9], "texture": "#1"},
				"west": {"uv": [4, 1.5, 5, 2], "texture": "#1"},
				"up": {"uv": [4.375, 6.75, 4, 5.75], "texture": "#1"},
				"down": {"uv": [0.375, 6, 0, 7], "texture": "#1"}
			}
		},
		{
			"from": [-2.85035, 1.4316, 3.51736],
			"to": [-2.85035, 2.9316, 6.51736],
			"rotation": {"angle": 0, "axis": "y", "origin": [-2.85035, 2.1816, 3.53244]},
			"faces": {
				"north": {"uv": [0, 0, 0, 0.375], "texture": "#1"},
				"east": {"uv": [7, 3, 7.75, 3.375], "texture": "#1"},
				"south": {"uv": [0, 0, 0, 0.375], "texture": "#1"},
				"west": {"uv": [7, 3.5, 7.75, 3.875], "texture": "#1"},
				"up": {"uv": [0, 0, 0, 0.75], "texture": "#1"},
				"down": {"uv": [0, 0, 0, 0.75], "texture": "#1"}
			}
		},
		{
			"from": [-2.85035, 1.4316, 3.51736],
			"to": [-2.85035, 2.9316, 6.51736],
			"rotation": {"angle": -22.5, "axis": "y", "origin": [-2.85035, 2.1816, 3.53244]},
			"faces": {
				"north": {"uv": [0, 0, 0, 0.375], "texture": "#1"},
				"east": {"uv": [7, 6, 7.75, 6.375], "texture": "#1"},
				"south": {"uv": [0, 0, 0, 0.375], "texture": "#1"},
				"west": {"uv": [6.25, 7, 7, 7.375], "texture": "#1"},
				"up": {"uv": [0, 0, 0, 0.75], "texture": "#1"},
				"down": {"uv": [0, 0, 0, 0.75], "texture": "#1"}
			}
		},
		{
			"from": [-5.83527, 1.4316, 3.53244],
			"to": [-2.83527, 2.9316, 3.53244],
			"rotation": {"angle": 22.5, "axis": "y", "origin": [-2.85035, 2.1816, 3.53244]},
			"faces": {
				"north": {"uv": [7, 6.5, 7.75, 6.875], "texture": "#1"},
				"east": {"uv": [0, 0, 0, 0.375], "texture": "#1"},
				"south": {"uv": [7, 7, 7.75, 7.375], "texture": "#1"},
				"west": {"uv": [0, 0, 0, 0.375], "texture": "#1"},
				"up": {"uv": [0, 0, 0.75, 0], "texture": "#1"},
				"down": {"uv": [0, 0, 0.75, 0], "texture": "#1"}
			}
		},
		{
			"from": [-2.31839, 1.2316, 3.1792],
			"to": [-0.81839, 3.1316, 8.6792],
			"rotation": {"angle": 22.5, "axis": "y", "origin": [-1.71839, 2.1816, 4.6792]},
			"faces": {
				"north": {"uv": [2, 8.5, 2.375, 9], "texture": "#1"},
				"east": {"uv": [2.25, 0.5, 3.625, 1], "texture": "#1"},
				"south": {"uv": [8.5, 2, 8.875, 2.5], "texture": "#1"},
				"west": {"uv": [2.25, 1, 3.625, 1.5], "texture": "#1"},
				"up": {"uv": [2.375, 4.875, 2, 3.5], "texture": "#1"},
				"down": {"uv": [2.875, 3.5, 2.5, 4.875], "texture": "#1"}
			}
		},
		{
			"from": [12.4773, 2.1816, 12.70405],
			"to": [13.4773, 2.1816, 15.70405],
			"rotation": {"angle": 22.5, "axis": "y", "origin": [7.55, 2.2316, 3.95387]},
			"faces": {
				"north": {"uv": [0, 0, 0.25, 0], "texture": "#1"},
				"east": {"uv": [0, 0, 0.75, 0], "texture": "#1"},
				"south": {"uv": [0, 0, 0.25, 0], "texture": "#1"},
				"west": {"uv": [0, 0, 0.75, 0], "texture": "#1"},
				"up": {"uv": [0.25, 8.75, 0, 8], "texture": "#1"},
				"down": {"uv": [0.5, 8, 0.25, 8.75], "texture": "#1"}
			}
		},
		{
			"from": [16.91062, 2.1816, 8.46418],
			"to": [17.91062, 2.1816, 11.46418],
			"rotation": {"angle": 45, "axis": "y", "origin": [17.41062, 2.1816, 9.96418]},
			"faces": {
				"north": {"uv": [0, 0, 0.25, 0], "texture": "#1"},
				"east": {"uv": [0, 0, 0.75, 0], "texture": "#1"},
				"south": {"uv": [0, 0, 0.25, 0], "texture": "#1"},
				"west": {"uv": [0, 0, 0.75, 0], "texture": "#1"},
				"up": {"uv": [6, 9, 5.75, 8.25], "texture": "#1"},
				"down": {"uv": [7, 8.25, 6.75, 9], "texture": "#1"}
			}
		},
		{
			"from": [14.06287, 2.1816, 9.72955],
			"to": [15.06287, 2.1816, 12.72955],
			"rotation": {"angle": -22.5, "axis": "y", "origin": [14.56287, 2.1816, 11.22955]},
			"faces": {
				"north": {"uv": [0, 0, 0.25, 0], "texture": "#1"},
				"east": {"uv": [0, 0, 0.75, 0], "texture": "#1"},
				"south": {"uv": [0, 0, 0.25, 0], "texture": "#1"},
				"west": {"uv": [0, 0, 0.75, 0], "texture": "#1"},
				"up": {"uv": [2.75, 9.25, 2.5, 8.5], "texture": "#1"},
				"down": {"uv": [8.75, 3, 8.5, 3.75], "texture": "#1"}
			}
		},
		{
			"from": [11.7273, 0.9316, 10.20405],
			"to": [14.2273, 3.4316, 12.70405],
			"rotation": {"angle": 22.5, "axis": "y", "origin": [7.55, 2.2316, 3.95387]},
			"faces": {
				"north": {"uv": [2.25, 5, 2.875, 5.625], "texture": "#1"},
				"east": {"uv": [3, 5, 3.625, 5.625], "texture": "#1"},
				"south": {"uv": [3.75, 5, 4.375, 5.625], "texture": "#1"},
				"west": {"uv": [0, 5.25, 0.625, 5.875], "texture": "#1"},
				"up": {"uv": [5.875, 5.375, 5.25, 4.75], "texture": "#1"},
				"down": {"uv": [6.125, 0.5, 5.5, 1.125], "texture": "#1"}
			}
		},
		{
			"from": [1.43932, 0.9316, 10.29799],
			"to": [3.93932, 3.4316, 12.79799],
			"rotation": {"angle": -22.5, "axis": "y", "origin": [8.2, 2.2316, 3.95387]},
			"faces": {
				"north": {"uv": [0.75, 5.5, 1.375, 6.125], "texture": "#1"},
				"east": {"uv": [5.5, 2, 6.125, 2.625], "texture": "#1"},
				"south": {"uv": [5.5, 2.75, 6.125, 3.375], "texture": "#1"},
				"west": {"uv": [5.5, 3.5, 6.125, 4.125], "texture": "#1"},
				"up": {"uv": [5.125, 6.125, 4.5, 5.5], "texture": "#1"},
				"down": {"uv": [5.875, 5.5, 5.25, 6.125], "texture": "#1"}
			}
		},
		{
			"from": [-2.29264, 2.1816, 8.61473],
			"to": [-1.29264, 2.1816, 11.61473],
			"rotation": {"angle": -45, "axis": "y", "origin": [-1.79264, 2.1816, 10.11473]},
			"faces": {
				"north": {"uv": [0, 0, 0.25, 0], "texture": "#1"},
				"east": {"uv": [0, 0, 0.75, 0], "texture": "#1"},
				"south": {"uv": [0, 0, 0.25, 0], "texture": "#1"},
				"west": {"uv": [0, 0, 0.75, 0], "texture": "#1"},
				"up": {"uv": [4, 9.25, 3.75, 8.5], "texture": "#1"},
				"down": {"uv": [4.25, 8.5, 4, 9.25], "texture": "#1"}
			}
		},
		{
			"from": [2.18932, 2.1816, 12.79799],
			"to": [3.18932, 2.1816, 15.79799],
			"rotation": {"angle": -22.5, "axis": "y", "origin": [8.2, 2.2316, 3.95387]},
			"faces": {
				"north": {"uv": [0, 0, 0.25, 0], "texture": "#1"},
				"east": {"uv": [0, 0, 0.75, 0], "texture": "#1"},
				"south": {"uv": [0, 0, 0.25, 0], "texture": "#1"},
				"west": {"uv": [0, 0, 0.75, 0], "texture": "#1"},
				"up": {"uv": [4.5, 9.25, 4.25, 8.5], "texture": "#1"},
				"down": {"uv": [4.75, 8.5, 4.5, 9.25], "texture": "#1"}
			}
		},
		{
			"from": [0.57415, 2.1816, 9.78443],
			"to": [1.57415, 2.1816, 12.78443],
			"rotation": {"angle": 22.5, "axis": "y", "origin": [1.07415, 2.1816, 11.28443]},
			"faces": {
				"north": {"uv": [0, 0, 0.25, 0], "texture": "#1"},
				"east": {"uv": [0, 0, 0.75, 0], "texture": "#1"},
				"south": {"uv": [0, 0, 0.25, 0], "texture": "#1"},
				"west": {"uv": [0, 0, 0.75, 0], "texture": "#1"},
				"up": {"uv": [6.25, 9.25, 6, 8.5], "texture": "#1"},
				"down": {"uv": [7.25, 8.5, 7, 9.25], "texture": "#1"}
			}
		},
		{
			"from": [-0.29735, 3.4316, 8.36107],
			"to": [0.70265, 4.4316, 9.36107],
			"rotation": {"angle": 0, "axis": "y", "origin": [0.20265, 3.9316, 8.86107]},
			"faces": {
				"north": {"uv": [2.75, 6.75, 3, 7], "texture": "#1"},
				"east": {"uv": [3, 6.75, 3.25, 7], "texture": "#1"},
				"south": {"uv": [6.75, 3, 7, 3.25], "texture": "#1"},
				"west": {"uv": [0.75, 7, 1, 7.25], "texture": "#1"},
				"up": {"uv": [1.25, 7.25, 1, 7], "texture": "#1"},
				"down": {"uv": [3.75, 7, 3.5, 7.25], "texture": "#1"}
			}
		},
		{
			"from": [15.05265, 3.4316, 8.36107],
			"to": [16.05265, 4.4316, 9.36107],
			"rotation": {"angle": 0, "axis": "y", "origin": [0.05265, 3.9316, 8.86107]},
			"faces": {
				"north": {"uv": [3, 7.5, 3.25, 7.75], "texture": "#1"},
				"east": {"uv": [3.25, 7.5, 3.5, 7.75], "texture": "#1"},
				"south": {"uv": [2.75, 8, 3, 8.25], "texture": "#1"},
				"west": {"uv": [5.5, 8, 5.75, 8.25], "texture": "#1"},
				"up": {"uv": [7.75, 8.25, 7.5, 8], "texture": "#1"},
				"down": {"uv": [0.5, 8.75, 0.25, 9], "texture": "#1"}
			}
		}
	],
	"display": {
		"thirdperson_righthand": {
			"translation": [0, 5.5, 4],
			"scale": [0.8, 0.8, 0.8]
		},
		"thirdperson_lefthand": {
			"translation": [0, 5.5, 4],
			"scale": [0.8, 0.8, 0.8]
		},
		"firstperson_righthand": {
			"rotation": [0, 3, 0],
			"translation": [0, 5.5, 1],
			"scale": [0.7, 0.7, 0.7]
		},
		"firstperson_lefthand": {
			"rotation": [0, 3, 0],
			"translation": [0, 5.5, 1],
			"scale": [0.7, 0.7, 0.7]
		},
		"ground": {
			"translation": [0, 6, 0],
			"scale": [0.8, 0.8, 0.8]
		},
		"gui": {
			"rotation": [45, 45, 0],
			"translation": [0.75, 2, 0],
			"scale": [0.7, 0.7, 0.7]
		},
		"fixed": {
			"rotation": [90, 0, -180],
			"translation": [0, 0, -5],
			"scale": [0.8, 0.8, 0.8]
		}
	},
	"groups": [
		{
			"name": "crossbow",
			"origin": [8, 16.75046, 10.51331],
			"color": 0,
			"children": [
				0,
				1,
				2,
				3,
				4,
				5,
				6,
				7,
				8,
				9,
				10,
				11,
				12,
				13,
				14,
				15,
				16,
				17,
				18,
				19,
				20,
				21,
				22,
				23,
				24,
				25,
				26,
				27,
				28,
				29,
				30,
				31,
				32,
				33,
				34,
				35,
				36,
				37,
				38,
				39,
				40,
				41,
				42,
				43,
				44,
				45,
				46,
				47,
				48,
				49,
				50,
				51,
				52,
				53,
				54,
				55,
				56,
				57,
				58,
				59,
				60,
				61
			]
		}
	]
}