{
	"credit": "Made with Blockbench",
	"texture_size": [32, 32],
	"textures": {
		"0": "minewave:item/parrot/fishing_rod",
		"particle": "minewave:item/parrot/fishing_rod"
	},
	"elements": [
		{
			"from": [6.75, 3.2793, -0.12451],
			"to": [9.25, 5.2793, 1.87549],
			"rotation": {"angle": -45, "axis": "x", "origin": [8, 11.40758, 7.99088]},
			"faces": {
				"north": {"uv": [7.5, 0, 8.75, 1], "texture": "#0"},
				"east": {"uv": [5, 7.5, 6, 8.5], "texture": "#0"},
				"south": {"uv": [7.5, 1, 8.75, 2], "texture": "#0"},
				"west": {"uv": [6, 7.5, 7, 8.5], "texture": "#0"},
				"up": {"uv": [2.75, 8.5, 1.5, 7.5], "texture": "#0"},
				"down": {"uv": [8.75, 2, 7.5, 3], "texture": "#0"}
			}
		},
		{
			"from": [6.75, 8.6793, 7.27549],
			"to": [9.25, 11.1793, 9.77549],
			"rotation": {"angle": -45, "axis": "x", "origin": [8, 9.40758, 7.99088]},
			"faces": {
				"north": {"uv": [6, 0, 7.25, 1.25], "texture": "#0"},
				"east": {"uv": [6, 1.5, 7.25, 2.75], "texture": "#0"},
				"south": {"uv": [6, 3, 7.25, 4.25], "texture": "#0"},
				"west": {"uv": [6, 4.5, 7.25, 5.75], "texture": "#0"},
				"up": {"uv": [7.25, 7.25, 6, 6], "texture": "#0"},
				"down": {"uv": [1.25, 7.5, 0, 8.75], "texture": "#0"}
			}
		},
		{
			"from": [7, 8.90183, 4.75],
			"to": [7, 10.40183, 6.75],
			"rotation": {"angle": 45, "axis": "x", "origin": [8.25, 10.15183, 8]},
			"faces": {
				"north": {"uv": [0, 0, 0, 0.75], "texture": "#0"},
				"east": {"uv": [8.5, 6, 9.5, 6.75], "texture": "#0"},
				"south": {"uv": [0, 0, 0, 0.75], "texture": "#0"},
				"west": {"uv": [3.5, 9, 4.5, 9.75], "texture": "#0"},
				"up": {"uv": [0, 1, 0, 0], "texture": "#0"},
				"down": {"uv": [0, 0, 0, 1], "texture": "#0"}
			}
		},
		{
			"from": [9, 11.40183, 7.75],
			"to": [9, 13.40183, 9.25],
			"rotation": {"angle": 45, "axis": "x", "origin": [10, 10.15183, 8]},
			"faces": {
				"north": {"uv": [0, 0, 0, 1], "texture": "#0"},
				"east": {"uv": [9, 7, 9.75, 8], "texture": "#0"},
				"south": {"uv": [0, 0, 0, 1], "texture": "#0"},
				"west": {"uv": [8, 9, 8.75, 10], "texture": "#0"},
				"up": {"uv": [0, 0.75, 0, 0], "texture": "#0"},
				"down": {"uv": [0, 0, 0, 0.75], "texture": "#0"}
			}
		},
		{
			"from": [9, 10.90183, 7.25],
			"to": [9, 13.90183, 8.75],
			"rotation": {"angle": 0, "axis": "y", "origin": [10, 10.15183, 8]},
			"faces": {
				"north": {"uv": [0, 0, 0, 1.5], "texture": "#0"},
				"east": {"uv": [4, 6, 4.75, 7.5], "texture": "#0"},
				"south": {"uv": [0, 0, 0, 1.5], "texture": "#0"},
				"west": {"uv": [7.5, 3, 8.25, 4.5], "texture": "#0"},
				"up": {"uv": [0, 0.75, 0, 0], "texture": "#0"},
				"down": {"uv": [0, 0, 0, 0.75], "texture": "#0"}
			}
		},
		{
			"from": [8.85, 10.90183, 8.25],
			"to": [8.85, 13.40183, 9.75],
			"rotation": {"angle": 22.5, "axis": "x", "origin": [8.85, 12.40183, 9]},
			"faces": {
				"north": {"uv": [0, 0, 0, 1.25], "texture": "#0"},
				"east": {"uv": [8.5, 3, 9.25, 4.25], "texture": "#0"},
				"south": {"uv": [0, 0, 0, 1.25], "texture": "#0"},
				"west": {"uv": [8.5, 4.5, 9.25, 5.75], "texture": "#0"},
				"up": {"uv": [0, 0.75, 0, 0], "texture": "#0"},
				"down": {"uv": [0, 0, 0, 0.75], "texture": "#0"}
			}
		},
		{
			"from": [8.85, 10.90183, 6.25],
			"to": [8.85, 13.40183, 7.75],
			"rotation": {"angle": -22.5, "axis": "x", "origin": [8.85, 12.40183, 7]},
			"faces": {
				"north": {"uv": [0, 0, 0, 1.25], "texture": "#0"},
				"east": {"uv": [5, 8.5, 5.75, 9.75], "texture": "#0"},
				"south": {"uv": [0, 0, 0, 1.25], "texture": "#0"},
				"west": {"uv": [6, 8.5, 6.75, 9.75], "texture": "#0"},
				"up": {"uv": [0, 0.75, 0, 0], "texture": "#0"},
				"down": {"uv": [0, 0, 0, 0.75], "texture": "#0"}
			}
		},
		{
			"from": [9, 8.90183, 4.75],
			"to": [9, 10.40183, 6.75],
			"rotation": {"angle": 45, "axis": "x", "origin": [10.25, 10.15183, 8]},
			"faces": {
				"north": {"uv": [0, 0, 0, 0.75], "texture": "#0"},
				"east": {"uv": [9, 8, 10, 8.75], "texture": "#0"},
				"south": {"uv": [0, 0, 0, 0.75], "texture": "#0"},
				"west": {"uv": [9, 9, 10, 9.75], "texture": "#0"},
				"up": {"uv": [0, 1, 0, 0], "texture": "#0"},
				"down": {"uv": [0, 0, 0, 1], "texture": "#0"}
			}
		},
		{
			"from": [7.15, 10.90183, 6.25],
			"to": [7.15, 13.40183, 7.75],
			"rotation": {"angle": -22.5, "axis": "x", "origin": [7.15, 12.40183, 7]},
			"faces": {
				"north": {"uv": [0, 0, 0, 1.25], "texture": "#0"},
				"east": {"uv": [7, 8.5, 7.75, 9.75], "texture": "#0"},
				"south": {"uv": [0, 0, 0, 1.25], "texture": "#0"},
				"west": {"uv": [0, 9, 0.75, 10.25], "texture": "#0"},
				"up": {"uv": [0, 0.75, 0, 0], "texture": "#0"},
				"down": {"uv": [0, 0, 0, 0.75], "texture": "#0"}
			}
		},
		{
			"from": [7.15, 10.90183, 8.25],
			"to": [7.15, 13.40183, 9.75],
			"rotation": {"angle": 22.5, "axis": "x", "origin": [7.15, 12.40183, 9]},
			"faces": {
				"north": {"uv": [0, 0, 0, 1.25], "texture": "#0"},
				"east": {"uv": [9, 0, 9.75, 1.25], "texture": "#0"},
				"south": {"uv": [0, 0, 0, 1.25], "texture": "#0"},
				"west": {"uv": [9, 1.5, 9.75, 2.75], "texture": "#0"},
				"up": {"uv": [0, 0.75, 0, 0], "texture": "#0"},
				"down": {"uv": [0, 0, 0, 0.75], "texture": "#0"}
			}
		},
		{
			"from": [7, 10.90183, 7.25],
			"to": [7, 13.90183, 8.75],
			"rotation": {"angle": 0, "axis": "y", "origin": [8, 10.15183, 8]},
			"faces": {
				"north": {"uv": [0, 0, 0, 1.5], "texture": "#0"},
				"east": {"uv": [4, 7.5, 4.75, 9], "texture": "#0"},
				"south": {"uv": [0, 0, 0, 1.5], "texture": "#0"},
				"west": {"uv": [7.5, 4.5, 8.25, 6], "texture": "#0"},
				"up": {"uv": [0, 0.75, 0, 0], "texture": "#0"},
				"down": {"uv": [0, 0, 0, 0.75], "texture": "#0"}
			}
		},
		{
			"from": [7, 11.40183, 7.75],
			"to": [7, 13.40183, 9.25],
			"rotation": {"angle": 45, "axis": "x", "origin": [8, 10.15183, 8]},
			"faces": {
				"north": {"uv": [0, 0, 0, 1], "texture": "#0"},
				"east": {"uv": [1, 9.5, 1.75, 10.5], "texture": "#0"},
				"south": {"uv": [0, 0, 0, 1], "texture": "#0"},
				"west": {"uv": [2, 9.5, 2.75, 10.5], "texture": "#0"},
				"up": {"uv": [0, 0.75, 0, 0], "texture": "#0"},
				"down": {"uv": [0, 0, 0, 0.75], "texture": "#0"}
			}
		},
		{
			"from": [7.25, 1.6, 7.25],
			"to": [8.75, 9.6, 8.75],
			"rotation": {"angle": 45, "axis": "y", "origin": [8, 5.6, 8]},
			"faces": {
				"north": {"uv": [0, 0, 0.75, 4], "texture": "#0"},
				"east": {"uv": [1, 0, 1.75, 4], "texture": "#0"},
				"south": {"uv": [2, 0, 2.75, 4], "texture": "#0"},
				"west": {"uv": [3, 0, 3.75, 4], "texture": "#0"},
				"up": {"uv": [7.75, 10.75, 7, 10], "texture": "#0"},
				"down": {"uv": [10.75, 7, 10, 7.75], "texture": "#0"}
			}
		},
		{
			"from": [7, 5, 7],
			"to": [9, 6, 9],
			"rotation": {"angle": -45, "axis": "y", "origin": [8, 4, 8]},
			"faces": {
				"north": {"uv": [10.5, 5, 11.5, 5.5], "texture": "#0"},
				"east": {"uv": [10.5, 5.5, 11.5, 6], "texture": "#0"},
				"south": {"uv": [10.5, 6, 11.5, 6.5], "texture": "#0"},
				"west": {"uv": [10.5, 6.5, 11.5, 7], "texture": "#0"},
				"up": {"uv": [8.5, 7, 7.5, 6], "texture": "#0"},
				"down": {"uv": [8, 7.5, 7, 8.5], "texture": "#0"}
			}
		},
		{
			"from": [7, 6.5, 7],
			"to": [9, 7.5, 9],
			"rotation": {"angle": -45, "axis": "y", "origin": [8, 5.5, 8]},
			"faces": {
				"north": {"uv": [11, 0, 12, 0.5], "texture": "#0"},
				"east": {"uv": [11, 0.5, 12, 1], "texture": "#0"},
				"south": {"uv": [11, 1, 12, 1.5], "texture": "#0"},
				"west": {"uv": [11, 1.5, 12, 2], "texture": "#0"},
				"up": {"uv": [9, 8, 8, 7], "texture": "#0"},
				"down": {"uv": [9, 8, 8, 9], "texture": "#0"}
			}
		},
		{
			"from": [7, 3.5, 7],
			"to": [9, 4.5, 9],
			"rotation": {"angle": -45, "axis": "y", "origin": [8, 5.5, 8]},
			"faces": {
				"north": {"uv": [7, 11, 8, 11.5], "texture": "#0"},
				"east": {"uv": [11, 7, 12, 7.5], "texture": "#0"},
				"south": {"uv": [11, 7.5, 12, 8], "texture": "#0"},
				"west": {"uv": [8, 11, 9, 11.5], "texture": "#0"},
				"up": {"uv": [2.5, 9.5, 1.5, 8.5], "texture": "#0"},
				"down": {"uv": [3.5, 8.5, 2.5, 9.5], "texture": "#0"}
			}
		},
		{
			"from": [7.25, 10.35, 7],
			"to": [8.75, 15.35, 8.5],
			"rotation": {"angle": 22.5, "axis": "x", "origin": [8, 10.85, 7.75]},
			"faces": {
				"north": {"uv": [4, 3.5, 4.75, 6], "texture": "#0"},
				"east": {"uv": [5, 0, 5.75, 2.5], "texture": "#0"},
				"south": {"uv": [5, 2.5, 5.75, 5], "texture": "#0"},
				"west": {"uv": [5, 5, 5.75, 7.5], "texture": "#0"},
				"up": {"uv": [8.75, 10.75, 8, 10], "texture": "#0"},
				"down": {"uv": [10.75, 8, 10, 8.75], "texture": "#0"}
			}
		},
		{
			"from": [7.3, 14.46892, 7.5063],
			"to": [8.7, 21.46892, 9.0063],
			"rotation": {"angle": -22.5, "axis": "x", "origin": [8, 17.48202, 9.00276]},
			"faces": {
				"north": {"uv": [0, 4, 0.75, 7.5], "texture": "#0"},
				"east": {"uv": [4, 0, 4.75, 3.5], "texture": "#0"},
				"south": {"uv": [1, 4, 1.75, 7.5], "texture": "#0"},
				"west": {"uv": [2, 4, 2.75, 7.5], "texture": "#0"},
				"up": {"uv": [9.75, 10.75, 9, 10], "texture": "#0"},
				"down": {"uv": [10.75, 9, 10, 9.75], "texture": "#0"}
			}
		},
		{
			"from": [7.3, 21.15548, 7.48494],
			"to": [8.7, 21.15548, 9.48494],
			"rotation": {"angle": 22.5, "axis": "x", "origin": [8, 21.14947, 7.45418]},
			"faces": {
				"north": {"uv": [0, 0, 0.75, 0], "texture": "#0"},
				"east": {"uv": [0, 0, 1, 0], "texture": "#0"},
				"south": {"uv": [0, 0, 0.75, 0], "texture": "#0"},
				"west": {"uv": [0, 0, 1, 0], "texture": "#0"},
				"up": {"uv": [10.25, 4, 9.5, 3], "texture": "#0"},
				"down": {"uv": [10.25, 4, 9.5, 5], "texture": "#0"}
			}
		},
		{
			"from": [7.3, 21.15548, 7.48494],
			"to": [8.7, 21.15548, 9.48494],
			"rotation": {"angle": 0, "axis": "y", "origin": [8, 21.14947, 7.45418]},
			"faces": {
				"north": {"uv": [0, 0, 0.75, 0], "texture": "#0"},
				"east": {"uv": [0, 0, 1, 0], "texture": "#0"},
				"south": {"uv": [0, 0, 0.75, 0], "texture": "#0"},
				"west": {"uv": [0, 0, 1, 0], "texture": "#0"},
				"up": {"uv": [10.25, 6, 9.5, 5], "texture": "#0"},
				"down": {"uv": [10.25, 6, 9.5, 7], "texture": "#0"}
			}
		},
		{
			"from": [7.3, 21.15548, 7.48494],
			"to": [8.7, 21.15548, 9.48494],
			"rotation": {"angle": -45, "axis": "x", "origin": [8, 21.14947, 7.45418]},
			"faces": {
				"north": {"uv": [0, 0, 0.75, 0], "texture": "#0"},
				"east": {"uv": [0, 0, 1, 0], "texture": "#0"},
				"south": {"uv": [0, 0, 0.75, 0], "texture": "#0"},
				"west": {"uv": [0, 0, 1, 0], "texture": "#0"},
				"up": {"uv": [10.75, 1, 10, 0], "texture": "#0"},
				"down": {"uv": [10.75, 1, 10, 2], "texture": "#0"}
			}
		},
		{
			"from": [7.5, 20.8156, 4.66337],
			"to": [8.5, 21.8156, 7.66337],
			"rotation": {"angle": 22.5, "axis": "x", "origin": [8, 21.9156, 5.91337]},
			"faces": {
				"north": {"uv": [7.5, 7, 8, 7.5], "texture": "#0"},
				"east": {"uv": [10, 2, 11.5, 2.5], "texture": "#0"},
				"south": {"uv": [3.5, 8.5, 4, 9], "texture": "#0"},
				"west": {"uv": [10, 2.5, 11.5, 3], "texture": "#0"},
				"up": {"uv": [5, 10.5, 4.5, 9], "texture": "#0"},
				"down": {"uv": [3.5, 9.5, 3, 11], "texture": "#0"}
			}
		},
		{
			"from": [7.5, 19.8156, 4.66337],
			"to": [8.5, 20.8156, 5.66337],
			"rotation": {"angle": 22.5, "axis": "x", "origin": [8, 21.9156, 5.91337]},
			"faces": {
				"north": {"uv": [1, 9, 1.5, 9.5], "texture": "#0"},
				"east": {"uv": [11, 8, 11.5, 8.5], "texture": "#0"},
				"south": {"uv": [11, 8.5, 11.5, 9], "texture": "#0"},
				"west": {"uv": [9, 11, 9.5, 11.5], "texture": "#0"},
				"up": {"uv": [11.5, 9.5, 11, 9], "texture": "#0"},
				"down": {"uv": [10, 11, 9.5, 11.5], "texture": "#0"}
			}
		},
		{
			"from": [8, 11.40745, 3.75878],
			"to": [8, 20.40745, 4.75878],
			"rotation": {"angle": 0, "axis": "y", "origin": [8, 19.70745, 5.50878]},
			"faces": {
				"north": {"uv": [0, 0, 0, 4.5], "texture": "#0"},
				"east": {"uv": [3, 4, 3.5, 8.5], "texture": "#0"},
				"south": {"uv": [0, 0, 0, 4.5], "texture": "#0"},
				"west": {"uv": [3.5, 4, 4, 8.5], "texture": "#0"},
				"up": {"uv": [0, 0.5, 0, 0], "texture": "#0"},
				"down": {"uv": [0, 0, 0, 0.5], "texture": "#0"}
			}
		},
		{
			"from": [8, 8.40745, 3.75878],
			"to": [8, 10.40745, 4.75878],
			"rotation": {"angle": 0, "axis": "y", "origin": [8, 20.20745, 5.15878]},
			"faces": {
				"north": {"uv": [0, 0, 0, 1], "texture": "#0"},
				"east": {"uv": [4.5, 10.5, 5, 11.5], "texture": "#0"},
				"south": {"uv": [0, 0, 0, 1], "texture": "#0"},
				"west": {"uv": [3, 11, 3.5, 12], "texture": "#0"},
				"up": {"uv": [0, 0.5, 0, 0], "texture": "#0"},
				"down": {"uv": [0, 0, 0, 0.5], "texture": "#0"}
			}
		},
		{
			"from": [8, 8.40745, 4.75878],
			"to": [8, 9.40745, 5.75878],
			"rotation": {"angle": 0, "axis": "y", "origin": [8, 20.20745, 5.15878]},
			"faces": {
				"north": {"uv": [0, 0, 0, 0.5], "texture": "#0"},
				"east": {"uv": [11, 9.5, 11.5, 10], "texture": "#0"},
				"south": {"uv": [0, 0, 0, 0.5], "texture": "#0"},
				"west": {"uv": [10, 11, 10.5, 11.5], "texture": "#0"},
				"up": {"uv": [0, 0.5, 0, 0], "texture": "#0"},
				"down": {"uv": [0, 0, 0, 0.5], "texture": "#0"}
			}
		},
		{
			"from": [8, -1.71213, 8.40001],
			"to": [8, 1.28787, 9.40001],
			"rotation": {"angle": -22.5, "axis": "x", "origin": [8, 1.28787, 9.40001]},
			"faces": {
				"north": {"uv": [0, 0, 0, 1.5], "texture": "#0"},
				"east": {"uv": [3.5, 10, 4, 11.5], "texture": "#0"},
				"south": {"uv": [0, 0, 0, 1.5], "texture": "#0"},
				"west": {"uv": [4, 10, 4.5, 11.5], "texture": "#0"},
				"up": {"uv": [0, 0.5, 0, 0], "texture": "#0"},
				"down": {"uv": [0, 0, 0, 0.5], "texture": "#0"}
			}
		},
		{
			"from": [8, -2.46213, 7.50001],
			"to": [8, 0.53787, 8.50001],
			"rotation": {"angle": 0, "axis": "y", "origin": [8, 1.28787, 8.00001]},
			"faces": {
				"north": {"uv": [0, 0, 0, 1.5], "texture": "#0"},
				"east": {"uv": [5, 10, 5.5, 11.5], "texture": "#0"},
				"south": {"uv": [0, 0, 0, 1.5], "texture": "#0"},
				"west": {"uv": [5.5, 10, 6, 11.5], "texture": "#0"},
				"up": {"uv": [0, 0.5, 0, 0], "texture": "#0"},
				"down": {"uv": [0, 0, 0, 0.5], "texture": "#0"}
			}
		},
		{
			"from": [8, -1.71213, 6.60001],
			"to": [8, 1.28787, 7.60001],
			"rotation": {"angle": 22.5, "axis": "x", "origin": [8, 1.28787, 6.60001]},
			"faces": {
				"north": {"uv": [0, 0, 0, 1.5], "texture": "#0"},
				"east": {"uv": [6, 10, 6.5, 11.5], "texture": "#0"},
				"south": {"uv": [0, 0, 0, 1.5], "texture": "#0"},
				"west": {"uv": [6.5, 10, 7, 11.5], "texture": "#0"},
				"up": {"uv": [0, 0.5, 0, 0], "texture": "#0"},
				"down": {"uv": [0, 0, 0, 0.5], "texture": "#0"}
			}
		},
		{
			"from": [7.25, 10.15745, 3.75878],
			"to": [8.75, 11.65745, 5.25878],
			"rotation": {"angle": 45, "axis": "x", "origin": [8, 10.90745, 4.50878]},
			"faces": {
				"north": {"uv": [10, 10, 10.75, 10.75], "texture": "#0"},
				"east": {"uv": [0, 10.5, 0.75, 11.25], "texture": "#0"},
				"south": {"uv": [1, 10.5, 1.75, 11.25], "texture": "#0"},
				"west": {"uv": [2, 10.5, 2.75, 11.25], "texture": "#0"},
				"up": {"uv": [11.25, 3.75, 10.5, 3], "texture": "#0"},
				"down": {"uv": [11.25, 4, 10.5, 4.75], "texture": "#0"}
			}
		}
	],
	"display": {
		"thirdperson_righthand": {
			"rotation": [10, 0, 0],
			"translation": [0, 1, 1],
			"scale": [1.1, 1.1, 1.1]
		},
		"thirdperson_lefthand": {
			"rotation": [10, 0, 0],
			"translation": [0, 1, 1],
			"scale": [1.1, 1.1, 1.1]
		},
		"firstperson_righthand": {
			"rotation": [-7, 0, 0]
		},
		"firstperson_lefthand": {
			"rotation": [-7, 0, 0]
		},
		"ground": {
			"translation": [0, 6, 0]
		},
		"gui": {
			"rotation": [-90, 45, 90],
			"translation": [1.5, -0.5, 0],
			"scale": [0.7, 0.7, 0.7]
		},
		"fixed": {
			"rotation": [-90, 45, 90],
			"translation": [3.5, -1.5, 0],
			"scale": [0.9, 0.9, 0.9]
		}
	},
	"groups": [
		{
			"name": "fishingrod",
			"origin": [8, 14.25, 6.25],
			"color": 0,
			"children": [0, 1, 2, 3, 4, 5, 6, 7, 8, 9, 10, 11, 12, 13, 14, 15, 16, 17, 18, 19, 20, 21, 22, 23, 24, 25, 26, 27, 28, 29]
		}
	]
}