{
	"credit": "Made with Blockbench",
	"texture_size": [64, 64],
	"textures": {
		"0": "minewave:item/parrot/hammer",
		"particle": "minewave:item/parrot/hammer"
	},
	"elements": [
		{
			"from": [7, 2.4293, 1.52549],
			"to": [9.5, 4.4293, 3.52549],
			"rotation": {"angle": -45, "axis": "x", "origin": [8, 9.65758, 7.99088]},
			"faces": {
				"north": {"uv": [4.25, 6.25, 4.875, 6.75], "texture": "#0"},
				"east": {"uv": [2, 4.5, 2.5, 5], "texture": "#0"},
				"south": {"uv": [6.25, 5.75, 6.875, 6.25], "texture": "#0"},
				"west": {"uv": [6.75, 3, 7.25, 3.5], "texture": "#0"},
				"up": {"uv": [6.875, 6.75, 6.25, 6.25], "texture": "#0"},
				"down": {"uv": [5.625, 6.5, 5, 7], "texture": "#0"}
			}
		},
		{
			"from": [8, -1.61213, 7.10001],
			"to": [8, 1.38787, 8.10001],
			"rotation": {"angle": 22.5, "axis": "x", "origin": [8, 1.38787, 7.10001]},
			"faces": {
				"north": {"uv": [0, 0, 0, 0.75], "texture": "#0"},
				"east": {"uv": [3, 7, 3.25, 7.75], "texture": "#0"},
				"south": {"uv": [0, 0, 0, 0.75], "texture": "#0"},
				"west": {"uv": [7.25, 0.75, 7.5, 1.5], "texture": "#0"},
				"up": {"uv": [0, 0.25, 0, 0], "texture": "#0"},
				"down": {"uv": [0, 0, 0, 0.25], "texture": "#0"}
			}
		},
		{
			"from": [8, -2.36213, 8.00001],
			"to": [8, 0.63787, 9.00001],
			"rotation": {"angle": 0, "axis": "y", "origin": [8, 1.38787, 8.50001]},
			"faces": {
				"north": {"uv": [0, 0, 0, 0.75], "texture": "#0"},
				"east": {"uv": [7.25, 3, 7.5, 3.75], "texture": "#0"},
				"south": {"uv": [0, 0, 0, 0.75], "texture": "#0"},
				"west": {"uv": [3.25, 7.25, 3.5, 8], "texture": "#0"},
				"up": {"uv": [0, 0.25, 0, 0], "texture": "#0"},
				"down": {"uv": [0, 0, 0, 0.25], "texture": "#0"}
			}
		},
		{
			"from": [8, -1.61213, 8.90001],
			"to": [8, 1.38787, 9.90001],
			"rotation": {"angle": -22.5, "axis": "x", "origin": [8, 1.38787, 9.90001]},
			"faces": {
				"north": {"uv": [0, 0, 0, 0.75], "texture": "#0"},
				"east": {"uv": [3.5, 7.25, 3.75, 8], "texture": "#0"},
				"south": {"uv": [0, 0, 0, 0.75], "texture": "#0"},
				"west": {"uv": [3.75, 7.25, 4, 8], "texture": "#0"},
				"up": {"uv": [0, 0.25, 0, 0], "texture": "#0"},
				"down": {"uv": [0, 0, 0, 0.25], "texture": "#0"}
			}
		},
		{
			"from": [7, 18.4293, 1.02549],
			"to": [9.5, 20.9293, 3.52549],
			"rotation": {"angle": -45, "axis": "x", "origin": [8, 26.15758, 7.99088]},
			"faces": {
				"north": {"uv": [5.5, 5.75, 6.125, 6.375], "texture": "#0"},
				"east": {"uv": [6, 1.5, 6.625, 2.125], "texture": "#0"},
				"south": {"uv": [2, 6, 2.625, 6.625], "texture": "#0"},
				"west": {"uv": [2.75, 6, 3.375, 6.625], "texture": "#0"},
				"up": {"uv": [4.125, 6.625, 3.5, 6], "texture": "#0"},
				"down": {"uv": [6.875, 0, 6.25, 0.625], "texture": "#0"}
			}
		},
		{
			"from": [7.25, 18.75183, 8.25],
			"to": [7.25, 20.75183, 9.75],
			"rotation": {"angle": 45, "axis": "x", "origin": [8.25, 17.50183, 8.5]},
			"faces": {
				"north": {"uv": [0, 0, 0, 0.5], "texture": "#0"},
				"east": {"uv": [7, 4.75, 7.375, 5.25], "texture": "#0"},
				"south": {"uv": [0, 0, 0, 0.5], "texture": "#0"},
				"west": {"uv": [7.25, 3.75, 7.625, 4.25], "texture": "#0"},
				"up": {"uv": [0, 0.375, 0, 0], "texture": "#0"},
				"down": {"uv": [0, 0, 0, 0.375], "texture": "#0"}
			}
		},
		{
			"from": [7.25, 18.25183, 7.75],
			"to": [7.25, 21.25183, 9.25],
			"rotation": {"angle": 0, "axis": "y", "origin": [8.25, 17.50183, 8.5]},
			"faces": {
				"north": {"uv": [0, 0, 0, 0.75], "texture": "#0"},
				"east": {"uv": [5.75, 6.5, 6.125, 7.25], "texture": "#0"},
				"south": {"uv": [0, 0, 0, 0.75], "texture": "#0"},
				"west": {"uv": [6.75, 0.75, 7.125, 1.5], "texture": "#0"},
				"up": {"uv": [0, 0.375, 0, 0], "texture": "#0"},
				"down": {"uv": [0, 0, 0, 0.375], "texture": "#0"}
			}
		},
		{
			"from": [7.5, 18.25183, 8.75],
			"to": [7.5, 20.75183, 10.25],
			"rotation": {"angle": 22.5, "axis": "x", "origin": [7.5, 19.75183, 9.5]},
			"faces": {
				"north": {"uv": [0, 0, 0, 0.625], "texture": "#0"},
				"east": {"uv": [0, 7, 0.375, 7.625], "texture": "#0"},
				"south": {"uv": [0, 0, 0, 0.625], "texture": "#0"},
				"west": {"uv": [7, 0, 7.375, 0.625], "texture": "#0"},
				"up": {"uv": [0, 0.375, 0, 0], "texture": "#0"},
				"down": {"uv": [0, 0, 0, 0.375], "texture": "#0"}
			}
		},
		{
			"from": [7.5, 18.25183, 6.75],
			"to": [7.5, 20.75183, 8.25],
			"rotation": {"angle": -22.5, "axis": "x", "origin": [7.5, 19.75183, 7.5]},
			"faces": {
				"north": {"uv": [0, 0, 0, 0.625], "texture": "#0"},
				"east": {"uv": [0.5, 7, 0.875, 7.625], "texture": "#0"},
				"south": {"uv": [0, 0, 0, 0.625], "texture": "#0"},
				"west": {"uv": [2, 7, 2.375, 7.625], "texture": "#0"},
				"up": {"uv": [0, 0.375, 0, 0], "texture": "#0"},
				"down": {"uv": [0, 0, 0, 0.375], "texture": "#0"}
			}
		},
		{
			"from": [9.25, 16.25183, 5.25],
			"to": [9.25, 17.75183, 7.25],
			"rotation": {"angle": 45, "axis": "x", "origin": [10.5, 17.50183, 8.5]},
			"faces": {
				"north": {"uv": [0, 0, 0, 0.375], "texture": "#0"},
				"east": {"uv": [4, 7.25, 4.5, 7.625], "texture": "#0"},
				"south": {"uv": [0, 0, 0, 0.375], "texture": "#0"},
				"west": {"uv": [7.25, 5.25, 7.75, 5.625], "texture": "#0"},
				"up": {"uv": [0, 0.5, 0, 0], "texture": "#0"},
				"down": {"uv": [0, 0, 0, 0.5], "texture": "#0"}
			}
		},
		{
			"from": [9, 18.25183, 6.75],
			"to": [9, 20.75183, 8.25],
			"rotation": {"angle": -22.5, "axis": "x", "origin": [9, 19.75183, 7.5]},
			"faces": {
				"north": {"uv": [0, 0, 0, 0.625], "texture": "#0"},
				"east": {"uv": [2.5, 7, 2.875, 7.625], "texture": "#0"},
				"south": {"uv": [0, 0, 0, 0.625], "texture": "#0"},
				"west": {"uv": [4.75, 7, 5.125, 7.625], "texture": "#0"},
				"up": {"uv": [0, 0.375, 0, 0], "texture": "#0"},
				"down": {"uv": [0, 0, 0, 0.375], "texture": "#0"}
			}
		},
		{
			"from": [9, 18.25183, 8.75],
			"to": [9, 20.75183, 10.25],
			"rotation": {"angle": 22.5, "axis": "x", "origin": [9, 19.75183, 9.5]},
			"faces": {
				"north": {"uv": [0, 0, 0, 0.625], "texture": "#0"},
				"east": {"uv": [5.25, 7, 5.625, 7.625], "texture": "#0"},
				"south": {"uv": [0, 0, 0, 0.625], "texture": "#0"},
				"west": {"uv": [7, 5.75, 7.375, 6.375], "texture": "#0"},
				"up": {"uv": [0, 0.375, 0, 0], "texture": "#0"},
				"down": {"uv": [0, 0, 0, 0.375], "texture": "#0"}
			}
		},
		{
			"from": [9.25, 18.25183, 7.75],
			"to": [9.25, 21.25183, 9.25],
			"rotation": {"angle": 0, "axis": "y", "origin": [10.25, 17.50183, 8.5]},
			"faces": {
				"north": {"uv": [0, 0, 0, 0.75], "texture": "#0"},
				"east": {"uv": [1, 6.75, 1.375, 7.5], "texture": "#0"},
				"south": {"uv": [0, 0, 0, 0.75], "texture": "#0"},
				"west": {"uv": [1.5, 6.75, 1.875, 7.5], "texture": "#0"},
				"up": {"uv": [0, 0.375, 0, 0], "texture": "#0"},
				"down": {"uv": [0, 0, 0, 0.375], "texture": "#0"}
			}
		},
		{
			"from": [9.25, 18.75183, 8.25],
			"to": [9.25, 20.75183, 9.75],
			"rotation": {"angle": 45, "axis": "x", "origin": [10.25, 17.50183, 8.5]},
			"faces": {
				"north": {"uv": [0, 0, 0, 0.5], "texture": "#0"},
				"east": {"uv": [5.75, 7.25, 6.125, 7.75], "texture": "#0"},
				"south": {"uv": [0, 0, 0, 0.5], "texture": "#0"},
				"west": {"uv": [6.25, 7.25, 6.625, 7.75], "texture": "#0"},
				"up": {"uv": [0, 0.375, 0, 0], "texture": "#0"},
				"down": {"uv": [0, 0, 0, 0.375], "texture": "#0"}
			}
		},
		{
			"from": [7.25, 16.25183, 5.25],
			"to": [7.25, 17.75183, 7.25],
			"rotation": {"angle": 45, "axis": "x", "origin": [8.5, 17.50183, 8.5]},
			"faces": {
				"north": {"uv": [0, 0, 0, 0.375], "texture": "#0"},
				"east": {"uv": [7.25, 6.5, 7.75, 6.875], "texture": "#0"},
				"south": {"uv": [0, 0, 0, 0.375], "texture": "#0"},
				"west": {"uv": [6.75, 7.25, 7.25, 7.625], "texture": "#0"},
				"up": {"uv": [0, 0.5, 0, 0], "texture": "#0"},
				"down": {"uv": [0, 0, 0, 0.5], "texture": "#0"}
			}
		},
		{
			"from": [7.5, 1.75, 7.75],
			"to": [9, 12.75, 9.25],
			"rotation": {"angle": -45, "axis": "y", "origin": [8.25, 9.5, 8.5]},
			"faces": {
				"north": {"uv": [4, 0, 4.375, 2.75], "texture": "#0"},
				"east": {"uv": [0, 4.25, 0.375, 7], "texture": "#0"},
				"south": {"uv": [0.5, 4.25, 0.875, 7], "texture": "#0"},
				"west": {"uv": [4.5, 0, 4.875, 2.75], "texture": "#0"},
				"up": {"uv": [0.875, 8.125, 0.5, 7.75], "texture": "#0"},
				"down": {"uv": [2.375, 7.75, 2, 8.125], "texture": "#0"}
			}
		},
		{
			"from": [7.25, 5.5, 7.5],
			"to": [9.25, 6.5, 9.5],
			"rotation": {"angle": -45, "axis": "y", "origin": [8.25, 6.75, 8.5]},
			"faces": {
				"north": {"uv": [1.25, 3.25, 1.75, 3.5], "texture": "#0"},
				"east": {"uv": [5, 3.5, 5.5, 3.75], "texture": "#0"},
				"south": {"uv": [5, 6.25, 5.5, 6.5], "texture": "#0"},
				"west": {"uv": [7.5, 3.5, 8, 3.75], "texture": "#0"},
				"up": {"uv": [3.75, 7.25, 3.25, 6.75], "texture": "#0"},
				"down": {"uv": [7.25, 3.5, 6.75, 4], "texture": "#0"}
			}
		},
		{
			"from": [7.25, 7, 7.5],
			"to": [9.25, 8, 9.5],
			"rotation": {"angle": -45, "axis": "y", "origin": [8.25, 6.75, 8.5]},
			"faces": {
				"north": {"uv": [7.5, 6.25, 8, 6.5], "texture": "#0"},
				"east": {"uv": [2.5, 7.75, 3, 8], "texture": "#0"},
				"south": {"uv": [7.75, 3.75, 8.25, 4], "texture": "#0"},
				"west": {"uv": [4, 7.75, 4.5, 8], "texture": "#0"},
				"up": {"uv": [4.25, 7.25, 3.75, 6.75], "texture": "#0"},
				"down": {"uv": [7.25, 4, 6.75, 4.5], "texture": "#0"}
			}
		},
		{
			"from": [7.25, 8.5, 7.5],
			"to": [9.25, 9.5, 9.5],
			"rotation": {"angle": -45, "axis": "y", "origin": [8.25, 6.75, 8.5]},
			"faces": {
				"north": {"uv": [7.75, 4, 8.25, 4.25], "texture": "#0"},
				"east": {"uv": [4.5, 7.75, 5, 8], "texture": "#0"},
				"south": {"uv": [5, 7.75, 5.5, 8], "texture": "#0"},
				"west": {"uv": [7.75, 5.25, 8.25, 5.5], "texture": "#0"},
				"up": {"uv": [4.75, 7.25, 4.25, 6.75], "texture": "#0"},
				"down": {"uv": [7.25, 5.25, 6.75, 5.75], "texture": "#0"}
			}
		},
		{
			"from": [7.25, 4, 7.5],
			"to": [9.25, 5, 9.5],
			"rotation": {"angle": -45, "axis": "y", "origin": [8.25, 6.75, 8.5]},
			"faces": {
				"north": {"uv": [5.5, 7.75, 6, 8], "texture": "#0"},
				"east": {"uv": [7.75, 5.5, 8.25, 5.75], "texture": "#0"},
				"south": {"uv": [6, 7.75, 6.5, 8], "texture": "#0"},
				"west": {"uv": [6.5, 7.75, 7, 8], "texture": "#0"},
				"up": {"uv": [6.75, 7.25, 6.25, 6.75], "texture": "#0"},
				"down": {"uv": [7.25, 6.75, 6.75, 7.25], "texture": "#0"}
			}
		},
		{
			"from": [6.25, 12.5, 6.25],
			"to": [10.25, 16.5, 10.75],
			"rotation": {"angle": 0, "axis": "y", "origin": [10.25, 25.75, 5.5]},
			"faces": {
				"north": {"uv": [4, 2.75, 5, 3.75], "texture": "#0"},
				"east": {"uv": [0, 3.25, 1.125, 4.25], "texture": "#0"},
				"south": {"uv": [1, 4.5, 2, 5.5], "texture": "#0"},
				"west": {"uv": [1.25, 3.5, 2.375, 4.5], "texture": "#0"},
				"up": {"uv": [3.5, 4.875, 2.5, 3.75], "texture": "#0"},
				"down": {"uv": [4.5, 3.75, 3.5, 4.875], "texture": "#0"}
			}
		},
		{
			"from": [6, 12.25, 3.75],
			"to": [10.5, 16.75, 5.25],
			"rotation": {"angle": 0, "axis": "y", "origin": [10.25, 25.75, 5.5]},
			"faces": {
				"north": {"uv": [0, 2, 1.125, 3.125], "texture": "#0"},
				"east": {"uv": [1.25, 2, 1.625, 3.125], "texture": "#0"},
				"south": {"uv": [2.75, 0, 3.875, 1.125], "texture": "#0"},
				"west": {"uv": [1, 5.5, 1.375, 6.625], "texture": "#0"},
				"up": {"uv": [4.125, 5.875, 3, 5.5], "texture": "#0"},
				"down": {"uv": [6.625, 5.25, 5.5, 5.625], "texture": "#0"}
			}
		},
		{
			"from": [6.05, 13.25, 3.75],
			"to": [10.45, 16.4, 5.5],
			"rotation": {"angle": -22.5, "axis": "x", "origin": [8.25, 12.25, 3.75]},
			"faces": {
				"north": {"uv": [4.5, 3.75, 5.625, 4.5], "texture": "#0"},
				"east": {"uv": [6.25, 0.75, 6.75, 1.5], "texture": "#0"},
				"south": {"uv": [4.5, 4.5, 5.625, 5.25], "texture": "#0"},
				"west": {"uv": [6.25, 2.25, 6.75, 3], "texture": "#0"},
				"up": {"uv": [6.125, 3, 5, 2.5], "texture": "#0"},
				"down": {"uv": [4.125, 5, 3, 5.5], "texture": "#0"}
			}
		},
		{
			"from": [6.05, 12.25, 3.75],
			"to": [10.45, 13.25, 4.75],
			"rotation": {"angle": -22.5, "axis": "x", "origin": [8.25, 12.25, 3.75]},
			"faces": {
				"north": {"uv": [6.25, 4.5, 7.375, 4.75], "texture": "#0"},
				"east": {"uv": [2.5, 3.5, 2.75, 3.75], "texture": "#0"},
				"south": {"uv": [6.75, 1.5, 7.875, 1.75], "texture": "#0"},
				"west": {"uv": [1, 4.25, 1.25, 4.5], "texture": "#0"},
				"up": {"uv": [7.875, 2, 6.75, 1.75], "texture": "#0"},
				"down": {"uv": [3.125, 6.75, 2, 7], "texture": "#0"}
			}
		},
		{
			"from": [7.5, 16.75, 3.75],
			"to": [9, 16.75, 5.75],
			"rotation": {"angle": -22.5, "axis": "x", "origin": [8.25, 16.75, 3.75]},
			"faces": {
				"north": {"uv": [0, 0, 0.375, 0], "texture": "#0"},
				"east": {"uv": [0, 0, 0.5, 0], "texture": "#0"},
				"south": {"uv": [0, 0, 0.375, 0], "texture": "#0"},
				"west": {"uv": [0, 0, 0.5, 0], "texture": "#0"},
				"up": {"uv": [7.625, 7.5, 7.25, 7], "texture": "#0"},
				"down": {"uv": [7.875, 0, 7.5, 0.5], "texture": "#0"}
			}
		},
		{
			"from": [7.5, 16.75, 3.75],
			"to": [9, 16.75, 5.75],
			"rotation": {"angle": -45, "axis": "x", "origin": [8.25, 16.75, 3.75]},
			"faces": {
				"north": {"uv": [0, 0, 0.375, 0], "texture": "#0"},
				"east": {"uv": [0, 0, 0.5, 0], "texture": "#0"},
				"south": {"uv": [0, 0, 0.375, 0], "texture": "#0"},
				"west": {"uv": [0, 0, 0.5, 0], "texture": "#0"},
				"up": {"uv": [7.875, 1, 7.5, 0.5], "texture": "#0"},
				"down": {"uv": [1.375, 7.5, 1, 8], "texture": "#0"}
			}
		},
		{
			"from": [7.5, 16.75, 3.75],
			"to": [9, 18.75, 3.75],
			"rotation": {"angle": 0, "axis": "y", "origin": [8.25, 16.75, 3.75]},
			"faces": {
				"north": {"uv": [7.5, 1, 7.875, 1.5], "texture": "#0"},
				"east": {"uv": [0, 0, 0, 0.5], "texture": "#0"},
				"south": {"uv": [1.5, 7.5, 1.875, 8], "texture": "#0"},
				"west": {"uv": [0, 0, 0, 0.5], "texture": "#0"},
				"up": {"uv": [0.375, 0, 0, 0], "texture": "#0"},
				"down": {"uv": [0.375, 0, 0, 0], "texture": "#0"}
			}
		},
		{
			"from": [7.5, 16.75, 13.25],
			"to": [9, 18.75, 13.25],
			"rotation": {"angle": 0, "axis": "y", "origin": [8.25, 16.75, 13.25]},
			"faces": {
				"north": {"uv": [7.5, 3, 7.875, 3.5], "texture": "#0"},
				"east": {"uv": [0, 0, 0, 0.5], "texture": "#0"},
				"south": {"uv": [7.5, 4.25, 7.875, 4.75], "texture": "#0"},
				"west": {"uv": [0, 0, 0, 0.5], "texture": "#0"},
				"up": {"uv": [0.375, 0, 0, 0], "texture": "#0"},
				"down": {"uv": [0.375, 0, 0, 0], "texture": "#0"}
			}
		},
		{
			"from": [7.5, 16.75, 13.25],
			"to": [9, 18.75, 13.25],
			"rotation": {"angle": -45, "axis": "x", "origin": [8.25, 16.75, 13.25]},
			"faces": {
				"north": {"uv": [7.5, 4.75, 7.875, 5.25], "texture": "#0"},
				"east": {"uv": [0, 0, 0, 0.5], "texture": "#0"},
				"south": {"uv": [7.5, 5.75, 7.875, 6.25], "texture": "#0"},
				"west": {"uv": [0, 0, 0, 0.5], "texture": "#0"},
				"up": {"uv": [0.375, 0, 0, 0], "texture": "#0"},
				"down": {"uv": [0.375, 0, 0, 0], "texture": "#0"}
			}
		},
		{
			"from": [7.5, 16.75, 11.25],
			"to": [9, 16.75, 13.25],
			"rotation": {"angle": 22.5, "axis": "x", "origin": [8.25, 16.75, 13.25]},
			"faces": {
				"north": {"uv": [0, 0, 0.375, 0], "texture": "#0"},
				"east": {"uv": [0, 0, 0.5, 0], "texture": "#0"},
				"south": {"uv": [0, 0, 0.375, 0], "texture": "#0"},
				"west": {"uv": [0, 0, 0.5, 0], "texture": "#0"},
				"up": {"uv": [7.625, 8, 7.25, 7.5], "texture": "#0"},
				"down": {"uv": [0.375, 7.75, 0, 8.25], "texture": "#0"}
			}
		},
		{
			"from": [6, 12.25, 11.75],
			"to": [10.5, 16.75, 13.25],
			"rotation": {"angle": 0, "axis": "y", "origin": [8.25, 14.5, 5.125]},
			"faces": {
				"north": {"uv": [2.75, 1.25, 3.875, 2.375], "texture": "#0"},
				"east": {"uv": [1.5, 5.5, 1.875, 6.625], "texture": "#0"},
				"south": {"uv": [2.75, 2.5, 3.875, 3.625], "texture": "#0"},
				"west": {"uv": [5.75, 3.5, 6.125, 4.625], "texture": "#0"},
				"up": {"uv": [5.375, 6.125, 4.25, 5.75], "texture": "#0"},
				"down": {"uv": [6.875, 4.75, 5.75, 5.125], "texture": "#0"}
			}
		},
		{
			"from": [6.05, 13.25, 11.5],
			"to": [10.45, 16.4, 13.25],
			"rotation": {"angle": 22.5, "axis": "x", "origin": [8.25, 12.25, 13.25]},
			"faces": {
				"north": {"uv": [5, 0, 6.125, 0.75], "texture": "#0"},
				"east": {"uv": [6.25, 3, 6.75, 3.75], "texture": "#0"},
				"south": {"uv": [5, 0.75, 6.125, 1.5], "texture": "#0"},
				"west": {"uv": [6.25, 3.75, 6.75, 4.5], "texture": "#0"},
				"up": {"uv": [6.125, 3.5, 5, 3], "texture": "#0"},
				"down": {"uv": [5.375, 5.25, 4.25, 5.75], "texture": "#0"}
			}
		},
		{
			"from": [6.05, 12.25, 12.25],
			"to": [10.45, 13.25, 13.25],
			"rotation": {"angle": 22.5, "axis": "x", "origin": [8.25, 12.25, 13.25]},
			"faces": {
				"north": {"uv": [6.75, 2, 7.875, 2.25], "texture": "#0"},
				"east": {"uv": [4.25, 5, 4.5, 5.25], "texture": "#0"},
				"south": {"uv": [6.75, 2.25, 7.875, 2.5], "texture": "#0"},
				"west": {"uv": [5.5, 3.5, 5.75, 3.75], "texture": "#0"},
				"up": {"uv": [7.875, 2.75, 6.75, 2.5], "texture": "#0"},
				"down": {"uv": [7.875, 2.75, 6.75, 3], "texture": "#0"}
			}
		},
		{
			"from": [6.5, 12.75, 5.25],
			"to": [10, 16.25, 11.75],
			"rotation": {"angle": 0, "axis": "y", "origin": [10.25, 25.75, 5.5]},
			"faces": {
				"north": {"uv": [5, 1.5, 5.875, 2.375], "texture": "#0"},
				"east": {"uv": [0, 0, 1.625, 0.875], "texture": "#0"},
				"south": {"uv": [2, 5, 2.875, 5.875], "texture": "#0"},
				"west": {"uv": [0, 1, 1.625, 1.875], "texture": "#0"},
				"up": {"uv": [2.625, 1.625, 1.75, 0], "texture": "#0"},
				"down": {"uv": [2.625, 1.75, 1.75, 3.375], "texture": "#0"}
			}
		}
	],
	"display": {
		"thirdperson_righthand": {
			"translation": [0, -0.5, 0]
		},
		"thirdperson_lefthand": {
			"translation": [0, -0.5, 0]
		},
		"firstperson_righthand": {
			"rotation": [-7, 0, 0],
			"translation": [0, 1, -1],
			"scale": [0.9, 0.9, 0.9]
		},
		"firstperson_lefthand": {
			"rotation": [-7, 0, 0],
			"translation": [0, 1, -1],
			"scale": [0.9, 0.9, 0.9]
		},
		"ground": {
			"translation": [0, 6, 0]
		},
		"gui": {
			"rotation": [90, -45, 90],
			"translation": [1.25, -0.5, 0],
			"scale": [0.85, 0.85, 0.85]
		},
		"fixed": {
			"rotation": [-90, 45, 90],
			"translation": [1.5, -2, 0]
		}
	},
	"groups": [
		{
			"name": "hammer",
			"origin": [0, 0, 0],
			"color": 0,
			"children": [0, 1, 2, 3, 4, 5, 6, 7, 8, 9, 10, 11, 12, 13, 14, 15, 16, 17, 18, 19, 20, 21, 22, 23, 24, 25, 26, 27, 28, 29, 30, 31, 32, 33]
		}
	]
}