{
	"credit": "Made with Blockbench",
	"texture_size": [32, 32],
	"textures": {
		"0": "minewave:item/parrot/hat",
		"particle": "minewave:item/parrot/hat"
	},
	"elements": [
		{
			"from": [5.5, 5, 5.5],
			"to": [10.5, 8, 10.5],
			"rotation": {"angle": 0, "axis": "y", "origin": [8, 6.125, 8]},
			"faces": {
				"north": {"uv": [3, 5, 5.5, 6.5], "texture": "#0"},
				"east": {"uv": [5.5, 0, 8, 1.5], "texture": "#0"},
				"south": {"uv": [5.5, 1.5, 8, 3], "texture": "#0"},
				"west": {"uv": [5.5, 3, 8, 4.5], "texture": "#0"},
				"up": {"uv": [5.5, 2.5, 3, 0], "texture": "#0"},
				"down": {"uv": [5.5, 2.5, 3, 5], "texture": "#0"}
			}
		},
		{
			"from": [7.25, 5, 5.25],
			"to": [8.75, 10, 5.25],
			"rotation": {"angle": 0, "axis": "y", "origin": [8, 6.125, 8]},
			"faces": {
				"north": {"uv": [5.5, 4.5, 6.25, 7], "texture": "#0"},
				"east": {"uv": [0, 0, 0, 2.5], "texture": "#0"},
				"south": {"uv": [0, 6, 0.75, 8.5], "texture": "#0"},
				"west": {"uv": [0, 0, 0, 2.5], "texture": "#0"},
				"up": {"uv": [0.75, 0, 0, 0], "texture": "#0"},
				"down": {"uv": [0.75, 0, 0, 0], "texture": "#0"}
			}
		},
		{
			"from": [8.25, 5.25, 5.35],
			"to": [9.75, 9.75, 5.35],
			"rotation": {"angle": -22.5, "axis": "z", "origin": [8, 7.5, 5.25]},
			"faces": {
				"north": {"uv": [6.5, 4.5, 7.25, 6.75], "texture": "#0"},
				"east": {"uv": [0, 0, 0, 2.25], "texture": "#0"},
				"south": {"uv": [5, 7, 5.75, 9.25], "texture": "#0"},
				"west": {"uv": [0, 0, 0, 2.25], "texture": "#0"},
				"up": {"uv": [0.75, 0, 0, 0], "texture": "#0"},
				"down": {"uv": [0.75, 0, 0, 0], "texture": "#0"}
			}
		},
		{
			"from": [9.5, 5.25, 5.25],
			"to": [11, 10.25, 5.25],
			"rotation": {"angle": -22.5, "axis": "z", "origin": [8, 7.5, 5.25]},
			"faces": {
				"north": {"uv": [1, 6, 1.75, 8.5], "texture": "#0"},
				"east": {"uv": [0, 0, 0, 2.5], "texture": "#0"},
				"south": {"uv": [2, 6, 2.75, 8.5], "texture": "#0"},
				"west": {"uv": [0, 0, 0, 2.5], "texture": "#0"},
				"up": {"uv": [0.75, 0, 0, 0], "texture": "#0"},
				"down": {"uv": [0.75, 0, 0, 0], "texture": "#0"}
			}
		},
		{
			"from": [8.5, 3.5, 4.25],
			"to": [10.5, 5.5, 5.25],
			"rotation": {"angle": 0, "axis": "y", "origin": [8, 6.125, 8]},
			"faces": {
				"north": {"uv": [8, 3.5, 9, 4.5], "texture": "#0"},
				"east": {"uv": [0, 9.5, 0.5, 10.5], "texture": "#0"},
				"south": {"uv": [8, 7, 9, 8], "texture": "#0"},
				"west": {"uv": [0.5, 9.5, 1, 10.5], "texture": "#0"},
				"up": {"uv": [10, 9, 9, 8.5], "texture": "#0"},
				"down": {"uv": [2, 9.5, 1, 10], "texture": "#0"}
			}
		},
		{
			"from": [6.25, 5.25, 5.35],
			"to": [7.75, 9.75, 5.35],
			"rotation": {"angle": 22.5, "axis": "z", "origin": [8, 7.5, 5.25]},
			"faces": {
				"north": {"uv": [6, 7, 6.75, 9.25], "texture": "#0"},
				"east": {"uv": [0, 0, 0, 2.25], "texture": "#0"},
				"south": {"uv": [7, 7, 7.75, 9.25], "texture": "#0"},
				"west": {"uv": [0, 0, 0, 2.25], "texture": "#0"},
				"up": {"uv": [0.75, 0, 0, 0], "texture": "#0"},
				"down": {"uv": [0.75, 0, 0, 0], "texture": "#0"}
			}
		},
		{
			"from": [5, 5.25, 5.25],
			"to": [6.5, 10.25, 5.25],
			"rotation": {"angle": 22.5, "axis": "z", "origin": [8, 7.5, 5.25]},
			"faces": {
				"north": {"uv": [3, 6.5, 3.75, 9], "texture": "#0"},
				"east": {"uv": [0, 0, 0, 2.5], "texture": "#0"},
				"south": {"uv": [4, 6.5, 4.75, 9], "texture": "#0"},
				"west": {"uv": [0, 0, 0, 2.5], "texture": "#0"},
				"up": {"uv": [0.75, 0, 0, 0], "texture": "#0"},
				"down": {"uv": [0.75, 0, 0, 0], "texture": "#0"}
			}
		},
		{
			"from": [4.89963, 5.48411, 5.35],
			"to": [6.39963, 7.48411, 5.35],
			"rotation": {"angle": 45, "axis": "z", "origin": [6.39963, 5.48411, 5.25]},
			"faces": {
				"north": {"uv": [8, 8, 8.75, 9], "texture": "#0"},
				"east": {"uv": [0, 0, 0, 1], "texture": "#0"},
				"south": {"uv": [0, 8.5, 0.75, 9.5], "texture": "#0"},
				"west": {"uv": [0, 0, 0, 1], "texture": "#0"},
				"up": {"uv": [0.75, 0, 0, 0], "texture": "#0"},
				"down": {"uv": [0.75, 0, 0, 0], "texture": "#0"}
			}
		},
		{
			"from": [9.91219, 5.16089, 5.35],
			"to": [11.41219, 7.16089, 5.35],
			"rotation": {"angle": -45, "axis": "z", "origin": [10.16219, 5.66089, 5.35]},
			"faces": {
				"north": {"uv": [1, 8.5, 1.75, 9.5], "texture": "#0"},
				"east": {"uv": [0, 0, 0, 1], "texture": "#0"},
				"south": {"uv": [2, 8.5, 2.75, 9.5], "texture": "#0"},
				"west": {"uv": [0, 0, 0, 1], "texture": "#0"},
				"up": {"uv": [0.75, 0, 0, 0], "texture": "#0"},
				"down": {"uv": [0.75, 0, 0, 0], "texture": "#0"}
			}
		},
		{
			"from": [5, 4, 5],
			"to": [11, 5, 11],
			"rotation": {"angle": 0, "axis": "y", "origin": [8, 6.125, 8]},
			"faces": {
				"north": {"uv": [7.5, 6.5, 10.5, 7], "texture": "#0"},
				"east": {"uv": [8, 0, 11, 0.5], "texture": "#0"},
				"south": {"uv": [8, 0.5, 11, 1], "texture": "#0"},
				"west": {"uv": [8, 1, 11, 1.5], "texture": "#0"},
				"up": {"uv": [3, 3, 0, 0], "texture": "#0"},
				"down": {"uv": [3, 3, 0, 6], "texture": "#0"}
			}
		},
		{
			"from": [7.25, 1.35, 4.5],
			"to": [8.75, 2.85, 6],
			"rotation": {"angle": 0, "axis": "y", "origin": [8, 6.125, 8]},
			"faces": {
				"north": {"uv": [9, 1.5, 9.75, 2.25], "texture": "#0"},
				"east": {"uv": [9, 2.5, 9.75, 3.25], "texture": "#0"},
				"south": {"uv": [3, 9, 3.75, 9.75], "texture": "#0"},
				"west": {"uv": [9, 3.5, 9.75, 4.25], "texture": "#0"},
				"up": {"uv": [4.75, 9.75, 4, 9], "texture": "#0"},
				"down": {"uv": [9.75, 4.5, 9, 5.25], "texture": "#0"}
			}
		},
		{
			"from": [7.25, 0.35, 4.5],
			"to": [8.75, 1.35, 4.5],
			"rotation": {"angle": 0, "axis": "y", "origin": [8, 6.125, 8]},
			"faces": {
				"north": {"uv": [2, 9.5, 2.75, 10], "texture": "#0"},
				"east": {"uv": [0, 0, 0, 0.5], "texture": "#0"},
				"south": {"uv": [5, 9.5, 5.75, 10], "texture": "#0"},
				"west": {"uv": [0, 0, 0, 0.5], "texture": "#0"},
				"up": {"uv": [0.75, 0, 0, 0], "texture": "#0"},
				"down": {"uv": [0.75, 0, 0, 0], "texture": "#0"}
			}
		},
		{
			"from": [5.5, 3.5, 4.25],
			"to": [7.5, 5.5, 5.25],
			"rotation": {"angle": 0, "axis": "y", "origin": [8, 6.125, 8]},
			"faces": {
				"north": {"uv": [8, 1.5, 9, 2.5], "texture": "#0"},
				"east": {"uv": [9, 7, 9.5, 8], "texture": "#0"},
				"south": {"uv": [8, 2.5, 9, 3.5], "texture": "#0"},
				"west": {"uv": [8, 9, 8.5, 10], "texture": "#0"},
				"up": {"uv": [10, 8.5, 9, 8], "texture": "#0"},
				"down": {"uv": [9.5, 9, 8.5, 9.5], "texture": "#0"}
			}
		}
	],
	"display": {
		"thirdperson_righthand": {
			"rotation": [70, 0, 0]
		},
		"thirdperson_lefthand": {
			"rotation": [70, 0, 0]
		},
		"firstperson_righthand": {
			"translation": [0, 4, 0]
		},
		"firstperson_lefthand": {
			"translation": [0, 4, 0]
		},
		"ground": {
			"translation": [0, 7, 0],
			"scale": [1.3, 1.3, 1.3]
		},
		"gui": {
			"rotation": [-155, 45, -180],
			"translation": [0.25, 5, 0],
			"scale": [1.5, 1.5, 1.5]
		},
		"head": {
			"translation": [0, 12.5, 0],
			"scale": [2.7, 2.7, 2.7]
		},
		"fixed": {
			"translation": [0, 6, 0],
			"scale": [2, 2, 2]
		}
	},
	"groups": [
		{
			"name": "parrothat",
			"origin": [0, 0, 0],
			"color": 0,
			"children": [0, 1, 2, 3, 4, 5, 6, 7, 8, 9, 10, 11, 12]
		}
	]
}