{
	"credit": "Made with Blockbench",
	"texture_size": [32, 32],
	"textures": {
		"1": "minewave:item/parrot/head"
	},
	"elements": [
		{
			"from": [5, 0, 6],
			"to": [10, 5, 11],
			"rotation": {"angle": 0, "axis": "y", "origin": [3.5, -0.5, 10]},
			"faces": {
				"north": {"uv": [0, 0, 2.5, 2.5], "texture": "#1"},
				"east": {"uv": [0, 2.5, 2.5, 5], "texture": "#1"},
				"south": {"uv": [2.5, 0, 5, 2.5], "texture": "#1"},
				"west": {"uv": [2.5, 2.5, 5, 5], "texture": "#1"},
				"up": {"uv": [2.5, 7.5, 0, 5], "texture": "#1"},
				"down": {"uv": [7.5, 0, 5, 2.5], "texture": "#1"}
			}
		},
		{
			"from": [7.5, 5, 7],
			"to": [7.5, 7, 11],
			"rotation": {"angle": 0, "axis": "y", "origin": [3.5, -0.5, 10]},
			"faces": {
				"north": {"uv": [0, 0, 0, 1], "texture": "#1"},
				"east": {"uv": [6, 2.5, 8, 3.5], "texture": "#1"},
				"south": {"uv": [0, 0, 0, 1], "texture": "#1"},
				"west": {"uv": [3.5, 6, 5.5, 7], "texture": "#1"},
				"up": {"uv": [0, 2, 0, 0], "texture": "#1"},
				"down": {"uv": [0, 0, 0, 2], "texture": "#1"}
			}
		},
		{
			"from": [5, 3.5, 5],
			"to": [10, 5, 6],
			"rotation": {"angle": 0, "axis": "y", "origin": [3.5, -0.5, 10]},
			"faces": {
				"north": {"uv": [6, 3.5, 8.5, 4.25], "texture": "#1"},
				"east": {"uv": [2, 7.5, 2.5, 8.25], "texture": "#1"},
				"south": {"uv": [6, 4.5, 8.5, 5.25], "texture": "#1"},
				"west": {"uv": [6.5, 7.5, 7, 8.25], "texture": "#1"},
				"up": {"uv": [8, 6.5, 5.5, 6], "texture": "#1"},
				"down": {"uv": [8.5, 5.5, 6, 6], "texture": "#1"}
			}
		},
		{
			"from": [6.5, 1.5, 3.5],
			"to": [8.5, 3.5, 6],
			"rotation": {"angle": 0, "axis": "y", "origin": [3.5, -2.5, 10]},
			"faces": {
				"north": {"uv": [7, 6.5, 8, 7.5], "texture": "#1"},
				"east": {"uv": [3.5, 5, 4.75, 6], "texture": "#1"},
				"south": {"uv": [0, 7.5, 1, 8.5], "texture": "#1"},
				"west": {"uv": [5.5, 6.5, 6.75, 7.5], "texture": "#1"},
				"up": {"uv": [4.5, 8.25, 3.5, 7], "texture": "#1"},
				"down": {"uv": [5.5, 7, 4.5, 8.25], "texture": "#1"}
			}
		},
		{
			"from": [7.5, 0, 11],
			"to": [7.5, 7, 13],
			"rotation": {"angle": 0, "axis": "y", "origin": [8, 0, 11]},
			"faces": {
				"north": {"uv": [0, 0, 0, 3.5], "texture": "#1"},
				"east": {"uv": [2.5, 5, 3.5, 8.5], "texture": "#1"},
				"south": {"uv": [0, 0, 0, 3.5], "texture": "#1"},
				"west": {"uv": [5, 2.5, 6, 6], "texture": "#1"},
				"up": {"uv": [0, 1, 0, 0], "texture": "#1"},
				"down": {"uv": [0, 0, 0, 1], "texture": "#1"}
			}
		},
		{
			"from": [6.5, 1, 3.5],
			"to": [8.5, 1.5, 4.5],
			"rotation": {"angle": 0, "axis": "y", "origin": [3.5, -2.5, 10]},
			"faces": {
				"north": {"uv": [7, 7.5, 8, 7.75], "texture": "#1"},
				"east": {"uv": [7, 8, 7.5, 8.25], "texture": "#1"},
				"south": {"uv": [8, 2.5, 9, 2.75], "texture": "#1"},
				"west": {"uv": [8, 7, 8.5, 7.25], "texture": "#1"},
				"up": {"uv": [8.5, 1.5, 7.5, 1], "texture": "#1"},
				"down": {"uv": [8.5, 1.5, 7.5, 2], "texture": "#1"}
			}
		},
		{
			"from": [6.5, 0.5, 3.5],
			"to": [8.5, 1, 5],
			"rotation": {"angle": 0, "axis": "y", "origin": [3.5, -2.5, 10]},
			"faces": {
				"north": {"uv": [8, 3, 9, 3.25], "texture": "#1"},
				"east": {"uv": [8, 6, 8.75, 6.25], "texture": "#1"},
				"south": {"uv": [5.5, 8, 6.5, 8.25], "texture": "#1"},
				"west": {"uv": [8, 6.5, 8.75, 6.75], "texture": "#1"},
				"up": {"uv": [8.5, 0.75, 7.5, 0], "texture": "#1"},
				"down": {"uv": [2, 7.5, 1, 8.25], "texture": "#1"}
			}
		},
		{
			"from": [6.5, -0.5, 3.5],
			"to": [8.5, 0.5, 3.5],
			"rotation": {"angle": 0, "axis": "y", "origin": [3.5, -2.5, 10]},
			"faces": {
				"north": {"uv": [7.5, 2, 8.5, 2.5], "texture": "#1"},
				"east": {"uv": [0, 0, 0, 0.5], "texture": "#1"},
				"south": {"uv": [5.5, 7.5, 6.5, 8], "texture": "#1"},
				"west": {"uv": [0, 0, 0, 0.5], "texture": "#1"},
				"up": {"uv": [1, 0, 0, 0], "texture": "#1"},
				"down": {"uv": [0, 0, 1, 0], "texture": "#1"}
			}
		}
	],
	"display": {
		"thirdperson_righthand": {
			"rotation": [55, 0, 0],
			"translation": [0, 2, 1],
			"scale": [0.5, 0.5, 0.5]
		},
		"thirdperson_lefthand": {
			"rotation": [55, 0, 0],
			"translation": [0, 2, 1],
			"scale": [0.5, 0.5, 0.5]
		},
		"firstperson_righthand": {
			"translation": [0, 3, 0],
			"scale": [0.5, 0.5, 0.5]
		},
		"firstperson_lefthand": {
			"translation": [0, 3, 0],
			"scale": [0.5, 0.5, 0.5]
		},
		"ground": {
			"translation": [0, 6, 0],
			"scale": [0.8, 0.8, 0.8]
		},
		"gui": {
			"rotation": [-165, 45, -180],
			"translation": [-0.25, 6.25, 0],
			"scale": [1.3, 1.3, 1.3]
		},
		"head": {
			"translation": [1.5, 16.5, -1.5],
			"scale": [3, 3, 3]
		},
		"fixed": {
			"translation": [0, 10.5, -5],
			"scale": [2, 2, 2]
		}
	},
	"groups": [
		{
			"name": "parrothead",
			"origin": [3, 0, 9],
			"color": 0,
			"children": [0, 1, 2, 3, 4, 5, 6, 7]
		}
	]
}