{
	"credit": "Made with Blockbench",
	"texture_size": [32, 32],
	"textures": {
		"0": "minewave:item/parrot/hoe",
		"particle": "minewave:item/parrot/hoe"
	},
	"elements": [
		{
			"from": [6.75, 3.8212, 2.16178],
			"to": [9.25, 5.8212, 4.16178],
			"rotation": {"angle": -45, "axis": "x", "origin": [8, 9.12584, 9.28816]},
			"faces": {
				"north": {"uv": [1.5, 5.5, 2.75, 6.5], "texture": "#0"},
				"east": {"uv": [2.5, 7, 3.5, 8], "texture": "#0"},
				"south": {"uv": [5.5, 1.5, 6.75, 2.5], "texture": "#0"},
				"west": {"uv": [7, 3, 8, 4], "texture": "#0"},
				"up": {"uv": [6.75, 3.5, 5.5, 2.5], "texture": "#0"},
				"down": {"uv": [6.75, 3.5, 5.5, 4.5], "texture": "#0"}
			}
		},
		{
			"from": [8, -1.26213, 8.40001],
			"to": [8, 1.73787, 9.40001],
			"rotation": {"angle": -22.5, "axis": "x", "origin": [8, 1.73787, 9.40001]},
			"faces": {
				"north": {"uv": [0, 0, 0, 1.5], "texture": "#0"},
				"east": {"uv": [8, 8.5, 8.5, 10], "texture": "#0"},
				"south": {"uv": [0, 0, 0, 1.5], "texture": "#0"},
				"west": {"uv": [0, 9, 0.5, 10.5], "texture": "#0"},
				"up": {"uv": [0, 0.5, 0, 0], "texture": "#0"},
				"down": {"uv": [0, 0, 0, 0.5], "texture": "#0"}
			}
		},
		{
			"from": [8, -2.01213, 7.50001],
			"to": [8, 0.98787, 8.50001],
			"rotation": {"angle": 0, "axis": "y", "origin": [8, 1.73787, 8.00001]},
			"faces": {
				"north": {"uv": [0, 0, 0, 1.5], "texture": "#0"},
				"east": {"uv": [9, 0, 9.5, 1.5], "texture": "#0"},
				"south": {"uv": [0, 0, 0, 1.5], "texture": "#0"},
				"west": {"uv": [0.5, 9, 1, 10.5], "texture": "#0"},
				"up": {"uv": [0, 0.5, 0, 0], "texture": "#0"},
				"down": {"uv": [0, 0, 0, 0.5], "texture": "#0"}
			}
		},
		{
			"from": [8, -1.26213, 6.60001],
			"to": [8, 1.73787, 7.60001],
			"rotation": {"angle": 22.5, "axis": "x", "origin": [8, 1.73787, 6.60001]},
			"faces": {
				"north": {"uv": [0, 0, 0, 1.5], "texture": "#0"},
				"east": {"uv": [9, 1.5, 9.5, 3], "texture": "#0"},
				"south": {"uv": [0, 0, 0, 1.5], "texture": "#0"},
				"west": {"uv": [9, 3, 9.5, 4.5], "texture": "#0"},
				"up": {"uv": [0, 0.5, 0, 0], "texture": "#0"},
				"down": {"uv": [0, 0, 0, 0.5], "texture": "#0"}
			}
		},
		{
			"from": [6.75, 11.0712, 12.06178],
			"to": [9.25, 13.5712, 14.56178],
			"rotation": {"angle": -45, "axis": "x", "origin": [8, 6.37584, 9.28816]},
			"faces": {
				"north": {"uv": [4, 0, 5.25, 1.25], "texture": "#0"},
				"east": {"uv": [4, 1.5, 5.25, 2.75], "texture": "#0"},
				"south": {"uv": [4, 3, 5.25, 4.25], "texture": "#0"},
				"west": {"uv": [4, 4.5, 5.25, 5.75], "texture": "#0"},
				"up": {"uv": [1.25, 6.75, 0, 5.5], "texture": "#0"},
				"down": {"uv": [6.75, 0, 5.5, 1.25], "texture": "#0"}
			}
		},
		{
			"from": [7, 12.15183, 4.7],
			"to": [7, 13.65183, 6.7],
			"rotation": {"angle": 45, "axis": "x", "origin": [8.25, 13.40183, 7.95]},
			"faces": {
				"north": {"uv": [0, 0, 0, 0.75], "texture": "#0"},
				"east": {"uv": [9, 4.5, 10, 5.25], "texture": "#0"},
				"south": {"uv": [0, 0, 0, 0.75], "texture": "#0"},
				"west": {"uv": [9, 5.5, 10, 6.25], "texture": "#0"},
				"up": {"uv": [0, 1, 0, 0], "texture": "#0"},
				"down": {"uv": [0, 0, 0, 1], "texture": "#0"}
			}
		},
		{
			"from": [7.25, 14.15183, 6.2],
			"to": [7.25, 16.65183, 7.7],
			"rotation": {"angle": -22.5, "axis": "x", "origin": [7.25, 15.65183, 6.95]},
			"faces": {
				"north": {"uv": [0, 0, 0, 1.25], "texture": "#0"},
				"east": {"uv": [8, 0, 8.75, 1.25], "texture": "#0"},
				"south": {"uv": [0, 0, 0, 1.25], "texture": "#0"},
				"west": {"uv": [1, 8, 1.75, 9.25], "texture": "#0"},
				"up": {"uv": [0, 0.75, 0, 0], "texture": "#0"},
				"down": {"uv": [0, 0, 0, 0.75], "texture": "#0"}
			}
		},
		{
			"from": [7.25, 14.15183, 8.2],
			"to": [7.25, 16.65183, 9.7],
			"rotation": {"angle": 22.5, "axis": "x", "origin": [7.25, 15.65183, 8.95]},
			"faces": {
				"north": {"uv": [0, 0, 0, 1.25], "texture": "#0"},
				"east": {"uv": [8, 1.5, 8.75, 2.75], "texture": "#0"},
				"south": {"uv": [0, 0, 0, 1.25], "texture": "#0"},
				"west": {"uv": [2, 8, 2.75, 9.25], "texture": "#0"},
				"up": {"uv": [0, 0.75, 0, 0], "texture": "#0"},
				"down": {"uv": [0, 0, 0, 0.75], "texture": "#0"}
			}
		},
		{
			"from": [7, 14.15183, 7.2],
			"to": [7, 17.15183, 8.7],
			"rotation": {"angle": 0, "axis": "y", "origin": [8, 13.40183, 7.95]},
			"faces": {
				"north": {"uv": [0, 0, 0, 1.5], "texture": "#0"},
				"east": {"uv": [3, 5.5, 3.75, 7], "texture": "#0"},
				"south": {"uv": [0, 0, 0, 1.5], "texture": "#0"},
				"west": {"uv": [5.5, 4.5, 6.25, 6], "texture": "#0"},
				"up": {"uv": [0, 0.75, 0, 0], "texture": "#0"},
				"down": {"uv": [0, 0, 0, 0.75], "texture": "#0"}
			}
		},
		{
			"from": [7, 14.65183, 7.7],
			"to": [7, 16.65183, 9.2],
			"rotation": {"angle": 45, "axis": "x", "origin": [8, 13.40183, 7.95]},
			"faces": {
				"north": {"uv": [0, 0, 0, 1], "texture": "#0"},
				"east": {"uv": [9, 6.5, 9.75, 7.5], "texture": "#0"},
				"south": {"uv": [0, 0, 0, 1], "texture": "#0"},
				"west": {"uv": [8.5, 9, 9.25, 10], "texture": "#0"},
				"up": {"uv": [0, 0.75, 0, 0], "texture": "#0"},
				"down": {"uv": [0, 0, 0, 0.75], "texture": "#0"}
			}
		},
		{
			"from": [9, 14.15183, 7.2],
			"to": [9, 17.15183, 8.7],
			"rotation": {"angle": 0, "axis": "y", "origin": [10, 13.40183, 7.95]},
			"faces": {
				"north": {"uv": [0, 0, 0, 1.5], "texture": "#0"},
				"east": {"uv": [4, 6, 4.75, 7.5], "texture": "#0"},
				"south": {"uv": [0, 0, 0, 1.5], "texture": "#0"},
				"west": {"uv": [5, 6, 5.75, 7.5], "texture": "#0"},
				"up": {"uv": [0, 0.75, 0, 0], "texture": "#0"},
				"down": {"uv": [0, 0, 0, 0.75], "texture": "#0"}
			}
		},
		{
			"from": [8.75, 14.15183, 8.2],
			"to": [8.75, 16.65183, 9.7],
			"rotation": {"angle": 22.5, "axis": "x", "origin": [8.75, 15.65183, 8.95]},
			"faces": {
				"north": {"uv": [0, 0, 0, 1.25], "texture": "#0"},
				"east": {"uv": [8, 3, 8.75, 4.25], "texture": "#0"},
				"south": {"uv": [0, 0, 0, 1.25], "texture": "#0"},
				"west": {"uv": [8, 4.5, 8.75, 5.75], "texture": "#0"},
				"up": {"uv": [0, 0.75, 0, 0], "texture": "#0"},
				"down": {"uv": [0, 0, 0, 0.75], "texture": "#0"}
			}
		},
		{
			"from": [8.75, 14.15183, 6.2],
			"to": [8.75, 16.65183, 7.7],
			"rotation": {"angle": -22.5, "axis": "x", "origin": [8.75, 15.65183, 6.95]},
			"faces": {
				"north": {"uv": [0, 0, 0, 1.25], "texture": "#0"},
				"east": {"uv": [8, 6, 8.75, 7.25], "texture": "#0"},
				"south": {"uv": [0, 0, 0, 1.25], "texture": "#0"},
				"west": {"uv": [3, 8.5, 3.75, 9.75], "texture": "#0"},
				"up": {"uv": [0, 0.75, 0, 0], "texture": "#0"},
				"down": {"uv": [0, 0, 0, 0.75], "texture": "#0"}
			}
		},
		{
			"from": [9, 12.15183, 4.7],
			"to": [9, 13.65183, 6.7],
			"rotation": {"angle": 45, "axis": "x", "origin": [10.25, 13.40183, 7.95]},
			"faces": {
				"north": {"uv": [0, 0, 0, 0.75], "texture": "#0"},
				"east": {"uv": [9.5, 0, 10.5, 0.75], "texture": "#0"},
				"south": {"uv": [0, 0, 0, 0.75], "texture": "#0"},
				"west": {"uv": [1, 9.5, 2, 10.25], "texture": "#0"},
				"up": {"uv": [0, 1, 0, 0], "texture": "#0"},
				"down": {"uv": [0, 0, 0, 1], "texture": "#0"}
			}
		},
		{
			"from": [9, 14.65183, 7.7],
			"to": [9, 16.65183, 9.2],
			"rotation": {"angle": 45, "axis": "x", "origin": [10, 13.40183, 7.95]},
			"faces": {
				"north": {"uv": [0, 0, 0, 1], "texture": "#0"},
				"east": {"uv": [9.5, 1, 10.25, 2], "texture": "#0"},
				"south": {"uv": [0, 0, 0, 1], "texture": "#0"},
				"west": {"uv": [2, 9.5, 2.75, 10.5], "texture": "#0"},
				"up": {"uv": [0, 0.75, 0, 0], "texture": "#0"},
				"down": {"uv": [0, 0, 0, 0.75], "texture": "#0"}
			}
		},
		{
			"from": [7.25, 1.75, 7.25],
			"to": [8.75, 12.75, 8.75],
			"rotation": {"angle": -45, "axis": "y", "origin": [8, 7.75, 8]},
			"faces": {
				"north": {"uv": [0, 0, 0.75, 5.5], "texture": "#0"},
				"east": {"uv": [1, 0, 1.75, 5.5], "texture": "#0"},
				"south": {"uv": [2, 0, 2.75, 5.5], "texture": "#0"},
				"west": {"uv": [3, 0, 3.75, 5.5], "texture": "#0"},
				"up": {"uv": [8.25, 10.75, 7.5, 10], "texture": "#0"},
				"down": {"uv": [9.25, 10, 8.5, 10.75], "texture": "#0"}
			}
		},
		{
			"from": [7, 5.25, 7],
			"to": [9, 6.25, 9],
			"rotation": {"angle": -45, "axis": "y", "origin": [8, 6.5, 8]},
			"faces": {
				"north": {"uv": [7, 4, 8, 4.5], "texture": "#0"},
				"east": {"uv": [10.5, 4, 11.5, 4.5], "texture": "#0"},
				"south": {"uv": [4.5, 10.5, 5.5, 11], "texture": "#0"},
				"west": {"uv": [5.5, 10.5, 6.5, 11], "texture": "#0"},
				"up": {"uv": [8, 6.5, 7, 5.5], "texture": "#0"},
				"down": {"uv": [8, 6.5, 7, 7.5], "texture": "#0"}
			}
		},
		{
			"from": [7, 6.75, 7],
			"to": [9, 7.75, 9],
			"rotation": {"angle": -45, "axis": "y", "origin": [8, 6.5, 8]},
			"faces": {
				"north": {"uv": [10.5, 7.5, 11.5, 8], "texture": "#0"},
				"east": {"uv": [10.5, 8, 11.5, 8.5], "texture": "#0"},
				"south": {"uv": [10.5, 8.5, 11.5, 9], "texture": "#0"},
				"west": {"uv": [10.5, 9, 11.5, 9.5], "texture": "#0"},
				"up": {"uv": [4.5, 8.5, 3.5, 7.5], "texture": "#0"},
				"down": {"uv": [5.5, 7.5, 4.5, 8.5], "texture": "#0"}
			}
		},
		{
			"from": [7, 8.25, 7],
			"to": [9, 9.25, 9],
			"rotation": {"angle": -45, "axis": "y", "origin": [8, 6.5, 8]},
			"faces": {
				"north": {"uv": [9.5, 10.5, 10.5, 11], "texture": "#0"},
				"east": {"uv": [10.5, 9.5, 11.5, 10], "texture": "#0"},
				"south": {"uv": [10.5, 10, 11.5, 10.5], "texture": "#0"},
				"west": {"uv": [10.5, 10.5, 11.5, 11], "texture": "#0"},
				"up": {"uv": [6.5, 8.5, 5.5, 7.5], "texture": "#0"},
				"down": {"uv": [7.5, 7.5, 6.5, 8.5], "texture": "#0"}
			}
		},
		{
			"from": [7, 3.75, 7],
			"to": [9, 4.75, 9],
			"rotation": {"angle": -45, "axis": "y", "origin": [8, 6.5, 8]},
			"faces": {
				"north": {"uv": [11, 2, 12, 2.5], "texture": "#0"},
				"east": {"uv": [11, 2.5, 12, 3], "texture": "#0"},
				"south": {"uv": [3, 11, 4, 11.5], "texture": "#0"},
				"west": {"uv": [4, 11, 5, 11.5], "texture": "#0"},
				"up": {"uv": [8.5, 8.5, 7.5, 7.5], "texture": "#0"},
				"down": {"uv": [1, 8, 0, 9], "texture": "#0"}
			}
		},
		{
			"from": [7.25, 12.71027, 4.54291],
			"to": [8.75, 14.21027, 7.04291],
			"rotation": {"angle": 0, "axis": "y", "origin": [8, 13.19828, 5.00967]},
			"faces": {
				"north": {"uv": [0, 10.5, 0.75, 11.25], "texture": "#0"},
				"east": {"uv": [4, 8.5, 5.25, 9.25], "texture": "#0"},
				"south": {"uv": [10.5, 0, 11.25, 0.75], "texture": "#0"},
				"west": {"uv": [5.5, 8.5, 6.75, 9.25], "texture": "#0"},
				"up": {"uv": [7.75, 9.75, 7, 8.5], "texture": "#0"},
				"down": {"uv": [9.25, 7.5, 8.5, 8.75], "texture": "#0"}
			}
		},
		{
			"from": [8, 12.71027, 8.79291],
			"to": [8, 14.21027, 10.29291],
			"rotation": {"angle": 0, "axis": "y", "origin": [8, 13.19828, 4.25967]},
			"faces": {
				"north": {"uv": [0, 0, 0, 0.75], "texture": "#0"},
				"east": {"uv": [1, 10.5, 1.75, 11.25], "texture": "#0"},
				"south": {"uv": [0, 0, 0, 0.75], "texture": "#0"},
				"west": {"uv": [10.5, 1, 11.25, 1.75], "texture": "#0"},
				"up": {"uv": [0, 0.75, 0, 0], "texture": "#0"},
				"down": {"uv": [0, 0, 0, 0.75], "texture": "#0"}
			}
		},
		{
			"from": [7.25, 11.71027, 10.04291],
			"to": [8.75, 14.71027, 11.04291],
			"rotation": {"angle": -22.5, "axis": "x", "origin": [8, 13.46027, 10.54291]},
			"faces": {
				"north": {"uv": [6, 6, 6.75, 7.5], "texture": "#0"},
				"east": {"uv": [9.5, 2, 10, 3.5], "texture": "#0"},
				"south": {"uv": [1.5, 6.5, 2.25, 8], "texture": "#0"},
				"west": {"uv": [4, 9.5, 4.5, 11], "texture": "#0"},
				"up": {"uv": [11.75, 5, 11, 4.5], "texture": "#0"},
				"down": {"uv": [5.75, 11, 5, 11.5], "texture": "#0"}
			}
		},
		{
			"from": [7.25, 12.02351, 11.67918],
			"to": [8.75, 12.02351, 13.67918],
			"rotation": {"angle": -22.5, "axis": "x", "origin": [8, 12.01751, 11.64843]},
			"faces": {
				"north": {"uv": [0, 0, 0.75, 0], "texture": "#0"},
				"east": {"uv": [0, 0, 1, 0], "texture": "#0"},
				"south": {"uv": [0, 0, 0.75, 0], "texture": "#0"},
				"west": {"uv": [0, 0, 1, 0], "texture": "#0"},
				"up": {"uv": [10.25, 4.5, 9.5, 3.5], "texture": "#0"},
				"down": {"uv": [5.25, 9.5, 4.5, 10.5], "texture": "#0"}
			}
		},
		{
			"from": [7.25, 12.02351, 11.67918],
			"to": [8.75, 12.02351, 13.67918],
			"rotation": {"angle": -45, "axis": "x", "origin": [8, 12.01751, 11.64843]},
			"faces": {
				"north": {"uv": [0, 0, 0.75, 0], "texture": "#0"},
				"east": {"uv": [0, 0, 1, 0], "texture": "#0"},
				"south": {"uv": [0, 0, 0.75, 0], "texture": "#0"},
				"west": {"uv": [0, 0, 1, 0], "texture": "#0"},
				"up": {"uv": [6.25, 10.5, 5.5, 9.5], "texture": "#0"},
				"down": {"uv": [10.25, 7.5, 9.5, 8.5], "texture": "#0"}
			}
		},
		{
			"from": [7.25, 12.04826, 11.64242],
			"to": [8.75, 14.04826, 11.64242],
			"rotation": {"angle": 0, "axis": "x", "origin": [8, 12.01751, 11.64843]},
			"faces": {
				"north": {"uv": [9.5, 8.5, 10.25, 9.5], "texture": "#0"},
				"east": {"uv": [0, 0, 0, 1], "texture": "#0"},
				"south": {"uv": [9.5, 9.5, 10.25, 10.5], "texture": "#0"},
				"west": {"uv": [0, 0, 0, 1], "texture": "#0"},
				"up": {"uv": [0.75, 0, 0, 0], "texture": "#0"},
				"down": {"uv": [0.75, 0, 0, 0], "texture": "#0"}
			}
		},
		{
			"from": [7.35, 12.79297, 1.99288],
			"to": [8.65, 14.29297, 4.99288],
			"rotation": {"angle": -22.5, "axis": "x", "origin": [8, 13.19828, 5.00967]},
			"faces": {
				"north": {"uv": [2, 10.5, 2.75, 11.25], "texture": "#0"},
				"east": {"uv": [6.5, 4.5, 8, 5.25], "texture": "#0"},
				"south": {"uv": [10.5, 3, 11.25, 3.75], "texture": "#0"},
				"west": {"uv": [0, 7, 1.5, 7.75], "texture": "#0"},
				"up": {"uv": [7.75, 1.5, 7, 0], "texture": "#0"},
				"down": {"uv": [7.75, 1.5, 7, 3], "texture": "#0"}
			}
		},
		{
			"from": [7.35, 13.04904, -0.20247],
			"to": [8.65, 13.04904, 1.79753],
			"rotation": {"angle": -45, "axis": "x", "origin": [8, 13.06737, 1.78517]},
			"faces": {
				"north": {"uv": [0, 0, 0.75, 0], "texture": "#0"},
				"east": {"uv": [0, 0, 1, 0], "texture": "#0"},
				"south": {"uv": [0, 0, 0.75, 0], "texture": "#0"},
				"west": {"uv": [0, 0, 1, 0], "texture": "#0"},
				"up": {"uv": [10.75, 3, 10, 2], "texture": "#0"},
				"down": {"uv": [3.75, 10, 3, 11], "texture": "#0"}
			}
		},
		{
			"from": [7.35, 13.04904, -0.20247],
			"to": [8.65, 13.04904, 1.79753],
			"rotation": {"angle": -22.5, "axis": "x", "origin": [8, 13.06737, 1.78517]},
			"faces": {
				"north": {"uv": [0, 0, 0.75, 0], "texture": "#0"},
				"east": {"uv": [0, 0, 1, 0], "texture": "#0"},
				"south": {"uv": [0, 0, 0.75, 0], "texture": "#0"},
				"west": {"uv": [0, 0, 1, 0], "texture": "#0"},
				"up": {"uv": [10.75, 5.5, 10, 4.5], "texture": "#0"},
				"down": {"uv": [10.75, 5.5, 10, 6.5], "texture": "#0"}
			}
		},
		{
			"from": [7.35, 13.04904, -0.20247],
			"to": [8.65, 13.04904, 1.79753],
			"rotation": {"angle": 22.5, "axis": "x", "origin": [8, 13.06737, 1.78517]},
			"faces": {
				"north": {"uv": [0, 0, 0.75, 0], "texture": "#0"},
				"east": {"uv": [0, 0, 1, 0], "texture": "#0"},
				"south": {"uv": [0, 0, 0.75, 0], "texture": "#0"},
				"west": {"uv": [0, 0, 1, 0], "texture": "#0"},
				"up": {"uv": [7.25, 11, 6.5, 10], "texture": "#0"},
				"down": {"uv": [10.75, 6.5, 10, 7.5], "texture": "#0"}
			}
		},
		{
			"from": [7.35, 11.54904, 0.79753],
			"to": [7.35, 13.04904, 1.79753],
			"rotation": {"angle": -45, "axis": "x", "origin": [8, 13.06737, 1.78517]},
			"faces": {
				"north": {"uv": [0, 0, 0, 0.75], "texture": "#0"},
				"east": {"uv": [11, 5, 11.5, 5.75], "texture": "#0"},
				"south": {"uv": [0, 0, 0, 0.75], "texture": "#0"},
				"west": {"uv": [6, 11, 6.5, 11.75], "texture": "#0"},
				"up": {"uv": [0, 0.5, 0, 0], "texture": "#0"},
				"down": {"uv": [0, 0, 0, 0.5], "texture": "#0"}
			}
		},
		{
			"from": [8.65, 11.54904, 0.79753],
			"to": [8.65, 13.04904, 1.79753],
			"rotation": {"angle": -45, "axis": "x", "origin": [8, 13.06737, 1.78517]},
			"faces": {
				"north": {"uv": [0, 0, 0, 0.75], "texture": "#0"},
				"east": {"uv": [11, 6, 11.5, 6.75], "texture": "#0"},
				"south": {"uv": [0, 0, 0, 0.75], "texture": "#0"},
				"west": {"uv": [6.5, 11, 7, 11.75], "texture": "#0"},
				"up": {"uv": [0, 0.5, 0, 0], "texture": "#0"},
				"down": {"uv": [0, 0, 0, 0.5], "texture": "#0"}
			}
		}
	],
	"display": {
		"thirdperson_righthand": {
			"translation": [0, 0, 0.5]
		},
		"thirdperson_lefthand": {
			"translation": [0, 0, 0.5]
		},
		"firstperson_righthand": {
			"rotation": [-5, 0, 0]
		},
		"firstperson_lefthand": {
			"rotation": [-5, 0, 0]
		},
		"ground": {
			"translation": [0, 7, 0]
		},
		"gui": {
			"rotation": [-90, 45, 90],
			"translation": [0.25, 0.5, 0],
			"scale": [0.9, 0.9, 0.9]
		},
		"head": {
			"rotation": [-180, 0, -180]
		},
		"fixed": {
			"rotation": [-90, 45, 90],
			"translation": [1, -0.5, 0]
		}
	},
	"groups": [
		{
			"name": "parrothoe",
			"origin": [8, 11.04874, 8],
			"color": 0,
			"boneType": "",
			"children": [0, 1, 2, 3, 4, 5, 6, 7, 8, 9, 10, 11, 12, 13, 14, 15, 16, 17, 18, 19, 20, 21, 22, 23, 24, 25, 26, 27, 28, 29, 30, 31]
		}
	],
	"mcmodels": "a7d84c1e2aa712bf6159e674a663fcf4"
}