{
	"credit": "Made with Blockbench",
	"texture_size": [32, 32],
	"textures": {
		"0": "minewave:item/parrot/key",
		"particle": "minewave:item/parrot/key"
	},
	"elements": [
		{
			"from": [7, 2.96872, 1.78128],
			"to": [9, 4.96872, 4.28128],
			"rotation": {"angle": 0, "axis": "y", "origin": [8, 4.09372, 8.525]},
			"faces": {
				"north": {"uv": [4.5, 5.5, 5.5, 6.5], "texture": "#0"},
				"east": {"uv": [5, 1.5, 6.25, 2.5], "texture": "#0"},
				"south": {"uv": [5.5, 5.5, 6.5, 6.5], "texture": "#0"},
				"west": {"uv": [2, 5, 3.25, 6], "texture": "#0"},
				"up": {"uv": [6, 3.75, 5, 2.5], "texture": "#0"},
				"down": {"uv": [1, 5.5, 0, 6.75], "texture": "#0"}
			}
		},
		{
			"from": [7, 4.96872, 1.78128],
			"to": [7, 5.96872, 4.28128],
			"rotation": {"angle": 0, "axis": "y", "origin": [8, 4.09372, 8.525]},
			"faces": {
				"north": {"uv": [0, 0, 0, 0.5], "texture": "#0"},
				"east": {"uv": [7, 3.5, 8.25, 4], "texture": "#0"},
				"south": {"uv": [0, 0, 0, 0.5], "texture": "#0"},
				"west": {"uv": [7.5, 2, 8.75, 2.5], "texture": "#0"},
				"up": {"uv": [0, 1.25, 0, 0], "texture": "#0"},
				"down": {"uv": [0, 0, 0, 1.25], "texture": "#0"}
			}
		},
		{
			"from": [9, 4.96872, 1.78128],
			"to": [9, 5.96872, 4.28128],
			"rotation": {"angle": 0, "axis": "y", "origin": [8, 4.09372, 8.525]},
			"faces": {
				"north": {"uv": [0, 0, 0, 0.5], "texture": "#0"},
				"east": {"uv": [7.5, 4, 8.75, 4.5], "texture": "#0"},
				"south": {"uv": [0, 0, 0, 0.5], "texture": "#0"},
				"west": {"uv": [7.5, 4.5, 8.75, 5], "texture": "#0"},
				"up": {"uv": [0, 1.25, 0, 0], "texture": "#0"},
				"down": {"uv": [0, 0, 0, 1.25], "texture": "#0"}
			}
		},
		{
			"from": [7, 4.96872, 1.78128],
			"to": [9, 5.96872, 1.78128],
			"rotation": {"angle": 0, "axis": "y", "origin": [8, 4.09372, 8.525]},
			"faces": {
				"north": {"uv": [2.5, 1.5, 3.5, 2], "texture": "#0"},
				"east": {"uv": [0, 0, 0, 0.5], "texture": "#0"},
				"south": {"uv": [7.5, 7, 8.5, 7.5], "texture": "#0"},
				"west": {"uv": [0, 0, 0, 0.5], "texture": "#0"},
				"up": {"uv": [1, 0, 0, 0], "texture": "#0"},
				"down": {"uv": [1, 0, 0, 0], "texture": "#0"}
			}
		},
		{
			"from": [7.25, 3.21872, 4.28128],
			"to": [8.75, 4.71872, 8.53128],
			"rotation": {"angle": 0, "axis": "y", "origin": [8, 4.09372, 8.525]},
			"faces": {
				"north": {"uv": [7.5, 5, 8.25, 5.75], "texture": "#0"},
				"east": {"uv": [0, 0, 2.25, 0.75], "texture": "#0"},
				"south": {"uv": [7.5, 6, 8.25, 6.75], "texture": "#0"},
				"west": {"uv": [0, 1, 2.25, 1.75], "texture": "#0"},
				"up": {"uv": [0.75, 4.25, 0, 2], "texture": "#0"},
				"down": {"uv": [1.75, 2, 1, 4.25], "texture": "#0"}
			}
		},
		{
			"from": [6.75, 2.36872, 8.13128],
			"to": [9.25, 4.86872, 10.63128],
			"rotation": {"angle": 45, "axis": "x", "origin": [8, 3.61872, 9.88128]},
			"faces": {
				"north": {"uv": [2, 2, 3.25, 3.25], "texture": "#0"},
				"east": {"uv": [2.5, 0, 3.75, 1.25], "texture": "#0"},
				"south": {"uv": [3.5, 1.5, 4.75, 2.75], "texture": "#0"},
				"west": {"uv": [2, 3.5, 3.25, 4.75], "texture": "#0"},
				"up": {"uv": [4.75, 4.25, 3.5, 3], "texture": "#0"},
				"down": {"uv": [5.25, 0, 4, 1.25], "texture": "#0"}
			}
		},
		{
			"from": [7, 5.20183, 9.25],
			"to": [7, 7.20183, 10.75],
			"rotation": {"angle": 45, "axis": "x", "origin": [8, 3.95183, 9.5]},
			"faces": {
				"north": {"uv": [0, 0, 0, 1], "texture": "#0"},
				"east": {"uv": [6.5, 1.5, 7.25, 2.5], "texture": "#0"},
				"south": {"uv": [0, 0, 0, 1], "texture": "#0"},
				"west": {"uv": [1, 7, 1.75, 8], "texture": "#0"},
				"up": {"uv": [0, 0.75, 0, 0], "texture": "#0"},
				"down": {"uv": [0, 0, 0, 0.75], "texture": "#0"}
			}
		},
		{
			"from": [9, 2.70183, 6.25],
			"to": [9, 4.20183, 8.25],
			"rotation": {"angle": 45, "axis": "x", "origin": [10.25, 3.95183, 9.5]},
			"faces": {
				"north": {"uv": [0, 0, 0, 0.75], "texture": "#0"},
				"east": {"uv": [7, 2.5, 8, 3.25], "texture": "#0"},
				"south": {"uv": [0, 0, 0, 0.75], "texture": "#0"},
				"west": {"uv": [3, 7, 4, 7.75], "texture": "#0"},
				"up": {"uv": [0, 1, 0, 0], "texture": "#0"},
				"down": {"uv": [0, 0, 0, 1], "texture": "#0"}
			}
		},
		{
			"from": [8.75, 4.70183, 7.75],
			"to": [8.75, 7.20183, 9.25],
			"rotation": {"angle": -22.5, "axis": "x", "origin": [8.75, 6.20183, 8.5]},
			"faces": {
				"north": {"uv": [0, 0, 0, 1.25], "texture": "#0"},
				"east": {"uv": [2, 6, 2.75, 7.25], "texture": "#0"},
				"south": {"uv": [0, 0, 0, 1.25], "texture": "#0"},
				"west": {"uv": [6, 2.5, 6.75, 3.75], "texture": "#0"},
				"up": {"uv": [0, 0.75, 0, 0], "texture": "#0"},
				"down": {"uv": [0, 0, 0, 0.75], "texture": "#0"}
			}
		},
		{
			"from": [8.75, 4.70183, 9.75],
			"to": [8.75, 7.20183, 11.25],
			"rotation": {"angle": 22.5, "axis": "x", "origin": [8.75, 6.20183, 10.5]},
			"faces": {
				"north": {"uv": [0, 0, 0, 1.25], "texture": "#0"},
				"east": {"uv": [6.5, 0, 7.25, 1.25], "texture": "#0"},
				"south": {"uv": [0, 0, 0, 1.25], "texture": "#0"},
				"west": {"uv": [6.5, 4, 7.25, 5.25], "texture": "#0"},
				"up": {"uv": [0, 0.75, 0, 0], "texture": "#0"},
				"down": {"uv": [0, 0, 0, 0.75], "texture": "#0"}
			}
		},
		{
			"from": [9, 4.70183, 8.75],
			"to": [9, 7.70183, 10.25],
			"rotation": {"angle": 0, "axis": "y", "origin": [10, 3.95183, 9.5]},
			"faces": {
				"north": {"uv": [0, 0, 0, 1.5], "texture": "#0"},
				"east": {"uv": [5.5, 0, 6.25, 1.5], "texture": "#0"},
				"south": {"uv": [0, 0, 0, 1.5], "texture": "#0"},
				"west": {"uv": [1, 5.5, 1.75, 7], "texture": "#0"},
				"up": {"uv": [0, 0.75, 0, 0], "texture": "#0"},
				"down": {"uv": [0, 0, 0, 0.75], "texture": "#0"}
			}
		},
		{
			"from": [9, 5.20183, 9.25],
			"to": [9, 7.20183, 10.75],
			"rotation": {"angle": 45, "axis": "x", "origin": [10, 3.95183, 9.5]},
			"faces": {
				"north": {"uv": [0, 0, 0, 1], "texture": "#0"},
				"east": {"uv": [6.5, 7, 7.25, 8], "texture": "#0"},
				"south": {"uv": [0, 0, 0, 1], "texture": "#0"},
				"west": {"uv": [7.5, 0, 8.25, 1], "texture": "#0"},
				"up": {"uv": [0, 0.75, 0, 0], "texture": "#0"},
				"down": {"uv": [0, 0, 0, 0.75], "texture": "#0"}
			}
		},
		{
			"from": [7, 4.70183, 8.75],
			"to": [7, 7.70183, 10.25],
			"rotation": {"angle": 0, "axis": "y", "origin": [8, 3.95183, 9.5]},
			"faces": {
				"north": {"uv": [0, 0, 0, 1.5], "texture": "#0"},
				"east": {"uv": [3.5, 5.5, 4.25, 7], "texture": "#0"},
				"south": {"uv": [0, 0, 0, 1.5], "texture": "#0"},
				"west": {"uv": [5.5, 4, 6.25, 5.5], "texture": "#0"},
				"up": {"uv": [0, 0.75, 0, 0], "texture": "#0"},
				"down": {"uv": [0, 0, 0, 0.75], "texture": "#0"}
			}
		},
		{
			"from": [7.25, 4.70183, 9.75],
			"to": [7.25, 7.20183, 11.25],
			"rotation": {"angle": 22.5, "axis": "x", "origin": [7.25, 6.20183, 10.5]},
			"faces": {
				"north": {"uv": [0, 0, 0, 1.25], "texture": "#0"},
				"east": {"uv": [4.5, 6.5, 5.25, 7.75], "texture": "#0"},
				"south": {"uv": [0, 0, 0, 1.25], "texture": "#0"},
				"west": {"uv": [5.5, 6.5, 6.25, 7.75], "texture": "#0"},
				"up": {"uv": [0, 0.75, 0, 0], "texture": "#0"},
				"down": {"uv": [0, 0, 0, 0.75], "texture": "#0"}
			}
		},
		{
			"from": [7.25, 4.70183, 7.75],
			"to": [7.25, 7.20183, 9.25],
			"rotation": {"angle": -22.5, "axis": "x", "origin": [7.25, 6.20183, 8.5]},
			"faces": {
				"north": {"uv": [0, 0, 0, 1.25], "texture": "#0"},
				"east": {"uv": [6.5, 5.5, 7.25, 6.75], "texture": "#0"},
				"south": {"uv": [0, 0, 0, 1.25], "texture": "#0"},
				"west": {"uv": [0, 7, 0.75, 8.25], "texture": "#0"},
				"up": {"uv": [0, 0.75, 0, 0], "texture": "#0"},
				"down": {"uv": [0, 0, 0, 0.75], "texture": "#0"}
			}
		},
		{
			"from": [7, 2.70183, 6.25],
			"to": [7, 4.20183, 8.25],
			"rotation": {"angle": 45, "axis": "x", "origin": [8.25, 3.95183, 9.5]},
			"faces": {
				"north": {"uv": [0, 0, 0, 0.75], "texture": "#0"},
				"east": {"uv": [7.5, 1, 8.5, 1.75], "texture": "#0"},
				"south": {"uv": [0, 0, 0, 0.75], "texture": "#0"},
				"west": {"uv": [2, 7.5, 3, 8.25], "texture": "#0"},
				"up": {"uv": [0, 1, 0, 0], "texture": "#0"},
				"down": {"uv": [0, 0, 0, 1], "texture": "#0"}
			}
		},
		{
			"from": [8, 1.46872, 1.78128],
			"to": [8, 2.96872, 5.78128],
			"rotation": {"angle": 0, "axis": "y", "origin": [8, 4.09372, 8.525]},
			"faces": {
				"north": {"uv": [0, 0, 0, 0.75], "texture": "#0"},
				"east": {"uv": [0, 4.5, 2, 5.25], "texture": "#0"},
				"south": {"uv": [0, 0, 0, 0.75], "texture": "#0"},
				"west": {"uv": [3.5, 4.5, 5.5, 5.25], "texture": "#0"},
				"up": {"uv": [0, 2, 0, 0], "texture": "#0"},
				"down": {"uv": [0, 0, 0, 2], "texture": "#0"}
			}
		}
	],
	"display": {
		"thirdperson_righthand": {
			"rotation": [55, 0, 0],
			"translation": [0, 3, 2],
			"scale": [0.8, 0.8, 0.8]
		},
		"thirdperson_lefthand": {
			"rotation": [55, 0, 0],
			"translation": [0, 3, 2],
			"scale": [0.8, 0.8, 0.8]
		},
		"firstperson_righthand": {
			"translation": [0, 6, 0]
		},
		"firstperson_lefthand": {
			"translation": [0, 6, 0]
		},
		"ground": {
			"translation": [0, 5, 0]
		},
		"gui": {
			"rotation": [105, 60, -90],
			"translation": [3.5, 3, 0],
			"scale": [1.2, 1.2, 1.2]
		},
		"fixed": {
			"rotation": [-45, -90, -45],
			"translation": [-0.5, 3, 0]
		}
	},
	"groups": [
		{
			"name": "parrotkey",
			"origin": [0, 0, 0],
			"color": 0,
			"children": [0, 1, 2, 3, 4, 5, 6, 7, 8, 9, 10, 11, 12, 13, 14, 15, 16]
		}
	]
}