{
	"credit": "Made with Blockbench",
	"texture_size": [32, 32],
	"textures": {
		"1": "minewave:item/parrot/pickaxe"
	},
	"elements": [
		{
			"from": [6.75, 3.2793, 0.62549],
			"to": [9.25, 5.2793, 2.62549],
			"rotation": {"angle": -45, "axis": "x", "origin": [8, 10.65758, 7.99088]},
			"faces": {
				"north": {"uv": [1.5, 5.5, 2.75, 6.5], "texture": "#1"},
				"east": {"uv": [8, 2, 9, 3], "texture": "#1"},
				"south": {"uv": [5.5, 1.5, 6.75, 2.5], "texture": "#1"},
				"west": {"uv": [5.5, 8, 6.5, 9], "texture": "#1"},
				"up": {"uv": [6.75, 3.5, 5.5, 2.5], "texture": "#1"},
				"down": {"uv": [6.75, 3.5, 5.5, 4.5], "texture": "#1"}
			}
		},
		{
			"from": [6.75, 10.9293, 9.22549],
			"to": [9.25, 13.4293, 11.72549],
			"rotation": {"angle": -45, "axis": "x", "origin": [8, 9.65758, 8.04088]},
			"faces": {
				"north": {"uv": [4, 0, 5.25, 1.25], "texture": "#1"},
				"east": {"uv": [4, 1.5, 5.25, 2.75], "texture": "#1"},
				"south": {"uv": [4, 3, 5.25, 4.25], "texture": "#1"},
				"west": {"uv": [4, 4.5, 5.25, 5.75], "texture": "#1"},
				"up": {"uv": [1.25, 6.75, 0, 5.5], "texture": "#1"},
				"down": {"uv": [6.75, 0, 5.5, 1.25], "texture": "#1"}
			}
		},
		{
			"from": [7, 11.90183, 4.75],
			"to": [7, 13.40183, 6.75],
			"rotation": {"angle": 45, "axis": "x", "origin": [8.25, 13.15183, 8]},
			"faces": {
				"north": {"uv": [0, 0, 0, 0.75], "texture": "#1"},
				"east": {"uv": [9, 2, 10, 2.75], "texture": "#1"},
				"south": {"uv": [0, 0, 0, 0.75], "texture": "#1"},
				"west": {"uv": [0, 9.5, 1, 10.25], "texture": "#1"},
				"up": {"uv": [0, 1, 0, 0], "texture": "#1"},
				"down": {"uv": [0, 0, 0, 1], "texture": "#1"}
			}
		},
		{
			"from": [9, 14.40183, 7.75],
			"to": [9, 16.40183, 9.25],
			"rotation": {"angle": 45, "axis": "x", "origin": [10, 13.15183, 8]},
			"faces": {
				"north": {"uv": [0, 0, 0, 1], "texture": "#1"},
				"east": {"uv": [9.5, 0, 10.25, 1], "texture": "#1"},
				"south": {"uv": [0, 0, 0, 1], "texture": "#1"},
				"west": {"uv": [9.5, 1, 10.25, 2], "texture": "#1"},
				"up": {"uv": [0, 0, 0, 0.75], "texture": "#1"},
				"down": {"uv": [0, 0, 0, 0.75], "texture": "#1"}
			}
		},
		{
			"from": [9, 13.90183, 7.25],
			"to": [9, 16.90183, 8.75],
			"rotation": {"angle": 0, "axis": "y", "origin": [10, 13.15183, 8]},
			"faces": {
				"north": {"uv": [0, 0, 0, 1.5], "texture": "#1"},
				"east": {"uv": [3, 5.5, 3.75, 7], "texture": "#1"},
				"south": {"uv": [0, 0, 0, 1.5], "texture": "#1"},
				"west": {"uv": [5.5, 4.5, 6.25, 6], "texture": "#1"},
				"up": {"uv": [0, 0, 0, 0.75], "texture": "#1"},
				"down": {"uv": [0, 0, 0, 0.75], "texture": "#1"}
			}
		},
		{
			"from": [8.75, 13.90183, 8.25],
			"to": [8.75, 16.40183, 9.75],
			"rotation": {"angle": 22.5, "axis": "x", "origin": [8.75, 15.40183, 9]},
			"faces": {
				"north": {"uv": [0, 0, 0, 1.25], "texture": "#1"},
				"east": {"uv": [8.5, 6.5, 9.25, 7.75], "texture": "#1"},
				"south": {"uv": [0, 0, 0, 1.25], "texture": "#1"},
				"west": {"uv": [7.5, 8.5, 8.25, 9.75], "texture": "#1"},
				"up": {"uv": [0, 0, 0, 0.75], "texture": "#1"},
				"down": {"uv": [0, 0, 0, 0.75], "texture": "#1"}
			}
		},
		{
			"from": [8.75, 13.90183, 6.25],
			"to": [8.75, 16.40183, 7.75],
			"rotation": {"angle": -22.5, "axis": "x", "origin": [8.75, 15.40183, 7]},
			"faces": {
				"north": {"uv": [0, 0, 0, 1.25], "texture": "#1"},
				"east": {"uv": [8.5, 8, 9.25, 9.25], "texture": "#1"},
				"south": {"uv": [0, 0, 0, 1.25], "texture": "#1"},
				"west": {"uv": [1, 9, 1.75, 10.25], "texture": "#1"},
				"up": {"uv": [0, 0, 0, 0.75], "texture": "#1"},
				"down": {"uv": [0, 0, 0, 0.75], "texture": "#1"}
			}
		},
		{
			"from": [9, 11.90183, 4.75],
			"to": [9, 13.40183, 6.75],
			"rotation": {"angle": 45, "axis": "x", "origin": [10.25, 13.15183, 8]},
			"faces": {
				"north": {"uv": [0, 0, 0, 0.75], "texture": "#1"},
				"east": {"uv": [3, 9.5, 4, 10.25], "texture": "#1"},
				"south": {"uv": [0, 0, 0, 0.75], "texture": "#1"},
				"west": {"uv": [9.5, 3, 10.5, 3.75], "texture": "#1"},
				"up": {"uv": [0, 0, 0, 1], "texture": "#1"},
				"down": {"uv": [0, 0, 0, 1], "texture": "#1"}
			}
		},
		{
			"from": [7.25, 13.90183, 6.25],
			"to": [7.25, 16.40183, 7.75],
			"rotation": {"angle": -22.5, "axis": "x", "origin": [7.25, 15.40183, 7]},
			"faces": {
				"north": {"uv": [0, 0, 0, 1.25], "texture": "#1"},
				"east": {"uv": [2, 9, 2.75, 10.25], "texture": "#1"},
				"south": {"uv": [0, 0, 0, 1.25], "texture": "#1"},
				"west": {"uv": [9, 4, 9.75, 5.25], "texture": "#1"},
				"up": {"uv": [0, 0, 0, 0.75], "texture": "#1"},
				"down": {"uv": [0, 0, 0, 0.75], "texture": "#1"}
			}
		},
		{
			"from": [7.25, 13.90183, 8.25],
			"to": [7.25, 16.40183, 9.75],
			"rotation": {"angle": 22.5, "axis": "x", "origin": [7.25, 15.40183, 9]},
			"faces": {
				"north": {"uv": [0, 0, 0, 1.25], "texture": "#1"},
				"east": {"uv": [5, 9, 5.75, 10.25], "texture": "#1"},
				"south": {"uv": [0, 0, 0, 1.25], "texture": "#1"},
				"west": {"uv": [6, 9, 6.75, 10.25], "texture": "#1"},
				"up": {"uv": [0, 0, 0, 0.75], "texture": "#1"},
				"down": {"uv": [0, 0, 0, 0.75], "texture": "#1"}
			}
		},
		{
			"from": [7, 13.90183, 7.25],
			"to": [7, 16.90183, 8.75],
			"rotation": {"angle": 0, "axis": "y", "origin": [8, 13.15183, 8]},
			"faces": {
				"north": {"uv": [0, 0, 0, 1.5], "texture": "#1"},
				"east": {"uv": [4, 6, 4.75, 7.5], "texture": "#1"},
				"south": {"uv": [0, 0, 0, 1.5], "texture": "#1"},
				"west": {"uv": [5, 6, 5.75, 7.5], "texture": "#1"},
				"up": {"uv": [0, 0, 0, 0.75], "texture": "#1"},
				"down": {"uv": [0, 0, 0, 0.75], "texture": "#1"}
			}
		},
		{
			"from": [7, 14.40183, 7.75],
			"to": [7, 16.40183, 9.25],
			"rotation": {"angle": 45, "axis": "x", "origin": [8, 13.15183, 8]},
			"faces": {
				"north": {"uv": [0, 0, 0, 1], "texture": "#1"},
				"east": {"uv": [4, 9.5, 4.75, 10.5], "texture": "#1"},
				"south": {"uv": [0, 0, 0, 1], "texture": "#1"},
				"west": {"uv": [9.5, 5.5, 10.25, 6.5], "texture": "#1"},
				"up": {"uv": [0, 0, 0, 0.75], "texture": "#1"},
				"down": {"uv": [0, 0, 0, 0.75], "texture": "#1"}
			}
		},
		{
			"from": [7, 4, 7],
			"to": [9, 5, 9],
			"rotation": {"angle": -45, "axis": "y", "origin": [8, 6.75, 8]},
			"faces": {
				"north": {"uv": [10.5, 1.5, 11.5, 2], "texture": "#1"},
				"east": {"uv": [10.5, 10, 11.5, 10.5], "texture": "#1"},
				"south": {"uv": [10.5, 10.5, 11.5, 11], "texture": "#1"},
				"west": {"uv": [11, 0, 12, 0.5], "texture": "#1"},
				"up": {"uv": [7.5, 9, 6.5, 8], "texture": "#1"},
				"down": {"uv": [1, 8.5, 0, 9.5], "texture": "#1"}
			}
		},
		{
			"from": [7, 8.5, 7],
			"to": [9, 9.5, 9],
			"rotation": {"angle": -45, "axis": "y", "origin": [8, 6.75, 8]},
			"faces": {
				"north": {"uv": [11, 0.5, 12, 1], "texture": "#1"},
				"east": {"uv": [11, 1, 12, 1.5], "texture": "#1"},
				"south": {"uv": [11, 2, 12, 2.5], "texture": "#1"},
				"west": {"uv": [11, 2.5, 12, 3], "texture": "#1"},
				"up": {"uv": [9.5, 1, 8.5, 0], "texture": "#1"},
				"down": {"uv": [9.5, 1, 8.5, 2], "texture": "#1"}
			}
		},
		{
			"from": [7, 7, 7],
			"to": [9, 8, 9],
			"rotation": {"angle": -45, "axis": "y", "origin": [8, 6.75, 8]},
			"faces": {
				"north": {"uv": [10.5, 11, 11.5, 11.5], "texture": "#1"},
				"east": {"uv": [0.5, 11.5, 1.5, 12], "texture": "#1"},
				"south": {"uv": [1.5, 11.5, 2.5, 12], "texture": "#1"},
				"west": {"uv": [11.5, 1.5, 12.5, 2], "texture": "#1"},
				"up": {"uv": [4, 9.5, 3, 8.5], "texture": "#1"},
				"down": {"uv": [9.5, 3, 8.5, 4], "texture": "#1"}
			}
		},
		{
			"from": [7, 5.5, 7],
			"to": [9, 6.5, 9],
			"rotation": {"angle": -45, "axis": "y", "origin": [8, 6.75, 8]},
			"faces": {
				"north": {"uv": [2.5, 11.5, 3.5, 12], "texture": "#1"},
				"east": {"uv": [11.5, 3, 12.5, 3.5], "texture": "#1"},
				"south": {"uv": [3.5, 11.5, 4.5, 12], "texture": "#1"},
				"west": {"uv": [11.5, 3.5, 12.5, 4], "texture": "#1"},
				"up": {"uv": [5, 9.5, 4, 8.5], "texture": "#1"},
				"down": {"uv": [9.5, 5.5, 8.5, 6.5], "texture": "#1"}
			}
		},
		{
			"from": [7.25, 2, 7.25],
			"to": [8.75, 13, 8.75],
			"rotation": {"angle": 45, "axis": "y", "origin": [8, 7.5, 8]},
			"faces": {
				"north": {"uv": [0, 0, 0.75, 5.5], "texture": "#1"},
				"east": {"uv": [1, 0, 1.75, 5.5], "texture": "#1"},
				"south": {"uv": [2, 0, 2.75, 5.5], "texture": "#1"},
				"west": {"uv": [3, 0, 3.75, 5.5], "texture": "#1"},
				"up": {"uv": [5.25, 11.25, 4.5, 10.5], "texture": "#1"},
				"down": {"uv": [11.25, 5, 10.5, 5.75], "texture": "#1"}
			}
		},
		{
			"from": [7.25, 12.5, 8.1],
			"to": [8.75, 14, 11.1],
			"rotation": {"angle": -22.5, "axis": "x", "origin": [8, 13.25, 9.6]},
			"faces": {
				"north": {"uv": [5.5, 10.5, 6.25, 11.25], "texture": "#1"},
				"east": {"uv": [6, 6, 7.5, 6.75], "texture": "#1"},
				"south": {"uv": [10.5, 6, 11.25, 6.75], "texture": "#1"},
				"west": {"uv": [1.5, 6.5, 3, 7.25], "texture": "#1"},
				"up": {"uv": [7.25, 6, 6.5, 4.5], "texture": "#1"},
				"down": {"uv": [0.75, 7, 0, 8.5], "texture": "#1"}
			}
		},
		{
			"from": [7.35, 13, 10.7],
			"to": [8.65, 14.5, 13.7],
			"rotation": {"angle": 22.5, "axis": "x", "origin": [8, 14.5, 10.7]},
			"faces": {
				"north": {"uv": [6.5, 10.5, 7.25, 11.25], "texture": "#1"},
				"east": {"uv": [7, 0, 8.5, 0.75], "texture": "#1"},
				"south": {"uv": [10.5, 7, 11.25, 7.75], "texture": "#1"},
				"west": {"uv": [7, 1, 8.5, 1.75], "texture": "#1"},
				"up": {"uv": [7.75, 3.5, 7, 2], "texture": "#1"},
				"down": {"uv": [3.75, 7, 3, 8.5], "texture": "#1"}
			}
		},
		{
			"from": [8.65, 12.37651, 11.97174],
			"to": [8.65, 13.37651, 13.47174],
			"rotation": {"angle": -45, "axis": "x", "origin": [8, 13.36415, 13.49007]},
			"faces": {
				"north": {"uv": [0, 0, 0, 0.5], "texture": "#1"},
				"east": {"uv": [11.5, 4, 12.25, 4.5], "texture": "#1"},
				"south": {"uv": [0, 0, 0, 0.5], "texture": "#1"},
				"west": {"uv": [4.5, 11.5, 5.25, 12], "texture": "#1"},
				"up": {"uv": [0, 0, 0, 0.75], "texture": "#1"},
				"down": {"uv": [0, 0, 0, 0.75], "texture": "#1"}
			}
		},
		{
			"from": [7.35, 11.37651, 13.47174],
			"to": [8.65, 13.37651, 13.47174],
			"rotation": {"angle": -45, "axis": "x", "origin": [8, 13.36415, 13.49007]},
			"faces": {
				"north": {"uv": [9.5, 6.5, 10.25, 7.5], "texture": "#1"},
				"east": {"uv": [0, 0, 0, 1], "texture": "#1"},
				"south": {"uv": [9.5, 7.5, 10.25, 8.5], "texture": "#1"},
				"west": {"uv": [0, 0, 0, 1], "texture": "#1"},
				"up": {"uv": [0.75, 0, 0, 0], "texture": "#1"},
				"down": {"uv": [0, 0, 0.75, 0], "texture": "#1"}
			}
		},
		{
			"from": [7.35, 13.34582, 13.47771],
			"to": [8.65, 13.34582, 15.47771],
			"rotation": {"angle": 22.5, "axis": "x", "origin": [8, 13.36415, 13.49007]},
			"faces": {
				"north": {"uv": [0, 0, 0.75, 0], "texture": "#1"},
				"east": {"uv": [0, 0, 1, 0], "texture": "#1"},
				"south": {"uv": [0, 0, 0.75, 0], "texture": "#1"},
				"west": {"uv": [0, 0, 1, 0], "texture": "#1"},
				"up": {"uv": [9.25, 10.5, 8.5, 9.5], "texture": "#1"},
				"down": {"uv": [10.25, 8.5, 9.5, 9.5], "texture": "#1"}
			}
		},
		{
			"from": [7.35, 13.34582, 13.47771],
			"to": [8.65, 13.34582, 15.47771],
			"rotation": {"angle": -22.5, "axis": "x", "origin": [8, 13.36415, 13.49007]},
			"faces": {
				"north": {"uv": [0, 0, 0.75, 0], "texture": "#1"},
				"east": {"uv": [0, 0, 1, 0], "texture": "#1"},
				"south": {"uv": [0, 0, 0.75, 0], "texture": "#1"},
				"west": {"uv": [0, 0, 1, 0], "texture": "#1"},
				"up": {"uv": [10.25, 10.5, 9.5, 9.5], "texture": "#1"},
				"down": {"uv": [10.75, 2, 10, 3], "texture": "#1"}
			}
		},
		{
			"from": [7.35, 12.37651, 11.97174],
			"to": [7.35, 13.37651, 13.47174],
			"rotation": {"angle": -45, "axis": "x", "origin": [8, 13.36415, 13.49007]},
			"faces": {
				"north": {"uv": [0, 0, 0, 0.5], "texture": "#1"},
				"east": {"uv": [11.5, 4.5, 12.25, 5], "texture": "#1"},
				"south": {"uv": [0, 0, 0, 0.5], "texture": "#1"},
				"west": {"uv": [11.5, 5, 12.25, 5.5], "texture": "#1"},
				"up": {"uv": [0, 0, 0, 0.75], "texture": "#1"},
				"down": {"uv": [0, 0, 0, 0.75], "texture": "#1"}
			}
		},
		{
			"from": [7.25, 12.5, 4.79625],
			"to": [8.75, 14, 7.79625],
			"rotation": {"angle": 22.5, "axis": "x", "origin": [8, 13.25, 6.29625]},
			"faces": {
				"north": {"uv": [10.5, 8, 11.25, 8.75], "texture": "#1"},
				"east": {"uv": [7, 3.5, 8.5, 4.25], "texture": "#1"},
				"south": {"uv": [8.5, 10.5, 9.25, 11.25], "texture": "#1"},
				"west": {"uv": [6, 7, 7.5, 7.75], "texture": "#1"},
				"up": {"uv": [1.75, 9, 1, 7.5], "texture": "#1"},
				"down": {"uv": [2.75, 7.5, 2, 9], "texture": "#1"}
			}
		},
		{
			"from": [8, -1.36213, 6.60001],
			"to": [8, 1.63787, 7.60001],
			"rotation": {"angle": 22.5, "axis": "x", "origin": [8, 1.63787, 6.60001]},
			"faces": {
				"north": {"uv": [0, 0, 0, 1.5], "texture": "#1"},
				"east": {"uv": [7, 9, 7.5, 10.5], "texture": "#1"},
				"south": {"uv": [0, 0, 0, 1.5], "texture": "#1"},
				"west": {"uv": [10, 4, 10.5, 5.5], "texture": "#1"},
				"up": {"uv": [0, 0, 0, 0.5], "texture": "#1"},
				"down": {"uv": [0, 0, 0, 0.5], "texture": "#1"}
			}
		},
		{
			"from": [8, -2.11213, 7.50001],
			"to": [8, 0.88787, 8.50001],
			"rotation": {"angle": 0, "axis": "y", "origin": [8, 1.63787, 8.00001]},
			"faces": {
				"north": {"uv": [0, 0, 0, 1.5], "texture": "#1"},
				"east": {"uv": [7.5, 10, 8, 11.5], "texture": "#1"},
				"south": {"uv": [0, 0, 0, 1.5], "texture": "#1"},
				"west": {"uv": [8, 10, 8.5, 11.5], "texture": "#1"},
				"up": {"uv": [0, 0, 0, 0.5], "texture": "#1"},
				"down": {"uv": [0, 0, 0, 0.5], "texture": "#1"}
			}
		},
		{
			"from": [8, -1.36213, 8.40001],
			"to": [8, 1.63787, 9.40001],
			"rotation": {"angle": -22.5, "axis": "x", "origin": [8, 1.63787, 9.40001]},
			"faces": {
				"north": {"uv": [0, 0, 0, 1.5], "texture": "#1"},
				"east": {"uv": [0, 10.5, 0.5, 12], "texture": "#1"},
				"south": {"uv": [0, 0, 0, 1.5], "texture": "#1"},
				"west": {"uv": [10.5, 0, 11, 1.5], "texture": "#1"},
				"up": {"uv": [0, 0, 0, 0.5], "texture": "#1"},
				"down": {"uv": [0, 0, 0, 0.5], "texture": "#1"}
			}
		},
		{
			"from": [7.35, 13, 2.19625],
			"to": [8.65, 14.5, 5.19625],
			"rotation": {"angle": -22.5, "axis": "x", "origin": [8, 14.5, 5.19625]},
			"faces": {
				"north": {"uv": [10.5, 9, 11.25, 9.75], "texture": "#1"},
				"east": {"uv": [4, 7.5, 5.5, 8.25], "texture": "#1"},
				"south": {"uv": [9.5, 10.5, 10.25, 11.25], "texture": "#1"},
				"west": {"uv": [7.5, 4.5, 9, 5.25], "texture": "#1"},
				"up": {"uv": [8.25, 7, 7.5, 5.5], "texture": "#1"},
				"down": {"uv": [8.25, 7, 7.5, 8.5], "texture": "#1"}
			}
		},
		{
			"from": [7.35, 11.37651, 2.42451],
			"to": [8.65, 13.37651, 2.42451],
			"rotation": {"angle": 45, "axis": "x", "origin": [8, 13.36415, 2.40618]},
			"faces": {
				"north": {"uv": [0.5, 10.5, 1.25, 11.5], "texture": "#1"},
				"east": {"uv": [0, 0, 0, 1], "texture": "#1"},
				"south": {"uv": [1.5, 10.5, 2.25, 11.5], "texture": "#1"},
				"west": {"uv": [0, 0, 0, 1], "texture": "#1"},
				"up": {"uv": [0, 0, 0.75, 0], "texture": "#1"},
				"down": {"uv": [0, 0, 0.75, 0], "texture": "#1"}
			}
		},
		{
			"from": [7.35, 13.34582, 0.41854],
			"to": [8.65, 13.34582, 2.41854],
			"rotation": {"angle": -22.5, "axis": "x", "origin": [8, 13.36415, 2.40618]},
			"faces": {
				"north": {"uv": [0, 0, 0.75, 0], "texture": "#1"},
				"east": {"uv": [0, 0, 1, 0], "texture": "#1"},
				"south": {"uv": [0, 0, 0.75, 0], "texture": "#1"},
				"west": {"uv": [0, 0, 1, 0], "texture": "#1"},
				"up": {"uv": [3.25, 11.5, 2.5, 10.5], "texture": "#1"},
				"down": {"uv": [11.25, 3, 10.5, 4], "texture": "#1"}
			}
		},
		{
			"from": [7.35, 13.34582, 0.41854],
			"to": [8.65, 13.34582, 2.41854],
			"rotation": {"angle": 22.5, "axis": "x", "origin": [8, 13.36415, 2.40618]},
			"faces": {
				"north": {"uv": [0, 0, 0.75, 0], "texture": "#1"},
				"east": {"uv": [0, 0, 1, 0], "texture": "#1"},
				"south": {"uv": [0, 0, 0.75, 0], "texture": "#1"},
				"west": {"uv": [0, 0, 1, 0], "texture": "#1"},
				"up": {"uv": [4.25, 11.5, 3.5, 10.5], "texture": "#1"},
				"down": {"uv": [11.25, 4, 10.5, 5], "texture": "#1"}
			}
		},
		{
			"from": [8.65, 12.37651, 2.42451],
			"to": [8.65, 13.37651, 3.92451],
			"rotation": {"angle": 45, "axis": "x", "origin": [8, 13.36415, 2.40618]},
			"faces": {
				"north": {"uv": [0, 0, 0, 0.5], "texture": "#1"},
				"east": {"uv": [5.5, 11.5, 6.25, 12], "texture": "#1"},
				"south": {"uv": [0, 0, 0, 0.5], "texture": "#1"},
				"west": {"uv": [11.5, 5.5, 12.25, 6], "texture": "#1"},
				"up": {"uv": [0, 0, 0, 0.75], "texture": "#1"},
				"down": {"uv": [0, 0, 0, 0.75], "texture": "#1"}
			}
		},
		{
			"from": [7.35, 12.37651, 2.42451],
			"to": [7.35, 13.37651, 3.92451],
			"rotation": {"angle": 45, "axis": "x", "origin": [8, 13.36415, 2.40618]},
			"faces": {
				"north": {"uv": [0, 0, 0, 0.5], "texture": "#1"},
				"east": {"uv": [11.5, 6, 12.25, 6.5], "texture": "#1"},
				"south": {"uv": [0, 0, 0, 0.5], "texture": "#1"},
				"west": {"uv": [6.5, 11.5, 7.25, 12], "texture": "#1"},
				"up": {"uv": [0, 0, 0, 0.75], "texture": "#1"},
				"down": {"uv": [0, 0, 0, 0.75], "texture": "#1"}
			}
		}
	],
	"display": {
		"thirdperson_righthand": {
			"translation": [0, 0, 0.5],
			"scale": [1.2, 1.2, 1.2]
		},
		"thirdperson_lefthand": {
			"translation": [0, 0, 0.5],
			"scale": [1.2, 1.2, 1.2]
		},
		"firstperson_righthand": {
			"rotation": [-5, 0, 0],
			"translation": [0, 1.5, 0],
			"scale": [0.8, 0.8, 0.8]
		},
		"firstperson_lefthand": {
			"rotation": [-5, 0, 0],
			"translation": [0, 1.5, 0],
			"scale": [0.8, 0.8, 0.8]
		},
		"ground": {
			"translation": [0, 6, 0]
		},
		"gui": {
			"rotation": [90, -45, 90]
		},
		"head": {
			"translation": [0, 3.5, 0]
		},
		"fixed": {
			"rotation": [-90, 45, 90],
			"translation": [1.5, -1.25, -0.5],
			"scale": [1.2, 1.2, 1.2]
		}
	},
	"groups": [
		{
			"name": "pickaxe",
			"origin": [8, 14.25, 6.25],
			"color": 0,
			"children": [0, 1, 2, 3, 4, 5, 6, 7, 8, 9, 10, 11, 12, 13, 14, 15, 16, 17, 18, 19, 20, 21, 22, 23, 24, 25, 26, 27, 28, 29, 30, 31, 32, 33]
		}
	]
}