{
	"credit": "Made with Blockbench",
	"texture_size": [32, 32],
	"textures": {
		"0": "minewave:item/parrot/shield",
		"particle": "minewave:item/parrot/shield"
	},
	"elements": [
		{
			"from": [7.5, 7, 8],
			"to": [8.5, 8, 9],
			"rotation": {"angle": 0, "axis": "y", "origin": [9.35583, 5.125, 8.61118]},
			"faces": {
				"north": {"uv": [7.5, 6, 8, 6.5], "texture": "#0"},
				"east": {"uv": [4, 8.5, 4.5, 9], "texture": "#0"},
				"south": {"uv": [10, 7, 10.5, 7.5], "texture": "#0"},
				"west": {"uv": [10, 7.5, 10.5, 8], "texture": "#0"},
				"up": {"uv": [10.5, 8.5, 10, 8], "texture": "#0"},
				"down": {"uv": [10.5, 8.5, 10, 9], "texture": "#0"}
			}
		},
		{
			"from": [7.5, 4.5, 8],
			"to": [8.5, 5.5, 9],
			"rotation": {"angle": 0, "axis": "y", "origin": [9.35583, 5.125, 8.61118]},
			"faces": {
				"north": {"uv": [9, 10, 9.5, 10.5], "texture": "#0"},
				"east": {"uv": [10, 9, 10.5, 9.5], "texture": "#0"},
				"south": {"uv": [9.5, 10, 10, 10.5], "texture": "#0"},
				"west": {"uv": [10, 9.5, 10.5, 10], "texture": "#0"},
				"up": {"uv": [10.5, 10.5, 10, 10], "texture": "#0"},
				"down": {"uv": [11, 0, 10.5, 0.5], "texture": "#0"}
			}
		},
		{
			"from": [7.5, 5.5, 9],
			"to": [8.5, 7, 9],
			"rotation": {"angle": 0, "axis": "y", "origin": [9.35583, 5.125, 8.61118]},
			"faces": {
				"north": {"uv": [1.5, 10, 2, 10.75], "texture": "#0"},
				"east": {"uv": [0, 0, 0, 0.75], "texture": "#0"},
				"south": {"uv": [10, 6, 10.5, 6.75], "texture": "#0"},
				"west": {"uv": [0, 0, 0, 0.75], "texture": "#0"},
				"up": {"uv": [0.5, 0, 0, 0], "texture": "#0"},
				"down": {"uv": [0.5, 0, 0, 0], "texture": "#0"}
			}
		},
		{
			"from": [5, 3.25, 7],
			"to": [11, 10.25, 8],
			"rotation": {"angle": 0, "axis": "y", "origin": [7.35583, 8.125, 8.61118]},
			"faces": {
				"north": {"uv": [0, 0, 3, 3.5], "texture": "#0"},
				"east": {"uv": [2, 6, 2.5, 9.5], "texture": "#0"},
				"south": {"uv": [3, 0, 6, 3.5], "texture": "#0"},
				"west": {"uv": [2.5, 6, 3, 9.5], "texture": "#0"},
				"up": {"uv": [9, 4.5, 6, 4], "texture": "#0"},
				"down": {"uv": [7.5, 6, 4.5, 6.5], "texture": "#0"}
			}
		},
		{
			"from": [3, 5.25, 7],
			"to": [5, 10.25, 8],
			"rotation": {"angle": 45, "axis": "y", "origin": [5, 9.25, 7]},
			"faces": {
				"north": {"uv": [5, 3.5, 6, 6], "texture": "#0"},
				"east": {"uv": [4.5, 6.5, 5, 9], "texture": "#0"},
				"south": {"uv": [0, 6, 1, 8.5], "texture": "#0"},
				"west": {"uv": [5, 6.5, 5.5, 9], "texture": "#0"},
				"up": {"uv": [7, 6, 6, 5.5], "texture": "#0"},
				"down": {"uv": [8, 5.5, 7, 6], "texture": "#0"}
			}
		},
		{
			"from": [2, 10.25, 7],
			"to": [3, 10.25, 8],
			"rotation": {"angle": 45, "axis": "y", "origin": [5, 9.25, 7]},
			"faces": {
				"north": {"uv": [0, 0, 0.5, 0], "texture": "#0"},
				"east": {"uv": [0, 0, 0.5, 0], "texture": "#0"},
				"south": {"uv": [0, 0, 0.5, 0], "texture": "#0"},
				"west": {"uv": [0, 0, 0.5, 0], "texture": "#0"},
				"up": {"uv": [1, 11, 0.5, 10.5], "texture": "#0"},
				"down": {"uv": [11, 0.5, 10.5, 1], "texture": "#0"}
			}
		},
		{
			"from": [2, 8.25, 7],
			"to": [3, 10.25, 7],
			"rotation": {"angle": 45, "axis": "y", "origin": [5, 9.25, 7]},
			"faces": {
				"north": {"uv": [4, 7.5, 4.5, 8.5], "texture": "#0"},
				"east": {"uv": [0, 0, 0, 1], "texture": "#0"},
				"south": {"uv": [2, 9.5, 2.5, 10.5], "texture": "#0"},
				"west": {"uv": [0, 0, 0, 1], "texture": "#0"},
				"up": {"uv": [0.5, 0, 0, 0], "texture": "#0"},
				"down": {"uv": [0.5, 0, 0, 0], "texture": "#0"}
			}
		},
		{
			"from": [2, 8.25, 8],
			"to": [3, 10.25, 8],
			"rotation": {"angle": 45, "axis": "y", "origin": [5, 9.25, 7]},
			"faces": {
				"north": {"uv": [9.5, 2, 10, 3], "texture": "#0"},
				"east": {"uv": [0, 0, 0, 1], "texture": "#0"},
				"south": {"uv": [2.5, 9.5, 3, 10.5], "texture": "#0"},
				"west": {"uv": [0, 0, 0, 1], "texture": "#0"},
				"up": {"uv": [0.5, 0, 0, 0], "texture": "#0"},
				"down": {"uv": [0.5, 0, 0, 0], "texture": "#0"}
			}
		},
		{
			"from": [11, 5.25, 7],
			"to": [13, 10.25, 8],
			"rotation": {"angle": -45, "axis": "y", "origin": [11, 9.25, 7]},
			"faces": {
				"north": {"uv": [6, 0, 7, 2.5], "texture": "#0"},
				"east": {"uv": [5.5, 6.5, 6, 9], "texture": "#0"},
				"south": {"uv": [1, 6, 2, 8.5], "texture": "#0"},
				"west": {"uv": [6, 6.5, 6.5, 9], "texture": "#0"},
				"up": {"uv": [10, 7, 9, 6.5], "texture": "#0"},
				"down": {"uv": [10.5, 4.5, 9.5, 5], "texture": "#0"}
			}
		},
		{
			"from": [13, 10.25, 7],
			"to": [14, 10.25, 8],
			"rotation": {"angle": -45, "axis": "y", "origin": [11, 9.25, 7]},
			"faces": {
				"north": {"uv": [0, 0, 0.5, 0], "texture": "#0"},
				"east": {"uv": [0, 0, 0.5, 0], "texture": "#0"},
				"south": {"uv": [0, 0, 0.5, 0], "texture": "#0"},
				"west": {"uv": [0, 0, 0.5, 0], "texture": "#0"},
				"up": {"uv": [1.5, 11, 1, 10.5], "texture": "#0"},
				"down": {"uv": [11, 1, 10.5, 1.5], "texture": "#0"}
			}
		},
		{
			"from": [13, 8.25, 8],
			"to": [14, 10.25, 8],
			"rotation": {"angle": -45, "axis": "y", "origin": [11, 9.25, 7]},
			"faces": {
				"north": {"uv": [7, 9.5, 7.5, 10.5], "texture": "#0"},
				"east": {"uv": [0, 0, 0, 1], "texture": "#0"},
				"south": {"uv": [9.5, 7, 10, 8], "texture": "#0"},
				"west": {"uv": [0, 0, 0, 1], "texture": "#0"},
				"up": {"uv": [0.5, 0, 0, 0], "texture": "#0"},
				"down": {"uv": [0.5, 0, 0, 0], "texture": "#0"}
			}
		},
		{
			"from": [13, 8.25, 7],
			"to": [14, 10.25, 7],
			"rotation": {"angle": -45, "axis": "y", "origin": [11, 9.25, 7]},
			"faces": {
				"north": {"uv": [7.5, 9.5, 8, 10.5], "texture": "#0"},
				"east": {"uv": [0, 0, 0, 1], "texture": "#0"},
				"south": {"uv": [8, 9.5, 8.5, 10.5], "texture": "#0"},
				"west": {"uv": [0, 0, 0, 1], "texture": "#0"},
				"up": {"uv": [0.5, 0, 0, 0], "texture": "#0"},
				"down": {"uv": [0.5, 0, 0, 0], "texture": "#0"}
			}
		},
		{
			"from": [5.85, 0.1, 7.05],
			"to": [10.85, 5.1, 7.95],
			"rotation": {"angle": 45, "axis": "z", "origin": [8, 2.25, 7.5]},
			"faces": {
				"north": {"uv": [0, 3.5, 2.5, 6], "texture": "#0"},
				"east": {"uv": [6.5, 6.5, 7, 9], "texture": "#0"},
				"south": {"uv": [2.5, 3.5, 5, 6], "texture": "#0"},
				"west": {"uv": [7, 0, 7.5, 2.5], "texture": "#0"},
				"up": {"uv": [8.5, 5, 6, 4.5], "texture": "#0"},
				"down": {"uv": [8.5, 5, 6, 5.5], "texture": "#0"}
			}
		},
		{
			"from": [10.85, -1.9, 7.05],
			"to": [10.85, 0.1, 7.95],
			"rotation": {"angle": 45, "axis": "z", "origin": [8, 2.25, 7.5]},
			"faces": {
				"north": {"uv": [0, 0, 0, 1], "texture": "#0"},
				"east": {"uv": [8.5, 9.5, 9, 10.5], "texture": "#0"},
				"south": {"uv": [0, 0, 0, 1], "texture": "#0"},
				"west": {"uv": [0, 10, 0.5, 11], "texture": "#0"},
				"up": {"uv": [0, 0.5, 0, 0], "texture": "#0"},
				"down": {"uv": [0, 0, 0, 0.5], "texture": "#0"}
			}
		},
		{
			"from": [11.53259, 2.73787, 7.05],
			"to": [13.53259, 2.73787, 7.95],
			"rotation": {"angle": -22.5, "axis": "z", "origin": [11.54264, 2.73787, 7.5]},
			"faces": {
				"north": {"uv": [0, 0, 1, 0], "texture": "#0"},
				"east": {"uv": [0, 0, 0.5, 0], "texture": "#0"},
				"south": {"uv": [0, 0, 1, 0], "texture": "#0"},
				"west": {"uv": [0, 0, 0.5, 0], "texture": "#0"},
				"up": {"uv": [10.5, 5.5, 9.5, 5], "texture": "#0"},
				"down": {"uv": [1.5, 10, 0.5, 10.5], "texture": "#0"}
			}
		},
		{
			"from": [11.53259, 2.73787, 7.05],
			"to": [13.53259, 2.73787, 7.95],
			"rotation": {"angle": 22.5, "axis": "z", "origin": [11.54264, 2.73787, 7.5]},
			"faces": {
				"north": {"uv": [0, 0, 1, 0], "texture": "#0"},
				"east": {"uv": [0, 0, 0.5, 0], "texture": "#0"},
				"south": {"uv": [0, 0, 1, 0], "texture": "#0"},
				"west": {"uv": [0, 0, 0.5, 0], "texture": "#0"},
				"up": {"uv": [11, 2.5, 10, 2], "texture": "#0"},
				"down": {"uv": [11, 2.5, 10, 3], "texture": "#0"}
			}
		},
		{
			"from": [2.48259, 2.73787, 7.05],
			"to": [4.48259, 2.73787, 7.95],
			"rotation": {"angle": -22.5, "axis": "z", "origin": [4.49264, 2.73787, 7.5]},
			"faces": {
				"north": {"uv": [0, 0, 1, 0], "texture": "#0"},
				"east": {"uv": [0, 0, 0.5, 0], "texture": "#0"},
				"south": {"uv": [0, 0, 1, 0], "texture": "#0"},
				"west": {"uv": [0, 0, 0.5, 0], "texture": "#0"},
				"up": {"uv": [11, 3.5, 10, 3], "texture": "#0"},
				"down": {"uv": [11, 3.5, 10, 4], "texture": "#0"}
			}
		},
		{
			"from": [2.48259, 2.73787, 7.05],
			"to": [4.48259, 2.73787, 7.95],
			"rotation": {"angle": 22.5, "axis": "z", "origin": [4.49264, 2.73787, 7.5]},
			"faces": {
				"north": {"uv": [0, 0, 1, 0], "texture": "#0"},
				"east": {"uv": [0, 0, 0.5, 0], "texture": "#0"},
				"south": {"uv": [0, 0, 1, 0], "texture": "#0"},
				"west": {"uv": [0, 0, 0.5, 0], "texture": "#0"},
				"up": {"uv": [11, 4.5, 10, 4], "texture": "#0"},
				"down": {"uv": [6, 10, 5, 10.5], "texture": "#0"}
			}
		},
		{
			"from": [2.48259, 2.73787, 7.05],
			"to": [4.48259, 2.73787, 7.95],
			"rotation": {"angle": 45, "axis": "z", "origin": [4.49264, 2.73787, 7.5]},
			"faces": {
				"north": {"uv": [0, 0, 1, 0], "texture": "#0"},
				"east": {"uv": [0, 0, 0.5, 0], "texture": "#0"},
				"south": {"uv": [0, 0, 1, 0], "texture": "#0"},
				"west": {"uv": [0, 0, 0.5, 0], "texture": "#0"},
				"up": {"uv": [11, 6, 10, 5.5], "texture": "#0"},
				"down": {"uv": [7, 10, 6, 10.5], "texture": "#0"}
			}
		},
		{
			"from": [6.75, 8.1, 6.5],
			"to": [9.25, 10.6, 7.95],
			"rotation": {"angle": 45, "axis": "z", "origin": [6.9, 9.75, 6.5]},
			"faces": {
				"north": {"uv": [6, 2.5, 7.25, 3.75], "texture": "#0"},
				"east": {"uv": [8, 5.5, 8.75, 6.75], "texture": "#0"},
				"south": {"uv": [3, 6, 4.25, 7.25], "texture": "#0"},
				"west": {"uv": [7, 8, 7.75, 9.25], "texture": "#0"},
				"up": {"uv": [8.75, 3.75, 7.5, 3], "texture": "#0"},
				"down": {"uv": [9.25, 7, 8, 7.75], "texture": "#0"}
			}
		},
		{
			"from": [5.492, 12.01255, 6.725],
			"to": [6.992, 14.01255, 6.725],
			"rotation": {"angle": 45, "axis": "z", "origin": [7.975, 11.99555, 6.85]},
			"faces": {
				"north": {"uv": [8.5, 4.5, 9.25, 5.5], "texture": "#0"},
				"east": {"uv": [0, 0, 0, 1], "texture": "#0"},
				"south": {"uv": [5, 9, 5.75, 10], "texture": "#0"},
				"west": {"uv": [0, 0, 0, 1], "texture": "#0"},
				"up": {"uv": [0.75, 0, 0, 0], "texture": "#0"},
				"down": {"uv": [0.75, 0, 0, 0], "texture": "#0"}
			}
		},
		{
			"from": [7.992, 9.51255, 7.725],
			"to": [9.992, 11.01255, 7.725],
			"rotation": {"angle": 45, "axis": "z", "origin": [7.975, 11.99555, 7.85]},
			"faces": {
				"north": {"uv": [9, 5.5, 10, 6.25], "texture": "#0"},
				"east": {"uv": [0, 0, 0, 0.75], "texture": "#0"},
				"south": {"uv": [6, 9, 7, 9.75], "texture": "#0"},
				"west": {"uv": [0, 0, 0, 0.75], "texture": "#0"},
				"up": {"uv": [1, 0, 0, 0], "texture": "#0"},
				"down": {"uv": [1, 0, 0, 0], "texture": "#0"}
			}
		},
		{
			"from": [7.95513, 11.34598, 7.475],
			"to": [9.45513, 13.84598, 7.475],
			"rotation": {"angle": -22.5, "axis": "z", "origin": [7.975, 11.99555, 7.35]},
			"faces": {
				"north": {"uv": [8, 8, 8.75, 9.25], "texture": "#0"},
				"east": {"uv": [0, 0, 0, 1.25], "texture": "#0"},
				"south": {"uv": [0, 8.5, 0.75, 9.75], "texture": "#0"},
				"west": {"uv": [0, 0, 0, 1.25], "texture": "#0"},
				"up": {"uv": [0.75, 0, 0, 0], "texture": "#0"},
				"down": {"uv": [0.75, 0, 0, 0], "texture": "#0"}
			}
		},
		{
			"from": [6.49487, 11.34598, 7.475],
			"to": [7.99487, 13.84598, 7.475],
			"rotation": {"angle": 22.5, "axis": "z", "origin": [7.975, 11.99555, 7.35]},
			"faces": {
				"north": {"uv": [8.5, 0, 9.25, 1.25], "texture": "#0"},
				"east": {"uv": [0, 0, 0, 1.25], "texture": "#0"},
				"south": {"uv": [1, 8.5, 1.75, 9.75], "texture": "#0"},
				"west": {"uv": [0, 0, 0, 1.25], "texture": "#0"},
				"up": {"uv": [0.75, 0, 0, 0], "texture": "#0"},
				"down": {"uv": [0.75, 0, 0, 0], "texture": "#0"}
			}
		},
		{
			"from": [7.225, 11.00183, 7.725],
			"to": [8.725, 14.00183, 7.725],
			"rotation": {"angle": 0, "axis": "y", "origin": [7.975, 11.99555, 7.85]},
			"faces": {
				"north": {"uv": [7, 6.5, 7.75, 8], "texture": "#0"},
				"east": {"uv": [0, 0, 0, 1.5], "texture": "#0"},
				"south": {"uv": [7.5, 0, 8.25, 1.5], "texture": "#0"},
				"west": {"uv": [0, 0, 0, 1.5], "texture": "#0"},
				"up": {"uv": [0.75, 0, 0, 0], "texture": "#0"},
				"down": {"uv": [0.75, 0, 0, 0], "texture": "#0"}
			}
		},
		{
			"from": [5.492, 12.01255, 7.725],
			"to": [6.992, 14.01255, 7.725],
			"rotation": {"angle": 45, "axis": "z", "origin": [7.975, 11.99555, 7.85]},
			"faces": {
				"north": {"uv": [9, 8, 9.75, 9], "texture": "#0"},
				"east": {"uv": [0, 0, 0, 1], "texture": "#0"},
				"south": {"uv": [9, 9, 9.75, 10], "texture": "#0"},
				"west": {"uv": [0, 0, 0, 1], "texture": "#0"},
				"up": {"uv": [0.75, 0, 0, 0], "texture": "#0"},
				"down": {"uv": [0.75, 0, 0, 0], "texture": "#0"}
			}
		},
		{
			"from": [7.225, 11.00183, 6.725],
			"to": [8.725, 14.00183, 6.725],
			"rotation": {"angle": 0, "axis": "y", "origin": [7.975, 11.99555, 6.85]},
			"faces": {
				"north": {"uv": [7.5, 1.5, 8.25, 3], "texture": "#0"},
				"east": {"uv": [0, 0, 0, 1.5], "texture": "#0"},
				"south": {"uv": [3, 7.5, 3.75, 9], "texture": "#0"},
				"west": {"uv": [0, 0, 0, 1.5], "texture": "#0"},
				"up": {"uv": [0.75, 0, 0, 0], "texture": "#0"},
				"down": {"uv": [0.75, 0, 0, 0], "texture": "#0"}
			}
		},
		{
			"from": [6.49487, 11.34598, 6.975],
			"to": [7.99487, 13.84598, 6.975],
			"rotation": {"angle": 22.5, "axis": "z", "origin": [7.975, 11.99555, 6.85]},
			"faces": {
				"north": {"uv": [8.5, 1.5, 9.25, 2.75], "texture": "#0"},
				"east": {"uv": [0, 0, 0, 1.25], "texture": "#0"},
				"south": {"uv": [3, 9, 3.75, 10.25], "texture": "#0"},
				"west": {"uv": [0, 0, 0, 1.25], "texture": "#0"},
				"up": {"uv": [0.75, 0, 0, 0], "texture": "#0"},
				"down": {"uv": [0.75, 0, 0, 0], "texture": "#0"}
			}
		},
		{
			"from": [7.95513, 11.34598, 6.975],
			"to": [9.45513, 13.84598, 6.975],
			"rotation": {"angle": -22.5, "axis": "z", "origin": [7.975, 11.99555, 6.85]},
			"faces": {
				"north": {"uv": [9, 3, 9.75, 4.25], "texture": "#0"},
				"east": {"uv": [0, 0, 0, 1.25], "texture": "#0"},
				"south": {"uv": [4, 9, 4.75, 10.25], "texture": "#0"},
				"west": {"uv": [0, 0, 0, 1.25], "texture": "#0"},
				"up": {"uv": [0.75, 0, 0, 0], "texture": "#0"},
				"down": {"uv": [0.75, 0, 0, 0], "texture": "#0"}
			}
		},
		{
			"from": [7.992, 9.51255, 6.725],
			"to": [9.992, 11.01255, 6.725],
			"rotation": {"angle": 45, "axis": "z", "origin": [7.975, 11.99555, 6.85]},
			"faces": {
				"north": {"uv": [9.5, 0, 10.5, 0.75], "texture": "#0"},
				"east": {"uv": [0, 0, 0, 0.75], "texture": "#0"},
				"south": {"uv": [9.5, 1, 10.5, 1.75], "texture": "#0"},
				"west": {"uv": [0, 0, 0, 0.75], "texture": "#0"},
				"up": {"uv": [1, 0, 0, 0], "texture": "#0"},
				"down": {"uv": [1, 0, 0, 0], "texture": "#0"}
			}
		}
	],
	"display": {
		"thirdperson_righthand": {
			"rotation": [75, -75, 9],
			"translation": [2.5, -0.5, 6.5],
			"scale": [1.5, 1.5, 1.5]
		},
		"thirdperson_lefthand": {
			"rotation": [75, -75, 9],
			"translation": [2.5, -0.5, 6.5],
			"scale": [1.5, 1.5, 1.5]
		},
		"firstperson_righthand": {
			"rotation": [0, 0, 20],
			"translation": [0, 0.5, 1.5],
			"scale": [1.3, 1.3, 1.3]
		},
		"firstperson_lefthand": {
			"rotation": [0, 0, 20],
			"translation": [0, 0.5, 1.5],
			"scale": [1.3, 1.3, 1.3]
		},
		"ground": {
			"translation": [0, 6, 0],
			"scale": [1.3, 1.3, 1.3]
		},
		"gui": {
			"rotation": [-165, 0, -180],
			"translation": [0.25, 1.75, 0],
			"scale": [1.1, 1.1, 1.1]
		},
		"fixed": {
			"translation": [0, 2.5, 0],
			"scale": [1.3, 1.3, 1.3]
		}
	},
	"groups": [
		{
			"name": "parrotshield",
			"origin": [5.5, 9, 8.5],
			"color": 0,
			"children": [0, 1, 2, 3, 4, 5, 6, 7, 8, 9, 10, 11, 12, 13, 14, 15, 16, 17, 18, 19, 20, 21, 22, 23, 24, 25, 26, 27, 28, 29]
		}
	]
}