{
	"credit": "Made with Blockbench",
	"texture_size": [32, 32],
	"textures": {
		"0": "minewave:item/parrot/shovel",
		"particle": "minewave:item/parrot/shovel"
	},
	"elements": [
		{
			"from": [8, 14, 5.75],
			"to": [8, 20.5, 10.25],
			"rotation": {"angle": 0, "axis": "y", "origin": [8, 9.90255, 8]},
			"faces": {
				"north": {"uv": [0, 0, 0, 3.25], "texture": "#0"},
				"east": {"uv": [0, 0, 2.25, 3.25], "texture": "#0"},
				"south": {"uv": [0, 0, 0, 3.25], "texture": "#0"},
				"west": {"uv": [2.5, 0, 4.75, 3.25], "texture": "#0"},
				"up": {"uv": [0, 2.25, 0, 0], "texture": "#0"},
				"down": {"uv": [0, 0, 0, 2.25], "texture": "#0"}
			}
		},
		{
			"from": [6.75, 3.28427, 0.88172],
			"to": [9.25, 5.28427, 2.88172],
			"rotation": {"angle": -45, "axis": "x", "origin": [8, 10.40255, 8]},
			"faces": {
				"north": {"uv": [7, 5, 8.25, 6], "texture": "#0"},
				"east": {"uv": [7.5, 6, 8.5, 7], "texture": "#0"},
				"south": {"uv": [7, 7, 8.25, 8], "texture": "#0"},
				"west": {"uv": [8.5, 0, 9.5, 1], "texture": "#0"},
				"up": {"uv": [8.75, 2, 7.5, 1], "texture": "#0"},
				"down": {"uv": [8.75, 2, 7.5, 3], "texture": "#0"}
			}
		},
		{
			"from": [8, -1.26213, 6.60001],
			"to": [8, 1.73787, 7.60001],
			"rotation": {"angle": 22.5, "axis": "x", "origin": [8, 1.73787, 6.60001]},
			"faces": {
				"north": {"uv": [0, 0, 0, 1.5], "texture": "#0"},
				"east": {"uv": [0, 10, 0.5, 11.5], "texture": "#0"},
				"south": {"uv": [0, 0, 0, 1.5], "texture": "#0"},
				"west": {"uv": [10, 0, 10.5, 1.5], "texture": "#0"},
				"up": {"uv": [0, 0.5, 0, 0], "texture": "#0"},
				"down": {"uv": [0, 0, 0, 0.5], "texture": "#0"}
			}
		},
		{
			"from": [8, -2.01213, 7.50001],
			"to": [8, 0.98787, 8.50001],
			"rotation": {"angle": 0, "axis": "y", "origin": [8, 1.73787, 8.00001]},
			"faces": {
				"north": {"uv": [0, 0, 0, 1.5], "texture": "#0"},
				"east": {"uv": [0.5, 10, 1, 11.5], "texture": "#0"},
				"south": {"uv": [0, 0, 0, 1.5], "texture": "#0"},
				"west": {"uv": [1, 10, 1.5, 11.5], "texture": "#0"},
				"up": {"uv": [0, 0.5, 0, 0], "texture": "#0"},
				"down": {"uv": [0, 0, 0, 0.5], "texture": "#0"}
			}
		},
		{
			"from": [8, -1.26213, 8.40001],
			"to": [8, 1.73787, 9.40001],
			"rotation": {"angle": -22.5, "axis": "x", "origin": [8, 1.73787, 9.40001]},
			"faces": {
				"north": {"uv": [0, 0, 0, 1.5], "texture": "#0"},
				"east": {"uv": [1.5, 10, 2, 11.5], "texture": "#0"},
				"south": {"uv": [0, 0, 0, 1.5], "texture": "#0"},
				"west": {"uv": [10, 1.5, 10.5, 3], "texture": "#0"},
				"up": {"uv": [0, 0.5, 0, 0], "texture": "#0"},
				"down": {"uv": [0, 0, 0, 0.5], "texture": "#0"}
			}
		},
		{
			"from": [6.75, 11.03427, 9.38172],
			"to": [9.25, 13.53427, 11.88172],
			"rotation": {"angle": -45, "axis": "x", "origin": [8, 9.65255, 8]},
			"faces": {
				"north": {"uv": [4, 3.5, 5.25, 4.75], "texture": "#0"},
				"east": {"uv": [5, 0, 6.25, 1.25], "texture": "#0"},
				"south": {"uv": [5, 1.5, 6.25, 2.75], "texture": "#0"},
				"west": {"uv": [4, 5, 5.25, 6.25], "texture": "#0"},
				"up": {"uv": [6.75, 4.25, 5.5, 3], "texture": "#0"},
				"down": {"uv": [6.75, 4.5, 5.5, 5.75], "texture": "#0"}
			}
		},
		{
			"from": [7, 14.55183, 7.75],
			"to": [7, 16.55183, 9.25],
			"rotation": {"angle": 45, "axis": "x", "origin": [8, 13.30183, 8]},
			"faces": {
				"north": {"uv": [0, 0, 0, 1], "texture": "#0"},
				"east": {"uv": [2, 10, 2.75, 11], "texture": "#0"},
				"south": {"uv": [0, 0, 0, 1], "texture": "#0"},
				"west": {"uv": [3, 10, 3.75, 11], "texture": "#0"},
				"up": {"uv": [0, 0.75, 0, 0], "texture": "#0"},
				"down": {"uv": [0, 0, 0, 0.75], "texture": "#0"}
			}
		},
		{
			"from": [8.75, 14.05183, 6.25],
			"to": [8.75, 16.55183, 7.75],
			"rotation": {"angle": -22.5, "axis": "x", "origin": [8.75, 15.55183, 7]},
			"faces": {
				"north": {"uv": [0, 0, 0, 1.25], "texture": "#0"},
				"east": {"uv": [5, 9, 5.75, 10.25], "texture": "#0"},
				"south": {"uv": [0, 0, 0, 1.25], "texture": "#0"},
				"west": {"uv": [6, 9, 6.75, 10.25], "texture": "#0"},
				"up": {"uv": [0, 0.75, 0, 0], "texture": "#0"},
				"down": {"uv": [0, 0, 0, 0.75], "texture": "#0"}
			}
		},
		{
			"from": [8.75, 14.05183, 8.25],
			"to": [8.75, 16.55183, 9.75],
			"rotation": {"angle": 22.5, "axis": "x", "origin": [8.75, 15.55183, 9]},
			"faces": {
				"north": {"uv": [0, 0, 0, 1.25], "texture": "#0"},
				"east": {"uv": [9, 7.5, 9.75, 8.75], "texture": "#0"},
				"south": {"uv": [0, 0, 0, 1.25], "texture": "#0"},
				"west": {"uv": [9, 9, 9.75, 10.25], "texture": "#0"},
				"up": {"uv": [0, 0.75, 0, 0], "texture": "#0"},
				"down": {"uv": [0, 0, 0, 0.75], "texture": "#0"}
			}
		},
		{
			"from": [9, 14.05183, 7.25],
			"to": [9, 17.05183, 8.75],
			"rotation": {"angle": 0, "axis": "y", "origin": [10, 13.30183, 8]},
			"faces": {
				"north": {"uv": [0, 0, 0, 1.5], "texture": "#0"},
				"east": {"uv": [7, 8, 7.75, 9.5], "texture": "#0"},
				"south": {"uv": [0, 0, 0, 1.5], "texture": "#0"},
				"west": {"uv": [8, 8, 8.75, 9.5], "texture": "#0"},
				"up": {"uv": [0, 0.75, 0, 0], "texture": "#0"},
				"down": {"uv": [0, 0, 0, 0.75], "texture": "#0"}
			}
		},
		{
			"from": [9, 14.55183, 7.75],
			"to": [9, 16.55183, 9.25],
			"rotation": {"angle": 45, "axis": "x", "origin": [10, 13.30183, 8]},
			"faces": {
				"north": {"uv": [0, 0, 0, 1], "texture": "#0"},
				"east": {"uv": [10, 7, 10.75, 8], "texture": "#0"},
				"south": {"uv": [0, 0, 0, 1], "texture": "#0"},
				"west": {"uv": [10, 8, 10.75, 9], "texture": "#0"},
				"up": {"uv": [0, 0.75, 0, 0], "texture": "#0"},
				"down": {"uv": [0, 0, 0, 0.75], "texture": "#0"}
			}
		},
		{
			"from": [7, 14.05183, 7.25],
			"to": [7, 17.05183, 8.75],
			"rotation": {"angle": 0, "axis": "y", "origin": [8, 13.30183, 8]},
			"faces": {
				"north": {"uv": [0, 0, 0, 1.5], "texture": "#0"},
				"east": {"uv": [4, 8.5, 4.75, 10], "texture": "#0"},
				"south": {"uv": [0, 0, 0, 1.5], "texture": "#0"},
				"west": {"uv": [8.5, 5, 9.25, 6.5], "texture": "#0"},
				"up": {"uv": [0, 0.75, 0, 0], "texture": "#0"},
				"down": {"uv": [0, 0, 0, 0.75], "texture": "#0"}
			}
		},
		{
			"from": [7.25, 14.05183, 8.25],
			"to": [7.25, 16.55183, 9.75],
			"rotation": {"angle": 22.5, "axis": "x", "origin": [7.25, 15.55183, 9]},
			"faces": {
				"north": {"uv": [0, 0, 0, 1.25], "texture": "#0"},
				"east": {"uv": [9.5, 4, 10.25, 5.25], "texture": "#0"},
				"south": {"uv": [0, 0, 0, 1.25], "texture": "#0"},
				"west": {"uv": [9.5, 5.5, 10.25, 6.75], "texture": "#0"},
				"up": {"uv": [0, 0.75, 0, 0], "texture": "#0"},
				"down": {"uv": [0, 0, 0, 0.75], "texture": "#0"}
			}
		},
		{
			"from": [7.25, 14.05183, 6.25],
			"to": [7.25, 16.55183, 7.75],
			"rotation": {"angle": -22.5, "axis": "x", "origin": [7.25, 15.55183, 7]},
			"faces": {
				"north": {"uv": [0, 0, 0, 1.25], "texture": "#0"},
				"east": {"uv": [7, 9.5, 7.75, 10.75], "texture": "#0"},
				"south": {"uv": [0, 0, 0, 1.25], "texture": "#0"},
				"west": {"uv": [8, 9.5, 8.75, 10.75], "texture": "#0"},
				"up": {"uv": [0, 0.75, 0, 0], "texture": "#0"},
				"down": {"uv": [0, 0, 0, 0.75], "texture": "#0"}
			}
		},
		{
			"from": [7, 12.05183, 4.75],
			"to": [7, 13.55183, 6.75],
			"rotation": {"angle": 45, "axis": "x", "origin": [8.25, 13.30183, 8]},
			"faces": {
				"north": {"uv": [0, 0, 0, 0.75], "texture": "#0"},
				"east": {"uv": [10, 9, 11, 9.75], "texture": "#0"},
				"south": {"uv": [0, 0, 0, 0.75], "texture": "#0"},
				"west": {"uv": [10, 10, 11, 10.75], "texture": "#0"},
				"up": {"uv": [0, 1, 0, 0], "texture": "#0"},
				"down": {"uv": [0, 0, 0, 1], "texture": "#0"}
			}
		},
		{
			"from": [9, 12.05183, 4.75],
			"to": [9, 13.55183, 6.75],
			"rotation": {"angle": 45, "axis": "x", "origin": [10.25, 13.30183, 8]},
			"faces": {
				"north": {"uv": [0, 0, 0, 0.75], "texture": "#0"},
				"east": {"uv": [10, 3, 11, 3.75], "texture": "#0"},
				"south": {"uv": [0, 0, 0, 0.75], "texture": "#0"},
				"west": {"uv": [4, 10, 5, 10.75], "texture": "#0"},
				"up": {"uv": [0, 1, 0, 0], "texture": "#0"},
				"down": {"uv": [0, 0, 0, 1], "texture": "#0"}
			}
		},
		{
			"from": [7.25, 2, 7.25],
			"to": [8.75, 13, 8.75],
			"rotation": {"angle": 45, "axis": "y", "origin": [8, 7.5, 8]},
			"faces": {
				"north": {"uv": [0, 3.5, 0.75, 9], "texture": "#0"},
				"east": {"uv": [1, 3.5, 1.75, 9], "texture": "#0"},
				"south": {"uv": [2, 3.5, 2.75, 9], "texture": "#0"},
				"west": {"uv": [3, 3.5, 3.75, 9], "texture": "#0"},
				"up": {"uv": [4.75, 11.75, 4, 11], "texture": "#0"},
				"down": {"uv": [7.75, 11, 7, 11.75], "texture": "#0"}
			}
		},
		{
			"from": [7, 3.75, 7],
			"to": [9, 4.75, 9],
			"rotation": {"angle": -45, "axis": "y", "origin": [8, 6.5, 8]},
			"faces": {
				"north": {"uv": [10, 11, 11, 11.5], "texture": "#0"},
				"east": {"uv": [11, 10, 12, 10.5], "texture": "#0"},
				"south": {"uv": [11, 10.5, 12, 11], "texture": "#0"},
				"west": {"uv": [11, 11, 12, 11.5], "texture": "#0"},
				"up": {"uv": [9.5, 7.5, 8.5, 6.5], "texture": "#0"},
				"down": {"uv": [1, 9, 0, 10], "texture": "#0"}
			}
		},
		{
			"from": [7, 8.25, 7],
			"to": [9, 9.25, 9],
			"rotation": {"angle": -45, "axis": "y", "origin": [8, 6.5, 8]},
			"faces": {
				"north": {"uv": [0, 11.5, 1, 12], "texture": "#0"},
				"east": {"uv": [11.5, 0, 12.5, 0.5], "texture": "#0"},
				"south": {"uv": [11.5, 0.5, 12.5, 1], "texture": "#0"},
				"west": {"uv": [1, 11.5, 2, 12], "texture": "#0"},
				"up": {"uv": [2, 10, 1, 9], "texture": "#0"},
				"down": {"uv": [10, 1, 9, 2], "texture": "#0"}
			}
		},
		{
			"from": [7, 6.75, 7],
			"to": [9, 7.75, 9],
			"rotation": {"angle": -45, "axis": "y", "origin": [8, 6.5, 8]},
			"faces": {
				"north": {"uv": [11.5, 1, 12.5, 1.5], "texture": "#0"},
				"east": {"uv": [11.5, 1.5, 12.5, 2], "texture": "#0"},
				"south": {"uv": [11.5, 2, 12.5, 2.5], "texture": "#0"},
				"west": {"uv": [11.5, 2.5, 12.5, 3], "texture": "#0"},
				"up": {"uv": [3, 10, 2, 9], "texture": "#0"},
				"down": {"uv": [10, 2, 9, 3], "texture": "#0"}
			}
		},
		{
			"from": [7, 5.25, 7],
			"to": [9, 6.25, 9],
			"rotation": {"angle": -45, "axis": "y", "origin": [8, 6.5, 8]},
			"faces": {
				"north": {"uv": [11.5, 4, 12.5, 4.5], "texture": "#0"},
				"east": {"uv": [11.5, 4.5, 12.5, 5], "texture": "#0"},
				"south": {"uv": [5, 11.5, 6, 12], "texture": "#0"},
				"west": {"uv": [11.5, 5, 12.5, 5.5], "texture": "#0"},
				"up": {"uv": [4, 10, 3, 9], "texture": "#0"},
				"down": {"uv": [10, 3, 9, 4], "texture": "#0"}
			}
		},
		{
			"from": [7.25, 13, 8.1],
			"to": [8.75, 14.5, 11.6],
			"rotation": {"angle": -22.5, "axis": "x", "origin": [8, 13.5, 10.5]},
			"faces": {
				"north": {"uv": [11, 7, 11.75, 7.75], "texture": "#0"},
				"east": {"uv": [5.5, 6, 7.25, 6.75], "texture": "#0"},
				"south": {"uv": [8, 11, 8.75, 11.75], "texture": "#0"},
				"west": {"uv": [6.5, 0, 8.25, 0.75], "texture": "#0"},
				"up": {"uv": [7.25, 2.75, 6.5, 1], "texture": "#0"},
				"down": {"uv": [4.75, 6.5, 4, 8.25], "texture": "#0"}
			}
		},
		{
			"from": [7.25, 13.4477, 11.71225],
			"to": [8.75, 13.4477, 13.71225],
			"rotation": {"angle": -45, "axis": "x", "origin": [8, 13.4417, 11.68149]},
			"faces": {
				"north": {"uv": [0, 0, 0.75, 0], "texture": "#0"},
				"east": {"uv": [0, 0, 1, 0], "texture": "#0"},
				"south": {"uv": [0, 0, 0.75, 0], "texture": "#0"},
				"west": {"uv": [0, 0, 1, 0], "texture": "#0"},
				"up": {"uv": [11.25, 1, 10.5, 0], "texture": "#0"},
				"down": {"uv": [11.25, 1, 10.5, 2], "texture": "#0"}
			}
		},
		{
			"from": [7.25, 13.47245, 11.67549],
			"to": [8.75, 15.47245, 11.67549],
			"rotation": {"angle": 22.5, "axis": "x", "origin": [8, 13.4417, 11.68149]},
			"faces": {
				"north": {"uv": [10.5, 2, 11.25, 3], "texture": "#0"},
				"east": {"uv": [0, 0, 0, 1], "texture": "#0"},
				"south": {"uv": [10.5, 4, 11.25, 5], "texture": "#0"},
				"west": {"uv": [0, 0, 0, 1], "texture": "#0"},
				"up": {"uv": [0.75, 0, 0, 0], "texture": "#0"},
				"down": {"uv": [0.75, 0, 0, 0], "texture": "#0"}
			}
		},
		{
			"from": [7.25, 13.47245, 11.67549],
			"to": [8.75, 15.47245, 11.67549],
			"rotation": {"angle": 0, "axis": "y", "origin": [8, 13.4417, 11.68149]},
			"faces": {
				"north": {"uv": [5, 10.5, 5.75, 11.5], "texture": "#0"},
				"east": {"uv": [0, 0, 0, 1], "texture": "#0"},
				"south": {"uv": [10.5, 5, 11.25, 6], "texture": "#0"},
				"west": {"uv": [0, 0, 0, 1], "texture": "#0"},
				"up": {"uv": [0.75, 0, 0, 0], "texture": "#0"},
				"down": {"uv": [0.75, 0, 0, 0], "texture": "#0"}
			}
		},
		{
			"from": [8.75, 13.4477, 11.71225],
			"to": [8.75, 14.4477, 13.71225],
			"rotation": {"angle": -45, "axis": "x", "origin": [8, 13.4417, 11.68149]},
			"faces": {
				"north": {"uv": [0, 0, 0, 0.5], "texture": "#0"},
				"east": {"uv": [11.5, 5.5, 12.5, 6], "texture": "#0"},
				"south": {"uv": [0, 0, 0, 0.5], "texture": "#0"},
				"west": {"uv": [6, 11.5, 7, 12], "texture": "#0"},
				"up": {"uv": [0, 1, 0, 0], "texture": "#0"},
				"down": {"uv": [0, 0, 0, 1], "texture": "#0"}
			}
		},
		{
			"from": [7.25, 13.4477, 11.71225],
			"to": [7.25, 14.4477, 13.71225],
			"rotation": {"angle": -45, "axis": "x", "origin": [8, 13.4417, 11.68149]},
			"faces": {
				"north": {"uv": [0, 0, 0, 0.5], "texture": "#0"},
				"east": {"uv": [11.5, 6, 12.5, 6.5], "texture": "#0"},
				"south": {"uv": [0, 0, 0, 0.5], "texture": "#0"},
				"west": {"uv": [11.5, 6.5, 12.5, 7], "texture": "#0"},
				"up": {"uv": [0, 1, 0, 0], "texture": "#0"},
				"down": {"uv": [0, 0, 0, 1], "texture": "#0"}
			}
		},
		{
			"from": [7.25, 11.34396, 4.71142],
			"to": [8.75, 12.84396, 8.21142],
			"rotation": {"angle": 22.5, "axis": "x", "origin": [8, 13.44396, 9.71142]},
			"faces": {
				"north": {"uv": [11, 8, 11.75, 8.75], "texture": "#0"},
				"east": {"uv": [7, 3, 8.75, 3.75], "texture": "#0"},
				"south": {"uv": [11, 9, 11.75, 9.75], "texture": "#0"},
				"west": {"uv": [7, 4, 8.75, 4.75], "texture": "#0"},
				"up": {"uv": [5.75, 8.75, 5, 7], "texture": "#0"},
				"down": {"uv": [6.75, 7, 6, 8.75], "texture": "#0"}
			}
		},
		{
			"from": [7.25, 13.40592, 2.28375],
			"to": [8.75, 13.40592, 4.28375],
			"rotation": {"angle": 45, "axis": "x", "origin": [8, 13.39991, 4.31451]},
			"faces": {
				"north": {"uv": [0, 0, 0.75, 0], "texture": "#0"},
				"east": {"uv": [0, 0, 1, 0], "texture": "#0"},
				"south": {"uv": [0, 0, 0.75, 0], "texture": "#0"},
				"west": {"uv": [0, 0, 1, 0], "texture": "#0"},
				"up": {"uv": [6.75, 11.5, 6, 10.5], "texture": "#0"},
				"down": {"uv": [11.25, 6, 10.5, 7], "texture": "#0"}
			}
		},
		{
			"from": [7.25, 13.43067, 4.32051],
			"to": [8.75, 15.43067, 4.32051],
			"rotation": {"angle": -22.5, "axis": "x", "origin": [8, 13.39991, 4.31451]},
			"faces": {
				"north": {"uv": [9, 10.5, 9.75, 11.5], "texture": "#0"},
				"east": {"uv": [0, 0, 0, 1], "texture": "#0"},
				"south": {"uv": [2, 11, 2.75, 12], "texture": "#0"},
				"west": {"uv": [0, 0, 0, 1], "texture": "#0"},
				"up": {"uv": [0.75, 0, 0, 0], "texture": "#0"},
				"down": {"uv": [0.75, 0, 0, 0], "texture": "#0"}
			}
		},
		{
			"from": [7.25, 13.43067, 4.32051],
			"to": [8.75, 15.43067, 4.32051],
			"rotation": {"angle": 0, "axis": "y", "origin": [8, 13.39991, 4.31451]},
			"faces": {
				"north": {"uv": [3, 11, 3.75, 12], "texture": "#0"},
				"east": {"uv": [0, 0, 0, 1], "texture": "#0"},
				"south": {"uv": [11, 3, 11.75, 4], "texture": "#0"},
				"west": {"uv": [0, 0, 0, 1], "texture": "#0"},
				"up": {"uv": [0.75, 0, 0, 0], "texture": "#0"},
				"down": {"uv": [0.75, 0, 0, 0], "texture": "#0"}
			}
		},
		{
			"from": [7.25, 13.40592, 2.28375],
			"to": [7.25, 14.40592, 4.28375],
			"rotation": {"angle": 45, "axis": "x", "origin": [8, 13.39991, 4.31451]},
			"faces": {
				"north": {"uv": [0, 0, 0, 0.5], "texture": "#0"},
				"east": {"uv": [9, 11.5, 10, 12], "texture": "#0"},
				"south": {"uv": [0, 0, 0, 0.5], "texture": "#0"},
				"west": {"uv": [10, 11.5, 11, 12], "texture": "#0"},
				"up": {"uv": [0, 1, 0, 0], "texture": "#0"},
				"down": {"uv": [0, 0, 0, 1], "texture": "#0"}
			}
		},
		{
			"from": [8.75, 13.40592, 2.28375],
			"to": [8.75, 14.40592, 4.28375],
			"rotation": {"angle": 45, "axis": "x", "origin": [8, 13.39991, 4.31451]},
			"faces": {
				"north": {"uv": [0, 0, 0, 0.5], "texture": "#0"},
				"east": {"uv": [11, 11.5, 12, 12], "texture": "#0"},
				"south": {"uv": [0, 0, 0, 0.5], "texture": "#0"},
				"west": {"uv": [0, 12, 1, 12.5], "texture": "#0"},
				"up": {"uv": [0, 1, 0, 0], "texture": "#0"},
				"down": {"uv": [0, 0, 0, 1], "texture": "#0"}
			}
		}
	],
	"display": {
		"thirdperson_righthand": {
			"translation": [0, 0, 0.5]
		},
		"thirdperson_lefthand": {
			"translation": [0, 0, 0.5]
		},
		"firstperson_righthand": {
			"rotation": [-5, 0, 0]
		},
		"firstperson_lefthand": {
			"rotation": [-5, 0, 0]
		},
		"ground": {
			"translation": [0, 6, 0]
		},
		"gui": {
			"rotation": [-84, -45, -90],
			"translation": [-1, -0.75, 0],
			"scale": [0.9, 0.9, 0.9]
		},
		"fixed": {
			"rotation": [-90, 45, 90],
			"translation": [1.5, -1, 0]
		}
	},
	"groups": [
		{
			"name": "parrotshovel",
			"origin": [8, 10.65758, 7.99088],
			"color": 0,
			"children": [0, 1, 2, 3, 4, 5, 6, 7, 8, 9, 10, 11, 12, 13, 14, 15, 16, 17, 18, 19, 20, 21, 22, 23, 24, 25, 26, 27, 28, 29, 30, 31, 32]
		}
	]
}