{
	"credit": "Made with Blockbench",
	"texture_size": [32, 32],
	"textures": {
		"0": "minewave:item/parrot/spear",
		"particle": "minewave:item/parrot/spear"
	},
	"elements": [
		{
			"from": [6.75, 3.40031, 0.35157],
			"to": [9.25, 5.40031, 2.35157],
			"rotation": {"angle": -45, "axis": "x", "origin": [8, 11.04874, 8]},
			"faces": {
				"north": {"uv": [1, 8.5, 2.25, 9.5], "texture": "#0"},
				"east": {"uv": [8.5, 7, 9.5, 8], "texture": "#0"},
				"south": {"uv": [8.5, 2, 9.75, 3], "texture": "#0"},
				"west": {"uv": [8.5, 8, 9.5, 9], "texture": "#0"},
				"up": {"uv": [3.75, 9.5, 2.5, 8.5], "texture": "#0"},
				"down": {"uv": [9.75, 3, 8.5, 4], "texture": "#0"}
			}
		},
		{
			"from": [8, -1.36213, 8.40001],
			"to": [8, 1.63787, 9.40001],
			"rotation": {"angle": -22.5, "axis": "x", "origin": [8, 1.63787, 9.40001]},
			"faces": {
				"north": {"uv": [0, 0, 0, 1.5], "texture": "#0"},
				"east": {"uv": [9, 10, 9.5, 11.5], "texture": "#0"},
				"south": {"uv": [0, 0, 0, 1.5], "texture": "#0"},
				"west": {"uv": [10, 9, 10.5, 10.5], "texture": "#0"},
				"up": {"uv": [0, 0.5, 0, 0], "texture": "#0"},
				"down": {"uv": [0, 0, 0, 0.5], "texture": "#0"}
			}
		},
		{
			"from": [8, -2.11213, 7.50001],
			"to": [8, 0.88787, 8.50001],
			"rotation": {"angle": 0, "axis": "y", "origin": [8, 1.63787, 8.00001]},
			"faces": {
				"north": {"uv": [0, 0, 0, 1.5], "texture": "#0"},
				"east": {"uv": [9.5, 10, 10, 11.5], "texture": "#0"},
				"south": {"uv": [0, 0, 0, 1.5], "texture": "#0"},
				"west": {"uv": [0, 10.5, 0.5, 12], "texture": "#0"},
				"up": {"uv": [0, 0.5, 0, 0], "texture": "#0"},
				"down": {"uv": [0, 0, 0, 0.5], "texture": "#0"}
			}
		},
		{
			"from": [8, -1.36213, 6.60001],
			"to": [8, 1.63787, 7.60001],
			"rotation": {"angle": 22.5, "axis": "x", "origin": [8, 1.63787, 6.60001]},
			"faces": {
				"north": {"uv": [0, 0, 0, 1.5], "texture": "#0"},
				"east": {"uv": [10.5, 0, 11, 1.5], "texture": "#0"},
				"south": {"uv": [0, 0, 0, 1.5], "texture": "#0"},
				"west": {"uv": [0.5, 10.5, 1, 12], "texture": "#0"},
				"up": {"uv": [0, 0.5, 0, 0], "texture": "#0"},
				"down": {"uv": [0, 0, 0, 0.5], "texture": "#0"}
			}
		},
		{
			"from": [6.75, 14.40031, 16.85157],
			"to": [9.25, 16.90031, 19.35157],
			"rotation": {"angle": -45, "axis": "x", "origin": [8, 5.54874, 8]},
			"faces": {
				"north": {"uv": [6, 0, 7.25, 1.25], "texture": "#0"},
				"east": {"uv": [6, 1.5, 7.25, 2.75], "texture": "#0"},
				"south": {"uv": [6, 3, 7.25, 4.25], "texture": "#0"},
				"west": {"uv": [6, 4.5, 7.25, 5.75], "texture": "#0"},
				"up": {"uv": [7.25, 7.25, 6, 6], "texture": "#0"},
				"down": {"uv": [5.25, 7, 4, 8.25], "texture": "#0"}
			}
		},
		{
			"from": [7, 21.05183, 7.75],
			"to": [7, 23.05183, 9.25],
			"rotation": {"angle": 45, "axis": "x", "origin": [8, 19.80183, 8]},
			"faces": {
				"north": {"uv": [0, 0, 0, 1], "texture": "#0"},
				"east": {"uv": [1, 10.5, 1.75, 11.5], "texture": "#0"},
				"south": {"uv": [0, 0, 0, 1], "texture": "#0"},
				"west": {"uv": [2, 10.5, 2.75, 11.5], "texture": "#0"},
				"up": {"uv": [0, 0.75, 0, 0], "texture": "#0"},
				"down": {"uv": [0, 0, 0, 0.75], "texture": "#0"}
			}
		},
		{
			"from": [9, 18.55183, 4.75],
			"to": [9, 20.05183, 6.75],
			"rotation": {"angle": 45, "axis": "x", "origin": [10.25, 19.80183, 8]},
			"faces": {
				"north": {"uv": [0, 0, 0, 0.75], "texture": "#0"},
				"east": {"uv": [3, 10.5, 4, 11.25], "texture": "#0"},
				"south": {"uv": [0, 0, 0, 0.75], "texture": "#0"},
				"west": {"uv": [10.5, 3.5, 11.5, 4.25], "texture": "#0"},
				"up": {"uv": [0, 1, 0, 0], "texture": "#0"},
				"down": {"uv": [0, 0, 0, 1], "texture": "#0"}
			}
		},
		{
			"from": [8.75, 20.55183, 6.25],
			"to": [8.75, 23.05183, 7.75],
			"rotation": {"angle": -22.5, "axis": "x", "origin": [8.75, 22.05183, 7]},
			"faces": {
				"north": {"uv": [0, 0, 0, 1.25], "texture": "#0"},
				"east": {"uv": [9.5, 6, 10.25, 7.25], "texture": "#0"},
				"south": {"uv": [0, 0, 0, 1.25], "texture": "#0"},
				"west": {"uv": [9.5, 7.5, 10.25, 8.75], "texture": "#0"},
				"up": {"uv": [0, 0.75, 0, 0], "texture": "#0"},
				"down": {"uv": [0, 0, 0, 0.75], "texture": "#0"}
			}
		},
		{
			"from": [9, 20.55183, 7.25],
			"to": [9, 23.55183, 8.75],
			"rotation": {"angle": 0, "axis": "y", "origin": [10, 19.80183, 8]},
			"faces": {
				"north": {"uv": [0, 0, 0, 1.5], "texture": "#0"},
				"east": {"uv": [4, 8.5, 4.75, 10], "texture": "#0"},
				"south": {"uv": [0, 0, 0, 1.5], "texture": "#0"},
				"west": {"uv": [8.5, 4, 9.25, 5.5], "texture": "#0"},
				"up": {"uv": [0, 0.75, 0, 0], "texture": "#0"},
				"down": {"uv": [0, 0, 0, 0.75], "texture": "#0"}
			}
		},
		{
			"from": [8.75, 20.55183, 8.25],
			"to": [8.75, 23.05183, 9.75],
			"rotation": {"angle": 22.5, "axis": "x", "origin": [8.75, 22.05183, 9]},
			"faces": {
				"north": {"uv": [0, 0, 0, 1.25], "texture": "#0"},
				"east": {"uv": [10, 2, 10.75, 3.25], "texture": "#0"},
				"south": {"uv": [0, 0, 0, 1.25], "texture": "#0"},
				"west": {"uv": [4, 10, 4.75, 11.25], "texture": "#0"},
				"up": {"uv": [0, 0.75, 0, 0], "texture": "#0"},
				"down": {"uv": [0, 0, 0, 0.75], "texture": "#0"}
			}
		},
		{
			"from": [9, 21.05183, 7.75],
			"to": [9, 23.05183, 9.25],
			"rotation": {"angle": 45, "axis": "x", "origin": [10, 19.80183, 8]},
			"faces": {
				"north": {"uv": [0, 0, 0, 1], "texture": "#0"},
				"east": {"uv": [10.5, 4.5, 11.25, 5.5], "texture": "#0"},
				"south": {"uv": [0, 0, 0, 1], "texture": "#0"},
				"west": {"uv": [10.5, 5.5, 11.25, 6.5], "texture": "#0"},
				"up": {"uv": [0, 0.75, 0, 0], "texture": "#0"},
				"down": {"uv": [0, 0, 0, 0.75], "texture": "#0"}
			}
		},
		{
			"from": [7.25, 20.55183, 8.25],
			"to": [7.25, 23.05183, 9.75],
			"rotation": {"angle": 22.5, "axis": "x", "origin": [7.25, 22.05183, 9]},
			"faces": {
				"north": {"uv": [0, 0, 0, 1.25], "texture": "#0"},
				"east": {"uv": [5, 10, 5.75, 11.25], "texture": "#0"},
				"south": {"uv": [0, 0, 0, 1.25], "texture": "#0"},
				"west": {"uv": [6, 10, 6.75, 11.25], "texture": "#0"},
				"up": {"uv": [0, 0.75, 0, 0], "texture": "#0"},
				"down": {"uv": [0, 0, 0, 0.75], "texture": "#0"}
			}
		},
		{
			"from": [7, 20.55183, 7.25],
			"to": [7, 23.55183, 8.75],
			"rotation": {"angle": 0, "axis": "y", "origin": [8, 19.80183, 8]},
			"faces": {
				"north": {"uv": [0, 0, 0, 1.5], "texture": "#0"},
				"east": {"uv": [5, 8.5, 5.75, 10], "texture": "#0"},
				"south": {"uv": [0, 0, 0, 1.5], "texture": "#0"},
				"west": {"uv": [6, 8.5, 6.75, 10], "texture": "#0"},
				"up": {"uv": [0, 0.75, 0, 0], "texture": "#0"},
				"down": {"uv": [0, 0, 0, 0.75], "texture": "#0"}
			}
		},
		{
			"from": [7.25, 20.55183, 6.25],
			"to": [7.25, 23.05183, 7.75],
			"rotation": {"angle": -22.5, "axis": "x", "origin": [7.25, 22.05183, 7]},
			"faces": {
				"north": {"uv": [0, 0, 0, 1.25], "texture": "#0"},
				"east": {"uv": [7, 10, 7.75, 11.25], "texture": "#0"},
				"south": {"uv": [0, 0, 0, 1.25], "texture": "#0"},
				"west": {"uv": [8, 10, 8.75, 11.25], "texture": "#0"},
				"up": {"uv": [0, 0.75, 0, 0], "texture": "#0"},
				"down": {"uv": [0, 0, 0, 0.75], "texture": "#0"}
			}
		},
		{
			"from": [7, 18.55183, 4.75],
			"to": [7, 20.05183, 6.75],
			"rotation": {"angle": 45, "axis": "x", "origin": [8.25, 19.80183, 8]},
			"faces": {
				"north": {"uv": [0, 0, 0, 0.75], "texture": "#0"},
				"east": {"uv": [10.5, 6.5, 11.5, 7.25], "texture": "#0"},
				"south": {"uv": [0, 0, 0, 0.75], "texture": "#0"},
				"west": {"uv": [10.5, 7.5, 11.5, 8.25], "texture": "#0"},
				"up": {"uv": [0, 1, 0, 0], "texture": "#0"},
				"down": {"uv": [0, 0, 0, 1], "texture": "#0"}
			}
		},
		{
			"from": [7.25, 19.25, 4.35],
			"to": [8.75, 20.75, 8.35],
			"rotation": {"angle": 22.5, "axis": "x", "origin": [8, 20.25, 6]},
			"faces": {
				"north": {"uv": [11.5, 4, 12.25, 4.75], "texture": "#0"},
				"east": {"uv": [7.5, 0, 9.5, 0.75], "texture": "#0"},
				"south": {"uv": [5, 11.5, 5.75, 12.25], "texture": "#0"},
				"west": {"uv": [7.5, 1, 9.5, 1.75], "texture": "#0"},
				"up": {"uv": [8.25, 4, 7.5, 2], "texture": "#0"},
				"down": {"uv": [8.25, 4, 7.5, 6], "texture": "#0"}
			}
		},
		{
			"from": [7.25, 19.96537, 2.08447],
			"to": [8.75, 19.96537, 4.08447],
			"rotation": {"angle": 45, "axis": "x", "origin": [8, 19.94023, 4.06904]},
			"faces": {
				"north": {"uv": [0, 0, 0.75, 0], "texture": "#0"},
				"east": {"uv": [0, 0, 1, 0], "texture": "#0"},
				"south": {"uv": [0, 0, 0.75, 0], "texture": "#0"},
				"west": {"uv": [0, 0, 1, 0], "texture": "#0"},
				"up": {"uv": [11.25, 9.5, 10.5, 8.5], "texture": "#0"},
				"down": {"uv": [11.25, 9.5, 10.5, 10.5], "texture": "#0"}
			}
		},
		{
			"from": [7.25, 19.96537, 3.08447],
			"to": [7.25, 20.96537, 4.08447],
			"rotation": {"angle": 45, "axis": "x", "origin": [8, 19.94023, 4.06904]},
			"faces": {
				"north": {"uv": [0, 0, 0, 0.5], "texture": "#0"},
				"east": {"uv": [5.5, 7, 6, 7.5], "texture": "#0"},
				"south": {"uv": [0, 0, 0, 0.5], "texture": "#0"},
				"west": {"uv": [7, 8.5, 7.5, 9], "texture": "#0"},
				"up": {"uv": [0, 0.5, 0, 0], "texture": "#0"},
				"down": {"uv": [0, 0, 0, 0.5], "texture": "#0"}
			}
		},
		{
			"from": [8.75, 19.96537, 3.08447],
			"to": [8.75, 20.96537, 4.08447],
			"rotation": {"angle": 45, "axis": "x", "origin": [8, 19.94023, 4.06904]},
			"faces": {
				"north": {"uv": [0, 0, 0, 0.5], "texture": "#0"},
				"east": {"uv": [10, 3.5, 10.5, 4], "texture": "#0"},
				"south": {"uv": [0, 0, 0, 0.5], "texture": "#0"},
				"west": {"uv": [10.5, 1.5, 11, 2], "texture": "#0"},
				"up": {"uv": [0, 0.5, 0, 0], "texture": "#0"},
				"down": {"uv": [0, 0, 0, 0.5], "texture": "#0"}
			}
		},
		{
			"from": [7.25, 19.9248, 4.09417],
			"to": [8.75, 21.9248, 4.09417],
			"rotation": {"angle": -22.5, "axis": "x", "origin": [8, 19.94023, 4.06904]},
			"faces": {
				"north": {"uv": [10, 10.5, 10.75, 11.5], "texture": "#0"},
				"east": {"uv": [0, 0, 0, 1], "texture": "#0"},
				"south": {"uv": [11, 0, 11.75, 1], "texture": "#0"},
				"west": {"uv": [0, 0, 0, 1], "texture": "#0"},
				"up": {"uv": [0.75, 0, 0, 0], "texture": "#0"},
				"down": {"uv": [0.75, 0, 0, 0], "texture": "#0"}
			}
		},
		{
			"from": [7.25, 19.9248, 4.09417],
			"to": [8.75, 21.9248, 4.09417],
			"rotation": {"angle": 0, "axis": "y", "origin": [8, 19.94023, 4.06904]},
			"faces": {
				"north": {"uv": [11, 1, 11.75, 2], "texture": "#0"},
				"east": {"uv": [0, 0, 0, 1], "texture": "#0"},
				"south": {"uv": [11, 2, 11.75, 3], "texture": "#0"},
				"west": {"uv": [0, 0, 0, 1], "texture": "#0"},
				"up": {"uv": [0.75, 0, 0, 0], "texture": "#0"},
				"down": {"uv": [0.75, 0, 0, 0], "texture": "#0"}
			}
		},
		{
			"from": [7.25, 17.90136, 7.4],
			"to": [8.75, 19.40136, 11.4],
			"rotation": {"angle": -22.5, "axis": "x", "origin": [8, 20.25136, 6.65]},
			"faces": {
				"north": {"uv": [11.5, 5, 12.25, 5.75], "texture": "#0"},
				"east": {"uv": [5.5, 7.5, 7.5, 8.25], "texture": "#0"},
				"south": {"uv": [6, 11.5, 6.75, 12.25], "texture": "#0"},
				"west": {"uv": [7.5, 6, 9.5, 6.75], "texture": "#0"},
				"up": {"uv": [8.25, 9, 7.5, 7], "texture": "#0"},
				"down": {"uv": [0.75, 8.5, 0, 10.5], "texture": "#0"}
			}
		},
		{
			"from": [7.25, 19.88668, 11.94237],
			"to": [8.75, 19.88668, 13.94237],
			"rotation": {"angle": -45, "axis": "x", "origin": [8, 19.88067, 11.91161]},
			"faces": {
				"north": {"uv": [0, 0, 0.75, 0], "texture": "#0"},
				"east": {"uv": [0, 0, 1, 0], "texture": "#0"},
				"south": {"uv": [0, 0, 0.75, 0], "texture": "#0"},
				"west": {"uv": [0, 0, 1, 0], "texture": "#0"},
				"up": {"uv": [11.75, 11.5, 11, 10.5], "texture": "#0"},
				"down": {"uv": [1.75, 11.5, 1, 12.5], "texture": "#0"}
			}
		},
		{
			"from": [7.25, 19.88668, 11.94237],
			"to": [7.25, 20.88668, 12.94237],
			"rotation": {"angle": -45, "axis": "x", "origin": [8, 19.88067, 11.91161]},
			"faces": {
				"north": {"uv": [0, 0, 0, 0.5], "texture": "#0"},
				"east": {"uv": [11, 3, 11.5, 3.5], "texture": "#0"},
				"south": {"uv": [0, 0, 0, 0.5], "texture": "#0"},
				"west": {"uv": [9, 12, 9.5, 12.5], "texture": "#0"},
				"up": {"uv": [0, 0.5, 0, 0], "texture": "#0"},
				"down": {"uv": [0, 0, 0, 0.5], "texture": "#0"}
			}
		},
		{
			"from": [8.75, 19.88668, 11.94237],
			"to": [8.75, 20.88668, 12.94237],
			"rotation": {"angle": -45, "axis": "x", "origin": [8, 19.88067, 11.91161]},
			"faces": {
				"north": {"uv": [0, 0, 0, 0.5], "texture": "#0"},
				"east": {"uv": [9.5, 12, 10, 12.5], "texture": "#0"},
				"south": {"uv": [0, 0, 0, 0.5], "texture": "#0"},
				"west": {"uv": [10, 12, 10.5, 12.5], "texture": "#0"},
				"up": {"uv": [0, 0.5, 0, 0], "texture": "#0"},
				"down": {"uv": [0, 0, 0, 0.5], "texture": "#0"}
			}
		},
		{
			"from": [7.25, 19.91143, 11.90561],
			"to": [8.75, 21.91143, 11.90561],
			"rotation": {"angle": 22.5, "axis": "x", "origin": [8, 19.88067, 11.91161]},
			"faces": {
				"north": {"uv": [2, 11.5, 2.75, 12.5], "texture": "#0"},
				"east": {"uv": [0, 0, 0, 1], "texture": "#0"},
				"south": {"uv": [3, 11.5, 3.75, 12.5], "texture": "#0"},
				"west": {"uv": [0, 0, 0, 1], "texture": "#0"},
				"up": {"uv": [0.75, 0, 0, 0], "texture": "#0"},
				"down": {"uv": [0.75, 0, 0, 0], "texture": "#0"}
			}
		},
		{
			"from": [7.25, 19.91143, 11.90561],
			"to": [8.75, 21.91143, 11.90561],
			"rotation": {"angle": 0, "axis": "y", "origin": [8, 19.88067, 11.91161]},
			"faces": {
				"north": {"uv": [11.5, 3, 12.25, 4], "texture": "#0"},
				"east": {"uv": [0, 0, 0, 1], "texture": "#0"},
				"south": {"uv": [4, 11.5, 4.75, 12.5], "texture": "#0"},
				"west": {"uv": [0, 0, 0, 1], "texture": "#0"},
				"up": {"uv": [0.75, 0, 0, 0], "texture": "#0"},
				"down": {"uv": [0.75, 0, 0, 0], "texture": "#0"}
			}
		},
		{
			"from": [7.25, 2.01741, 7.22954],
			"to": [8.75, 19.01741, 8.72954],
			"rotation": {"angle": -45, "axis": "y", "origin": [8, 11.01741, 7.97954]},
			"faces": {
				"north": {"uv": [0, 0, 0.75, 8.5], "texture": "#0"},
				"east": {"uv": [1, 0, 1.75, 8.5], "texture": "#0"},
				"south": {"uv": [2, 0, 2.75, 8.5], "texture": "#0"},
				"west": {"uv": [3, 0, 3.75, 8.5], "texture": "#0"},
				"up": {"uv": [12.25, 6.75, 11.5, 6], "texture": "#0"},
				"down": {"uv": [7.75, 11.5, 7, 12.25], "texture": "#0"}
			}
		},
		{
			"from": [7, 5.25, 7],
			"to": [9, 6.25, 9],
			"rotation": {"angle": -45, "axis": "y", "origin": [8, 6.5, 8]},
			"faces": {
				"north": {"uv": [8.5, 5.5, 9.5, 6], "texture": "#0"},
				"east": {"uv": [11.5, 7, 12.5, 7.5], "texture": "#0"},
				"south": {"uv": [11.5, 7.5, 12.5, 8], "texture": "#0"},
				"west": {"uv": [8, 11.5, 9, 12], "texture": "#0"},
				"up": {"uv": [8, 10, 7, 9], "texture": "#0"},
				"down": {"uv": [9, 9, 8, 10], "texture": "#0"}
			}
		},
		{
			"from": [7, 6.75, 7],
			"to": [9, 7.75, 9],
			"rotation": {"angle": -45, "axis": "y", "origin": [8, 6.5, 8]},
			"faces": {
				"north": {"uv": [11.5, 8, 12.5, 8.5], "texture": "#0"},
				"east": {"uv": [11.5, 8.5, 12.5, 9], "texture": "#0"},
				"south": {"uv": [9, 11.5, 10, 12], "texture": "#0"},
				"west": {"uv": [11.5, 9, 12.5, 9.5], "texture": "#0"},
				"up": {"uv": [10, 10, 9, 9], "texture": "#0"},
				"down": {"uv": [10.5, 0, 9.5, 1], "texture": "#0"}
			}
		},
		{
			"from": [7, 8.25, 7],
			"to": [9, 9.25, 9],
			"rotation": {"angle": -45, "axis": "y", "origin": [8, 6.5, 8]},
			"faces": {
				"north": {"uv": [11.5, 9.5, 12.5, 10], "texture": "#0"},
				"east": {"uv": [10, 11.5, 11, 12], "texture": "#0"},
				"south": {"uv": [11.5, 10, 12.5, 10.5], "texture": "#0"},
				"west": {"uv": [11, 11.5, 12, 12], "texture": "#0"},
				"up": {"uv": [2, 10.5, 1, 9.5], "texture": "#0"},
				"down": {"uv": [10.5, 1, 9.5, 2], "texture": "#0"}
			}
		},
		{
			"from": [7, 9.75, 7],
			"to": [9, 10.75, 9],
			"rotation": {"angle": -45, "axis": "y", "origin": [8, 8, 8]},
			"faces": {
				"north": {"uv": [0, 12, 1, 12.5], "texture": "#0"},
				"east": {"uv": [12, 0, 13, 0.5], "texture": "#0"},
				"south": {"uv": [12, 0.5, 13, 1], "texture": "#0"},
				"west": {"uv": [12, 1, 13, 1.5], "texture": "#0"},
				"up": {"uv": [3, 10.5, 2, 9.5], "texture": "#0"},
				"down": {"uv": [4, 9.5, 3, 10.5], "texture": "#0"}
			}
		},
		{
			"from": [7, 3.75, 7],
			"to": [9, 4.75, 9],
			"rotation": {"angle": -45, "axis": "y", "origin": [8, 6.5, 8]},
			"faces": {
				"north": {"uv": [12, 1.5, 13, 2], "texture": "#0"},
				"east": {"uv": [12, 2, 13, 2.5], "texture": "#0"},
				"south": {"uv": [12, 2.5, 13, 3], "texture": "#0"},
				"west": {"uv": [8, 12, 9, 12.5], "texture": "#0"},
				"up": {"uv": [10.5, 5, 9.5, 4], "texture": "#0"},
				"down": {"uv": [10.5, 5, 9.5, 6], "texture": "#0"}
			}
		},
		{
			"from": [8, 20.26741, 6.22954],
			"to": [8, 27.26741, 9.72954],
			"rotation": {"angle": 0, "axis": "y", "origin": [7.92788, 3.37374, 8.58278]},
			"faces": {
				"north": {"uv": [0, 0, 0, 3.5], "texture": "#0"},
				"east": {"uv": [4, 0, 5.75, 3.5], "texture": "#0"},
				"south": {"uv": [0, 0, 0, 3.5], "texture": "#0"},
				"west": {"uv": [4, 3.5, 5.75, 7], "texture": "#0"},
				"up": {"uv": [0, 1.75, 0, 0], "texture": "#0"},
				"down": {"uv": [0, 0, 0, 1.75], "texture": "#0"}
			}
		}
	],
	"display": {
		"thirdperson_righthand": {
			"translation": [0, -0.5, 0.5]
		},
		"thirdperson_lefthand": {
			"translation": [0, -0.5, 0.5]
		},
		"firstperson_righthand": {
			"rotation": [-5, 0, 0],
			"translation": [0, -3, 0]
		},
		"firstperson_lefthand": {
			"rotation": [-5, 0, 0],
			"translation": [0, -3, 0]
		},
		"ground": {
			"translation": [0, 6, 0]
		},
		"gui": {
			"rotation": [99.25, 45, -90],
			"translation": [-2.25, -2.25, 0],
			"scale": [0.7, 0.7, 0.7]
		},
		"fixed": {
			"rotation": [-90, 45, 90],
			"translation": [3, -3, 0],
			"scale": [0.9, 0.9, 0.9]
		}
	},
	"groups": [
		{
			"name": "spear",
			"origin": [0, 0, 0],
			"color": 0,
			"children": [0, 1, 2, 3, 4, 5, 6, 7, 8, 9, 10, 11, 12, 13, 14, 15, 16, 17, 18, 19, 20, 21, 22, 23, 24, 25, 26, 27, 28, 29, 30, 31, 32, 33]
		}
	]
}