{
	"credit": "Made with Blockbench",
	"texture_size": [32, 32],
	"textures": {
		"0": "minewave:item/parrot/staff",
		"particle": "minewave:item/parrot/staff"
	},
	"elements": [
		{
			"from": [6.6365, 4.88242, 1.60284],
			"to": [9.1365, 6.88242, 3.60284],
			"rotation": {"angle": -45, "axis": "x", "origin": [7.38649, 10.3046, 10.40001]},
			"faces": {
				"north": {"uv": [8, 0, 9.25, 1], "texture": "#0"},
				"east": {"uv": [7.5, 8, 8.5, 9], "texture": "#0"},
				"south": {"uv": [8, 1, 9.25, 2], "texture": "#0"},
				"west": {"uv": [8.5, 8, 9.5, 9], "texture": "#0"},
				"up": {"uv": [5.25, 9, 4, 8], "texture": "#0"},
				"down": {"uv": [9.25, 4, 8, 5], "texture": "#0"}
			}
		},
		{
			"from": [7.1365, 1.87132, 7.26352],
			"to": [8.6365, 16.12132, 8.76352],
			"rotation": {"angle": -45, "axis": "y", "origin": [7.8865, 9.12132, 8.01352]},
			"faces": {
				"north": {"uv": [0, 0, 0.75, 7.25], "texture": "#0"},
				"east": {"uv": [1, 0, 1.75, 7.25], "texture": "#0"},
				"south": {"uv": [2, 0, 2.75, 7.25], "texture": "#0"},
				"west": {"uv": [3, 0, 3.75, 7.25], "texture": "#0"},
				"up": {"uv": [11.75, 6.25, 11, 5.5], "texture": "#0"},
				"down": {"uv": [6.75, 11, 6, 11.75], "texture": "#0"}
			}
		},
		{
			"from": [7, 3.75, 7],
			"to": [9, 4.75, 9],
			"rotation": {"angle": -45, "axis": "y", "origin": [8, 6.5, 8]},
			"faces": {
				"north": {"uv": [11, 10.5, 12, 11], "texture": "#0"},
				"east": {"uv": [11.5, 1, 12.5, 1.5], "texture": "#0"},
				"south": {"uv": [11.5, 1.5, 12.5, 2], "texture": "#0"},
				"west": {"uv": [11.5, 2, 12.5, 2.5], "texture": "#0"},
				"up": {"uv": [1, 10, 0, 9], "texture": "#0"},
				"down": {"uv": [2, 9, 1, 10], "texture": "#0"}
			}
		},
		{
			"from": [7, 9.75, 7],
			"to": [9, 10.75, 9],
			"rotation": {"angle": -45, "axis": "y", "origin": [8, 8, 8]},
			"faces": {
				"north": {"uv": [11.5, 3.5, 12.5, 4], "texture": "#0"},
				"east": {"uv": [11.5, 4, 12.5, 4.5], "texture": "#0"},
				"south": {"uv": [7, 11.5, 8, 12], "texture": "#0"},
				"west": {"uv": [8, 11.5, 9, 12], "texture": "#0"},
				"up": {"uv": [3, 10, 2, 9], "texture": "#0"},
				"down": {"uv": [10, 2, 9, 3], "texture": "#0"}
			}
		},
		{
			"from": [7, 8.25, 7],
			"to": [9, 9.25, 9],
			"rotation": {"angle": -45, "axis": "y", "origin": [8, 6.5, 8]},
			"faces": {
				"north": {"uv": [11.5, 11, 12.5, 11.5], "texture": "#0"},
				"east": {"uv": [11.5, 11.5, 12.5, 12], "texture": "#0"},
				"south": {"uv": [2, 12, 3, 12.5], "texture": "#0"},
				"west": {"uv": [12, 2.5, 13, 3], "texture": "#0"},
				"up": {"uv": [4, 10, 3, 9], "texture": "#0"},
				"down": {"uv": [10, 3, 9, 4], "texture": "#0"}
			}
		},
		{
			"from": [7, 6.75, 7],
			"to": [9, 7.75, 9],
			"rotation": {"angle": -45, "axis": "y", "origin": [8, 6.5, 8]},
			"faces": {
				"north": {"uv": [3, 12, 4, 12.5], "texture": "#0"},
				"east": {"uv": [12, 3, 13, 3.5], "texture": "#0"},
				"south": {"uv": [4, 12, 5, 12.5], "texture": "#0"},
				"west": {"uv": [12, 4.5, 13, 5], "texture": "#0"},
				"up": {"uv": [5, 10, 4, 9], "texture": "#0"},
				"down": {"uv": [10, 5, 9, 6], "texture": "#0"}
			}
		},
		{
			"from": [7, 5.25, 7],
			"to": [9, 6.25, 9],
			"rotation": {"angle": -45, "axis": "y", "origin": [8, 6.5, 8]},
			"faces": {
				"north": {"uv": [5, 12, 6, 12.5], "texture": "#0"},
				"east": {"uv": [12, 5, 13, 5.5], "texture": "#0"},
				"south": {"uv": [12, 5.5, 13, 6], "texture": "#0"},
				"west": {"uv": [6, 12, 7, 12.5], "texture": "#0"},
				"up": {"uv": [10, 7, 9, 6], "texture": "#0"},
				"down": {"uv": [10, 7, 9, 8], "texture": "#0"}
			}
		},
		{
			"from": [6.3865, 15.22826, 11.94867],
			"to": [9.3865, 17.72826, 14.44867],
			"rotation": {"angle": -45, "axis": "x", "origin": [7.38649, 10.3046, 10.40001]},
			"faces": {
				"north": {"uv": [4, 3, 5.5, 4.25], "texture": "#0"},
				"east": {"uv": [5.5, 3, 6.75, 4.25], "texture": "#0"},
				"south": {"uv": [4, 4.5, 5.5, 5.75], "texture": "#0"},
				"west": {"uv": [5.5, 4.5, 6.75, 5.75], "texture": "#0"},
				"up": {"uv": [7, 1.25, 5.5, 0], "texture": "#0"},
				"down": {"uv": [7, 1.5, 5.5, 2.75], "texture": "#0"}
			}
		},
		{
			"from": [6.65, 15.40183, 4.75],
			"to": [6.65, 16.90183, 6.75],
			"rotation": {"angle": 45, "axis": "x", "origin": [7.9, 16.65183, 8]},
			"faces": {
				"north": {"uv": [0, 0, 0, 0.75], "texture": "#0"},
				"east": {"uv": [9.5, 4, 10.5, 4.75], "texture": "#0"},
				"south": {"uv": [0, 0, 0, 0.75], "texture": "#0"},
				"west": {"uv": [1, 10, 2, 10.75], "texture": "#0"},
				"up": {"uv": [0, 1, 0, 0], "texture": "#0"},
				"down": {"uv": [0, 0, 0, 1], "texture": "#0"}
			}
		},
		{
			"from": [9.15, 17.90183, 7.75],
			"to": [9.15, 19.90183, 9.25],
			"rotation": {"angle": 45, "axis": "x", "origin": [10.15, 16.65183, 8]},
			"faces": {
				"north": {"uv": [0, 0, 0, 1], "texture": "#0"},
				"east": {"uv": [10, 1.5, 10.75, 2.5], "texture": "#0"},
				"south": {"uv": [0, 0, 0, 1], "texture": "#0"},
				"west": {"uv": [2, 10, 2.75, 11], "texture": "#0"},
				"up": {"uv": [0, 0.75, 0, 0], "texture": "#0"},
				"down": {"uv": [0, 0, 0, 0.75], "texture": "#0"}
			}
		},
		{
			"from": [8.9, 17.40183, 8.25],
			"to": [8.9, 19.90183, 9.75],
			"rotation": {"angle": 22.5, "axis": "x", "origin": [8.9, 18.90183, 9]},
			"faces": {
				"north": {"uv": [0, 0, 0, 1.25], "texture": "#0"},
				"east": {"uv": [7.5, 9, 8.25, 10.25], "texture": "#0"},
				"south": {"uv": [0, 0, 0, 1.25], "texture": "#0"},
				"west": {"uv": [8.5, 9, 9.25, 10.25], "texture": "#0"},
				"up": {"uv": [0, 0.75, 0, 0], "texture": "#0"},
				"down": {"uv": [0, 0, 0, 0.75], "texture": "#0"}
			}
		},
		{
			"from": [9.15, 17.40183, 7.25],
			"to": [9.15, 20.40183, 8.75],
			"rotation": {"angle": 0, "axis": "y", "origin": [10.15, 16.65183, 8]},
			"faces": {
				"north": {"uv": [0, 0, 0, 1.5], "texture": "#0"},
				"east": {"uv": [8, 5, 8.75, 6.5], "texture": "#0"},
				"south": {"uv": [0, 0, 0, 1.5], "texture": "#0"},
				"west": {"uv": [5.5, 8, 6.25, 9.5], "texture": "#0"},
				"up": {"uv": [0, 0.75, 0, 0], "texture": "#0"},
				"down": {"uv": [0, 0, 0, 0.75], "texture": "#0"}
			}
		},
		{
			"from": [8.9, 17.40183, 6.25],
			"to": [8.9, 19.90183, 7.75],
			"rotation": {"angle": -22.5, "axis": "x", "origin": [8.9, 18.90183, 7]},
			"faces": {
				"north": {"uv": [0, 0, 0, 1.25], "texture": "#0"},
				"east": {"uv": [9.5, 0, 10.25, 1.25], "texture": "#0"},
				"south": {"uv": [0, 0, 0, 1.25], "texture": "#0"},
				"west": {"uv": [5, 9.5, 5.75, 10.75], "texture": "#0"},
				"up": {"uv": [0, 0.75, 0, 0], "texture": "#0"},
				"down": {"uv": [0, 0, 0, 0.75], "texture": "#0"}
			}
		},
		{
			"from": [9.15, 15.40183, 4.75],
			"to": [9.15, 16.90183, 6.75],
			"rotation": {"angle": 45, "axis": "x", "origin": [10.4, 16.65183, 8]},
			"faces": {
				"north": {"uv": [0, 0, 0, 0.75], "texture": "#0"},
				"east": {"uv": [10, 2.5, 11, 3.25], "texture": "#0"},
				"south": {"uv": [0, 0, 0, 0.75], "texture": "#0"},
				"west": {"uv": [3, 10, 4, 10.75], "texture": "#0"},
				"up": {"uv": [0, 1, 0, 0], "texture": "#0"},
				"down": {"uv": [0, 0, 0, 1], "texture": "#0"}
			}
		},
		{
			"from": [6.9, 17.40183, 6.25],
			"to": [6.9, 19.90183, 7.75],
			"rotation": {"angle": -22.5, "axis": "x", "origin": [6.9, 18.90183, 7]},
			"faces": {
				"north": {"uv": [0, 0, 0, 1.25], "texture": "#0"},
				"east": {"uv": [6, 9.5, 6.75, 10.75], "texture": "#0"},
				"south": {"uv": [0, 0, 0, 1.25], "texture": "#0"},
				"west": {"uv": [9.5, 8, 10.25, 9.25], "texture": "#0"},
				"up": {"uv": [0, 0.75, 0, 0], "texture": "#0"},
				"down": {"uv": [0, 0, 0, 0.75], "texture": "#0"}
			}
		},
		{
			"from": [6.65, 17.40183, 7.25],
			"to": [6.65, 20.40183, 8.75],
			"rotation": {"angle": 0, "axis": "y", "origin": [7.65, 16.65183, 8]},
			"faces": {
				"north": {"uv": [0, 0, 0, 1.5], "texture": "#0"},
				"east": {"uv": [6.5, 8, 7.25, 9.5], "texture": "#0"},
				"south": {"uv": [0, 0, 0, 1.5], "texture": "#0"},
				"west": {"uv": [8, 6.5, 8.75, 8], "texture": "#0"},
				"up": {"uv": [0, 0.75, 0, 0], "texture": "#0"},
				"down": {"uv": [0, 0, 0, 0.75], "texture": "#0"}
			}
		},
		{
			"from": [6.9, 17.40183, 8.25],
			"to": [6.9, 19.90183, 9.75],
			"rotation": {"angle": 22.5, "axis": "x", "origin": [6.9, 18.90183, 9]},
			"faces": {
				"north": {"uv": [0, 0, 0, 1.25], "texture": "#0"},
				"east": {"uv": [9.5, 9.5, 10.25, 10.75], "texture": "#0"},
				"south": {"uv": [0, 0, 0, 1.25], "texture": "#0"},
				"west": {"uv": [0, 10, 0.75, 11.25], "texture": "#0"},
				"up": {"uv": [0, 0.75, 0, 0], "texture": "#0"},
				"down": {"uv": [0, 0, 0, 0.75], "texture": "#0"}
			}
		},
		{
			"from": [6.65, 17.90183, 7.75],
			"to": [6.65, 19.90183, 9.25],
			"rotation": {"angle": 45, "axis": "x", "origin": [7.65, 16.65183, 8]},
			"faces": {
				"north": {"uv": [0, 0, 0, 1], "texture": "#0"},
				"east": {"uv": [4, 10, 4.75, 11], "texture": "#0"},
				"south": {"uv": [0, 0, 0, 1], "texture": "#0"},
				"west": {"uv": [10, 5, 10.75, 6], "texture": "#0"},
				"up": {"uv": [0, 0.75, 0, 0], "texture": "#0"},
				"down": {"uv": [0, 0, 0, 0.75], "texture": "#0"}
			}
		},
		{
			"from": [7.1365, 17.72826, 11.94867],
			"to": [8.6365, 21.72826, 13.44867],
			"rotation": {"angle": -45, "axis": "x", "origin": [7.38649, 10.3046, 10.40001]},
			"faces": {
				"north": {"uv": [4, 6, 4.75, 8], "texture": "#0"},
				"east": {"uv": [5, 6, 5.75, 8], "texture": "#0"},
				"south": {"uv": [6, 6, 6.75, 8], "texture": "#0"},
				"west": {"uv": [7, 0, 7.75, 2], "texture": "#0"},
				"up": {"uv": [11.75, 7.25, 11, 6.5], "texture": "#0"},
				"down": {"uv": [11.75, 7.5, 11, 8.25], "texture": "#0"}
			}
		},
		{
			"from": [7.1365, 20.22826, 10.94867],
			"to": [8.6365, 21.72826, 11.94867],
			"rotation": {"angle": -45, "axis": "x", "origin": [7.38649, 10.3046, 10.40001]},
			"faces": {
				"north": {"uv": [11, 8.5, 11.75, 9.25], "texture": "#0"},
				"east": {"uv": [7, 9.5, 7.5, 10.25], "texture": "#0"},
				"south": {"uv": [9.5, 11, 10.25, 11.75], "texture": "#0"},
				"west": {"uv": [12, 7.5, 12.5, 8.25], "texture": "#0"},
				"up": {"uv": [8.75, 12.5, 8, 12], "texture": "#0"},
				"down": {"uv": [12.75, 8.5, 12, 9], "texture": "#0"}
			}
		},
		{
			"from": [7.1365, 16.77325, 2.70312],
			"to": [8.6365, 18.77325, 2.70312],
			"rotation": {"angle": 0, "axis": "y", "origin": [7.8865, 18.7632, 2.70312]},
			"faces": {
				"north": {"uv": [10, 6, 10.75, 7], "texture": "#0"},
				"east": {"uv": [0, 0, 0, 1], "texture": "#0"},
				"south": {"uv": [10, 7, 10.75, 8], "texture": "#0"},
				"west": {"uv": [0, 0, 0, 1], "texture": "#0"},
				"up": {"uv": [0.75, 0, 0, 0], "texture": "#0"},
				"down": {"uv": [0.75, 0, 0, 0], "texture": "#0"}
			}
		},
		{
			"from": [7.1365, 16.77325, 2.70312],
			"to": [8.6365, 18.77325, 2.70312],
			"rotation": {"angle": 22.5, "axis": "x", "origin": [7.8865, 18.7632, 2.70312]},
			"faces": {
				"north": {"uv": [10.5, 0, 11.25, 1], "texture": "#0"},
				"east": {"uv": [0, 0, 0, 1], "texture": "#0"},
				"south": {"uv": [10.5, 3.5, 11.25, 4.5], "texture": "#0"},
				"west": {"uv": [0, 0, 0, 1], "texture": "#0"},
				"up": {"uv": [0.75, 0, 0, 0], "texture": "#0"},
				"down": {"uv": [0.75, 0, 0, 0], "texture": "#0"}
			}
		},
		{
			"from": [7.1365, 18.7632, 0.71317],
			"to": [8.6365, 18.7632, 2.71317],
			"rotation": {"angle": -22.5, "axis": "x", "origin": [7.8865, 18.7632, 2.70312]},
			"faces": {
				"north": {"uv": [0, 0, 0.75, 0], "texture": "#0"},
				"east": {"uv": [0, 0, 1, 0], "texture": "#0"},
				"south": {"uv": [0, 0, 0.75, 0], "texture": "#0"},
				"west": {"uv": [0, 0, 1, 0], "texture": "#0"},
				"up": {"uv": [7.75, 11.5, 7, 10.5], "texture": "#0"},
				"down": {"uv": [8.75, 10.5, 8, 11.5], "texture": "#0"}
			}
		},
		{
			"from": [8, -1.16966, 4.63241],
			"to": [8, 1.83034, 5.63241],
			"rotation": {"angle": -22.5, "axis": "x", "origin": [10.38649, 11.2046, 8.00001]},
			"faces": {
				"north": {"uv": [0, 0, 0, 1.5], "texture": "#0"},
				"east": {"uv": [10.5, 8, 11, 9.5], "texture": "#0"},
				"south": {"uv": [0, 0, 0, 1.5], "texture": "#0"},
				"west": {"uv": [9, 10.5, 9.5, 12], "texture": "#0"},
				"up": {"uv": [0, 0.5, 0, 0], "texture": "#0"},
				"down": {"uv": [0, 0, 0, 0.5], "texture": "#0"}
			}
		},
		{
			"from": [8, -2.11213, 7.50001],
			"to": [8, 0.88787, 8.50001],
			"rotation": {"angle": 0, "axis": "y", "origin": [10.38649, 11.2046, 8.00001]},
			"faces": {
				"north": {"uv": [0, 0, 0, 1.5], "texture": "#0"},
				"east": {"uv": [10.5, 9.5, 11, 11], "texture": "#0"},
				"south": {"uv": [0, 0, 0, 1.5], "texture": "#0"},
				"west": {"uv": [1, 11, 1.5, 12.5], "texture": "#0"},
				"up": {"uv": [0, 0.5, 0, 0], "texture": "#0"},
				"down": {"uv": [0, 0, 0, 0.5], "texture": "#0"}
			}
		},
		{
			"from": [8, -1.16966, 10.36761],
			"to": [8, 1.83034, 11.36761],
			"rotation": {"angle": 22.5, "axis": "x", "origin": [10.38649, 11.2046, 8.00001]},
			"faces": {
				"north": {"uv": [0, 0, 0, 1.5], "texture": "#0"},
				"east": {"uv": [11, 1, 11.5, 2.5], "texture": "#0"},
				"south": {"uv": [0, 0, 0, 1.5], "texture": "#0"},
				"west": {"uv": [1.5, 11, 2, 12.5], "texture": "#0"},
				"up": {"uv": [0, 0.5, 0, 0], "texture": "#0"},
				"down": {"uv": [0, 0, 0, 0.5], "texture": "#0"}
			}
		},
		{
			"from": [7.1365, 15.22826, 14.44867],
			"to": [8.6365, 16.72826, 18.44867],
			"rotation": {"angle": -45, "axis": "x", "origin": [7.38649, 10.3046, 10.40001]},
			"faces": {
				"north": {"uv": [11, 9.5, 11.75, 10.25], "texture": "#0"},
				"east": {"uv": [7, 2, 9, 2.75], "texture": "#0"},
				"south": {"uv": [10.5, 11, 11.25, 11.75], "texture": "#0"},
				"west": {"uv": [7, 3, 9, 3.75], "texture": "#0"},
				"up": {"uv": [7.75, 6, 7, 4], "texture": "#0"},
				"down": {"uv": [7.75, 6, 7, 8], "texture": "#0"}
			}
		},
		{
			"from": [7.1365, 14.22826, 16.94867],
			"to": [8.6365, 15.22826, 18.44867],
			"rotation": {"angle": -45, "axis": "x", "origin": [7.38649, 10.3046, 10.40001]},
			"faces": {
				"north": {"uv": [9, 12, 9.75, 12.5], "texture": "#0"},
				"east": {"uv": [12, 9, 12.75, 9.5], "texture": "#0"},
				"south": {"uv": [12, 9.5, 12.75, 10], "texture": "#0"},
				"west": {"uv": [10, 12, 10.75, 12.5], "texture": "#0"},
				"up": {"uv": [0.75, 12.25, 0, 11.5], "texture": "#0"},
				"down": {"uv": [12.25, 0, 11.5, 0.75], "texture": "#0"}
			}
		},
		{
			"from": [7.1365, 16.77325, 13.32393],
			"to": [8.6365, 18.77325, 13.32393],
			"rotation": {"angle": 0, "axis": "y", "origin": [7.8865, 18.7632, 13.32393]},
			"faces": {
				"north": {"uv": [2, 11, 2.75, 12], "texture": "#0"},
				"east": {"uv": [0, 0, 0, 1], "texture": "#0"},
				"south": {"uv": [11, 2.5, 11.75, 3.5], "texture": "#0"},
				"west": {"uv": [0, 0, 0, 1], "texture": "#0"},
				"up": {"uv": [0.75, 0, 0, 0], "texture": "#0"},
				"down": {"uv": [0.75, 0, 0, 0], "texture": "#0"}
			}
		},
		{
			"from": [7.1365, 16.77325, 13.32393],
			"to": [8.6365, 18.77325, 13.32393],
			"rotation": {"angle": -22.5, "axis": "x", "origin": [7.8865, 18.7632, 13.32393]},
			"faces": {
				"north": {"uv": [3, 11, 3.75, 12], "texture": "#0"},
				"east": {"uv": [0, 0, 0, 1], "texture": "#0"},
				"south": {"uv": [4, 11, 4.75, 12], "texture": "#0"},
				"west": {"uv": [0, 0, 0, 1], "texture": "#0"},
				"up": {"uv": [0.75, 0, 0, 0], "texture": "#0"},
				"down": {"uv": [0.75, 0, 0, 0], "texture": "#0"}
			}
		},
		{
			"from": [7.1365, 18.7632, 13.31388],
			"to": [8.6365, 18.7632, 15.31388],
			"rotation": {"angle": 22.5, "axis": "x", "origin": [7.8865, 18.7632, 13.32393]},
			"faces": {
				"north": {"uv": [0, 0, 0.75, 0], "texture": "#0"},
				"east": {"uv": [0, 0, 1, 0], "texture": "#0"},
				"south": {"uv": [0, 0, 0.75, 0], "texture": "#0"},
				"west": {"uv": [0, 0, 1, 0], "texture": "#0"},
				"up": {"uv": [11.75, 5.5, 11, 4.5], "texture": "#0"},
				"down": {"uv": [5.75, 11, 5, 12], "texture": "#0"}
			}
		},
		{
			"from": [6.8865, 18.84778, 15.5682],
			"to": [8.8865, 21.84778, 18.5682],
			"rotation": {"angle": -45, "axis": "x", "origin": [7.38649, 10.3046, 10.40001]},
			"faces": {
				"north": {"uv": [0, 7.5, 1, 9], "texture": "#0"},
				"east": {"uv": [4, 0, 5.5, 1.5], "texture": "#0"},
				"south": {"uv": [1, 7.5, 2, 9], "texture": "#0"},
				"west": {"uv": [4, 1.5, 5.5, 3], "texture": "#0"},
				"up": {"uv": [3, 9, 2, 7.5], "texture": "#0"},
				"down": {"uv": [4, 7.5, 3, 9], "texture": "#0"}
			}
		},
		{
			"from": [6.8865, 18.84778, 18.5682],
			"to": [8.8865, 18.84778, 19.5682],
			"rotation": {"angle": -45, "axis": "x", "origin": [7.38649, 10.3046, 10.40001]},
			"faces": {
				"north": {"uv": [0, 0, 1, 0], "texture": "#0"},
				"east": {"uv": [0, 0, 0.5, 0], "texture": "#0"},
				"south": {"uv": [0, 0, 1, 0], "texture": "#0"},
				"west": {"uv": [0, 0, 0.5, 0], "texture": "#0"},
				"up": {"uv": [13, 6.5, 12, 6], "texture": "#0"},
				"down": {"uv": [13, 6.5, 12, 7], "texture": "#0"}
			}
		},
		{
			"from": [6.8865, 21.84778, 15.5682],
			"to": [8.8865, 22.84778, 15.5682],
			"rotation": {"angle": -45, "axis": "x", "origin": [7.38649, 10.3046, 10.40001]},
			"faces": {
				"north": {"uv": [7, 12, 8, 12.5], "texture": "#0"},
				"east": {"uv": [0, 0, 0, 0.5], "texture": "#0"},
				"south": {"uv": [12, 7, 13, 7.5], "texture": "#0"},
				"west": {"uv": [0, 0, 0, 0.5], "texture": "#0"},
				"up": {"uv": [1, 0, 0, 0], "texture": "#0"},
				"down": {"uv": [1, 0, 0, 0], "texture": "#0"}
			}
		}
	],
	"display": {
		"thirdperson_righthand": {
			"translation": [0, -1, 0.5],
			"scale": [0.9, 0.9, 0.9]
		},
		"thirdperson_lefthand": {
			"translation": [0, -1, 0.5],
			"scale": [0.9, 0.9, 0.9]
		},
		"firstperson_righthand": {
			"rotation": [-5, 0, 0],
			"translation": [0, 0, -1],
			"scale": [0.7, 0.7, 0.7]
		},
		"firstperson_lefthand": {
			"rotation": [-5, 0, 0],
			"translation": [0, 0, -1],
			"scale": [0.7, 0.7, 0.7]
		},
		"ground": {
			"translation": [0, 6, 0],
			"scale": [0.7, 0.7, 0.7]
		},
		"gui": {
			"rotation": [90, -45, 90],
			"translation": [1.25, -1, 0],
			"scale": [0.7, 0.7, 0.7]
		},
		"fixed": {
			"rotation": [-90, 45, 90],
			"translation": [2, -1.5, 0],
			"scale": [0.7, 0.7, 0.7]
		}
	},
	"groups": [
		{
			"name": "parrotstaff",
			"origin": [8, 4.75, 7.5],
			"color": 0,
			"children": [0, 1, 2, 3, 4, 5, 6, 7, 8, 9, 10, 11, 12, 13, 14, 15, 16, 17, 18, 19, 20, 21, 22, 23, 24, 25, 26, 27, 28, 29, 30, 31, 32, 33]
		}
	]
}