{
	"credit": "Made with Blockbench",
	"texture_size": [32, 32],
	"textures": {
		"1": "minewave:item/parrot/sword"
	},
	"elements": [
		{
			"from": [7.25, 1.5, 7.25],
			"to": [8.75, 7.75, 8.75],
			"rotation": {"angle": -45, "axis": "y", "origin": [8, 4.75, 8]},
			"faces": {
				"north": {"uv": [0, 3.5, 0.75, 6.75], "texture": "#1"},
				"east": {"uv": [1, 3.5, 1.75, 6.75], "texture": "#1"},
				"south": {"uv": [2, 3.5, 2.75, 6.75], "texture": "#1"},
				"west": {"uv": [4.5, 0, 5.25, 3.25], "texture": "#1"},
				"up": {"uv": [12.25, 1.75, 11.5, 1], "texture": "#1"},
				"down": {"uv": [12.25, 4, 11.5, 4.75], "texture": "#1"}
			}
		},
		{
			"from": [7, 2.75, 7],
			"to": [9, 3.75, 9],
			"rotation": {"angle": -45, "axis": "y", "origin": [8, 4.75, 8]},
			"faces": {
				"north": {"uv": [5.5, 3, 6.5, 3.5], "texture": "#1"},
				"east": {"uv": [6.5, 3, 7.5, 3.5], "texture": "#1"},
				"south": {"uv": [8, 6, 9, 6.5], "texture": "#1"},
				"west": {"uv": [11.5, 11, 12.5, 11.5], "texture": "#1"},
				"up": {"uv": [4.5, 10, 3.5, 9], "texture": "#1"},
				"down": {"uv": [6.5, 9, 5.5, 10], "texture": "#1"}
			}
		},
		{
			"from": [7, 5.75, 7],
			"to": [9, 6.75, 9],
			"rotation": {"angle": -45, "axis": "y", "origin": [8, 4.75, 8]},
			"faces": {
				"north": {"uv": [4.5, 12, 5.5, 12.5], "texture": "#1"},
				"east": {"uv": [12, 5, 13, 5.5], "texture": "#1"},
				"south": {"uv": [5.5, 12, 6.5, 12.5], "texture": "#1"},
				"west": {"uv": [12, 5.5, 13, 6], "texture": "#1"},
				"up": {"uv": [10, 7, 9, 6], "texture": "#1"},
				"down": {"uv": [7.5, 9, 6.5, 10], "texture": "#1"}
			}
		},
		{
			"from": [7, 4.25, 7],
			"to": [9, 5.25, 9],
			"rotation": {"angle": -45, "axis": "y", "origin": [8, 3.25, 8]},
			"faces": {
				"north": {"uv": [12, 6, 13, 6.5], "texture": "#1"},
				"east": {"uv": [6.5, 12, 7.5, 12.5], "texture": "#1"},
				"south": {"uv": [12, 6.5, 13, 7], "texture": "#1"},
				"west": {"uv": [12, 7, 13, 7.5], "texture": "#1"},
				"up": {"uv": [10, 8, 9, 7], "texture": "#1"},
				"down": {"uv": [8.5, 9, 7.5, 10], "texture": "#1"}
			}
		},
		{
			"from": [7.25, 7.75, 5],
			"to": [8.75, 9.25, 11],
			"rotation": {"angle": 0, "axis": "y", "origin": [8, 8.55909, 8.01261]},
			"faces": {
				"north": {"uv": [11, 11.5, 11.75, 12.25], "texture": "#1"},
				"east": {"uv": [4.5, 3.5, 7.5, 4.25], "texture": "#1"},
				"south": {"uv": [0, 12, 0.75, 12.75], "texture": "#1"},
				"west": {"uv": [4.5, 4.5, 7.5, 5.25], "texture": "#1"},
				"up": {"uv": [6.25, 3, 5.5, 0], "texture": "#1"},
				"down": {"uv": [5.25, 5.5, 4.5, 8.5], "texture": "#1"}
			}
		},
		{
			"from": [7.3, 7.75, 11],
			"to": [8.7, 9.25, 13],
			"rotation": {"angle": -45, "axis": "x", "origin": [8, 7.75, 11]},
			"faces": {
				"north": {"uv": [12, 0, 12.75, 0.75], "texture": "#1"},
				"east": {"uv": [10, 0, 11, 0.75], "texture": "#1"},
				"south": {"uv": [2, 12, 2.75, 12.75], "texture": "#1"},
				"west": {"uv": [4.5, 10, 5.5, 10.75], "texture": "#1"},
				"up": {"uv": [6.25, 11, 5.5, 10], "texture": "#1"},
				"down": {"uv": [10.75, 5.5, 10, 6.5], "texture": "#1"}
			}
		},
		{
			"from": [8.7, 7.75, 13],
			"to": [8.7, 9.25, 14],
			"rotation": {"angle": -45, "axis": "x", "origin": [7.95, 7.75, 11]},
			"faces": {
				"north": {"uv": [0, 0, 0, 0.75], "texture": "#1"},
				"east": {"uv": [2, 10, 2.5, 10.75], "texture": "#1"},
				"south": {"uv": [0, 0, 0, 0.75], "texture": "#1"},
				"west": {"uv": [7.5, 12, 8, 12.75], "texture": "#1"},
				"up": {"uv": [0, 0.5, 0, 0], "texture": "#1"},
				"down": {"uv": [0, 0, 0, 0.5], "texture": "#1"}
			}
		},
		{
			"from": [7.3, 7.75, 13],
			"to": [7.3, 9.25, 14],
			"rotation": {"angle": -45, "axis": "x", "origin": [8.05, 7.75, 11]},
			"faces": {
				"north": {"uv": [0, 0, 0, 0.75], "texture": "#1"},
				"east": {"uv": [12, 7.5, 12.5, 8.25], "texture": "#1"},
				"south": {"uv": [0, 0, 0, 0.75], "texture": "#1"},
				"west": {"uv": [8, 12, 8.5, 12.75], "texture": "#1"},
				"up": {"uv": [0, 0, 0, 0.5], "texture": "#1"},
				"down": {"uv": [0, 0, 0, 0.5], "texture": "#1"}
			}
		},
		{
			"from": [7.3, 9.25, 13],
			"to": [8.7, 9.25, 15],
			"rotation": {"angle": -45, "axis": "x", "origin": [8, 7.75, 11]},
			"faces": {
				"north": {"uv": [0, 0, 0.75, 0], "texture": "#1"},
				"east": {"uv": [0, 0, 1, 0], "texture": "#1"},
				"south": {"uv": [0, 0, 0.75, 0], "texture": "#1"},
				"west": {"uv": [0, 0, 1, 0], "texture": "#1"},
				"up": {"uv": [7.25, 11, 6.5, 10], "texture": "#1"},
				"down": {"uv": [10.75, 6.5, 10, 7.5], "texture": "#1"}
			}
		},
		{
			"from": [7.25, 10.22193, 11.36066],
			"to": [8.75, 12.22193, 11.36066],
			"rotation": {"angle": 22.5, "axis": "x", "origin": [8, 10.23198, 11.36066]},
			"faces": {
				"north": {"uv": [7.5, 10, 8.25, 11], "texture": "#1"},
				"east": {"uv": [0, 0, 0, 1], "texture": "#1"},
				"south": {"uv": [10, 7.5, 10.75, 8.5], "texture": "#1"},
				"west": {"uv": [0, 0, 0, 1], "texture": "#1"},
				"up": {"uv": [0, 0, 0.75, 0], "texture": "#1"},
				"down": {"uv": [0, 0, 0.75, 0], "texture": "#1"}
			}
		},
		{
			"from": [7.25, 10.22193, 11.36066],
			"to": [8.75, 12.22193, 11.36066],
			"rotation": {"angle": -22.5, "axis": "x", "origin": [8, 10.23198, 11.36066]},
			"faces": {
				"north": {"uv": [8.5, 10, 9.25, 11], "texture": "#1"},
				"east": {"uv": [0, 0, 0, 1], "texture": "#1"},
				"south": {"uv": [10.5, 1, 11.25, 2], "texture": "#1"},
				"west": {"uv": [0, 0, 0, 1], "texture": "#1"},
				"up": {"uv": [0, 0, 0.75, 0], "texture": "#1"},
				"down": {"uv": [0, 0, 0.75, 0], "texture": "#1"}
			}
		},
		{
			"from": [7.3, 7.75, 3],
			"to": [8.7, 9.25, 5],
			"rotation": {"angle": -45, "axis": "x", "origin": [8, 9.25, 5]},
			"faces": {
				"north": {"uv": [12, 2, 12.75, 2.75], "texture": "#1"},
				"east": {"uv": [10.5, 4, 11.5, 4.75], "texture": "#1"},
				"south": {"uv": [12, 3, 12.75, 3.75], "texture": "#1"},
				"west": {"uv": [10.5, 8.5, 11.5, 9.25], "texture": "#1"},
				"up": {"uv": [10.25, 11.5, 9.5, 10.5], "texture": "#1"},
				"down": {"uv": [11.25, 9.5, 10.5, 10.5], "texture": "#1"}
			}
		},
		{
			"from": [8.7, 7.75, 2],
			"to": [8.7, 9.25, 3],
			"rotation": {"angle": -45, "axis": "x", "origin": [7.95, 9.25, 5]},
			"faces": {
				"north": {"uv": [0, 0, 0, 0.75], "texture": "#1"},
				"east": {"uv": [8.5, 12, 9, 12.75], "texture": "#1"},
				"south": {"uv": [0, 0, 0, 0.75], "texture": "#1"},
				"west": {"uv": [12, 8.5, 12.5, 9.25], "texture": "#1"},
				"up": {"uv": [0, 0, 0, 0.5], "texture": "#1"},
				"down": {"uv": [0, 0, 0, 0.5], "texture": "#1"}
			}
		},
		{
			"from": [7.3, 7.75, 2],
			"to": [7.3, 9.25, 3],
			"rotation": {"angle": -45, "axis": "x", "origin": [8.05, 9.25, 5]},
			"faces": {
				"north": {"uv": [0, 0, 0, 0.75], "texture": "#1"},
				"east": {"uv": [9, 12, 9.5, 12.75], "texture": "#1"},
				"south": {"uv": [0, 0, 0, 0.75], "texture": "#1"},
				"west": {"uv": [12, 9.5, 12.5, 10.25], "texture": "#1"},
				"up": {"uv": [0, 0, 0, 0.5], "texture": "#1"},
				"down": {"uv": [0, 0, 0, 0.5], "texture": "#1"}
			}
		},
		{
			"from": [7.25, 7.83223, 1.58726],
			"to": [8.75, 7.83223, 3.58726],
			"rotation": {"angle": 22.5, "axis": "x", "origin": [8, 7.83223, 3.58223]},
			"faces": {
				"north": {"uv": [0, 0, 0.75, 0], "texture": "#1"},
				"east": {"uv": [0, 0, 1, 0], "texture": "#1"},
				"south": {"uv": [0, 0, 0.75, 0], "texture": "#1"},
				"west": {"uv": [0, 0, 1, 0], "texture": "#1"},
				"up": {"uv": [11.25, 11.5, 10.5, 10.5], "texture": "#1"},
				"down": {"uv": [0.75, 11, 0, 12], "texture": "#1"}
			}
		},
		{
			"from": [7.25, 7.83223, 1.58726],
			"to": [8.75, 7.83223, 3.58726],
			"rotation": {"angle": -22.5, "axis": "x", "origin": [8, 7.83223, 3.58223]},
			"faces": {
				"north": {"uv": [0, 0, 0.75, 0], "texture": "#1"},
				"east": {"uv": [0, 0, 1, 0], "texture": "#1"},
				"south": {"uv": [0, 0, 0.75, 0], "texture": "#1"},
				"west": {"uv": [0, 0, 1, 0], "texture": "#1"},
				"up": {"uv": [11.75, 1, 11, 0], "texture": "#1"},
				"down": {"uv": [2.75, 11, 2, 12], "texture": "#1"}
			}
		},
		{
			"from": [7.3, 5.83726, 3.58223],
			"to": [8.7, 7.83726, 3.58223],
			"rotation": {"angle": 45, "axis": "x", "origin": [8, 7.83223, 3.58223]},
			"faces": {
				"north": {"uv": [11, 2, 11.75, 3], "texture": "#1"},
				"east": {"uv": [0, 0, 0, 1], "texture": "#1"},
				"south": {"uv": [11, 3, 11.75, 4], "texture": "#1"},
				"west": {"uv": [0, 0, 0, 1], "texture": "#1"},
				"up": {"uv": [0, 0, 0.75, 0], "texture": "#1"},
				"down": {"uv": [0, 0, 0.75, 0], "texture": "#1"}
			}
		},
		{
			"from": [6.75, 7.30183, 6.75],
			"to": [9.25, 9.80183, 9.25],
			"rotation": {"angle": 45, "axis": "x", "origin": [8, 8.55183, 8]},
			"faces": {
				"north": {"uv": [6, 6.5, 7.25, 7.75], "texture": "#1"},
				"east": {"uv": [0, 7, 1.25, 8.25], "texture": "#1"},
				"south": {"uv": [1.5, 7, 2.75, 8.25], "texture": "#1"},
				"west": {"uv": [7.5, 3, 8.75, 4.25], "texture": "#1"},
				"up": {"uv": [8.75, 7.75, 7.5, 6.5], "texture": "#1"},
				"down": {"uv": [9.25, 4.5, 8, 5.75], "texture": "#1"}
			}
		},
		{
			"from": [9, 7.30183, 4.75],
			"to": [9, 8.80183, 6.75],
			"rotation": {"angle": 45, "axis": "x", "origin": [10.25, 8.55183, 8]},
			"faces": {
				"north": {"uv": [0, 0, 0, 0.75], "texture": "#1"},
				"east": {"uv": [5.5, 11, 6.5, 11.75], "texture": "#1"},
				"south": {"uv": [0, 0, 0, 0.75], "texture": "#1"},
				"west": {"uv": [11, 6, 12, 6.75], "texture": "#1"},
				"up": {"uv": [0, 0, 0, 1], "texture": "#1"},
				"down": {"uv": [0, 0, 0, 1], "texture": "#1"}
			}
		},
		{
			"from": [7, 7.30183, 4.75],
			"to": [7, 8.80183, 6.75],
			"rotation": {"angle": 45, "axis": "x", "origin": [8.25, 8.55183, 8]},
			"faces": {
				"north": {"uv": [0, 0, 0, 0.75], "texture": "#1"},
				"east": {"uv": [7.5, 11, 8.5, 11.75], "texture": "#1"},
				"south": {"uv": [0, 0, 0, 0.75], "texture": "#1"},
				"west": {"uv": [8.5, 11, 9.5, 11.75], "texture": "#1"},
				"up": {"uv": [0, 0, 0, 1], "texture": "#1"},
				"down": {"uv": [0, 0, 0, 1], "texture": "#1"}
			}
		},
		{
			"from": [7.25, 9.30183, 6.25],
			"to": [7.25, 11.80183, 7.75],
			"rotation": {"angle": -22.5, "axis": "x", "origin": [7.25, 10.80183, 7]},
			"faces": {
				"north": {"uv": [0, 0, 0, 1.25], "texture": "#1"},
				"east": {"uv": [10, 2.5, 10.75, 3.75], "texture": "#1"},
				"south": {"uv": [0, 0, 0, 1.25], "texture": "#1"},
				"west": {"uv": [3.5, 10, 4.25, 11.25], "texture": "#1"},
				"up": {"uv": [0, 0, 0, 0.75], "texture": "#1"},
				"down": {"uv": [0, 0, 0, 0.75], "texture": "#1"}
			}
		},
		{
			"from": [7.25, 9.30183, 8.25],
			"to": [7.25, 11.80183, 9.75],
			"rotation": {"angle": 22.5, "axis": "x", "origin": [7.25, 10.80183, 9]},
			"faces": {
				"north": {"uv": [0, 0, 0, 1.25], "texture": "#1"},
				"east": {"uv": [9.5, 9, 10.25, 10.25], "texture": "#1"},
				"south": {"uv": [0, 0, 0, 1.25], "texture": "#1"},
				"west": {"uv": [1, 10, 1.75, 11.25], "texture": "#1"},
				"up": {"uv": [0, 0, 0, 0.75], "texture": "#1"},
				"down": {"uv": [0, 0, 0, 0.75], "texture": "#1"}
			}
		},
		{
			"from": [7, 9.30183, 7.25],
			"to": [7, 12.30183, 8.75],
			"rotation": {"angle": 0, "axis": "y", "origin": [8, 8.55183, 8]},
			"faces": {
				"north": {"uv": [0, 0, 0, 1.5], "texture": "#1"},
				"east": {"uv": [4.5, 8.5, 5.25, 10], "texture": "#1"},
				"south": {"uv": [0, 0, 0, 1.5], "texture": "#1"},
				"west": {"uv": [9, 2.5, 9.75, 4], "texture": "#1"},
				"up": {"uv": [0, 0, 0, 0.75], "texture": "#1"},
				"down": {"uv": [0, 0, 0, 0.75], "texture": "#1"}
			}
		},
		{
			"from": [7, 9.80183, 7.75],
			"to": [7, 11.80183, 9.25],
			"rotation": {"angle": 45, "axis": "x", "origin": [8, 8.55183, 8]},
			"faces": {
				"north": {"uv": [0, 0, 0, 1], "texture": "#1"},
				"east": {"uv": [4.5, 11, 5.25, 12], "texture": "#1"},
				"south": {"uv": [0, 0, 0, 1], "texture": "#1"},
				"west": {"uv": [11, 5, 11.75, 6], "texture": "#1"},
				"up": {"uv": [0, 0, 0, 0.75], "texture": "#1"},
				"down": {"uv": [0, 0, 0, 0.75], "texture": "#1"}
			}
		},
		{
			"from": [8.75, 9.30183, 6.25],
			"to": [8.75, 11.80183, 7.75],
			"rotation": {"angle": -22.5, "axis": "x", "origin": [8.75, 10.80183, 7]},
			"faces": {
				"north": {"uv": [0, 0, 0, 1.25], "texture": "#1"},
				"east": {"uv": [0, 9.5, 0.75, 10.75], "texture": "#1"},
				"south": {"uv": [0, 0, 0, 1.25], "texture": "#1"},
				"west": {"uv": [9.5, 1, 10.25, 2.25], "texture": "#1"},
				"up": {"uv": [0, 0, 0, 0.75], "texture": "#1"},
				"down": {"uv": [0, 0, 0, 0.75], "texture": "#1"}
			}
		},
		{
			"from": [8.75, 9.30183, 8.25],
			"to": [8.75, 11.80183, 9.75],
			"rotation": {"angle": 22.5, "axis": "x", "origin": [8.75, 10.80183, 9]},
			"faces": {
				"north": {"uv": [0, 0, 0, 1.25], "texture": "#1"},
				"east": {"uv": [2.5, 9.5, 3.25, 10.75], "texture": "#1"},
				"south": {"uv": [0, 0, 0, 1.25], "texture": "#1"},
				"west": {"uv": [9.5, 4, 10.25, 5.25], "texture": "#1"},
				"up": {"uv": [0, 0, 0, 0.75], "texture": "#1"},
				"down": {"uv": [0, 0, 0, 0.75], "texture": "#1"}
			}
		},
		{
			"from": [9, 9.30183, 7.25],
			"to": [9, 12.30183, 8.75],
			"rotation": {"angle": 0, "axis": "y", "origin": [10, 8.55183, 8]},
			"faces": {
				"north": {"uv": [0, 0, 0, 1.5], "texture": "#1"},
				"east": {"uv": [8.5, 1, 9.25, 2.5], "texture": "#1"},
				"south": {"uv": [0, 0, 0, 1.5], "texture": "#1"},
				"west": {"uv": [1.5, 8.5, 2.25, 10], "texture": "#1"},
				"up": {"uv": [0, 0, 0, 0.75], "texture": "#1"},
				"down": {"uv": [0, 0, 0, 0.75], "texture": "#1"}
			}
		},
		{
			"from": [9, 9.80183, 7.75],
			"to": [9, 11.80183, 9.25],
			"rotation": {"angle": 45, "axis": "x", "origin": [10, 8.55183, 8]},
			"faces": {
				"north": {"uv": [0, 0, 0, 1], "texture": "#1"},
				"east": {"uv": [6.5, 11, 7.25, 12], "texture": "#1"},
				"south": {"uv": [0, 0, 0, 1], "texture": "#1"},
				"west": {"uv": [11, 7, 11.75, 8], "texture": "#1"},
				"up": {"uv": [0, 0, 0, 0.75], "texture": "#1"},
				"down": {"uv": [0, 0, 0, 0.75], "texture": "#1"}
			}
		},
		{
			"from": [6.75, 2.2068, 2.3925],
			"to": [9.25, 4.2068, 4.3925],
			"rotation": {"angle": -45, "axis": "x", "origin": [8, 7.80909, 8.01261]},
			"faces": {
				"north": {"uv": [6, 8, 7.25, 9], "texture": "#1"},
				"east": {"uv": [9, 8, 10, 9], "texture": "#1"},
				"south": {"uv": [7.5, 8, 8.75, 9], "texture": "#1"},
				"west": {"uv": [8.5, 9, 9.5, 10], "texture": "#1"},
				"up": {"uv": [1.25, 9.5, 0, 8.5], "texture": "#1"},
				"down": {"uv": [9.75, 0, 8.5, 1], "texture": "#1"}
			}
		},
		{
			"from": [8, -1.71213, 8.40001],
			"to": [8, 1.28787, 9.40001],
			"rotation": {"angle": -22.5, "axis": "x", "origin": [8, 1.28787, 9.40001]},
			"faces": {
				"north": {"uv": [0, 0, 0, 1.5], "texture": "#1"},
				"east": {"uv": [3, 11, 3.5, 12.5], "texture": "#1"},
				"south": {"uv": [0, 0, 0, 1.5], "texture": "#1"},
				"west": {"uv": [1, 11.5, 1.5, 13], "texture": "#1"},
				"up": {"uv": [0, 0, 0, 0.5], "texture": "#1"},
				"down": {"uv": [0, 0, 0, 0.5], "texture": "#1"}
			}
		},
		{
			"from": [8, -2.46213, 7.50001],
			"to": [8, 0.53787, 8.50001],
			"rotation": {"angle": 0, "axis": "y", "origin": [8, 1.28787, 8.00001]},
			"faces": {
				"north": {"uv": [0, 0, 0, 1.5], "texture": "#1"},
				"east": {"uv": [1.5, 11.5, 2, 13], "texture": "#1"},
				"south": {"uv": [0, 0, 0, 1.5], "texture": "#1"},
				"west": {"uv": [3.5, 11.5, 4, 13], "texture": "#1"},
				"up": {"uv": [0, 0, 0, 0.5], "texture": "#1"},
				"down": {"uv": [0, 0, 0, 0.5], "texture": "#1"}
			}
		},
		{
			"from": [8, -1.71213, 6.60001],
			"to": [8, 1.28787, 7.60001],
			"rotation": {"angle": 22.5, "axis": "x", "origin": [8, 1.28787, 6.60001]},
			"faces": {
				"north": {"uv": [0, 0, 0, 1.5], "texture": "#1"},
				"east": {"uv": [4, 11.5, 4.5, 13], "texture": "#1"},
				"south": {"uv": [0, 0, 0, 1.5], "texture": "#1"},
				"west": {"uv": [11.5, 8, 12, 9.5], "texture": "#1"},
				"up": {"uv": [0, 0, 0, 0.5], "texture": "#1"},
				"down": {"uv": [0, 0, 0, 0.5], "texture": "#1"}
			}
		},
		{
			"from": [7.55, 7.75, 5],
			"to": [8.45, 13.75, 7.5],
			"rotation": {"angle": -22.5, "axis": "x", "origin": [8, 13.75, 5]},
			"faces": {
				"north": {"uv": [3.5, 6, 4, 9], "texture": "#1"},
				"east": {"uv": [3, 0, 4.25, 3], "texture": "#1"},
				"south": {"uv": [4, 6, 4.5, 9], "texture": "#1"},
				"west": {"uv": [3, 3, 4.25, 6], "texture": "#1"},
				"up": {"uv": [10, 12.75, 9.5, 11.5], "texture": "#1"},
				"down": {"uv": [12, 9.5, 11.5, 10.75], "texture": "#1"}
			}
		},
		{
			"from": [7.5, 13.75, 5],
			"to": [8.5, 20.75, 7.5],
			"rotation": {"angle": 22.5, "axis": "x", "origin": [8, 13.75, 5]},
			"faces": {
				"north": {"uv": [5.5, 5.5, 6, 9], "texture": "#1"},
				"east": {"uv": [0, 0, 1.25, 3.5], "texture": "#1"},
				"south": {"uv": [3, 6, 3.5, 9.5], "texture": "#1"},
				"west": {"uv": [1.5, 0, 2.75, 3.5], "texture": "#1"},
				"up": {"uv": [10.5, 12.75, 10, 11.5], "texture": "#1"},
				"down": {"uv": [11, 11.5, 10.5, 12.75], "texture": "#1"}
			}
		},
		{
			"from": [7.5, 20.75, 5],
			"to": [7.5, 22.75, 8.5],
			"rotation": {"angle": 22.5, "axis": "x", "origin": [8, 13.75, 5]},
			"faces": {
				"north": {"uv": [0, 0, 0, 1], "texture": "#1"},
				"east": {"uv": [6, 5.5, 7.75, 6.5], "texture": "#1"},
				"south": {"uv": [0, 0, 0, 1], "texture": "#1"},
				"west": {"uv": [6.5, 0, 8.25, 1], "texture": "#1"},
				"up": {"uv": [0, 1.75, 0, 0], "texture": "#1"},
				"down": {"uv": [0, 0, 0, 1.75], "texture": "#1"}
			}
		},
		{
			"from": [7.5, 20.75, 5],
			"to": [8.5, 22.75, 5],
			"rotation": {"angle": 22.5, "axis": "x", "origin": [8, 13.75, 5]},
			"faces": {
				"north": {"uv": [7.5, 4.5, 8, 5.5], "texture": "#1"},
				"east": {"uv": [0, 0, 0, 1], "texture": "#1"},
				"south": {"uv": [2.5, 8.5, 3, 9.5], "texture": "#1"},
				"west": {"uv": [0, 0, 0, 1], "texture": "#1"},
				"up": {"uv": [0.5, 0, 0, 0], "texture": "#1"},
				"down": {"uv": [0, 0, 0.5, 0], "texture": "#1"}
			}
		},
		{
			"from": [8.5, 20.75, 5],
			"to": [8.5, 22.75, 8.5],
			"rotation": {"angle": 22.5, "axis": "x", "origin": [8, 13.75, 5]},
			"faces": {
				"north": {"uv": [0, 0, 0, 1], "texture": "#1"},
				"east": {"uv": [6.5, 1, 8.25, 2], "texture": "#1"},
				"south": {"uv": [0, 0, 0, 1], "texture": "#1"},
				"west": {"uv": [6.5, 2, 8.25, 3], "texture": "#1"},
				"up": {"uv": [0, 0, 0, 1.75], "texture": "#1"},
				"down": {"uv": [0, 0, 0, 1.75], "texture": "#1"}
			}
		}
	],
	"display": {
		"thirdperson_righthand": {
			"translation": [0, 2, 1],
			"scale": [1.2, 1.2, 1.2]
		},
		"thirdperson_lefthand": {
			"translation": [0, 2, 1],
			"scale": [1.2, 1.2, 1.2]
		},
		"firstperson_righthand": {
			"rotation": [-7, 0, 0],
			"translation": [0, 2, 0],
			"scale": [0.8, 0.8, 0.8]
		},
		"firstperson_lefthand": {
			"rotation": [-7, 0, 0],
			"translation": [0, 2, 0],
			"scale": [0.8, 0.8, 0.8]
		},
		"ground": {
			"translation": [0, 7, 0]
		},
		"gui": {
			"rotation": [-90, 45, 90],
			"translation": [0.25, -1.25, 0],
			"scale": [0.8, 0.8, 0.8]
		},
		"head": {
			"translation": [0, 14.25, 0]
		},
		"fixed": {
			"rotation": [-90, 45, 90],
			"translation": [1.5, -2, 0]
		}
	},
	"groups": [
		{
			"name": "parrotsword",
			"origin": [7, 2, 9],
			"color": 0,
			"children": [0, 1, 2, 3, 4, 5, 6, 7, 8, 9, 10, 11, 12, 13, 14, 15, 16, 17, 18, 19, 20, 21, 22, 23, 24, 25, 26, 27, 28, 29, 30, 31, 32, 33, 34, 35, 36]
		}
	]
}