{
	"credit": "Made with Blockbench",
	"texture_size": [32, 32],
	"textures": {
		"0": "minewave:item/parrot/trident",
		"particle": "minewave:item/parrot/trident"
	},
	"elements": [
		{
			"from": [6.6365, 4.88242, 1.60284],
			"to": [9.1365, 6.88242, 3.60284],
			"rotation": {"angle": -45, "axis": "x", "origin": [7.38649, 10.3046, 10.40001]},
			"faces": {
				"north": {"uv": [8.5, 7, 9.75, 8], "texture": "#0"},
				"east": {"uv": [2, 9.5, 3, 10.5], "texture": "#0"},
				"south": {"uv": [8.5, 8, 9.75, 9], "texture": "#0"},
				"west": {"uv": [3, 9.5, 4, 10.5], "texture": "#0"},
				"up": {"uv": [10.25, 6, 9, 5], "texture": "#0"},
				"down": {"uv": [8.25, 9, 7, 10], "texture": "#0"}
			}
		},
		{
			"from": [7.1365, 1.87132, 7.26352],
			"to": [8.6365, 16.12132, 8.76352],
			"rotation": {"angle": -45, "axis": "y", "origin": [7.8865, 9.12132, 8.01352]},
			"faces": {
				"north": {"uv": [0, 0, 0.75, 7.25], "texture": "#0"},
				"east": {"uv": [1, 0, 1.75, 7.25], "texture": "#0"},
				"south": {"uv": [2, 0, 2.75, 7.25], "texture": "#0"},
				"west": {"uv": [3, 0, 3.75, 7.25], "texture": "#0"},
				"up": {"uv": [13.25, 1.75, 12.5, 1], "texture": "#0"},
				"down": {"uv": [13.25, 9, 12.5, 9.75], "texture": "#0"}
			}
		},
		{
			"from": [7, 3.75, 7],
			"to": [9, 4.75, 9],
			"rotation": {"angle": -45, "axis": "y", "origin": [8, 6.5, 8]},
			"faces": {
				"north": {"uv": [4, 13, 5, 13.5], "texture": "#0"},
				"east": {"uv": [13, 4, 14, 4.5], "texture": "#0"},
				"south": {"uv": [13, 4.5, 14, 5], "texture": "#0"},
				"west": {"uv": [5, 13, 6, 13.5], "texture": "#0"},
				"up": {"uv": [10.5, 4, 9.5, 3], "texture": "#0"},
				"down": {"uv": [5, 9.5, 4, 10.5], "texture": "#0"}
			}
		},
		{
			"from": [7, 9.75, 7],
			"to": [9, 10.75, 9],
			"rotation": {"angle": -45, "axis": "y", "origin": [8, 8, 8]},
			"faces": {
				"north": {"uv": [13, 5, 14, 5.5], "texture": "#0"},
				"east": {"uv": [13, 5.5, 14, 6], "texture": "#0"},
				"south": {"uv": [6, 13, 7, 13.5], "texture": "#0"},
				"west": {"uv": [13, 6, 14, 6.5], "texture": "#0"},
				"up": {"uv": [10.5, 7, 9.5, 6], "texture": "#0"},
				"down": {"uv": [10.5, 9, 9.5, 10], "texture": "#0"}
			}
		},
		{
			"from": [7, 8.25, 7],
			"to": [9, 9.25, 9],
			"rotation": {"angle": -45, "axis": "y", "origin": [8, 6.5, 8]},
			"faces": {
				"north": {"uv": [13, 6.5, 14, 7], "texture": "#0"},
				"east": {"uv": [7, 13, 8, 13.5], "texture": "#0"},
				"south": {"uv": [13, 7, 14, 7.5], "texture": "#0"},
				"west": {"uv": [13, 7.5, 14, 8], "texture": "#0"},
				"up": {"uv": [8, 11, 7, 10], "texture": "#0"},
				"down": {"uv": [11, 7, 10, 8], "texture": "#0"}
			}
		},
		{
			"from": [7, 6.75, 7],
			"to": [9, 7.75, 9],
			"rotation": {"angle": -45, "axis": "y", "origin": [8, 6.5, 8]},
			"faces": {
				"north": {"uv": [13, 8, 14, 8.5], "texture": "#0"},
				"east": {"uv": [13, 8.5, 14, 9], "texture": "#0"},
				"south": {"uv": [9, 13, 10, 13.5], "texture": "#0"},
				"west": {"uv": [10, 13, 11, 13.5], "texture": "#0"},
				"up": {"uv": [11, 9, 10, 8], "texture": "#0"},
				"down": {"uv": [10.5, 10, 9.5, 11], "texture": "#0"}
			}
		},
		{
			"from": [7, 5.25, 7],
			"to": [9, 6.25, 9],
			"rotation": {"angle": -45, "axis": "y", "origin": [8, 6.5, 8]},
			"faces": {
				"north": {"uv": [11, 13, 12, 13.5], "texture": "#0"},
				"east": {"uv": [12, 13, 13, 13.5], "texture": "#0"},
				"south": {"uv": [13, 13, 14, 13.5], "texture": "#0"},
				"west": {"uv": [13.5, 0, 14.5, 0.5], "texture": "#0"},
				"up": {"uv": [11.5, 1, 10.5, 0], "texture": "#0"},
				"down": {"uv": [11.5, 1, 10.5, 2], "texture": "#0"}
			}
		},
		{
			"from": [6.3865, 15.22826, 11.94867],
			"to": [9.3865, 17.72826, 14.44867],
			"rotation": {"angle": -45, "axis": "x", "origin": [7.38649, 10.3046, 10.40001]},
			"faces": {
				"north": {"uv": [4, 0, 5.5, 1.25], "texture": "#0"},
				"east": {"uv": [5.5, 5, 6.75, 6.25], "texture": "#0"},
				"south": {"uv": [4, 1.5, 5.5, 2.75], "texture": "#0"},
				"west": {"uv": [4, 6, 5.25, 7.25], "texture": "#0"},
				"up": {"uv": [5.5, 4.25, 4, 3], "texture": "#0"},
				"down": {"uv": [5.5, 4.5, 4, 5.75], "texture": "#0"}
			}
		},
		{
			"from": [7.3865, 17.64899, 7.26352],
			"to": [8.3865, 22.64899, 8.76352],
			"rotation": {"angle": 0, "axis": "y", "origin": [7.8865, 16.89899, 8.01352]},
			"faces": {
				"north": {"uv": [8.5, 9, 9, 11.5], "texture": "#0"},
				"east": {"uv": [5.5, 0, 6.25, 2.5], "texture": "#0"},
				"south": {"uv": [9, 9, 9.5, 11.5], "texture": "#0"},
				"west": {"uv": [5.5, 2.5, 6.25, 5], "texture": "#0"},
				"up": {"uv": [14, 9.75, 13.5, 9], "texture": "#0"},
				"down": {"uv": [10, 13.5, 9.5, 14.25], "texture": "#0"}
			}
		},
		{
			"from": [7.3865, 20.89899, 6.01352],
			"to": [8.3865, 22.89899, 6.01352],
			"rotation": {"angle": 0, "axis": "y", "origin": [7.8865, 15.14899, 5.01352]},
			"faces": {
				"north": {"uv": [5, 7.5, 5.5, 8.5], "texture": "#0"},
				"east": {"uv": [0, 0, 0, 1], "texture": "#0"},
				"south": {"uv": [13.5, 0.5, 14, 1.5], "texture": "#0"},
				"west": {"uv": [0, 0, 0, 1], "texture": "#0"},
				"up": {"uv": [0.5, 0, 0, 0], "texture": "#0"},
				"down": {"uv": [0.5, 0, 0, 0], "texture": "#0"}
			}
		},
		{
			"from": [7.3865, 16.89899, 10.01352],
			"to": [8.3865, 20.89899, 11.51352],
			"rotation": {"angle": 0, "axis": "y", "origin": [7.8865, 15.14899, 11.01352]},
			"faces": {
				"north": {"uv": [8, 10, 8.5, 12], "texture": "#0"},
				"east": {"uv": [6.5, 0, 7.25, 2], "texture": "#0"},
				"south": {"uv": [2, 10.5, 2.5, 12.5], "texture": "#0"},
				"west": {"uv": [6.5, 2, 7.25, 4], "texture": "#0"},
				"up": {"uv": [10.5, 14.25, 10, 13.5], "texture": "#0"},
				"down": {"uv": [14, 10, 13.5, 10.75], "texture": "#0"}
			}
		},
		{
			"from": [8.3865, 20.89899, 10.01352],
			"to": [8.3865, 22.89899, 11.51352],
			"rotation": {"angle": 0, "axis": "y", "origin": [7.8865, 15.14899, 11.01352]},
			"faces": {
				"north": {"uv": [0, 0, 0, 1], "texture": "#0"},
				"east": {"uv": [0, 11, 0.75, 12], "texture": "#0"},
				"south": {"uv": [0, 0, 0, 1], "texture": "#0"},
				"west": {"uv": [1, 11, 1.75, 12], "texture": "#0"},
				"up": {"uv": [0, 0.75, 0, 0], "texture": "#0"},
				"down": {"uv": [0, 0, 0, 0.75], "texture": "#0"}
			}
		},
		{
			"from": [7.3865, 20.89899, 10.01352],
			"to": [7.3865, 22.89899, 11.51352],
			"rotation": {"angle": 0, "axis": "y", "origin": [7.8865, 15.14899, 11.01352]},
			"faces": {
				"north": {"uv": [0, 0, 0, 1], "texture": "#0"},
				"east": {"uv": [11, 2, 11.75, 3], "texture": "#0"},
				"south": {"uv": [0, 0, 0, 1], "texture": "#0"},
				"west": {"uv": [11, 3, 11.75, 4], "texture": "#0"},
				"up": {"uv": [0, 0.75, 0, 0], "texture": "#0"},
				"down": {"uv": [0, 0, 0, 0.75], "texture": "#0"}
			}
		},
		{
			"from": [7.3865, 20.89899, 10.01352],
			"to": [8.3865, 22.89899, 10.01352],
			"rotation": {"angle": 0, "axis": "y", "origin": [7.8865, 15.14899, 11.01352]},
			"faces": {
				"north": {"uv": [4, 13.5, 4.5, 14.5], "texture": "#0"},
				"east": {"uv": [0, 0, 0, 1], "texture": "#0"},
				"south": {"uv": [4.5, 13.5, 5, 14.5], "texture": "#0"},
				"west": {"uv": [0, 0, 0, 1], "texture": "#0"},
				"up": {"uv": [0.5, 0, 0, 0], "texture": "#0"},
				"down": {"uv": [0.5, 0, 0, 0], "texture": "#0"}
			}
		},
		{
			"from": [7.3865, 20.89899, 11.51352],
			"to": [8.3865, 22.89899, 11.51352],
			"rotation": {"angle": 0, "axis": "y", "origin": [7.8865, 15.14899, 10.51352]},
			"faces": {
				"north": {"uv": [5, 13.5, 5.5, 14.5], "texture": "#0"},
				"east": {"uv": [0, 0, 0, 1], "texture": "#0"},
				"south": {"uv": [5.5, 13.5, 6, 14.5], "texture": "#0"},
				"west": {"uv": [0, 0, 0, 1], "texture": "#0"},
				"up": {"uv": [0.5, 0, 0, 0], "texture": "#0"},
				"down": {"uv": [0.5, 0, 0, 0], "texture": "#0"}
			}
		},
		{
			"from": [7.3865, 20.89899, 4.51352],
			"to": [8.3865, 22.89899, 4.51352],
			"rotation": {"angle": 0, "axis": "y", "origin": [7.8865, 15.14899, 5.51352]},
			"faces": {
				"north": {"uv": [6, 13.5, 6.5, 14.5], "texture": "#0"},
				"east": {"uv": [0, 0, 0, 1], "texture": "#0"},
				"south": {"uv": [6.5, 13.5, 7, 14.5], "texture": "#0"},
				"west": {"uv": [0, 0, 0, 1], "texture": "#0"},
				"up": {"uv": [0.5, 0, 0, 0], "texture": "#0"},
				"down": {"uv": [0.5, 0, 0, 0], "texture": "#0"}
			}
		},
		{
			"from": [7.3865, 20.89899, 4.51352],
			"to": [7.3865, 22.89899, 6.01352],
			"rotation": {"angle": 0, "axis": "y", "origin": [7.8865, 15.14899, 5.01352]},
			"faces": {
				"north": {"uv": [0, 0, 0, 1], "texture": "#0"},
				"east": {"uv": [7, 11, 7.75, 12], "texture": "#0"},
				"south": {"uv": [0, 0, 0, 1], "texture": "#0"},
				"west": {"uv": [11, 7, 11.75, 8], "texture": "#0"},
				"up": {"uv": [0, 0.75, 0, 0], "texture": "#0"},
				"down": {"uv": [0, 0, 0, 0.75], "texture": "#0"}
			}
		},
		{
			"from": [8.3865, 20.89899, 4.51352],
			"to": [8.3865, 22.89899, 6.01352],
			"rotation": {"angle": 0, "axis": "y", "origin": [7.8865, 15.14899, 5.01352]},
			"faces": {
				"north": {"uv": [0, 0, 0, 1], "texture": "#0"},
				"east": {"uv": [11, 8, 11.75, 9], "texture": "#0"},
				"south": {"uv": [0, 0, 0, 1], "texture": "#0"},
				"west": {"uv": [9.5, 11, 10.25, 12], "texture": "#0"},
				"up": {"uv": [0, 0.75, 0, 0], "texture": "#0"},
				"down": {"uv": [0, 0, 0, 0.75], "texture": "#0"}
			}
		},
		{
			"from": [7.3865, 16.89899, 4.51352],
			"to": [8.3865, 20.89899, 6.01352],
			"rotation": {"angle": 0, "axis": "y", "origin": [7.8865, 15.14899, 5.01352]},
			"faces": {
				"north": {"uv": [10.5, 2, 11, 4], "texture": "#0"},
				"east": {"uv": [5.5, 6.5, 6.25, 8.5], "texture": "#0"},
				"south": {"uv": [2.5, 10.5, 3, 12.5], "texture": "#0"},
				"west": {"uv": [6.5, 6.5, 7.25, 8.5], "texture": "#0"},
				"up": {"uv": [11, 14.25, 10.5, 13.5], "texture": "#0"},
				"down": {"uv": [11.5, 13.5, 11, 14.25], "texture": "#0"}
			}
		},
		{
			"from": [8.3865, 22.64899, 7.26352],
			"to": [8.3865, 24.64899, 8.76352],
			"rotation": {"angle": 0, "axis": "y", "origin": [7.8865, 16.89899, 8.01352]},
			"faces": {
				"north": {"uv": [0, 0, 0, 1], "texture": "#0"},
				"east": {"uv": [11.5, 0, 12.25, 1], "texture": "#0"},
				"south": {"uv": [0, 0, 0, 1], "texture": "#0"},
				"west": {"uv": [11.5, 1, 12.25, 2], "texture": "#0"},
				"up": {"uv": [0, 0.75, 0, 0], "texture": "#0"},
				"down": {"uv": [0, 0, 0, 0.75], "texture": "#0"}
			}
		},
		{
			"from": [7.3865, 22.64899, 7.26352],
			"to": [7.3865, 24.64899, 8.76352],
			"rotation": {"angle": 0, "axis": "y", "origin": [7.8865, 16.89899, 8.01352]},
			"faces": {
				"north": {"uv": [0, 0, 0, 1], "texture": "#0"},
				"east": {"uv": [11.5, 4, 12.25, 5], "texture": "#0"},
				"south": {"uv": [0, 0, 0, 1], "texture": "#0"},
				"west": {"uv": [11.5, 5, 12.25, 6], "texture": "#0"},
				"up": {"uv": [0, 0.75, 0, 0], "texture": "#0"},
				"down": {"uv": [0, 0, 0, 0.75], "texture": "#0"}
			}
		},
		{
			"from": [7.3865, 22.64899, 7.26352],
			"to": [8.3865, 24.64899, 7.26352],
			"rotation": {"angle": 0, "axis": "y", "origin": [7.8865, 16.89899, 8.26352]},
			"faces": {
				"north": {"uv": [7, 13.5, 7.5, 14.5], "texture": "#0"},
				"east": {"uv": [0, 0, 0, 1], "texture": "#0"},
				"south": {"uv": [7.5, 13.5, 8, 14.5], "texture": "#0"},
				"west": {"uv": [0, 0, 0, 1], "texture": "#0"},
				"up": {"uv": [0.5, 0, 0, 0], "texture": "#0"},
				"down": {"uv": [0.5, 0, 0, 0], "texture": "#0"}
			}
		},
		{
			"from": [7.3865, 22.64899, 8.76352],
			"to": [8.3865, 24.64899, 8.76352],
			"rotation": {"angle": 0, "axis": "y", "origin": [7.8865, 16.89899, 7.76352]},
			"faces": {
				"north": {"uv": [8, 13.5, 8.5, 14.5], "texture": "#0"},
				"east": {"uv": [0, 0, 0, 1], "texture": "#0"},
				"south": {"uv": [9, 13.5, 9.5, 14.5], "texture": "#0"},
				"west": {"uv": [0, 0, 0, 1], "texture": "#0"},
				"up": {"uv": [0.5, 0, 0, 0], "texture": "#0"},
				"down": {"uv": [0.5, 0, 0, 0], "texture": "#0"}
			}
		},
		{
			"from": [7.1365, 15.73998, 7.96162],
			"to": [8.6365, 17.23998, 11.46162],
			"rotation": {"angle": 22.5, "axis": "x", "origin": [7.8865, 16.48998, 9.96162]},
			"faces": {
				"north": {"uv": [12.5, 10, 13.25, 10.75], "texture": "#0"},
				"east": {"uv": [6.5, 4, 8.25, 4.75], "texture": "#0"},
				"south": {"uv": [12.5, 11, 13.25, 11.75], "texture": "#0"},
				"west": {"uv": [7, 5, 8.75, 5.75], "texture": "#0"},
				"up": {"uv": [0.75, 9.25, 0, 7.5], "texture": "#0"},
				"down": {"uv": [8.25, 0, 7.5, 1.75], "texture": "#0"}
			}
		},
		{
			"from": [7.1365, 15.83565, 4.48065],
			"to": [8.6365, 17.33565, 7.98065],
			"rotation": {"angle": -22.5, "axis": "x", "origin": [7.8865, 16.58565, 6.23065]},
			"faces": {
				"north": {"uv": [12.5, 12, 13.25, 12.75], "texture": "#0"},
				"east": {"uv": [1, 7.5, 2.75, 8.25], "texture": "#0"},
				"south": {"uv": [0, 13, 0.75, 13.75], "texture": "#0"},
				"west": {"uv": [7.5, 2, 9.25, 2.75], "texture": "#0"},
				"up": {"uv": [3.75, 9.25, 3, 7.5], "texture": "#0"},
				"down": {"uv": [4.75, 7.5, 4, 9.25], "texture": "#0"}
			}
		},
		{
			"from": [7.1865, 16.23565, 2.43065],
			"to": [8.5865, 17.73565, 5.93065],
			"rotation": {"angle": 45, "axis": "x", "origin": [7.8865, 16.98565, 4.18065]},
			"faces": {
				"north": {"uv": [1, 13, 1.75, 13.75], "texture": "#0"},
				"east": {"uv": [7.5, 3, 9.25, 3.75], "texture": "#0"},
				"south": {"uv": [13, 2, 13.75, 2.75], "texture": "#0"},
				"west": {"uv": [7.5, 6, 9.25, 6.75], "texture": "#0"},
				"up": {"uv": [8.25, 8.75, 7.5, 7], "texture": "#0"},
				"down": {"uv": [9.25, 0, 8.5, 1.75], "texture": "#0"}
			}
		},
		{
			"from": [7.1865, 17.68565, 0.41583],
			"to": [8.5865, 17.68565, 2.41583],
			"rotation": {"angle": -22.5, "axis": "x", "origin": [7.8865, 17.68565, 2.40578]},
			"faces": {
				"north": {"uv": [0, 0, 0.75, 0], "texture": "#0"},
				"east": {"uv": [0, 0, 1, 0], "texture": "#0"},
				"south": {"uv": [0, 0, 0.75, 0], "texture": "#0"},
				"west": {"uv": [0, 0, 1, 0], "texture": "#0"},
				"up": {"uv": [12.25, 7, 11.5, 6], "texture": "#0"},
				"down": {"uv": [9.25, 11.5, 8.5, 12.5], "texture": "#0"}
			}
		},
		{
			"from": [7.1865, 15.6957, 2.40578],
			"to": [8.5865, 17.6957, 2.40578],
			"rotation": {"angle": 22.5, "axis": "x", "origin": [7.8865, 17.68565, 2.40578]},
			"faces": {
				"north": {"uv": [11.5, 9, 12.25, 10], "texture": "#0"},
				"east": {"uv": [0, 0, 0, 1], "texture": "#0"},
				"south": {"uv": [11.5, 10, 12.25, 11], "texture": "#0"},
				"west": {"uv": [0, 0, 0, 1], "texture": "#0"},
				"up": {"uv": [0.75, 0, 0, 0], "texture": "#0"},
				"down": {"uv": [0.75, 0, 0, 0], "texture": "#0"}
			}
		},
		{
			"from": [7.1865, 15.6957, 2.40578],
			"to": [8.5865, 17.6957, 2.40578],
			"rotation": {"angle": 0, "axis": "y", "origin": [7.8865, 17.68565, 2.40578]},
			"faces": {
				"north": {"uv": [11.5, 11, 12.25, 12], "texture": "#0"},
				"east": {"uv": [0, 0, 0, 1], "texture": "#0"},
				"south": {"uv": [0, 12, 0.75, 13], "texture": "#0"},
				"west": {"uv": [0, 0, 0, 1], "texture": "#0"},
				"up": {"uv": [0.75, 0, 0, 0], "texture": "#0"},
				"down": {"uv": [0.75, 0, 0, 0], "texture": "#0"}
			}
		},
		{
			"from": [7.1865, 15.6957, 13.55578],
			"to": [8.5865, 17.6957, 13.55578],
			"rotation": {"angle": 0, "axis": "y", "origin": [7.8865, 17.68565, 13.55578]},
			"faces": {
				"north": {"uv": [1, 12, 1.75, 13], "texture": "#0"},
				"east": {"uv": [0, 0, 0, 1], "texture": "#0"},
				"south": {"uv": [12, 2, 12.75, 3], "texture": "#0"},
				"west": {"uv": [0, 0, 0, 1], "texture": "#0"},
				"up": {"uv": [0.75, 0, 0, 0], "texture": "#0"},
				"down": {"uv": [0.75, 0, 0, 0], "texture": "#0"}
			}
		},
		{
			"from": [7.1865, 15.6957, 13.55578],
			"to": [8.5865, 17.6957, 13.55578],
			"rotation": {"angle": -22.5, "axis": "x", "origin": [7.8865, 17.68565, 13.55578]},
			"faces": {
				"north": {"uv": [3, 12, 3.75, 13], "texture": "#0"},
				"east": {"uv": [0, 0, 0, 1], "texture": "#0"},
				"south": {"uv": [12, 3, 12.75, 4], "texture": "#0"},
				"west": {"uv": [0, 0, 0, 1], "texture": "#0"},
				"up": {"uv": [0.75, 0, 0, 0], "texture": "#0"},
				"down": {"uv": [0.75, 0, 0, 0], "texture": "#0"}
			}
		},
		{
			"from": [7.1865, 17.68565, 13.54573],
			"to": [8.5865, 17.68565, 15.54573],
			"rotation": {"angle": 22.5, "axis": "x", "origin": [7.8865, 17.68565, 13.55578]},
			"faces": {
				"north": {"uv": [0, 0, 0.75, 0], "texture": "#0"},
				"east": {"uv": [0, 0, 1, 0], "texture": "#0"},
				"south": {"uv": [0, 0, 0.75, 0], "texture": "#0"},
				"west": {"uv": [0, 0, 1, 0], "texture": "#0"},
				"up": {"uv": [4.75, 13, 4, 12], "texture": "#0"},
				"down": {"uv": [5.75, 12, 5, 13], "texture": "#0"}
			}
		},
		{
			"from": [7.1865, 16.23565, 10.03065],
			"to": [8.5865, 17.73565, 13.53065],
			"rotation": {"angle": -45, "axis": "x", "origin": [7.8865, 16.98565, 11.78065]},
			"faces": {
				"north": {"uv": [3, 13, 3.75, 13.75], "texture": "#0"},
				"east": {"uv": [1, 8.5, 2.75, 9.25], "texture": "#0"},
				"south": {"uv": [13, 3, 13.75, 3.75], "texture": "#0"},
				"west": {"uv": [8.5, 4, 10.25, 4.75], "texture": "#0"},
				"up": {"uv": [5.75, 10.25, 5, 8.5], "texture": "#0"},
				"down": {"uv": [6.75, 8.5, 6, 10.25], "texture": "#0"}
			}
		},
		{
			"from": [6.65, 15.40183, 4.75],
			"to": [6.65, 16.90183, 6.75],
			"rotation": {"angle": 45, "axis": "x", "origin": [7.9, 16.65183, 8]},
			"faces": {
				"north": {"uv": [0, 0, 0, 0.75], "texture": "#0"},
				"east": {"uv": [6, 12, 7, 12.75], "texture": "#0"},
				"south": {"uv": [0, 0, 0, 0.75], "texture": "#0"},
				"west": {"uv": [7, 12, 8, 12.75], "texture": "#0"},
				"up": {"uv": [0, 1, 0, 0], "texture": "#0"},
				"down": {"uv": [0, 0, 0, 1], "texture": "#0"}
			}
		},
		{
			"from": [9.15, 17.90183, 7.75],
			"to": [9.15, 19.90183, 9.25],
			"rotation": {"angle": 45, "axis": "x", "origin": [10.15, 16.65183, 8]},
			"faces": {
				"north": {"uv": [0, 0, 0, 1], "texture": "#0"},
				"east": {"uv": [12, 7, 12.75, 8], "texture": "#0"},
				"south": {"uv": [0, 0, 0, 1], "texture": "#0"},
				"west": {"uv": [12, 8, 12.75, 9], "texture": "#0"},
				"up": {"uv": [0, 0.75, 0, 0], "texture": "#0"},
				"down": {"uv": [0, 0, 0, 0.75], "texture": "#0"}
			}
		},
		{
			"from": [8.9, 17.40183, 8.25],
			"to": [8.9, 19.90183, 9.75],
			"rotation": {"angle": 22.5, "axis": "x", "origin": [8.9, 18.90183, 9]},
			"faces": {
				"north": {"uv": [0, 0, 0, 1.25], "texture": "#0"},
				"east": {"uv": [3, 10.5, 3.75, 11.75], "texture": "#0"},
				"south": {"uv": [0, 0, 0, 1.25], "texture": "#0"},
				"west": {"uv": [4, 10.5, 4.75, 11.75], "texture": "#0"},
				"up": {"uv": [0, 0.75, 0, 0], "texture": "#0"},
				"down": {"uv": [0, 0, 0, 0.75], "texture": "#0"}
			}
		},
		{
			"from": [9.15, 17.40183, 7.25],
			"to": [9.15, 20.40183, 8.75],
			"rotation": {"angle": 0, "axis": "y", "origin": [10.15, 16.65183, 8]},
			"faces": {
				"north": {"uv": [0, 0, 0, 1.5], "texture": "#0"},
				"east": {"uv": [0, 9.5, 0.75, 11], "texture": "#0"},
				"south": {"uv": [0, 0, 0, 1.5], "texture": "#0"},
				"west": {"uv": [9.5, 0, 10.25, 1.5], "texture": "#0"},
				"up": {"uv": [0, 0.75, 0, 0], "texture": "#0"},
				"down": {"uv": [0, 0, 0, 0.75], "texture": "#0"}
			}
		},
		{
			"from": [8.9, 17.40183, 6.25],
			"to": [8.9, 19.90183, 7.75],
			"rotation": {"angle": -22.5, "axis": "x", "origin": [8.9, 18.90183, 7]},
			"faces": {
				"north": {"uv": [0, 0, 0, 1.25], "texture": "#0"},
				"east": {"uv": [10.5, 4, 11.25, 5.25], "texture": "#0"},
				"south": {"uv": [0, 0, 0, 1.25], "texture": "#0"},
				"west": {"uv": [5, 10.5, 5.75, 11.75], "texture": "#0"},
				"up": {"uv": [0, 0.75, 0, 0], "texture": "#0"},
				"down": {"uv": [0, 0, 0, 0.75], "texture": "#0"}
			}
		},
		{
			"from": [9.15, 15.40183, 4.75],
			"to": [9.15, 16.90183, 6.75],
			"rotation": {"angle": 45, "axis": "x", "origin": [10.4, 16.65183, 8]},
			"faces": {
				"north": {"uv": [0, 0, 0, 0.75], "texture": "#0"},
				"east": {"uv": [9.5, 12, 10.5, 12.75], "texture": "#0"},
				"south": {"uv": [0, 0, 0, 0.75], "texture": "#0"},
				"west": {"uv": [10.5, 12, 11.5, 12.75], "texture": "#0"},
				"up": {"uv": [0, 1, 0, 0], "texture": "#0"},
				"down": {"uv": [0, 0, 0, 1], "texture": "#0"}
			}
		},
		{
			"from": [6.9, 17.40183, 6.25],
			"to": [6.9, 19.90183, 7.75],
			"rotation": {"angle": -22.5, "axis": "x", "origin": [6.9, 18.90183, 7]},
			"faces": {
				"north": {"uv": [0, 0, 0, 1.25], "texture": "#0"},
				"east": {"uv": [10.5, 5.5, 11.25, 6.75], "texture": "#0"},
				"south": {"uv": [0, 0, 0, 1.25], "texture": "#0"},
				"west": {"uv": [6, 10.5, 6.75, 11.75], "texture": "#0"},
				"up": {"uv": [0, 0.75, 0, 0], "texture": "#0"},
				"down": {"uv": [0, 0, 0, 0.75], "texture": "#0"}
			}
		},
		{
			"from": [6.65, 17.40183, 7.25],
			"to": [6.65, 20.40183, 8.75],
			"rotation": {"angle": 0, "axis": "y", "origin": [7.65, 16.65183, 8]},
			"faces": {
				"north": {"uv": [0, 0, 0, 1.5], "texture": "#0"},
				"east": {"uv": [1, 9.5, 1.75, 11], "texture": "#0"},
				"south": {"uv": [0, 0, 0, 1.5], "texture": "#0"},
				"west": {"uv": [9.5, 1.5, 10.25, 3], "texture": "#0"},
				"up": {"uv": [0, 0.75, 0, 0], "texture": "#0"},
				"down": {"uv": [0, 0, 0, 0.75], "texture": "#0"}
			}
		},
		{
			"from": [6.9, 17.40183, 8.25],
			"to": [6.9, 19.90183, 9.75],
			"rotation": {"angle": 22.5, "axis": "x", "origin": [6.9, 18.90183, 9]},
			"faces": {
				"north": {"uv": [0, 0, 0, 1.25], "texture": "#0"},
				"east": {"uv": [10.5, 9, 11.25, 10.25], "texture": "#0"},
				"south": {"uv": [0, 0, 0, 1.25], "texture": "#0"},
				"west": {"uv": [10.5, 10.5, 11.25, 11.75], "texture": "#0"},
				"up": {"uv": [0, 0.75, 0, 0], "texture": "#0"},
				"down": {"uv": [0, 0, 0, 0.75], "texture": "#0"}
			}
		},
		{
			"from": [6.65, 17.90183, 7.75],
			"to": [6.65, 19.90183, 9.25],
			"rotation": {"angle": 45, "axis": "x", "origin": [7.65, 16.65183, 8]},
			"faces": {
				"north": {"uv": [0, 0, 0, 1], "texture": "#0"},
				"east": {"uv": [11.5, 12, 12.25, 13], "texture": "#0"},
				"south": {"uv": [0, 0, 0, 1], "texture": "#0"},
				"west": {"uv": [12.5, 0, 13.25, 1], "texture": "#0"},
				"up": {"uv": [0, 0.75, 0, 0], "texture": "#0"},
				"down": {"uv": [0, 0, 0, 0.75], "texture": "#0"}
			}
		},
		{
			"from": [8, -1.16966, 4.63241],
			"to": [8, 1.83034, 5.63241],
			"rotation": {"angle": -22.5, "axis": "x", "origin": [10.38649, 11.2046, 8.00001]},
			"faces": {
				"north": {"uv": [0, 0, 0, 1.5], "texture": "#0"},
				"east": {"uv": [8, 12, 8.5, 13.5], "texture": "#0"},
				"south": {"uv": [0, 0, 0, 1.5], "texture": "#0"},
				"west": {"uv": [2, 12.5, 2.5, 14], "texture": "#0"},
				"up": {"uv": [0, 0.5, 0, 0], "texture": "#0"},
				"down": {"uv": [0, 0, 0, 0.5], "texture": "#0"}
			}
		},
		{
			"from": [8, -2.11213, 7.50001],
			"to": [8, 0.88787, 8.50001],
			"rotation": {"angle": 0, "axis": "y", "origin": [10.38649, 11.2046, 8.00001]},
			"faces": {
				"north": {"uv": [0, 0, 0, 1.5], "texture": "#0"},
				"east": {"uv": [2.5, 12.5, 3, 14], "texture": "#0"},
				"south": {"uv": [0, 0, 0, 1.5], "texture": "#0"},
				"west": {"uv": [12.5, 4, 13, 5.5], "texture": "#0"},
				"up": {"uv": [0, 0.5, 0, 0], "texture": "#0"},
				"down": {"uv": [0, 0, 0, 0.5], "texture": "#0"}
			}
		},
		{
			"from": [8, -1.16966, 10.36761],
			"to": [8, 1.83034, 11.36761],
			"rotation": {"angle": 22.5, "axis": "x", "origin": [10.38649, 11.2046, 8.00001]},
			"faces": {
				"north": {"uv": [0, 0, 0, 1.5], "texture": "#0"},
				"east": {"uv": [12.5, 5.5, 13, 7], "texture": "#0"},
				"south": {"uv": [0, 0, 0, 1.5], "texture": "#0"},
				"west": {"uv": [8.5, 12.5, 9, 14], "texture": "#0"},
				"up": {"uv": [0, 0.5, 0, 0], "texture": "#0"},
				"down": {"uv": [0, 0, 0, 0.5], "texture": "#0"}
			}
		}
	],
	"display": {
		"thirdperson_righthand": {
			"translation": [0, -1, 0.5],
			"scale": [0.9, 0.9, 0.9]
		},
		"thirdperson_lefthand": {
			"translation": [0, -1, 0.5],
			"scale": [0.9, 0.9, 0.9]
		},
		"firstperson_righthand": {
			"rotation": [-5, 0, 0],
			"translation": [0, 0, -1],
			"scale": [0.7, 0.7, 0.7]
		},
		"firstperson_lefthand": {
			"rotation": [-5, 0, 0],
			"translation": [0, 0, -1],
			"scale": [0.7, 0.7, 0.7]
		},
		"ground": {
			"translation": [0, 6, 0],
			"scale": [0.7, 0.7, 0.7]
		},
		"gui": {
			"rotation": [90, -45, 90],
			"translation": [1.25, -1, 0],
			"scale": [0.7, 0.7, 0.7]
		},
		"fixed": {
			"rotation": [-90, 45, 90],
			"translation": [2, -1.5, 0],
			"scale": [0.7, 0.7, 0.7]
		}
	},
	"groups": [
		{
			"name": "parrottrident",
			"origin": [8, 4.75, 7.5],
			"color": 0,
			"children": [0, 1, 2, 3, 4, 5, 6, 7, 8, 9, 10, 11, 12, 13, 14, 15, 16, 17, 18, 19, 20, 21, 22, 23, 24, 25, 26, 27, 28, 29, 30, 31, 32, 33, 34, 35, 36, 37, 38, 39, 40, 41, 42, 43, 44, 45]
		}
	]
}