{
	"credit": "Made with Blockbench",
	"texture_size": [64, 64],
	"textures": {
		"1": "minewave:item/parrot/wings"
	},
	"elements": [
		{
			"from": [0.99633, 7.09176, 7],
			"to": [6.99633, 8.59176, 9],
			"rotation": {"angle": 0, "axis": "y", "origin": [3.49633, 7.84176, 8]},
			"faces": {
				"north": {"uv": [6, 5.75, 7.5, 6.125], "texture": "#1"},
				"east": {"uv": [8.25, 6.25, 8.75, 6.625], "texture": "#1"},
				"south": {"uv": [4.5, 6.25, 6, 6.625], "texture": "#1"},
				"west": {"uv": [7.5, 8.25, 8, 8.625], "texture": "#1"},
				"up": {"uv": [7, 4, 5.5, 3.5], "texture": "#1"},
				"down": {"uv": [7, 4, 5.5, 4.5], "texture": "#1"}
			}
		},
		{
			"from": [-1.00367, 0.09176, 8],
			"to": [6.99633, 8.09176, 8],
			"rotation": {"angle": 0, "axis": "y", "origin": [2.49633, 7.84176, 8]},
			"faces": {
				"north": {"uv": [0, 0, 2, 2], "texture": "#1"},
				"east": {"uv": [0, 0, 0, 2], "texture": "#1"},
				"south": {"uv": [0, 2, 2, 4], "texture": "#1"},
				"west": {"uv": [0, 0, 0, 2], "texture": "#1"},
				"up": {"uv": [2, 0, 0, 0], "texture": "#1"},
				"down": {"uv": [0, 0, 2, 0], "texture": "#1"}
			}
		},
		{
			"from": [2, 6.55183, 6.75],
			"to": [4, 8.05183, 6.75],
			"rotation": {"angle": 45, "axis": "z", "origin": [0.75, 7.80183, 8]},
			"faces": {
				"north": {"uv": [8, 8.25, 8.5, 8.625], "texture": "#1"},
				"east": {"uv": [0, 0, 0, 0.375], "texture": "#1"},
				"south": {"uv": [0, 8.5, 0.5, 8.875], "texture": "#1"},
				"west": {"uv": [0, 0, 0, 0.375], "texture": "#1"},
				"up": {"uv": [0, 0, 0.375, 0], "texture": "#1"},
				"down": {"uv": [0, 0, 0.375, 0], "texture": "#1"}
			}
		},
		{
			"from": [-1, 8.55183, 6.9],
			"to": [0.5, 11.05183, 6.9],
			"rotation": {"angle": 22.5, "axis": "z", "origin": [-0.25, 10.05183, 6.9]},
			"faces": {
				"north": {"uv": [8, 2.5, 8.375, 3.125], "texture": "#1"},
				"east": {"uv": [0, 0, 0, 0.625], "texture": "#1"},
				"south": {"uv": [3.5, 8, 3.875, 8.625], "texture": "#1"},
				"west": {"uv": [0, 0, 0, 0.625], "texture": "#1"},
				"up": {"uv": [0.375, 0, 0, 0], "texture": "#1"},
				"down": {"uv": [0, 0, 0.375, 0], "texture": "#1"}
			}
		},
		{
			"from": [0, 8.55183, 6.75],
			"to": [1.5, 11.55183, 6.75],
			"rotation": {"angle": 0, "axis": "y", "origin": [0.75, 7.80183, 7.75]},
			"faces": {
				"north": {"uv": [3, 7.5, 3.375, 8.25], "texture": "#1"},
				"east": {"uv": [0, 0, 0, 0.75], "texture": "#1"},
				"south": {"uv": [4.5, 7.5, 4.875, 8.25], "texture": "#1"},
				"west": {"uv": [0, 0, 0, 0.75], "texture": "#1"},
				"up": {"uv": [0, 0, 0.375, 0], "texture": "#1"},
				"down": {"uv": [0, 0, 0.375, 0], "texture": "#1"}
			}
		},
		{
			"from": [-0.5, 9.05183, 6.75],
			"to": [1, 11.05183, 6.75],
			"rotation": {"angle": 45, "axis": "z", "origin": [0.75, 7.80183, 7.75]},
			"faces": {
				"north": {"uv": [0.5, 8.5, 0.875, 9], "texture": "#1"},
				"east": {"uv": [0, 0, 0, 0.375], "texture": "#1"},
				"south": {"uv": [1, 8.5, 1.375, 9], "texture": "#1"},
				"west": {"uv": [0, 0, 0, 0.375], "texture": "#1"},
				"up": {"uv": [0, 0, 0.375, 0], "texture": "#1"},
				"down": {"uv": [0, 0, 0.375, 0], "texture": "#1"}
			}
		},
		{
			"from": [1, 8.55183, 9.1],
			"to": [2.5, 11.05183, 9.1],
			"rotation": {"angle": -22.5, "axis": "z", "origin": [1.75, 10.05183, 9.1]},
			"faces": {
				"north": {"uv": [4, 8, 4.375, 8.625], "texture": "#1"},
				"east": {"uv": [0, 0, 0, 0.625], "texture": "#1"},
				"south": {"uv": [6, 8, 6.375, 8.625], "texture": "#1"},
				"west": {"uv": [0, 0, 0, 0.625], "texture": "#1"},
				"up": {"uv": [0, 0, 0.375, 0], "texture": "#1"},
				"down": {"uv": [0, 0, 0.375, 0], "texture": "#1"}
			}
		},
		{
			"from": [-0.5, 9.05183, 9.25],
			"to": [1, 11.05183, 9.25],
			"rotation": {"angle": 45, "axis": "z", "origin": [0.75, 7.80183, 10.25]},
			"faces": {
				"north": {"uv": [1.5, 8.5, 1.875, 9], "texture": "#1"},
				"east": {"uv": [0, 0, 0, 0.375], "texture": "#1"},
				"south": {"uv": [8.5, 2.25, 8.875, 2.75], "texture": "#1"},
				"west": {"uv": [0, 0, 0, 0.375], "texture": "#1"},
				"up": {"uv": [0, 0, 0.375, 0], "texture": "#1"},
				"down": {"uv": [0, 0, 0.375, 0], "texture": "#1"}
			}
		},
		{
			"from": [0, 8.55183, 9.25],
			"to": [1.5, 11.55183, 9.25],
			"rotation": {"angle": 0, "axis": "y", "origin": [0.75, 7.80183, 10.25]},
			"faces": {
				"north": {"uv": [5, 7.5, 5.375, 8.25], "texture": "#1"},
				"east": {"uv": [0, 0, 0, 0.75], "texture": "#1"},
				"south": {"uv": [5.5, 7.5, 5.875, 8.25], "texture": "#1"},
				"west": {"uv": [0, 0, 0, 0.75], "texture": "#1"},
				"up": {"uv": [0, 0, 0.375, 0], "texture": "#1"},
				"down": {"uv": [0, 0, 0.375, 0], "texture": "#1"}
			}
		},
		{
			"from": [-1, 8.55183, 9.1],
			"to": [0.5, 11.05183, 9.1],
			"rotation": {"angle": 22.5, "axis": "z", "origin": [-0.25, 10.05183, 9.1]},
			"faces": {
				"north": {"uv": [6.5, 8, 6.875, 8.625], "texture": "#1"},
				"east": {"uv": [0, 0, 0, 0.625], "texture": "#1"},
				"south": {"uv": [8, 6.75, 8.375, 7.375], "texture": "#1"},
				"west": {"uv": [0, 0, 0, 0.625], "texture": "#1"},
				"up": {"uv": [0, 0, 0.375, 0], "texture": "#1"},
				"down": {"uv": [0, 0, 0.375, 0], "texture": "#1"}
			}
		},
		{
			"from": [2, 6.55183, 9.25],
			"to": [4, 8.05183, 9.25],
			"rotation": {"angle": 45, "axis": "z", "origin": [0.75, 7.80183, 10.5]},
			"faces": {
				"north": {"uv": [8.5, 2.75, 9, 3.125], "texture": "#1"},
				"east": {"uv": [0, 0, 0, 0.375], "texture": "#1"},
				"south": {"uv": [8.5, 3.25, 9, 3.625], "texture": "#1"},
				"west": {"uv": [0, 0, 0, 0.375], "texture": "#1"},
				"up": {"uv": [0, 0, 0.375, 0], "texture": "#1"},
				"down": {"uv": [0, 0, 0.375, 0], "texture": "#1"}
			}
		},
		{
			"from": [1, 8.55183, 6.9],
			"to": [2.5, 11.05183, 6.9],
			"rotation": {"angle": -22.5, "axis": "z", "origin": [1.75, 10.05183, 6.9]},
			"faces": {
				"north": {"uv": [7, 8, 7.375, 8.625], "texture": "#1"},
				"east": {"uv": [0, 0, 0, 0.625], "texture": "#1"},
				"south": {"uv": [8, 7.5, 8.375, 8.125], "texture": "#1"},
				"west": {"uv": [0, 0, 0, 0.625], "texture": "#1"},
				"up": {"uv": [0, 0, 0.375, 0], "texture": "#1"},
				"down": {"uv": [0, 0, 0.375, 0], "texture": "#1"}
			}
		},
		{
			"from": [-5.00367, 0.09176, 8],
			"to": [-1.00367, 10.09176, 8],
			"rotation": {"angle": 0, "axis": "y", "origin": [2.49633, 7.84176, 8]},
			"faces": {
				"north": {"uv": [0, 4, 1, 6.5], "texture": "#1"},
				"east": {"uv": [0, 0, 0, 2.5], "texture": "#1"},
				"south": {"uv": [4, 0, 5, 2.5], "texture": "#1"},
				"west": {"uv": [0, 0, 0, 2.5], "texture": "#1"},
				"up": {"uv": [1, 0, 0, 0], "texture": "#1"},
				"down": {"uv": [0, 0, 1, 0], "texture": "#1"}
			}
		},
		{
			"from": [-8.00367, 0.09176, 8],
			"to": [-5.00367, 11.09176, 8],
			"rotation": {"angle": 0, "axis": "y", "origin": [2.49633, 7.84176, 8]},
			"faces": {
				"north": {"uv": [4, 2.5, 4.75, 5.25], "texture": "#1"},
				"east": {"uv": [0, 0, 0, 2.75], "texture": "#1"},
				"south": {"uv": [3, 4, 3.75, 6.75], "texture": "#1"},
				"west": {"uv": [0, 0, 0, 2.75], "texture": "#1"},
				"up": {"uv": [0, 0, 0.75, 0], "texture": "#1"},
				"down": {"uv": [0, 0, 0.75, 0], "texture": "#1"}
			}
		},
		{
			"from": [-9.00367, 7.09176, 7],
			"to": [0.99633, 8.59176, 9],
			"rotation": {"angle": -22.5, "axis": "z", "origin": [0.99633, 7.09176, 8]},
			"faces": {
				"north": {"uv": [5, 2, 7.5, 2.375], "texture": "#1"},
				"east": {"uv": [8.5, 3.75, 9, 4.125], "texture": "#1"},
				"south": {"uv": [4.5, 5.25, 7, 5.625], "texture": "#1"},
				"west": {"uv": [8.5, 4.25, 9, 4.625], "texture": "#1"},
				"up": {"uv": [7.5, 0.5, 5, 0], "texture": "#1"},
				"down": {"uv": [7.5, 0.5, 5, 1], "texture": "#1"}
			}
		},
		{
			"from": [-8.20067, 7.93871, 7.25],
			"to": [-8.20067, 10.93871, 8.75],
			"rotation": {"angle": -45, "axis": "z", "origin": [-8.22829, 10.94262, 8]},
			"faces": {
				"north": {"uv": [0, 0, 0, 0.75], "texture": "#1"},
				"east": {"uv": [7.5, 0, 7.875, 0.75], "texture": "#1"},
				"south": {"uv": [0, 0, 0, 0.75], "texture": "#1"},
				"west": {"uv": [7.5, 0.75, 7.875, 1.5], "texture": "#1"},
				"up": {"uv": [0, 0.375, 0, 0], "texture": "#1"},
				"down": {"uv": [0, 0, 0, 0.375], "texture": "#1"}
			}
		},
		{
			"from": [-11.2322, 10.915, 7.25],
			"to": [-8.2322, 10.915, 8.75],
			"rotation": {"angle": 22.5, "axis": "z", "origin": [-8.22829, 10.94262, 8]},
			"faces": {
				"north": {"uv": [0, 0, 0.75, 0], "texture": "#1"},
				"east": {"uv": [0, 0, 0.375, 0], "texture": "#1"},
				"south": {"uv": [0, 0, 0.75, 0], "texture": "#1"},
				"west": {"uv": [0, 0, 0.375, 0], "texture": "#1"},
				"up": {"uv": [8.25, 1.875, 7.5, 1.5], "texture": "#1"},
				"down": {"uv": [8.25, 2, 7.5, 2.375], "texture": "#1"}
			}
		},
		{
			"from": [-11.2322, 10.915, 7.25],
			"to": [-8.2322, 10.915, 8.75],
			"rotation": {"angle": -22.5, "axis": "z", "origin": [-8.22829, 10.94262, 8]},
			"faces": {
				"north": {"uv": [0, 0, 0.75, 0], "texture": "#1"},
				"east": {"uv": [0, 0, 0.375, 0], "texture": "#1"},
				"south": {"uv": [0, 0, 0.75, 0], "texture": "#1"},
				"west": {"uv": [0, 0, 0.375, 0], "texture": "#1"},
				"up": {"uv": [2.25, 7.625, 1.5, 7.25], "texture": "#1"},
				"down": {"uv": [3, 7.25, 2.25, 7.625], "texture": "#1"}
			}
		},
		{
			"from": [-9.00367, 8.59176, 7],
			"to": [-6.00367, 10.09176, 7],
			"rotation": {"angle": -22.5, "axis": "z", "origin": [0.99633, 7.09176, 8]},
			"faces": {
				"north": {"uv": [7.5, 5.75, 8.25, 6.125], "texture": "#1"},
				"east": {"uv": [0, 0, 0, 0.375], "texture": "#1"},
				"south": {"uv": [6, 7.5, 6.75, 7.875], "texture": "#1"},
				"west": {"uv": [0, 0, 0, 0.375], "texture": "#1"},
				"up": {"uv": [0, 0, 0.75, 0], "texture": "#1"},
				"down": {"uv": [0, 0, 0.75, 0], "texture": "#1"}
			}
		},
		{
			"from": [-9.00367, 8.59176, 9],
			"to": [-6.00367, 10.09176, 9],
			"rotation": {"angle": -22.5, "axis": "z", "origin": [0.99633, 7.09176, 8]},
			"faces": {
				"north": {"uv": [7.5, 6.25, 8.25, 6.625], "texture": "#1"},
				"east": {"uv": [0, 0, 0, 0.375], "texture": "#1"},
				"south": {"uv": [6.75, 7.5, 7.5, 7.875], "texture": "#1"},
				"west": {"uv": [0, 0, 0, 0.375], "texture": "#1"},
				"up": {"uv": [0, 0, 0.75, 0], "texture": "#1"},
				"down": {"uv": [0, 0, 0.75, 0], "texture": "#1"}
			}
		},
		{
			"from": [-9.00367, 8.59176, 7],
			"to": [-9.00367, 10.09176, 9],
			"rotation": {"angle": -22.5, "axis": "z", "origin": [0.99633, 7.09176, 8]},
			"faces": {
				"north": {"uv": [0, 0, 0, 0.375], "texture": "#1"},
				"east": {"uv": [8.5, 4.75, 9, 5.125], "texture": "#1"},
				"south": {"uv": [0, 0, 0, 0.375], "texture": "#1"},
				"west": {"uv": [8.5, 6.75, 9, 7.125], "texture": "#1"},
				"up": {"uv": [0, 0, 0, 0.375], "texture": "#1"},
				"down": {"uv": [0, 0, 0, 0.375], "texture": "#1"}
			}
		},
		{
			"from": [8.99633, 7.09176, 7],
			"to": [14.99633, 8.59176, 9],
			"rotation": {"angle": 0, "axis": "y", "origin": [12.49633, 7.84176, 8]},
			"faces": {
				"north": {"uv": [6, 6.25, 7.5, 6.625], "texture": "#1"},
				"east": {"uv": [8.5, 7.25, 9, 7.625], "texture": "#1"},
				"south": {"uv": [0, 6.5, 1.5, 6.875], "texture": "#1"},
				"west": {"uv": [8.5, 7.75, 9, 8.125], "texture": "#1"},
				"up": {"uv": [7, 5, 5.5, 4.5], "texture": "#1"},
				"down": {"uv": [6, 5.75, 4.5, 6.25], "texture": "#1"}
			}
		},
		{
			"from": [13.74633, 6.59176, 6.5],
			"to": [16.24633, 9.09176, 9.5],
			"rotation": {"angle": -45, "axis": "z", "origin": [14.99633, 7.84176, 8]},
			"faces": {
				"north": {"uv": [0.75, 7, 1.375, 7.625], "texture": "#1"},
				"east": {"uv": [1.5, 6.5, 2.25, 7.125], "texture": "#1"},
				"south": {"uv": [7, 3.5, 7.625, 4.125], "texture": "#1"},
				"west": {"uv": [2.25, 6.5, 3, 7.125], "texture": "#1"},
				"up": {"uv": [3.625, 7.5, 3, 6.75], "texture": "#1"},
				"down": {"uv": [5.125, 6.75, 4.5, 7.5], "texture": "#1"}
			}
		},
		{
			"from": [15.25, 8.55183, 6.9],
			"to": [16.75, 11.05183, 6.9],
			"rotation": {"angle": -22.5, "axis": "z", "origin": [16, 10.05183, 6.9]},
			"faces": {
				"north": {"uv": [8.25, 1.5, 8.625, 2.125], "texture": "#1"},
				"east": {"uv": [0, 0, 0, 0.625], "texture": "#1"},
				"south": {"uv": [2, 8.25, 2.375, 8.875], "texture": "#1"},
				"west": {"uv": [0, 0, 0, 0.625], "texture": "#1"},
				"up": {"uv": [0, 0, 0.375, 0], "texture": "#1"},
				"down": {"uv": [0, 0, 0.375, 0], "texture": "#1"}
			}
		},
		{
			"from": [16.25, 6.55183, 9.25],
			"to": [18.25, 8.05183, 9.25],
			"rotation": {"angle": 45, "axis": "z", "origin": [15, 7.80183, 10.5]},
			"faces": {
				"north": {"uv": [8.5, 8.25, 9, 8.625], "texture": "#1"},
				"east": {"uv": [0, 0, 0, 0.375], "texture": "#1"},
				"south": {"uv": [8.75, 0, 9.25, 0.375], "texture": "#1"},
				"west": {"uv": [0, 0, 0, 0.375], "texture": "#1"},
				"up": {"uv": [0, 0, 0.375, 0], "texture": "#1"},
				"down": {"uv": [0, 0, 0.375, 0], "texture": "#1"}
			}
		},
		{
			"from": [13.25, 8.55183, 9.1],
			"to": [14.75, 11.05183, 9.1],
			"rotation": {"angle": 22.5, "axis": "z", "origin": [14, 10.05183, 9.1]},
			"faces": {
				"north": {"uv": [2.5, 8.25, 2.875, 8.875], "texture": "#1"},
				"east": {"uv": [0, 0, 0, 0.625], "texture": "#1"},
				"south": {"uv": [3, 8.25, 3.375, 8.875], "texture": "#1"},
				"west": {"uv": [0, 0, 0, 0.625], "texture": "#1"},
				"up": {"uv": [0, 0, 0.375, 0], "texture": "#1"},
				"down": {"uv": [0, 0, 0.375, 0], "texture": "#1"}
			}
		},
		{
			"from": [14.25, 8.55183, 9.25],
			"to": [15.75, 11.55183, 9.25],
			"rotation": {"angle": 0, "axis": "y", "origin": [15, 7.80183, 10.25]},
			"faces": {
				"north": {"uv": [7.5, 6.75, 7.875, 7.5], "texture": "#1"},
				"east": {"uv": [0, 0, 0, 0.75], "texture": "#1"},
				"south": {"uv": [7.5, 7.5, 7.875, 8.25], "texture": "#1"},
				"west": {"uv": [0, 0, 0, 0.75], "texture": "#1"},
				"up": {"uv": [0, 0, 0.375, 0], "texture": "#1"},
				"down": {"uv": [0, 0, 0.375, 0], "texture": "#1"}
			}
		},
		{
			"from": [13.75, 9.05183, 9.25],
			"to": [15.25, 11.05183, 9.25],
			"rotation": {"angle": 45, "axis": "z", "origin": [15, 7.80183, 10.25]},
			"faces": {
				"north": {"uv": [8.75, 0.5, 9.125, 1], "texture": "#1"},
				"east": {"uv": [0, 0, 0, 0.375], "texture": "#1"},
				"south": {"uv": [8.75, 1, 9.125, 1.5], "texture": "#1"},
				"west": {"uv": [0, 0, 0, 0.375], "texture": "#1"},
				"up": {"uv": [0, 0, 0.375, 0], "texture": "#1"},
				"down": {"uv": [0, 0, 0.375, 0], "texture": "#1"}
			}
		},
		{
			"from": [15.25, 8.55183, 9.1],
			"to": [16.75, 11.05183, 9.1],
			"rotation": {"angle": -22.5, "axis": "z", "origin": [16, 10.05183, 9.1]},
			"faces": {
				"north": {"uv": [4.5, 8.25, 4.875, 8.875], "texture": "#1"},
				"east": {"uv": [0, 0, 0, 0.625], "texture": "#1"},
				"south": {"uv": [5, 8.25, 5.375, 8.875], "texture": "#1"},
				"west": {"uv": [0, 0, 0, 0.625], "texture": "#1"},
				"up": {"uv": [0, 0, 0.375, 0], "texture": "#1"},
				"down": {"uv": [0, 0, 0.375, 0], "texture": "#1"}
			}
		},
		{
			"from": [13.75, 9.05183, 6.75],
			"to": [15.25, 11.05183, 6.75],
			"rotation": {"angle": 45, "axis": "z", "origin": [15, 7.80183, 7.75]},
			"faces": {
				"north": {"uv": [8.75, 1.5, 9.125, 2], "texture": "#1"},
				"east": {"uv": [0, 0, 0, 0.375], "texture": "#1"},
				"south": {"uv": [3.5, 8.75, 3.875, 9.25], "texture": "#1"},
				"west": {"uv": [0, 0, 0, 0.375], "texture": "#1"},
				"up": {"uv": [0, 0, 0.375, 0], "texture": "#1"},
				"down": {"uv": [0, 0, 0.375, 0], "texture": "#1"}
			}
		},
		{
			"from": [14.25, 8.55183, 6.75],
			"to": [15.75, 11.55183, 6.75],
			"rotation": {"angle": 0, "axis": "y", "origin": [15, 7.80183, 7.75]},
			"faces": {
				"north": {"uv": [0, 7.75, 0.375, 8.5], "texture": "#1"},
				"east": {"uv": [0, 0, 0, 0.75], "texture": "#1"},
				"south": {"uv": [0.5, 7.75, 0.875, 8.5], "texture": "#1"},
				"west": {"uv": [0, 0, 0, 0.75], "texture": "#1"},
				"up": {"uv": [0, 0, 0.375, 0], "texture": "#1"},
				"down": {"uv": [0, 0, 0.375, 0], "texture": "#1"}
			}
		},
		{
			"from": [13.25, 8.55183, 6.9],
			"to": [14.75, 11.05183, 6.9],
			"rotation": {"angle": 22.5, "axis": "z", "origin": [14, 10.05183, 6.9]},
			"faces": {
				"north": {"uv": [5.5, 8.25, 5.875, 8.875], "texture": "#1"},
				"east": {"uv": [0, 0, 0, 0.625], "texture": "#1"},
				"south": {"uv": [8.25, 5.5, 8.625, 6.125], "texture": "#1"},
				"west": {"uv": [0, 0, 0, 0.625], "texture": "#1"},
				"up": {"uv": [0, 0, 0.375, 0], "texture": "#1"},
				"down": {"uv": [0, 0, 0.375, 0], "texture": "#1"}
			}
		},
		{
			"from": [16.25, 6.55183, 6.75],
			"to": [18.25, 8.05183, 6.75],
			"rotation": {"angle": 45, "axis": "z", "origin": [15, 7.80183, 8]},
			"faces": {
				"north": {"uv": [4, 8.75, 4.5, 9.125], "texture": "#1"},
				"east": {"uv": [0, 0, 0, 0.375], "texture": "#1"},
				"south": {"uv": [8.75, 5.25, 9.25, 5.625], "texture": "#1"},
				"west": {"uv": [0, 0, 0, 0.375], "texture": "#1"},
				"up": {"uv": [0, 0, 0.375, 0], "texture": "#1"},
				"down": {"uv": [0, 0, 0.375, 0], "texture": "#1"}
			}
		},
		{
			"from": [-0.50367, 6.59176, 6.5],
			"to": [1.99633, 9.09176, 9.5],
			"rotation": {"angle": -45, "axis": "z", "origin": [0.74633, 7.84176, 8]},
			"faces": {
				"north": {"uv": [7, 4.25, 7.625, 4.875], "texture": "#1"},
				"east": {"uv": [5.25, 6.75, 6, 7.375], "texture": "#1"},
				"south": {"uv": [7, 5, 7.625, 5.625], "texture": "#1"},
				"west": {"uv": [6, 6.75, 6.75, 7.375], "texture": "#1"},
				"up": {"uv": [7.375, 7.5, 6.75, 6.75], "texture": "#1"},
				"down": {"uv": [0.625, 7, 0, 7.75], "texture": "#1"}
			}
		},
		{
			"from": [8.99633, 0.09176, 8],
			"to": [16.99633, 8.09176, 8],
			"rotation": {"angle": 0, "axis": "y", "origin": [12.49633, 7.84176, 8]},
			"faces": {
				"north": {"uv": [2, 0, 4, 2], "texture": "#1"},
				"east": {"uv": [0, 0, 0, 2], "texture": "#1"},
				"south": {"uv": [2, 2, 4, 4], "texture": "#1"},
				"west": {"uv": [0, 0, 0, 2], "texture": "#1"},
				"up": {"uv": [0, 0, 2, 0], "texture": "#1"},
				"down": {"uv": [0, 0, 2, 0], "texture": "#1"}
			}
		},
		{
			"from": [20.99633, 0.09176, 8],
			"to": [23.99633, 11.09176, 8],
			"rotation": {"angle": 0, "axis": "y", "origin": [12.49633, 7.84176, 8]},
			"faces": {
				"north": {"uv": [4.75, 2.5, 5.5, 5.25], "texture": "#1"},
				"east": {"uv": [0, 0, 0, 2.75], "texture": "#1"},
				"south": {"uv": [3.75, 5.25, 4.5, 8], "texture": "#1"},
				"west": {"uv": [0, 0, 0, 2.75], "texture": "#1"},
				"up": {"uv": [0, 0, 0.75, 0], "texture": "#1"},
				"down": {"uv": [0, 0, 0.75, 0], "texture": "#1"}
			}
		},
		{
			"from": [16.99633, 0.09176, 8],
			"to": [20.99633, 10.09176, 8],
			"rotation": {"angle": 0, "axis": "y", "origin": [12.49633, 7.84176, 8]},
			"faces": {
				"north": {"uv": [1, 4, 2, 6.5], "texture": "#1"},
				"east": {"uv": [0, 0, 0, 2.5], "texture": "#1"},
				"south": {"uv": [2, 4, 3, 6.5], "texture": "#1"},
				"west": {"uv": [0, 0, 0, 2.5], "texture": "#1"},
				"up": {"uv": [0, 0, 1, 0], "texture": "#1"},
				"down": {"uv": [0, 0, 1, 0], "texture": "#1"}
			}
		},
		{
			"from": [14.99633, 7.09176, 7],
			"to": [24.99633, 8.59176, 9],
			"rotation": {"angle": 22.5, "axis": "z", "origin": [14.99633, 7.09176, 8]},
			"faces": {
				"north": {"uv": [5.5, 2.5, 8, 2.875], "texture": "#1"},
				"east": {"uv": [8.75, 5.75, 9.25, 6.125], "texture": "#1"},
				"south": {"uv": [5.5, 3, 8, 3.375], "texture": "#1"},
				"west": {"uv": [6, 8.75, 6.5, 9.125], "texture": "#1"},
				"up": {"uv": [7.5, 1.5, 5, 1], "texture": "#1"},
				"down": {"uv": [7.5, 1.5, 5, 2], "texture": "#1"}
			}
		},
		{
			"from": [24.19332, 7.93871, 7.25],
			"to": [24.19332, 10.93871, 8.75],
			"rotation": {"angle": 45, "axis": "z", "origin": [24.22094, 10.94262, 8]},
			"faces": {
				"north": {"uv": [0, 0, 0, 0.75], "texture": "#1"},
				"east": {"uv": [1, 7.75, 1.375, 8.5], "texture": "#1"},
				"south": {"uv": [0, 0, 0, 0.75], "texture": "#1"},
				"west": {"uv": [1.5, 7.75, 1.875, 8.5], "texture": "#1"},
				"up": {"uv": [0, 0, 0, 0.375], "texture": "#1"},
				"down": {"uv": [0, 0, 0, 0.375], "texture": "#1"}
			}
		},
		{
			"from": [24.22485, 10.915, 7.25],
			"to": [27.22485, 10.915, 8.75],
			"rotation": {"angle": -22.5, "axis": "z", "origin": [24.22094, 10.94262, 8]},
			"faces": {
				"north": {"uv": [0, 0, 0.75, 0], "texture": "#1"},
				"east": {"uv": [0, 0, 0.375, 0], "texture": "#1"},
				"south": {"uv": [0, 0, 0.75, 0], "texture": "#1"},
				"west": {"uv": [0, 0, 0.375, 0], "texture": "#1"},
				"up": {"uv": [2.75, 8.125, 2, 7.75], "texture": "#1"},
				"down": {"uv": [8.5, 3.5, 7.75, 3.875], "texture": "#1"}
			}
		},
		{
			"from": [24.22485, 10.915, 7.25],
			"to": [27.22485, 10.915, 8.75],
			"rotation": {"angle": 22.5, "axis": "z", "origin": [24.22094, 10.94262, 8]},
			"faces": {
				"north": {"uv": [0, 0, 0.75, 0], "texture": "#1"},
				"east": {"uv": [0, 0, 0.375, 0], "texture": "#1"},
				"south": {"uv": [0, 0, 0.75, 0], "texture": "#1"},
				"west": {"uv": [0, 0, 0.375, 0], "texture": "#1"},
				"up": {"uv": [8.5, 4.375, 7.75, 4], "texture": "#1"},
				"down": {"uv": [8.5, 4.5, 7.75, 4.875], "texture": "#1"}
			}
		},
		{
			"from": [24.99633, 8.59176, 7],
			"to": [24.99633, 10.09176, 9],
			"rotation": {"angle": 22.5, "axis": "z", "origin": [14.99633, 7.09176, 8]},
			"faces": {
				"north": {"uv": [0, 0, 0, 0.375], "texture": "#1"},
				"east": {"uv": [8.75, 6.25, 9.25, 6.625], "texture": "#1"},
				"south": {"uv": [0, 0, 0, 0.375], "texture": "#1"},
				"west": {"uv": [6.5, 8.75, 7, 9.125], "texture": "#1"},
				"up": {"uv": [0, 0, 0, 0.375], "texture": "#1"},
				"down": {"uv": [0, 0, 0, 0.375], "texture": "#1"}
			}
		},
		{
			"from": [21.99633, 8.59176, 9],
			"to": [24.99633, 10.09176, 9],
			"rotation": {"angle": 22.5, "axis": "z", "origin": [14.99633, 7.09176, 8]},
			"faces": {
				"north": {"uv": [7.75, 5, 8.5, 5.375], "texture": "#1"},
				"east": {"uv": [0, 0, 0, 0.375], "texture": "#1"},
				"south": {"uv": [8, 0, 8.75, 0.375], "texture": "#1"},
				"west": {"uv": [0, 0, 0, 0.375], "texture": "#1"},
				"up": {"uv": [0, 0, 0.75, 0], "texture": "#1"},
				"down": {"uv": [0, 0, 0.75, 0], "texture": "#1"}
			}
		},
		{
			"from": [21.99633, 8.59176, 7],
			"to": [24.99633, 10.09176, 7],
			"rotation": {"angle": 22.5, "axis": "z", "origin": [14.99633, 7.09176, 8]},
			"faces": {
				"north": {"uv": [8, 0.5, 8.75, 0.875], "texture": "#1"},
				"east": {"uv": [0, 0, 0, 0.375], "texture": "#1"},
				"south": {"uv": [8, 1, 8.75, 1.375], "texture": "#1"},
				"west": {"uv": [0, 0, 0, 0.375], "texture": "#1"},
				"up": {"uv": [0, 0, 0.75, 0], "texture": "#1"},
				"down": {"uv": [0, 0, 0.75, 0], "texture": "#1"}
			}
		}
	],
	"display": {
		"thirdperson_righthand": {
			"rotation": [55, 0, 0],
			"translation": [0, 1, 2],
			"scale": [0.3, 0.3, 0.3]
		},
		"thirdperson_lefthand": {
			"rotation": [55, 0, 0],
			"translation": [0, 1, 2],
			"scale": [0.3, 0.3, 0.3]
		},
		"firstperson_righthand": {
			"translation": [0, 1.5, 0],
			"scale": [0.3, 0.3, 0.3]
		},
		"firstperson_lefthand": {
			"translation": [0, 1.5, 0],
			"scale": [0.3, 0.3, 0.3]
		},
		"ground": {
			"translation": [0, 5, 0],
			"scale": [0.5, 0.5, 0.5]
		},
		"gui": {
			"scale": [0.45, 0.45, 0.45]
		},
		"head": {
			"rotation": [10, 0, 0],
			"translation": [0, -11, 4.75],
			"scale": [1.4, 1.4, 1.4]
		},
		"fixed": {
			"scale": [0.4, 0.4, 0.4]
		}
	},
	"groups": [
		{
			"name": "wings",
			"origin": [8, 8, 8],
			"color": 0,
			"children": [
				{
					"name": "right",
					"origin": [-5.26953, 13.71868, 8.5],
					"color": 0,
					"children": [0, 1, 2, 3, 4, 5, 6, 7, 8, 9, 10, 11, 12, 13, 14, 15, 16, 17, 18, 19, 20]
				},
				{
					"name": "left",
					"origin": [13.25282, 6.01062, 9],
					"color": 0,
					"children": [21, 22, 23, 24, 25, 26, 27, 28, 29, 30, 31, 32, 33, 34, 35, 36, 37, 38, 39, 40, 41, 42, 43]
				}
			]
		}
	]
}