{"credit":"Made by Nog's Menagerie","texture_size":[32,32],"textures":{"0":"minewave:item/plushies/nm_plushie_squirrel_texture","particle":"minewave:item/plushies/nm_plushie_squirrel_texture"},"elements":[{"name":"torso","from":[6.05,5.61959,6.77543],"to":[9.95,9.61959,9.77543],"rotation":{"angle":-45,"axis":"x","origin":[8,5.61959,7.77543]},"faces":{"north":{"uv":[2,6,4,8],"texture":"#0"},"east":{"uv":[9,9,10.5,11],"texture":"#0"},"south":{"uv":[6,4,8,6],"texture":"#0"},"west":{"uv":[9.5,2.5,11,4.5],"texture":"#0"},"up":{"uv":[11.5,6,9.5,4.5],"texture":"#0"},"down":{"uv":[11.5,6,9.5,7.5],"texture":"#0"}}},{"name":"torso","from":[6.025,0.61202,6.06919],"to":[9.975,6.61202,10.06919],"rotation":{"angle":-22.5,"axis":"x","origin":[8,4.61202,8.56919]},"faces":{"north":{"uv":[0,0,2,3],"texture":"#0"},"east":{"uv":[2,0,4,3],"texture":"#0"},"south":{"uv":[0,3,2,6],"texture":"#0"},"west":{"uv":[2,3,4,6],"texture":"#0"},"up":{"uv":[8,8,6,6],"texture":"#0"},"down":{"uv":[8.5,0,6.5,2],"texture":"#0"}}},{"name":"torso","from":[6.55,-0.04021,7.79023],"to":[9.45,2.95979,11.79023],"rotation":{"angle":0,"axis":"y","origin":[8,1.95979,10.79023]},"faces":{"north":{"uv":[12,9,13.5,10.5],"texture":"#0"},"east":{"uv":[9.5,7.5,11.5,9],"texture":"#0"},"south":{"uv":[1.5,12.5,3,14],"texture":"#0"},"west":{"uv":[10,0,12,1.5],"texture":"#0"},"up":{"uv":[3,12.5,1.5,10.5],"texture":"#0"},"down":{"uv":[6.5,10.5,5,12.5],"texture":"#0"}}},{"name":"torso","from":[6.525,0.28822,10.99733],"to":[9.475,4.28822,13.99733],"rotation":{"angle":45,"axis":"x","origin":[8,2.78822,12.49733]},"faces":{"north":{"uv":[10.5,9,12,11],"texture":"#0"},"east":{"uv":[0,11,1.5,13],"texture":"#0"},"south":{"uv":[11,1.5,12.5,3.5],"texture":"#0"},"west":{"uv":[3,11,4.5,13],"texture":"#0"},"up":{"uv":[6,14,4.5,12.5],"texture":"#0"},"down":{"uv":[14,6.5,12.5,8],"texture":"#0"}}},{"name":"torso","from":[6.5,2.78822,11.61865],"to":[9.5,7.78822,14.61865],"rotation":{"angle":0,"axis":"y","origin":[8,4.78822,13.11865]},"faces":{"north":{"uv":[2,8,3.5,10.5],"texture":"#0"},"east":{"uv":[8,4,9.5,6.5],"texture":"#0"},"south":{"uv":[6,8,7.5,10.5],"texture":"#0"},"west":{"uv":[8,6.5,9.5,9],"texture":"#0"},"up":{"uv":[10,14,8.5,12.5],"texture":"#0"},"down":{"uv":[11.5,12.5,10,14],"texture":"#0"}}},{"name":"torso","from":[6.525,5.99533,10.29023],"to":[9.475,10.99533,13.29023],"rotation":{"angle":-45,"axis":"x","origin":[8,8.49533,11.79023]},"faces":{"north":{"uv":[0,8.5,1.5,11],"texture":"#0"},"east":{"uv":[8.5,0,10,2.5],"texture":"#0"},"south":{"uv":[3.5,8.5,5,11],"texture":"#0"},"west":{"uv":[7.5,9,9,11.5],"texture":"#0"},"up":{"uv":[13,14,11.5,12.5],"texture":"#0"},"down":{"uv":[1.5,13,0,14.5],"texture":"#0"}}},{"name":"head","from":[9.875,8.4973,3.36592],"to":[10.875,10.4973,5.36592],"rotation":{"angle":-22.5,"axis":"z","origin":[9.5,10.5473,3.61592]},"faces":{"north":{"uv":[7.5,8,8,9],"texture":"#0"},"east":{"uv":[5,9.5,6,10.5],"texture":"#0"},"south":{"uv":[11,3.5,11.5,4.5],"texture":"#0"},"west":{"uv":[10,1.5,11,2.5],"texture":"#0"},"up":{"uv":[9,12.5,8.5,11.5],"texture":"#0"},"down":{"uv":[6,14,5.5,15],"texture":"#0"}}},{"name":"head","from":[5.125,8.4973,3.36592],"to":[6.125,10.4973,5.36592],"rotation":{"angle":22.5,"axis":"z","origin":[6.5,10.5473,3.61592]},"faces":{"north":{"uv":[6,14,6.5,15],"texture":"#0"},"east":{"uv":[13.5,9,14.5,10],"texture":"#0"},"south":{"uv":[6.5,14,7,15],"texture":"#0"},"west":{"uv":[13.5,10,14.5,11],"texture":"#0"},"up":{"uv":[14.5,7.5,14,6.5],"texture":"#0"},"down":{"uv":[7.5,14,7,15],"texture":"#0"}}},{"name":"head","from":[6,4.9441,1.24548],"to":[10,8.9441,6.24548],"rotation":{"angle":-22.5,"axis":"x","origin":[8,9.6941,3.99548]},"faces":{"north":{"uv":[6.5,2,8.5,4],"texture":"#0"},"east":{"uv":[4,0,6.5,2],"texture":"#0"},"south":{"uv":[4,6.5,6,8.5],"texture":"#0"},"west":{"uv":[4,2,6.5,4],"texture":"#0"},"up":{"uv":[6,6.5,4,4],"texture":"#0"},"down":{"uv":[2,6,0,8.5],"texture":"#0"}}},{"name":"head","from":[6.5,3.2533,1.70834],"to":[9.5,5.1033,3.70834],"rotation":{"angle":-45,"axis":"x","origin":[8,4.2533,1.85834]},"faces":{"north":{"uv":[12.5,2.5,14,3.5],"texture":"#0"},"east":{"uv":[8.5,2.5,9.5,3.5],"texture":"#0"},"south":{"uv":[12.5,8,14,9],"texture":"#0"},"west":{"uv":[5,8.5,6,9.5],"texture":"#0"},"up":{"uv":[4.5,14,3,13],"texture":"#0"},"down":{"uv":[7.5,13,6,14],"texture":"#0"}}},{"name":"left_arm","from":[5.53544,0.36099,4.8116],"to":[6.53544,5.36099,6.8116],"rotation":{"angle":22.5,"axis":"x","origin":[6.03544,3.48599,5.2616]},"faces":{"north":{"uv":[13,10.5,13.5,13],"texture":"#0"},"east":{"uv":[6.5,10.5,7.5,13],"texture":"#0"},"south":{"uv":[13,13,13.5,15.5],"texture":"#0"},"west":{"uv":[11.5,6.5,12.5,9],"texture":"#0"},"up":{"uv":[8,15,7.5,14],"texture":"#0"},"down":{"uv":[14.5,7.5,14,8.5],"texture":"#0"}}},{"name":"right_arm","from":[9.46456,0.36099,4.8116],"to":[10.46456,5.36099,6.8116],"rotation":{"angle":22.5,"axis":"x","origin":[9.96456,3.48599,5.2616]},"faces":{"north":{"uv":[13.5,0,14,2.5],"texture":"#0"},"east":{"uv":[7.5,11.5,8.5,14],"texture":"#0"},"south":{"uv":[13.5,3.5,14,6],"texture":"#0"},"west":{"uv":[12.5,0,13.5,2.5],"texture":"#0"},"up":{"uv":[8.5,15,8,14],"texture":"#0"},"down":{"uv":[9,14,8.5,15],"texture":"#0"}}},{"name":"left_leg","from":[5.055,1.16119,7.45962],"to":[6.005,4.16119,11.45962],"rotation":{"angle":22.5,"axis":"x","origin":[5.03,3.16119,9.45962]},"faces":{"north":{"uv":[4.5,11,5,12.5],"texture":"#0"},"east":{"uv":[9,11,11,12.5],"texture":"#0"},"south":{"uv":[12,0,12.5,1.5],"texture":"#0"},"west":{"uv":[11,11,13,12.5],"texture":"#0"},"up":{"uv":[2,10.5,1.5,8.5],"texture":"#0"},"down":{"uv":[14,11,13.5,13],"texture":"#0"}}},{"name":"left_leg","from":[5.03,0.01,6.73335],"to":[6.03,1.01,10.73335],"rotation":{"angle":0,"axis":"y","origin":[5.03,1.01,6.53335]},"faces":{"north":{"uv":[3.5,8,4,8.5],"texture":"#0"},"east":{"uv":[13.5,6,15.5,6.5],"texture":"#0"},"south":{"uv":[8.5,3.5,9,4],"texture":"#0"},"west":{"uv":[13.5,13,15.5,13.5],"texture":"#0"},"up":{"uv":[14,15.5,13.5,13.5],"texture":"#0"},"down":{"uv":[14.5,0,14,2],"texture":"#0"}}},{"name":"right_leg","from":[9.995,1.16119,7.45962],"to":[10.945,4.16119,11.45962],"rotation":{"angle":22.5,"axis":"x","origin":[10.97,3.16119,9.45962]},"faces":{"north":{"uv":[14,4.5,14.5,6],"texture":"#0"},"east":{"uv":[11.5,3.5,13.5,5],"texture":"#0"},"south":{"uv":[5,14,5.5,15.5],"texture":"#0"},"west":{"uv":[11.5,5,13.5,6.5],"texture":"#0"},"up":{"uv":[2,16,1.5,14],"texture":"#0"},"down":{"uv":[2.5,14,2,16],"texture":"#0"}}},{"name":"right_leg","from":[9.97,0.01,6.73335],"to":[10.97,1.01,10.73335],"rotation":{"angle":0,"axis":"y","origin":[10.97,1.01,6.53335]},"faces":{"north":{"uv":[9,3.5,9.5,4],"texture":"#0"},"east":{"uv":[14,2,16,2.5],"texture":"#0"},"south":{"uv":[3,10.5,3.5,11],"texture":"#0"},"west":{"uv":[2.5,14,4.5,14.5],"texture":"#0"},"up":{"uv":[14.5,4.5,14,2.5],"texture":"#0"},"down":{"uv":[5,14,4.5,16],"texture":"#0"}}}],"display":{"thirdperson_righthand":{"rotation":[71,43,0],"translation":[0,0.75,2.25],"scale":[0.7,0.7,0.7]},"thirdperson_lefthand":{"rotation":[71,43,0],"translation":[0,0.75,2.25],"scale":[0.7,0.7,0.7]},"firstperson_righthand":{"rotation":[0,109,5],"translation":[3,7.25,0],"scale":[0.92,0.92,0.92]},"firstperson_lefthand":{"rotation":[0,109,5],"translation":[3,7.25,0],"scale":[0.92,0.92,0.92]},"ground":{"translation":[0,3.5,0],"scale":[0.65,0.65,0.65]},"gui":{"rotation":[25,151,0],"translation":[0,1.75,0],"scale":[0.9,0.9,0.9]},"head":{"translation":[0,-34.85,0]},"fixed":{"rotation":[-90,0,0],"translation":[0,0,-13.5],"scale":[1.7,1.7,1.7]}},"mcmodels":"4485e0b67e8aa5574fe6d2761343999d","USER":"{{USER}}","NONCE":"{{NONCE}}","TIMESTAMP":"{{TIMESTAMP}}","RESOURCE":"{{RESOURCE}}","MCMODELS":"{{MCMODELS}}"}