{"credit":"Pologony Creation Co.,Ltd.","textures":{"1":"minewave:item/coral_summer/coral","4":"minewave:item/coral_summer/animated/bubble_1","5":"minewave:item/coral_summer/animated/animated_1","8":"minewave:item/coral_summer/weapons_tools","particle":"minewave:item/coral_summer/coral"},"elements":[{"from":[13.58787,-1.77678,7.10154],"to":[18.58787,3.22322,7.11154],"rotation":{"angle":22.5,"axis":"y","origin":[12.61256,1.75,8.46158]},"faces":{"north":{"uv":[0,0,5,5],"texture":"#1"},"south":{"uv":[5,0,0,5],"texture":"#1"}}},{"from":[-2.60154,3.72322,7.10154],"to":[2.39846,8.72322,7.11154],"rotation":{"angle":-22.5,"axis":"y","origin":[3.37377,10.75,8.46158]},"faces":{"north":{"uv":[0,6,5,11],"texture":"#1"},"south":{"uv":[5,6,0,11],"texture":"#1"}}},{"from":[9.99316,9.47322,5.83184],"to":[13.99316,16.47322,5.84184],"rotation":{"angle":0,"axis":"y","origin":[7.99316,8,8]},"faces":{"north":{"uv":[0,0,8,14],"texture":"#4"},"south":{"uv":[8,0,0,14],"texture":"#4"}}},{"from":[2.74316,6.22322,5.83184],"to":[5.74316,12.22322,5.83184],"rotation":{"angle":0,"axis":"y","origin":[7.99316,8,8]},"faces":{"north":{"uv":[10,0,16,12],"texture":"#4"},"south":{"uv":[16,0,10,12],"texture":"#4"}}},{"from":[4.49596,7.97322,6.99221],"to":[13.49596,16.97322,7.00221],"rotation":{"angle":45,"axis":"y","origin":[7.99316,8,8]},"faces":{"north":{"uv":[0,0,9,9],"texture":"#5"},"south":{"uv":[9,0,0,9],"texture":"#5"}}},{"from":[2.49037,7.97322,6.99221],"to":[11.49037,16.97322,7.00221],"rotation":{"angle":-45,"axis":"y","origin":[7.99316,8,8]},"faces":{"north":{"uv":[0,0,9,9],"texture":"#5"},"south":{"uv":[9,0,0,9],"texture":"#5"}}},{"from":[11.72952,2.26364,9.83184],"to":[13.72952,4.26364,11.33184],"rotation":{"angle":-45,"axis":"z","origin":[7.99316,8,8]},"faces":{"north":{"uv":[2.72727,13.09091,3.09091,13.45455],"texture":"#8"},"east":{"uv":[13.27273,13.09091,13.54545,13.45455],"texture":"#8"},"south":{"uv":[6.54545,7.81818,6.90909,8.18182],"texture":"#8"},"west":{"uv":[0,13.45455,0.27273,13.81818],"texture":"#8"},"up":{"uv":[13.72727,0.36364,13.45455,0],"rotation":90,"texture":"#8"},"down":{"uv":[13.72727,0.54545,13.45455,0.90909],"rotation":270,"texture":"#8"}}},{"from":[11.02242,3.47075,10.08184],"to":[12.52242,4.97075,11.08184],"rotation":{"angle":-45,"axis":"z","origin":[7.99316,8,8]},"faces":{"north":{"uv":[11.27273,13.63636,11.54545,13.90909],"texture":"#8"},"east":{"uv":[14.18182,12,14.36364,12.27273],"texture":"#8"},"south":{"uv":[13.63636,11.09091,13.90909,11.36364],"texture":"#8"},"west":{"uv":[0.54545,14.36364,0.72727,14.63636],"texture":"#8"},"up":{"uv":[1.63636,14.63636,1.45455,14.36364],"rotation":90,"texture":"#8"},"down":{"uv":[14.54545,1.63636,14.36364,1.90909],"rotation":270,"texture":"#8"}}},{"from":[7.80257,7.8094,10.08184],"to":[9.30257,9.3094,11.08184],"rotation":{"angle":45,"axis":"z","origin":[7.99316,8,8]},"faces":{"north":{"uv":[11.27273,13.90909,11.54545,13.63636],"texture":"#8"},"east":{"uv":[14.18182,12.27273,14.36364,12],"texture":"#8"},"south":{"uv":[13.63636,11.36364,13.90909,11.09091],"texture":"#8"},"west":{"uv":[0.54545,14.63636,0.72727,14.36364],"texture":"#8"},"up":{"uv":[14.54545,1.90909,14.36364,1.63636],"rotation":90,"texture":"#8"},"down":{"uv":[1.63636,14.36364,1.45455,14.63636],"rotation":270,"texture":"#8"}}},{"from":[8.50967,8.51651,9.83184],"to":[10.50967,10.51651,11.33184],"rotation":{"angle":45,"axis":"z","origin":[7.99316,8,8]},"faces":{"north":{"uv":[2.72727,13.45455,3.09091,13.09091],"texture":"#8"},"east":{"uv":[13.27273,13.45455,13.54545,13.09091],"texture":"#8"},"south":{"uv":[6.54545,8.18182,6.90909,7.81818],"texture":"#8"},"west":{"uv":[0,13.81818,0.27273,13.45455],"texture":"#8"},"up":{"uv":[13.72727,0.90909,13.45455,0.54545],"rotation":90,"texture":"#8"},"down":{"uv":[13.72727,0,13.45455,0.36364],"rotation":270,"texture":"#8"}}},{"from":[9.0688,3.22322,9.07563],"to":[10.5688,3.72322,10.57563],"rotation":{"angle":-45,"axis":"y","origin":[7.99316,8,8]},"faces":{"north":{"uv":[7.81818,14.72727,8.09091,14.81818],"texture":"#8"},"east":{"uv":[14.72727,4.90909,15,5],"texture":"#8"},"south":{"uv":[14.72727,5.27273,15,5.36364],"texture":"#8"},"west":{"uv":[7.27273,14.72727,7.54545,14.81818],"texture":"#8"},"up":{"uv":[13.90909,11.90909,13.63636,11.63636],"rotation":90,"texture":"#8"},"down":{"uv":[13.90909,12.18182,13.63636,12.45455],"rotation":270,"texture":"#8"}}},{"from":[9.0688,4.22322,9.07563],"to":[10.5688,4.72322,10.57563],"rotation":{"angle":-45,"axis":"y","origin":[7.99316,8,8]},"faces":{"north":{"uv":[14.72727,9.63636,15,9.72727],"texture":"#8"},"east":{"uv":[8.36364,14.72727,8.63636,14.81818],"texture":"#8"},"south":{"uv":[14.72727,8.90909,15,9],"texture":"#8"},"west":{"uv":[14.72727,9.27273,15,9.36364],"texture":"#8"},"up":{"uv":[13.54545,13.90909,13.27273,13.63636],"rotation":90,"texture":"#8"},"down":{"uv":[0.81818,13.81818,0.54545,14.09091],"rotation":270,"texture":"#8"}}},{"from":[9.3188,3.72322,9.32563],"to":[10.3188,4.22322,10.32563],"rotation":{"angle":-45,"axis":"y","origin":[7.99316,8,8]},"faces":{"north":{"uv":[14.90909,10.72727,15.09091,10.81818],"texture":"#8"},"east":{"uv":[10.36364,14.90909,10.54545,15],"texture":"#8"},"south":{"uv":[14.90909,10.36364,15.09091,10.45455],"texture":"#8"},"west":{"uv":[10.72727,14.90909,10.90909,15],"texture":"#8"}}},{"from":[9.3188,7.22322,9.32563],"to":[10.3188,7.72322,10.32563],"rotation":{"angle":-45,"axis":"y","origin":[7.99316,8,8]},"faces":{"north":{"uv":[14.90909,12.18182,15.09091,12.27273],"texture":"#8"},"east":{"uv":[14.90909,11.09091,15.09091,11.18182],"texture":"#8"},"south":{"uv":[14.90909,11.45455,15.09091,11.54545],"texture":"#8"},"west":{"uv":[14.90909,11.81818,15.09091,11.90909],"texture":"#8"}}},{"from":[9.0688,6.72322,9.07563],"to":[10.5688,7.22322,10.57563],"rotation":{"angle":-45,"axis":"y","origin":[7.99316,8,8]},"faces":{"north":{"uv":[14.72727,13.27273,15,13.36364],"texture":"#8"},"east":{"uv":[11.81818,14.72727,12.09091,14.81818],"texture":"#8"},"south":{"uv":[14.72727,12.54545,15,12.63636],"texture":"#8"},"west":{"uv":[14.72727,12.90909,15,13],"texture":"#8"},"up":{"uv":[1.72727,14.09091,1.45455,13.81818],"rotation":90,"texture":"#8"},"down":{"uv":[2.27273,13.81818,2,14.09091],"rotation":270,"texture":"#8"}}},{"from":[9.0688,7.72322,9.07563],"to":[10.5688,8.22322,10.57563],"rotation":{"angle":-45,"axis":"y","origin":[7.99316,8,8]},"faces":{"north":{"uv":[14.72727,14.36364,15,14.45455],"texture":"#8"},"east":{"uv":[14.72727,13.63636,15,13.72727],"texture":"#8"},"south":{"uv":[14.72727,14,15,14.09091],"texture":"#8"},"west":{"uv":[14.36364,14.72727,14.63636,14.81818],"texture":"#8"},"up":{"uv":[14.09091,7.90909,13.81818,7.63636],"rotation":90,"texture":"#8"},"down":{"uv":[14.09091,8.72727,13.81818,9],"rotation":270,"texture":"#8"}}},{"from":[9.3188,4.72322,9.32563],"to":[10.3188,6.72322,10.32563],"rotation":{"angle":-45,"axis":"y","origin":[7.99316,8,8]},"faces":{"north":{"uv":[3.63636,13.63636,3.81818,14],"texture":"#8"},"east":{"uv":[9.63636,4.54545,9.81818,4.90909],"texture":"#8"},"south":{"uv":[8.18182,12.54545,8.36364,12.90909],"texture":"#8"},"west":{"uv":[11.63636,12.54545,11.81818,12.90909],"texture":"#8"}}},{"from":[-3.01384,9.94537,6.58184],"to":[3.48616,18.94537,6.59184],"rotation":{"angle":-22.5,"axis":"z","origin":[7.99316,8,8]},"faces":{"north":{"uv":[8.18182,8.36364,9.36364,10],"texture":"#8"},"south":{"uv":[9.36364,8.36364,8.18182,10],"texture":"#8"}}},{"from":[12.36759,9.97201,6.58184],"to":[18.86759,16.97201,6.59184],"rotation":{"angle":22.5,"axis":"z","origin":[7.99316,8,8]},"faces":{"north":{"uv":[3.72727,8.54545,2.54545,9.81818],"texture":"#8"},"south":{"uv":[2.54545,8.54545,3.72727,9.81818],"texture":"#8"}}},{"from":[5.49316,-0.92323,6.33184],"to":[10.49316,13.07677,7.33184],"rotation":{"angle":0,"axis":"y","origin":[7.99316,8,8]},"faces":{"north":{"uv":[6,5.09091,6.90909,7.63636],"texture":"#8"},"east":{"uv":[6.18182,10.72727,6.36364,13.27273],"texture":"#8"},"south":{"uv":[4.90909,5.09091,5.81818,7.63636],"texture":"#8"},"west":{"uv":[6.54545,11.09091,6.72727,13.63636],"texture":"#8"}}},{"from":[1.92834,8.11482,6.32934],"to":[7.87834,14.06482,7.33434],"rotation":{"angle":-45,"axis":"z","origin":[7.99316,8,8]},"faces":{"north":{"uv":[9.63636,9.63636,10.72727,10.72727],"texture":"#8"},"east":{"uv":[8.54545,12.18182,8.72727,13.27273],"texture":"#8"},"south":{"uv":[9.63636,8.36364,10.72727,9.45455],"texture":"#8"},"west":{"uv":[8.90909,12.18182,9.09091,13.27273],"texture":"#8"},"up":{"uv":[3.45455,13.45455,3.27273,12.36364],"rotation":90,"texture":"#8"},"down":{"uv":[3.81818,12.36364,3.63636,13.45455],"rotation":270,"texture":"#8"}}},{"from":[-0.08651,-0.07967,6.32934],"to":[3.45349,3.46033,7.33434],"rotation":{"angle":45,"axis":"z","origin":[7.99316,8,8]},"faces":{"north":{"uv":[4,8.54545,4.63636,9.18182],"texture":"#8"},"east":{"uv":[12,13.09091,12.18182,13.72727],"texture":"#8"},"south":{"uv":[0.90909,6.54545,1.54545,7.18182],"texture":"#8"},"west":{"uv":[13.27273,9.63636,13.45455,10.27273],"texture":"#8"},"up":{"uv":[13.45455,11.90909,13.27273,11.27273],"rotation":90,"texture":"#8"},"down":{"uv":[13.45455,12.18182,13.27273,12.81818],"rotation":270,"texture":"#8"}}},{"from":[9.00968,9.01651,7.33184],"to":[10.00968,10.01651,9.83184],"rotation":{"angle":45,"axis":"z","origin":[7.99316,8,8]},"faces":{"north":{"uv":[14.72727,3.81818,14.90909,4],"texture":"#8"},"east":{"uv":[13.63636,3.27273,14.09091,3.45455],"texture":"#8"},"south":{"uv":[14.72727,3.45455,14.90909,3.63636],"texture":"#8"},"west":{"uv":[13.63636,3.63636,14.09091,3.81818],"texture":"#8"},"up":{"uv":[14.09091,5.27273,13.63636,5.09091],"rotation":90,"texture":"#8"},"down":{"uv":[7.90909,13.63636,7.45455,13.81818],"rotation":270,"texture":"#8"}}},{"from":[2.7568,2.76363,7.33184],"to":[3.7568,3.76363,9.83184],"rotation":{"angle":45,"axis":"z","origin":[7.99316,8,8]},"faces":{"north":{"uv":[14.72727,4.54545,14.90909,4.72727],"texture":"#8"},"east":{"uv":[13.63636,9.63636,14.09091,9.81818],"texture":"#8"},"south":{"uv":[14.72727,4.18182,14.90909,4.36364],"texture":"#8"},"west":{"uv":[9.81818,13.63636,10.27273,13.81818],"texture":"#8"},"up":{"uv":[14.09091,10.18182,13.63636,10],"rotation":90,"texture":"#8"},"down":{"uv":[11,13.63636,10.54545,13.81818],"rotation":270,"texture":"#8"}}},{"from":[8.99316,-6.27678,6.83184],"to":[13.99316,19.72322,6.84184],"rotation":{"angle":0,"axis":"y","origin":[7.99316,8,8]},"faces":{"north":{"uv":[0,0,0.90909,4.72727],"texture":"#8"},"south":{"uv":[0.90909,0,0,4.72727],"texture":"#8"}}},{"from":[13.0894,-6.27678,4.62466],"to":[17.0894,19.72322,4.63466],"rotation":{"angle":-22.5,"axis":"y","origin":[7.99316,8,8]},"faces":{"north":{"uv":[1.09091,1.63636,1.81818,6.36364],"texture":"#8"},"south":{"uv":[1.81818,1.63636,1.09091,6.36364],"texture":"#8"}}},{"from":[1.99316,-6.27678,6.83184],"to":[6.99316,19.72322,6.84184],"rotation":{"angle":0,"axis":"y","origin":[7.99316,8,8]},"faces":{"north":{"uv":[0.90909,0,0,4.72727],"texture":"#8"},"south":{"uv":[0,0,0.90909,4.72727],"texture":"#8"}}},{"from":[-1.10308,-6.27678,4.62466],"to":[2.89692,19.72322,4.63466],"rotation":{"angle":22.5,"axis":"y","origin":[7.99316,8,8]},"faces":{"north":{"uv":[1.81818,1.63636,1.09091,6.36364],"texture":"#8"},"south":{"uv":[1.09091,1.63636,1.81818,6.36364],"texture":"#8"}}}],"gui_light":"front","display":{"thirdperson_righthand":{"rotation":[0,-80,0],"translation":[2.5,0.25,0.5]},"thirdperson_lefthand":{"rotation":[0,-80,0],"translation":[2.5,0.25,0.5]},"firstperson_righthand":{"rotation":[0,0,5],"translation":[2.75,2,1],"scale":[0.7,0.7,0.7]},"firstperson_lefthand":{"rotation":[0,0,5],"translation":[2.75,2,1],"scale":[0.7,0.7,0.7]},"ground":{"rotation":[45,0,0],"translation":[0,5,0],"scale":[0.7,0.7,0.7]},"gui":{"rotation":[0,180,45],"scale":[0.75,0.75,0.75]},"fixed":{"translation":[0,4.5,-2.5],"scale":[2,2,2]}}}