{"textures":{"0":"modelengine:entity/nm_alligator_texture","particle":"#0"},"elements":[{"from":[4.5,8.866667,1.5666666],"to":[5.5,10.866667,4.5666666],"faces":{"east":{"uv":[2.5,12.25,3.25,12.75],"tintindex":0,"rotation":0,"texture":"#0"},"south":{"uv":[10.5,12.75,10.75,13.25],"tintindex":0,"rotation":0,"texture":"#0"},"north":{"uv":[10.25,12.75,10.5,13.25],"tintindex":0,"rotation":0,"texture":"#0"},"west":{"uv":[3.25,12.25,4.0,12.75],"tintindex":0,"rotation":0,"texture":"#0"},"up":{"uv":[2.0,13.5,1.75,12.75],"tintindex":0,"rotation":0,"texture":"#0"},"down":{"uv":[2.25,12.75,2.0,13.5],"tintindex":0,"rotation":0,"texture":"#0"}}},{"from":[10.5,8.866667,1.5666666],"to":[11.5,10.866667,4.5666666],"faces":{"east":{"uv":[12.25,0.75,13.0,1.25],"tintindex":0,"rotation":0,"texture":"#0"},"south":{"uv":[10.0,12.75,10.25,13.25],"tintindex":0,"rotation":0,"texture":"#0"},"north":{"uv":[9.75,12.75,10.0,13.25],"tintindex":0,"rotation":0,"texture":"#0"},"west":{"uv":[1.75,12.25,2.5,12.75],"tintindex":0,"rotation":0,"texture":"#0"},"up":{"uv":[7.25,8.75,7.0,8.0],"tintindex":0,"rotation":0,"texture":"#0"},"down":{"uv":[13.0,1.5,12.75,2.25],"tintindex":0,"rotation":0,"texture":"#0"}}},{"from":[5.5,8.866667,-0.4333334],"to":[10.5,9.866667,3.5666666],"faces":{"east":{"uv":[0.75,12.5,1.75,12.75],"tintindex":0,"rotation":0,"texture":"#0"},"south":{"uv":[12.25,8.25,13.5,8.5],"tintindex":0,"rotation":0,"texture":"#0"},"north":{"uv":[12.25,8.0,13.5,8.25],"tintindex":0,"rotation":0,"texture":"#0"},"west":{"uv":[0.0,12.75,1.0,13.0],"tintindex":0,"rotation":0,"texture":"#0"},"up":{"uv":[10.5,11.5,9.25,10.5],"tintindex":0,"rotation":0,"texture":"#0"},"down":{"uv":[11.75,10.5,10.5,11.5],"tintindex":0,"rotation":0,"texture":"#0"}}},{"from":[5.0,4.866667,-2.4333334],"to":[5.0,5.866667,-1.4333334],"faces":{"east":{"uv":[13.0,0.25,13.25,0.5],"tintindex":0,"rotation":0,"texture":"#0"},"west":{"uv":[0.5,13.0,0.75,13.25],"tintindex":0,"rotation":0,"texture":"#0"}}},{"from":[11.0,4.866667,-2.4333334],"to":[11.0,5.866667,-1.4333334],"faces":{"east":{"uv":[1.5,13.0,1.75,13.25],"tintindex":0,"rotation":0,"texture":"#0"},"west":{"uv":[13.0,1.5,13.25,1.75],"tintindex":0,"rotation":0,"texture":"#0"}}},{"from":[5.0,4.866667,1.5666666],"to":[5.0,5.866667,2.5666666],"faces":{"east":{"uv":[13.0,1.0,13.25,1.25],"tintindex":0,"rotation":0,"texture":"#0"},"west":{"uv":[1.25,13.0,1.5,13.25],"tintindex":0,"rotation":0,"texture":"#0"}}},{"from":[10.5,8.866667,-4.4333334],"to":[11.5,9.866667,-2.4333334],"faces":{"east":{"uv":[3.0,8.25,3.5,8.5],"tintindex":0,"rotation":0,"texture":"#0"},"south":{"uv":[12.75,12.75,13.0,13.0],"tintindex":0,"rotation":0,"texture":"#0"},"north":{"uv":[12.5,12.75,12.75,13.0],"tintindex":0,"rotation":0,"texture":"#0"},"west":{"uv":[9.25,10.25,9.75,10.5],"tintindex":0,"rotation":0,"texture":"#0"},"up":{"uv":[7.0,10.25,6.75,9.75],"tintindex":0,"rotation":0,"texture":"#0"},"down":{"uv":[10.75,3.25,10.5,3.75],"tintindex":0,"rotation":0,"texture":"#0"}}},{"from":[11.0,4.866667,1.5666666],"to":[11.0,5.866667,2.5666666],"faces":{"east":{"uv":[13.0,1.75,13.25,2.0],"tintindex":0,"rotation":0,"texture":"#0"},"west":{"uv":[13.0,2.0,13.25,2.25],"tintindex":0,"rotation":0,"texture":"#0"}}},{"from":[4.5,8.866667,-4.4333334],"to":[5.5,9.866667,-2.4333334],"faces":{"east":{"uv":[2.5,10.75,3.0,11.0],"tintindex":0,"rotation":0,"texture":"#0"},"south":{"uv":[0.25,13.0,0.5,13.25],"tintindex":0,"rotation":0,"texture":"#0"},"north":{"uv":[0.0,13.0,0.25,13.25],"tintindex":0,"rotation":0,"texture":"#0"},"west":{"uv":[5.0,11.5,5.5,11.75],"tintindex":0,"rotation":0,"texture":"#0"},"up":{"uv":[8.5,13.25,8.25,12.75],"tintindex":0,"rotation":0,"texture":"#0"},"down":{"uv":[8.75,12.75,8.5,13.25],"tintindex":0,"rotation":0,"texture":"#0"}}},{"from":[4.5,5.866667,-4.4333334],"to":[11.5,8.866667,3.5666666],"faces":{"east":{"uv":[9.75,1.5,11.75,2.25],"tintindex":0,"rotation":0,"texture":"#0"},"south":{"uv":[1.25,10.0,3.0,10.75],"tintindex":0,"rotation":0,"texture":"#0"},"north":{"uv":[9.75,9.75,11.5,10.5],"tintindex":0,"rotation":0,"texture":"#0"},"west":{"uv":[9.75,9.0,11.75,9.75],"tintindex":0,"rotation":0,"texture":"#0"},"up":{"uv":[1.75,8.25,0.0,6.25],"tintindex":0,"rotation":0,"texture":"#0"},"down":{"uv":[3.5,6.25,1.75,8.25],"tintindex":0,"rotation":0,"texture":"#0"}}},{"from":[11.0,3.8666668,-0.4333334],"to":[11.0,5.866667,0.5666666],"faces":{"east":{"uv":[9.25,12.75,9.5,13.25],"tintindex":0,"rotation":0,"texture":"#0"},"west":{"uv":[9.5,12.75,9.75,13.25],"tintindex":0,"rotation":0,"texture":"#0"}}},{"from":[9.5,4.866667,-3.9333334],"to":[10.5,5.866667,-3.9333334],"faces":{"south":{"uv":[1.0,13.0,1.25,13.25],"tintindex":0,"rotation":0,"texture":"#0"},"north":{"uv":[13.0,0.75,13.25,1.0],"tintindex":0,"rotation":0,"texture":"#0"}}},{"from":[5.0,3.8666668,-0.4333334],"to":[5.0,5.866667,0.5666666],"faces":{"east":{"uv":[8.75,12.75,9.0,13.25],"tintindex":0,"rotation":0,"texture":"#0"},"west":{"uv":[9.0,12.75,9.25,13.25],"tintindex":0,"rotation":0,"texture":"#0"}}},{"from":[5.5,4.866667,-3.9333334],"to":[6.5,5.866667,-3.9333334],"faces":{"south":{"uv":[0.75,13.0,1.0,13.25],"tintindex":0,"rotation":0,"texture":"#0"},"north":{"uv":[13.0,0.5,13.25,0.75],"tintindex":0,"rotation":0,"texture":"#0"}}},{"from":[3.5,5.866667,3.5666666],"to":[12.5,9.866667,8.566667],"faces":{"east":{"uv":[0.0,10.75,1.25,11.75],"tintindex":0,"rotation":0,"texture":"#0"},"south":{"uv":[3.5,7.5,5.75,8.5],"tintindex":0,"rotation":0,"texture":"#0"},"north":{"uv":[7.5,1.5,9.75,2.5],"tintindex":0,"rotation":0,"texture":"#0"},"west":{"uv":[1.25,10.75,2.5,11.75],"tintindex":0,"rotation":0,"texture":"#0"},"up":{"uv":[7.25,4.25,5.0,3.0],"tintindex":0,"rotation":0,"texture":"#0"},"down":{"uv":[5.75,6.25,3.5,7.5],"tintindex":0,"rotation":0,"texture":"#0"}}}],"display":{"head":{"rotation":[0.0,0.0,0.0]},"firstperson_righthand":{"rotation":[0.0,0.0,0.0]},"thirdperson_lefthand":{"rotation":[0.0,0.0,0.0]},"firstperson_lefthand":{"rotation":[0.0,0.0,0.0]},"fixed":{"rotation":[0.0,0.0,0.0]},"ground":{"rotation":[0.0,0.0,0.0]},"thirdperson_righthand":{"rotation":[0.0,0.0,0.0]},"gui":{"rotation":[-150.0,-45.0,180.0]}}}