{"textures":{"0":"modelengine:entity/nm_alligator_texture","particle":"#0"},"elements":[{"from":[10.72912,4.8760476,4.73097],"to":[13.72912,5.8760476,9.73097],"faces":{"east":{"uv":[7.75,12.5,6.5,12.75],"tintindex":0,"rotation":0,"texture":"#0"},"south":{"uv":[6.75,12.75,6.0,13.0],"tintindex":0,"rotation":0,"texture":"#0"},"north":{"uv":[6.0,12.75,5.25,13.0],"tintindex":0,"rotation":0,"texture":"#0"},"west":{"uv":[6.5,12.5,5.25,12.75],"tintindex":0,"rotation":0,"texture":"#0"},"up":{"uv":[9.0,12.75,9.75,11.5],"tintindex":0,"rotation":0,"texture":"#0"},"down":{"uv":[9.75,11.5,10.5,12.75],"tintindex":0,"rotation":0,"texture":"#0"}},"rotation":{"origin":[11.97912,6.6260476,7.48097],"angle":-45.0,"axis":"y"}},{"from":[7.6992254,6.047988,5.51903],"to":[12.699224,8.047988,10.51903],"faces":{"east":{"uv":[13.0,9.0,11.75,9.5],"tintindex":0,"rotation":0,"texture":"#0"},"south":{"uv":[6.75,11.75,5.5,12.25],"tintindex":0,"rotation":0,"texture":"#0"},"north":{"uv":[4.25,11.75,3.0,12.25],"tintindex":0,"rotation":0,"texture":"#0"},"west":{"uv":[5.5,11.75,4.25,12.25],"tintindex":0,"rotation":0,"texture":"#0"},"up":{"uv":[9.5,5.0,10.75,3.75],"tintindex":0,"rotation":0,"texture":"#0"},"down":{"uv":[9.5,5.0,10.75,6.25],"tintindex":0,"rotation":0,"texture":"#0"}},"rotation":{"origin":[10.124226,8.422988,8.51903],"angle":-22.5,"axis":"z"}}],"display":{"head":{"rotation":[0.0,0.0,0.0]},"firstperson_righthand":{"rotation":[0.0,0.0,0.0]},"thirdperson_lefthand":{"rotation":[0.0,0.0,0.0]},"firstperson_lefthand":{"rotation":[0.0,0.0,0.0]},"fixed":{"rotation":[0.0,0.0,0.0]},"ground":{"rotation":[0.0,0.0,0.0]},"thirdperson_righthand":{"rotation":[0.0,0.0,0.0]},"gui":{"rotation":[-150.0,-45.0,180.0]}}}