{"textures":{"0":"modelengine:entity/nm_alligator_texture","particle":"#0"},"elements":[{"from":[8.000636,10.15995,9.878138],"to":[8.000636,12.15995,11.878138],"faces":{"east":{"uv":[1.25,9.5,1.75,10.0],"tintindex":0,"rotation":0,"texture":"#0"},"west":{"uv":[5.0,11.0,5.5,11.5],"tintindex":0,"rotation":0,"texture":"#0"}}},{"from":[7.999636,8.15995,18.878138],"to":[7.999636,9.15995,21.878138],"faces":{"east":{"uv":[9.75,2.25,10.5,2.5],"tintindex":0,"rotation":0,"texture":"#0"},"west":{"uv":[1.0,12.75,1.75,13.0],"tintindex":0,"rotation":0,"texture":"#0"}}},{"from":[6.500636,6.1599503,17.878138],"to":[9.500636,8.15995,21.878138],"faces":{"east":{"uv":[12.0,5.25,13.0,5.75],"tintindex":0,"rotation":0,"texture":"#0"},"south":{"uv":[12.25,0.25,13.0,0.75],"tintindex":0,"rotation":0,"texture":"#0"},"north":{"uv":[6.5,4.25,7.25,4.75],"tintindex":0,"rotation":0,"texture":"#0"},"west":{"uv":[12.0,5.75,13.0,6.25],"tintindex":0,"rotation":0,"texture":"#0"},"up":{"uv":[9.5,4.75,8.75,3.75],"tintindex":0,"rotation":0,"texture":"#0"},"down":{"uv":[0.75,11.75,0.0,12.75],"tintindex":0,"rotation":0,"texture":"#0"}}},{"from":[5.500636,6.1599503,7.8781376],"to":[10.500636,10.15995,12.878138],"faces":{"east":{"uv":[6.75,10.25,8.0,11.25],"tintindex":0,"rotation":0,"texture":"#0"},"south":{"uv":[8.0,10.25,9.25,11.25],"tintindex":0,"rotation":0,"texture":"#0"},"north":{"uv":[5.5,9.75,6.75,10.75],"tintindex":0,"rotation":0,"texture":"#0"},"west":{"uv":[10.5,2.25,11.75,3.25],"tintindex":0,"rotation":0,"texture":"#0"},"up":{"uv":[9.75,10.25,8.5,9.0],"tintindex":0,"rotation":0,"texture":"#0"},"down":{"uv":[1.25,9.5,0.0,10.75],"tintindex":0,"rotation":0,"texture":"#0"}}},{"from":[6.000636,6.1599503,12.878138],"to":[10.000636,9.15995,17.878138],"faces":{"east":{"uv":[2.5,11.0,3.75,11.75],"tintindex":0,"rotation":0,"texture":"#0"},"south":{"uv":[11.75,1.5,12.75,2.25],"tintindex":0,"rotation":0,"texture":"#0"},"north":{"uv":[0.75,11.75,1.75,12.5],"tintindex":0,"rotation":0,"texture":"#0"},"west":{"uv":[3.75,11.0,5.0,11.75],"tintindex":0,"rotation":0,"texture":"#0"},"up":{"uv":[5.75,9.75,4.75,8.5],"tintindex":0,"rotation":0,"texture":"#0"},"down":{"uv":[11.5,7.75,10.5,9.0],"tintindex":0,"rotation":0,"texture":"#0"}}},{"from":[8.000636,9.15995,13.878138],"to":[8.000636,11.15995,17.878138],"faces":{"east":{"uv":[12.0,4.25,13.0,4.75],"tintindex":0,"rotation":0,"texture":"#0"},"west":{"uv":[12.0,4.75,13.0,5.25],"tintindex":0,"rotation":0,"texture":"#0"}}}],"display":{"head":{"rotation":[0.0,0.0,0.0]},"firstperson_righthand":{"rotation":[0.0,0.0,0.0]},"thirdperson_lefthand":{"rotation":[0.0,0.0,0.0]},"firstperson_lefthand":{"rotation":[0.0,0.0,0.0]},"fixed":{"rotation":[0.0,0.0,0.0]},"ground":{"rotation":[0.0,0.0,0.0]},"thirdperson_righthand":{"rotation":[0.0,0.0,0.0]},"gui":{"rotation":[-150.0,-45.0,180.0]}}}