{"credit":"Made with Blockbench","texture_size":[32,32],"textures":{"0":"minewave:item/bunny/hat","particle":"#0"},"elements":[{"name":"head","from":[3,4,3],"to":[13,14,13],"rotation":{"angle":0,"axis":"y","origin":[0,23,0]},"faces":{"north":{"uv":[4,4,8,8],"texture":"#0"},"east":{"uv":[0,4,4,8],"texture":"#0"},"south":{"uv":[12,4,16,8],"texture":"#0"},"west":{"uv":[8,4,12,8],"texture":"#0"},"up":{"uv":[8,4,4,0],"texture":"#0"},"down":{"uv":[12,0,8,4],"texture":"#0"}}},{"name":"head","from":[3.3,13.55,6.8],"to":[6.7,19.95,9.2],"rotation":{"angle":0,"axis":"y","origin":[-3,30.75,0]},"faces":{"north":{"uv":[6,9,7.5,12],"texture":"#0"},"east":{"uv":[5,9,6,12],"texture":"#0"},"south":{"uv":[8.5,9,10,12],"texture":"#0"},"west":{"uv":[7.5,9,8.5,12],"texture":"#0"},"up":{"uv":[7.5,9,6,8],"texture":"#0"},"down":{"uv":[9,8,7.5,9],"texture":"#0"}}},{"name":"head","from":[9.3,13.55,6.8],"to":[12.7,19.95,9.2],"rotation":{"angle":0,"axis":"y","origin":[3,30.75,0]},"faces":{"north":{"uv":[7.5,9,6,12],"texture":"#0"},"east":{"uv":[8.5,9,7.5,12],"texture":"#0"},"south":{"uv":[10,9,8.5,12],"texture":"#0"},"west":{"uv":[6,9,5,12],"texture":"#0"},"up":{"uv":[6,9,7.5,8],"texture":"#0"},"down":{"uv":[7.5,8,9,9],"texture":"#0"}}},{"name":"head","from":[1.06,16.68,6.79],"to":[3.34,19.96,9.07],"rotation":{"angle":0,"axis":"y","origin":[-5.8,32.32,-0.07]},"faces":{"north":{"uv":[1,14.5,2,16],"texture":"#0"},"east":{"uv":[0,14.5,1,16],"texture":"#0"},"south":{"uv":[3,14.5,4,16],"texture":"#0"},"west":{"uv":[2,14.5,3,16],"texture":"#0"},"up":{"uv":[2,14.5,1,13.5],"texture":"#0"},"down":{"uv":[3,13.5,2,14.5],"texture":"#0"}}},{"name":"head","from":[12.66,16.67,6.8],"to":[14.94,19.95,9.08],"rotation":{"angle":0,"axis":"y","origin":[5.8,32.31,-0.06]},"faces":{"north":{"uv":[2,14.5,1,16],"texture":"#0"},"east":{"uv":[3,14.5,2,16],"texture":"#0"},"south":{"uv":[4,14.5,3,16],"texture":"#0"},"west":{"uv":[1,14.5,0,16],"texture":"#0"},"up":{"uv":[1,14.5,2,13.5],"texture":"#0"},"down":{"uv":[2,13.5,3,14.5],"texture":"#0"}}}],"gui_light":"front","display":{"thirdperson_righthand":{"scale":[0.75,0.75,0.75]},"thirdperson_lefthand":{"scale":[0.75,0.75,0.75]},"gui":{"translation":[0,-4.75,0]},"head":{"scale":[1.5,1.5,1.5]},"fixed":{"translation":[0,-6,0]}},"mcmodels":"a9f54e0c845638e4fb75ea80496c5ebb"}