{"credit":"Made with Blockbench","texture_size":[64,64],"textures":{"0":"minewave:item/bunny/shield","particle":"#0"},"elements":[{"name":"plate","from":[-6,2,-3],"to":[6,22,-2],"rotation":{"angle":0,"axis":"y","origin":[0,12,-2.5]},"faces":{"north":{"uv":[0.25,0.25,3.25,5.25],"texture":"#0"},"east":{"uv":[0,0.25,0.25,5.25],"texture":"#0"},"south":{"uv":[3.5,0.25,6.5,5.25],"texture":"#0"},"west":{"uv":[3.25,0.25,3.5,5.25],"texture":"#0"},"up":{"uv":[3.25,0.25,0.25,0],"texture":"#0"},"down":{"uv":[6.25,0,3.25,0.25],"texture":"#0"}}},{"name":"handle","from":[-1,8,-2],"to":[1,14,4],"rotation":{"angle":0,"axis":"y","origin":[0,11,1]},"faces":{"north":{"uv":[8,1.5,8.5,3],"texture":"#0"},"east":{"uv":[6.5,1.5,8,3],"texture":"#0"},"south":{"uv":[10,1.5,10.5,3],"texture":"#0"},"west":{"uv":[8.5,1.5,10,3],"texture":"#0"},"up":{"uv":[8.5,1.5,8,0],"texture":"#0"},"down":{"uv":[9,0,8.5,1.5],"texture":"#0"}}}],"gui_light":"front","display":{"thirdperson_righthand":{"rotation":[0,-90,0],"translation":[-6.5,-5,10.75]},"thirdperson_lefthand":{"rotation":[0,-90,0],"translation":[-7,-5,-5.25]},"firstperson_righthand":{"translation":[3.5,-6.75,13]},"firstperson_lefthand":{"translation":[-12.5,-7,13]},"gui":{"rotation":[0,180,0],"translation":[-6,-3,0],"scale":[0.75,0.75,0.75]},"fixed":{"translation":[8.25,-4,7.75]}}}