{"textures":{"0":"modelengine:entity/nm_cardinal_texture","particle":"#0"},"elements":[{"from":[6.5,7.020946,5.436498],"to":[9.5,10.0209465,8.436499],"faces":{"east":{"uv":[7.5,2.5,9.0,4.0],"tintindex":0,"rotation":0,"texture":"#0"},"south":{"uv":[4.0,7.5,5.5,9.0],"tintindex":0,"rotation":0,"texture":"#0"},"north":{"uv":[5.5,2.5,7.0,4.0],"tintindex":0,"rotation":0,"texture":"#0"},"west":{"uv":[7.5,4.5,9.0,6.0],"tintindex":0,"rotation":0,"texture":"#0"},"up":{"uv":[7.5,9.0,6.0,7.5],"tintindex":0,"rotation":0,"texture":"#0"},"down":{"uv":[9.5,0.0,8.0,1.5],"tintindex":0,"rotation":0,"texture":"#0"}}},{"from":[8.0,10.0209465,5.436498],"to":[8.0,13.0209465,9.436499],"faces":{"east":{"uv":[11.5,0.0,13.5,1.5],"tintindex":0,"rotation":0,"texture":"#0"},"west":{"uv":[13.5,0.0,11.5,1.5],"tintindex":0,"rotation":0,"texture":"#0"}}},{"from":[7.5,7.520946,3.4364982],"to":[8.5,8.5209465,5.436498],"faces":{"east":{"uv":[5.0,9.5,6.0,10.0],"tintindex":0,"rotation":0,"texture":"#0"},"south":{"uv":[9.5,5.0,10.5,5.5],"tintindex":0,"rotation":0,"texture":"#0"},"north":{"uv":[9.5,4.0,10.0,4.5],"tintindex":0,"rotation":0,"texture":"#0"},"west":{"uv":[9.5,6.0,10.5,6.5],"tintindex":0,"rotation":0,"texture":"#0"},"up":{"uv":[8.5,7.5,8.0,6.5],"tintindex":0,"rotation":0,"texture":"#0"},"down":{"uv":[8.5,8.0,8.0,9.0],"tintindex":0,"rotation":0,"texture":"#0"}}}],"display":{"head":{"rotation":[0.0,0.0,0.0]},"firstperson_righthand":{"rotation":[0.0,0.0,0.0]},"thirdperson_lefthand":{"rotation":[0.0,0.0,0.0]},"firstperson_lefthand":{"rotation":[0.0,0.0,0.0]},"fixed":{"rotation":[0.0,0.0,0.0]},"ground":{"rotation":[0.0,0.0,0.0]},"thirdperson_righthand":{"rotation":[0.0,0.0,0.0]},"gui":{"rotation":[-150.0,-45.0,180.0]}}}