{"credit":"Made with Blockbench","texture_size":[64,64],"textures":{"0":"minewave:item/cosmetics/spring_hats/adventure_hat_texture","particle":"minewave:item/cosmetics/spring_hats/adventure_hat_texture"},"elements":[{"from":[1,0,1],"to":[15,1,15],"rotation":{"angle":0,"axis":"y","origin":[0,-5,0]},"faces":{"north":{"uv":[3.5,3.5,7,3.75],"texture":"#0"},"east":{"uv":[0,3.5,3.5,3.75],"texture":"#0"},"south":{"uv":[10.5,3.5,14,3.75],"texture":"#0"},"west":{"uv":[7,3.5,10.5,3.75],"texture":"#0"},"up":{"uv":[7,3.5,3.5,0],"texture":"#0"},"down":{"uv":[10.5,0,7,3.5],"texture":"#0"}}},{"from":[4,1,4],"to":[12,5,12],"rotation":{"angle":0,"axis":"y","origin":[0,-5,0]},"faces":{"north":{"uv":[2,5.75,4,6.75],"texture":"#0"},"east":{"uv":[0,5.75,2,6.75],"texture":"#0"},"south":{"uv":[6,5.75,8,6.75],"texture":"#0"},"west":{"uv":[4,5.75,6,6.75],"texture":"#0"},"up":{"uv":[4,5.75,2,3.75],"texture":"#0"},"down":{"uv":[6,3.75,4,5.75],"texture":"#0"}}},{"from":[2.67678,3.4519,3],"to":[5.67678,6.4519,9],"rotation":{"angle":45,"axis":"z","origin":[4.17678,4.7019,8]},"faces":{"north":{"uv":[1.5,8.25,2.25,9],"texture":"#0"},"east":{"uv":[0,8.25,1.5,9],"texture":"#0"},"south":{"uv":[3.75,8.25,4.5,9],"texture":"#0"},"west":{"uv":[2.25,8.25,3.75,9],"texture":"#0"},"up":{"uv":[2.25,8.25,1.5,6.75],"texture":"#0"},"down":{"uv":[3,6.75,2.25,8.25],"texture":"#0"}}},{"from":[3.17678,3.9519,9],"to":[5.17678,5.9519,12],"rotation":{"angle":45,"axis":"z","origin":[4.17678,4.7019,8]},"faces":{"north":{"uv":[0.75,2,1.25,2.5],"texture":"#0"},"east":{"uv":[0,2,0.75,2.5],"texture":"#0"},"south":{"uv":[2,2,2.5,2.5],"texture":"#0"},"west":{"uv":[1.25,2,2,2.5],"texture":"#0"},"up":{"uv":[1.25,2,0.75,1.25],"texture":"#0"},"down":{"uv":[1.75,1.25,1.25,2],"texture":"#0"}}},{"from":[10.33633,3.4519,3],"to":[13.33633,6.4519,9],"rotation":{"angle":-45,"axis":"z","origin":[11.83633,4.7019,8]},"faces":{"north":{"uv":[8,6.75,8.75,7.5],"texture":"#0"},"east":{"uv":[6.5,6.75,8,7.5],"texture":"#0"},"south":{"uv":[10.25,6.75,11,7.5],"texture":"#0"},"west":{"uv":[8.75,6.75,10.25,7.5],"texture":"#0"},"up":{"uv":[8.75,6.75,8,5.25],"texture":"#0"},"down":{"uv":[9.5,5.25,8.75,6.75],"texture":"#0"}}},{"from":[10.83633,3.9519,9],"to":[12.83633,5.9519,12],"rotation":{"angle":-45,"axis":"z","origin":[11.83633,4.7019,8]},"faces":{"north":{"uv":[0.75,0.75,1.25,1.25],"texture":"#0"},"east":{"uv":[0,0.75,0.75,1.25],"texture":"#0"},"south":{"uv":[2,0.75,2.5,1.25],"texture":"#0"},"west":{"uv":[1.25,0.75,2,1.25],"texture":"#0"},"up":{"uv":[1.25,0.75,0.75,0],"texture":"#0"},"down":{"uv":[1.75,0,1.25,0.75],"texture":"#0"}}},{"from":[4.01311,5,4],"to":[12.01311,7,8],"rotation":{"angle":0,"axis":"y","origin":[5.01311,6.5,5]},"faces":{"north":{"uv":[7,4.75,9,5.25],"texture":"#0"},"east":{"uv":[6,4.75,7,5.25],"texture":"#0"},"south":{"uv":[10,4.75,12,5.25],"texture":"#0"},"west":{"uv":[9,4.75,10,5.25],"texture":"#0"},"up":{"uv":[9,4.75,7,3.75],"texture":"#0"},"down":{"uv":[11,3.75,9,4.75],"texture":"#0"}}},{"from":[10.33633,3.4519,12],"to":[13.33633,6.4519,13],"rotation":{"angle":-45,"axis":"z","origin":[11.83633,4.7019,8]},"faces":{"north":{"uv":[0.25,4,1,4.75],"texture":"#0"},"east":{"uv":[0,4,0.25,4.75],"texture":"#0"},"south":{"uv":[1.25,4,2,4.75],"texture":"#0"},"west":{"uv":[1,4,1.25,4.75],"texture":"#0"},"up":{"uv":[1,4,0.25,3.75],"texture":"#0"},"down":{"uv":[1.75,3.75,1,4],"texture":"#0"}}},{"from":[2.67678,3.4519,12],"to":[5.67678,6.4519,13],"rotation":{"angle":45,"axis":"z","origin":[4.17678,4.7019,8]},"faces":{"north":{"uv":[0.25,2.75,1,3.5],"texture":"#0"},"east":{"uv":[0,2.75,0.25,3.5],"texture":"#0"},"south":{"uv":[1.25,2.75,2,3.5],"texture":"#0"},"west":{"uv":[1,2.75,1.25,3.5],"texture":"#0"},"up":{"uv":[1,2.75,0.25,2.5],"texture":"#0"},"down":{"uv":[1.75,2.5,1,2.75],"texture":"#0"}}}],"display":{"thirdperson_righthand":{"translation":[0,5.5,-4]},"thirdperson_lefthand":{"translation":[0,5.5,-4]},"firstperson_righthand":{"rotation":[12.5,0,0],"translation":[2.25,3.75,0]},"firstperson_lefthand":{"rotation":[12.5,0,0],"translation":[2.25,3.75,0]},"ground":{"translation":[0,3,0],"scale":[0.5,0.5,0.5]},"gui":{"rotation":[45,-180,0],"translation":[0,4.25,0]},"head":{"translation":[0,15.75,0],"scale":[1.83,1.83,1.83]},"fixed":{"rotation":[-90,0,0],"translation":[0,0,-16],"scale":[2,2,2]}}}