{"credit":"Pologony Creation Co.,Ltd.","textures":{"1":"plny_coral_summer:coral","4":"plny_coral_summer:animated/bubble_1","8":"plny_coral_summer:weapons_tools","particle":"plny_coral_summer:coral"},"elements":[{"from":[2.45171,23.25,8.05779],"to":[2.46171,28.25,13.05779],"rotation":{"angle":45,"axis":"y","origin":[2.45671,25.75,10.55779]},"faces":{"east":{"uv":[0,6,5,11],"texture":"#1"},"west":{"uv":[5,6,0,11],"texture":"#1"}}},{"from":[13.53829,23,8.06161],"to":[13.54829,28,13.06161],"rotation":{"angle":-45,"axis":"y","origin":[13.54329,25.5,10.56161]},"faces":{"east":{"uv":[5,0,0,5],"texture":"#1"},"west":{"uv":[0,0,5,5],"texture":"#1"}}},{"from":[13.53829,23.25,2.94221],"to":[13.54829,28.25,7.94221],"rotation":{"angle":45,"axis":"y","origin":[13.54329,25.75,5.44221]},"faces":{"east":{"uv":[5,6,0,11],"texture":"#1"},"west":{"uv":[0,6,5,11],"texture":"#1"}}},{"from":[2.45171,23,2.93839],"to":[2.46171,28,7.93839],"rotation":{"angle":-45,"axis":"y","origin":[2.45671,25.5,5.43839]},"faces":{"east":{"uv":[0,0,5,5],"texture":"#1"},"west":{"uv":[5,0,0,5],"texture":"#1"}}},{"from":[2.75,22.75,1],"to":[2.76,29.75,5],"rotation":{"angle":22.5,"axis":"y","origin":[2.755,26.25,3]},"faces":{"east":{"uv":[8,0,0,14],"texture":"#4"},"west":{"uv":[0,0,8,14],"texture":"#4"}}},{"from":[2.75,16.75,15],"to":[2.76,23.75,19],"rotation":{"angle":-22.5,"axis":"y","origin":[2.755,20.25,17]},"faces":{"east":{"uv":[0,0,8,14],"texture":"#4"},"west":{"uv":[8,0,0,14],"texture":"#4"}}},{"from":[13.24,16.75,-3],"to":[13.25,23.75,1],"rotation":{"angle":-22.5,"axis":"y","origin":[13.245,20.25,-1]},"faces":{"east":{"uv":[8,0,0,14],"texture":"#4"},"west":{"uv":[0,0,8,14],"texture":"#4"}}},{"from":[13.5,24.25,10.25],"to":[13.5,30.25,13.25],"rotation":{"angle":0,"axis":"y","origin":[13.5,24.25,10.25]},"faces":{"east":{"uv":[16,0,10,12],"texture":"#4"},"west":{"uv":[10,0,16,12],"texture":"#4"}}},{"from":[7.25,-9.5,7.25],"to":[8.75,-7.5,9.25],"rotation":{"angle":-45,"axis":"x","origin":[7.5,-8.75,8]},"faces":{"north":{"uv":[13.27273,13.09091,13.54545,13.45455],"texture":"#8"},"east":{"uv":[6.54545,7.81818,6.90909,8.18182],"texture":"#8"},"south":{"uv":[0,13.45455,0.27273,13.81818],"texture":"#8"},"west":{"uv":[2.72727,13.09091,3.09091,13.45455],"texture":"#8"},"up":{"uv":[13.72727,0.36364,13.45455,0],"texture":"#8"},"down":{"uv":[13.72727,0.54545,13.45455,0.90909],"texture":"#8"}}},{"from":[7.5,-8,7.75],"to":[8.5,-6.5,9.25],"rotation":{"angle":-45,"axis":"x","origin":[7.5,-7.75,8]},"faces":{"north":{"uv":[14.18182,12,14.36364,12.27273],"texture":"#8"},"east":{"uv":[13.63636,11.09091,13.90909,11.36364],"texture":"#8"},"south":{"uv":[0.54545,14.36364,0.72727,14.63636],"texture":"#8"},"west":{"uv":[11.27273,13.63636,11.54545,13.90909],"texture":"#8"},"up":{"uv":[1.63636,14.63636,1.45455,14.36364],"texture":"#8"},"down":{"uv":[14.54545,1.63636,14.36364,1.90909],"texture":"#8"}}},{"from":[7.75,2.26777,7.04289],"to":[9.25,2.76777,8.54289],"rotation":{"angle":-45,"axis":"y","origin":[8,2.26777,7.29289]},"faces":{"north":{"uv":[14.72727,4.90909,15,5],"texture":"#8"},"east":{"uv":[14.72727,5.27273,15,5.36364],"texture":"#8"},"south":{"uv":[7.27273,14.72727,7.54545,14.81818],"texture":"#8"},"west":{"uv":[7.81818,14.72727,8.09091,14.81818],"texture":"#8"},"up":{"uv":[13.90909,11.90909,13.63636,11.63636],"texture":"#8"},"down":{"uv":[13.90909,12.18182,13.63636,12.45455],"texture":"#8"}}},{"from":[7.75,3.26777,7.04289],"to":[9.25,3.76777,8.54289],"rotation":{"angle":-45,"axis":"y","origin":[8,3.26777,7.29289]},"faces":{"north":{"uv":[8.36364,14.72727,8.63636,14.81818],"texture":"#8"},"east":{"uv":[14.72727,8.90909,15,9],"texture":"#8"},"south":{"uv":[14.72727,9.27273,15,9.36364],"texture":"#8"},"west":{"uv":[14.72727,9.63636,15,9.72727],"texture":"#8"},"up":{"uv":[13.54545,13.90909,13.27273,13.63636],"texture":"#8"},"down":{"uv":[0.81818,13.81818,0.54545,14.09091],"texture":"#8"}}},{"from":[8,2.76777,7.29289],"to":[9,3.26777,8.29289],"rotation":{"angle":-45,"axis":"y","origin":[8,2.76777,7.29289]},"faces":{"north":{"uv":[10.36364,14.90909,10.54545,15],"texture":"#8"},"east":{"uv":[14.90909,10.36364,15.09091,10.45455],"texture":"#8"},"south":{"uv":[10.72727,14.90909,10.90909,15],"texture":"#8"},"west":{"uv":[14.90909,10.72727,15.09091,10.81818],"texture":"#8"}}},{"from":[8,6.26777,7.29289],"to":[9,6.76777,8.29289],"rotation":{"angle":-45,"axis":"y","origin":[8,6.26777,7.29289]},"faces":{"north":{"uv":[14.90909,11.09091,15.09091,11.18182],"texture":"#8"},"east":{"uv":[14.90909,11.45455,15.09091,11.54545],"texture":"#8"},"south":{"uv":[14.90909,11.81818,15.09091,11.90909],"texture":"#8"},"west":{"uv":[14.90909,12.18182,15.09091,12.27273],"texture":"#8"}}},{"from":[7.75,5.76777,7.04289],"to":[9.25,6.26777,8.54289],"rotation":{"angle":-45,"axis":"y","origin":[8,5.76777,7.29289]},"faces":{"north":{"uv":[11.81818,14.72727,12.09091,14.81818],"texture":"#8"},"east":{"uv":[14.72727,12.54545,15,12.63636],"texture":"#8"},"south":{"uv":[14.72727,12.90909,15,13],"texture":"#8"},"west":{"uv":[14.72727,13.27273,15,13.36364],"texture":"#8"},"up":{"uv":[1.72727,14.09091,1.45455,13.81818],"texture":"#8"},"down":{"uv":[2.27273,13.81818,2,14.09091],"texture":"#8"}}},{"from":[7.75,6.76777,7.04289],"to":[9.25,7.26777,8.54289],"rotation":{"angle":-45,"axis":"y","origin":[8,5.76777,7.29289]},"faces":{"north":{"uv":[14.72727,13.63636,15,13.72727],"texture":"#8"},"east":{"uv":[14.72727,14,15,14.09091],"texture":"#8"},"south":{"uv":[14.36364,14.72727,14.63636,14.81818],"texture":"#8"},"west":{"uv":[14.72727,14.36364,15,14.45455],"texture":"#8"},"up":{"uv":[14.09091,7.90909,13.81818,7.63636],"texture":"#8"},"down":{"uv":[14.09091,8.72727,13.81818,9],"texture":"#8"}}},{"from":[8,3.76777,7.29289],"to":[9,5.76777,8.29289],"rotation":{"angle":-45,"axis":"y","origin":[8,3.76777,7.29289]},"faces":{"north":{"uv":[9.63636,4.54545,9.81818,4.90909],"texture":"#8"},"east":{"uv":[8.18182,12.54545,8.36364,12.90909],"texture":"#8"},"south":{"uv":[11.63636,12.54545,11.81818,12.90909],"texture":"#8"},"west":{"uv":[3.63636,13.63636,3.81818,14],"texture":"#8"}}},{"from":[7.5,7.26777,6.79289],"to":[9.5,8.26777,8.79289],"rotation":{"angle":-45,"axis":"y","origin":[8,7.26777,7.29289]},"faces":{"north":{"uv":[13.81818,9.27273,14.18182,9.45455],"texture":"#8"},"east":{"uv":[14,6,14.36364,6.18182],"texture":"#8"},"south":{"uv":[14,6.36364,14.36364,6.54545],"texture":"#8"},"west":{"uv":[14,6.72727,14.36364,6.90909],"texture":"#8"},"up":{"uv":[13.45455,3.27273,13.09091,2.90909],"texture":"#8"},"down":{"uv":[13.45455,3.45455,13.09091,3.81818],"texture":"#8"}}},{"from":[7.5,1.26777,6.79289],"to":[9.5,2.26777,8.79289],"rotation":{"angle":-45,"axis":"y","origin":[8,1.26777,7.29289]},"faces":{"north":{"uv":[13.81818,9.27273,14.18182,9.45455],"texture":"#8"},"east":{"uv":[14,6,14.36364,6.18182],"texture":"#8"},"south":{"uv":[14,6.36364,14.36364,6.54545],"texture":"#8"},"west":{"uv":[14,6.72727,14.36364,6.90909],"texture":"#8"},"up":{"uv":[13.45455,3.27273,13.09091,2.90909],"texture":"#8"},"down":{"uv":[13.45455,3.45455,13.09091,3.81818],"texture":"#8"}}},{"from":[7.5,-6.73223,6.79289],"to":[9.5,-5.73223,8.79289],"rotation":{"angle":-45,"axis":"y","origin":[8,-6.73223,7.29289]},"faces":{"north":{"uv":[13.81818,9.27273,14.18182,9.45455],"texture":"#8"},"east":{"uv":[14,6,14.36364,6.18182],"texture":"#8"},"south":{"uv":[14,6.36364,14.36364,6.54545],"texture":"#8"},"west":{"uv":[14,6.72727,14.36364,6.90909],"texture":"#8"},"up":{"uv":[13.45455,3.27273,13.09091,2.90909],"texture":"#8"},"down":{"uv":[13.45455,3.45455,13.09091,3.81818],"texture":"#8"}}},{"from":[7.75,8.26777,7.04289],"to":[9.25,15.26777,8.54289],"rotation":{"angle":-45,"axis":"y","origin":[8,19.26777,7.29289]},"faces":{"north":{"uv":[11.09091,1.09091,11.36364,2.36364],"texture":"#8"},"east":{"uv":[11.09091,3.81818,11.36364,5.09091],"texture":"#8"},"south":{"uv":[6.90909,11.09091,7.18182,12.36364],"texture":"#8"},"west":{"uv":[0,11.27273,0.27273,12.54545],"texture":"#8"}}},{"from":[7.75,-5.73223,7.04289],"to":[9.25,1.26777,8.54289],"rotation":{"angle":-45,"axis":"y","origin":[8,5.26777,7.29289]},"faces":{"north":{"uv":[11.09091,1.09091,11.36364,2.36364],"texture":"#8"},"east":{"uv":[11.09091,3.81818,11.36364,5.09091],"texture":"#8"},"south":{"uv":[6.90909,11.09091,7.18182,12.36364],"texture":"#8"},"west":{"uv":[0,11.27273,0.27273,12.54545],"texture":"#8"}}},{"from":[7.5,15.26777,6.79289],"to":[9.5,16.26777,8.79289],"rotation":{"angle":-45,"axis":"y","origin":[8,15.26777,7.29289]},"faces":{"north":{"uv":[13.81818,9.27273,14.18182,9.45455],"texture":"#8"},"east":{"uv":[14,6,14.36364,6.18182],"texture":"#8"},"south":{"uv":[14,6.36364,14.36364,6.54545],"texture":"#8"},"west":{"uv":[14,6.72727,14.36364,6.90909],"texture":"#8"},"up":{"uv":[13.45455,3.27273,13.09091,2.90909],"texture":"#8"},"down":{"uv":[13.45455,3.45455,13.09091,3.81818],"texture":"#8"}}},{"from":[1.79,16.275,9.9],"to":[1.8,25.275,16.4],"rotation":{"angle":-45,"axis":"y","origin":[1.795,20.775,13.15]},"faces":{"east":{"uv":[9.36364,8.36364,8.18182,10],"texture":"#8"},"west":{"uv":[8.18182,8.36364,9.36364,10],"texture":"#8"}}},{"from":[2.065,16.8,-0.75],"to":[2.075,23.8,5.75],"rotation":{"angle":45,"axis":"y","origin":[2.07,20.3,2.5]},"faces":{"east":{"uv":[2.54545,8.54545,3.72727,9.81818],"texture":"#8"},"west":{"uv":[3.72727,8.54545,2.54545,9.81818],"texture":"#8"}}},{"from":[14.2,16.275,-0.4],"to":[14.21,25.275,6.1],"rotation":{"angle":-45,"axis":"y","origin":[14.205,20.775,2.85]},"faces":{"east":{"uv":[8.18182,8.36364,9.36364,10],"texture":"#8"},"west":{"uv":[9.36364,8.36364,8.18182,10],"texture":"#8"}}},{"from":[13.925,16.8,10.25],"to":[13.935,23.8,16.75],"rotation":{"angle":45,"axis":"y","origin":[13.93,20.3,13.5]},"faces":{"east":{"uv":[3.72727,8.54545,2.54545,9.81818],"texture":"#8"},"west":{"uv":[2.54545,8.54545,3.72727,9.81818],"texture":"#8"}}},{"from":[4.5,16.26777,5.5],"to":[11.5,23.26777,10.5],"rotation":{"angle":0,"axis":"y","origin":[-14,35.76777,6]},"faces":{"east":{"uv":[9.81818,6.72727,10.72727,8],"texture":"#8"},"west":{"uv":[10,1.27273,10.90909,2.54545],"texture":"#8"},"up":{"uv":[3.09091,10.90909,1.81818,10],"texture":"#8"},"down":{"uv":[11.27273,2.72727,10,3.63636],"texture":"#8"}}},{"from":[4,15.76777,-2.5],"to":[12,23.76777,5.5],"rotation":{"angle":0,"axis":"y","origin":[32,15.76777,8.5]},"faces":{"north":{"uv":[4.72727,6.90909,3.27273,8.36364],"texture":"#8"},"east":{"uv":[2.36364,7.45455,0.90909,8.90909],"texture":"#8"},"south":{"uv":[8.54545,6.72727,7.09091,8.18182],"texture":"#8"},"west":{"uv":[8.54545,5.09091,7.09091,6.54545],"texture":"#8"},"up":{"uv":[4.90909,9.27273,6.36364,7.81818],"texture":"#8"},"down":{"uv":[6.54545,8.36364,8,9.81818],"texture":"#8"}}},{"from":[4,15.76777,10.5],"to":[12,23.76777,18.5],"rotation":{"angle":0,"axis":"y","origin":[-16,15.76777,7.5]},"faces":{"north":{"uv":[8.54545,6.72727,7.09091,8.18182],"texture":"#8"},"east":{"uv":[8.54545,5.09091,7.09091,6.54545],"texture":"#8"},"south":{"uv":[4.72727,6.90909,3.27273,8.36364],"texture":"#8"},"west":{"uv":[2.36364,7.45455,0.90909,8.90909],"texture":"#8"},"up":{"uv":[6.36364,7.81818,4.90909,9.27273],"texture":"#8"},"down":{"uv":[8,9.81818,6.54545,8.36364],"texture":"#8"}}}],"gui_light":"front","display":{"thirdperson_righthand":{"translation":[0,1.25,0.75]},"thirdperson_lefthand":{"translation":[0,1.25,0.75]},"firstperson_righthand":{"rotation":[-5,0,0],"translation":[3.25,1.25,1],"scale":[0.7,0.7,0.7]},"firstperson_lefthand":{"rotation":[-5,0,0],"translation":[3.25,1.25,1],"scale":[0.7,0.7,0.7]},"ground":{"rotation":[45,0,0],"translation":[0,5,0],"scale":[0.7,0.7,0.7]},"gui":{"rotation":[-90,135,90],"translation":[-1.75,-1.5,0],"scale":[0.6,0.6,0.6]},"head":{"rotation":[0,-90,0]},"fixed":{"rotation":[0,-90,0],"translation":[0,0,-2.25],"scale":[2,2,2]}}}