{"credit":"Pologony Creation Co.,Ltd.","textures":{"1":"plny_coral_summer:coral","4":"plny_coral_summer:animated/bubble_1","5":"plny_coral_summer:animated/animated_1","6":"plny_coral_summer:key","8":"plny_coral_summer:weapons_tools","particle":"plny_coral_summer:coral"},"elements":[{"from":[5.64434,9.75,3],"to":[5.65434,14.75,8],"rotation":{"angle":22.5,"axis":"y","origin":[5.64434,9.75,3]},"faces":{"east":{"uv":[5,0,0,5],"texture":"#1"},"west":{"uv":[0,0,5,5],"texture":"#1"}}},{"from":[5.64434,9.75,8],"to":[5.65434,14.75,13],"rotation":{"angle":-22.5,"axis":"y","origin":[5.64434,9.75,13]},"faces":{"east":{"uv":[5,6,0,11],"texture":"#1"},"west":{"uv":[0,6,5,11],"texture":"#1"}}},{"from":[10.14434,9.75,8],"to":[10.15434,14.75,13],"rotation":{"angle":22.5,"axis":"y","origin":[10.14434,9.75,13]},"faces":{"east":{"uv":[0,0,5,5],"texture":"#1"},"west":{"uv":[5,0,0,5],"texture":"#1"}}},{"from":[10.14434,9.75,3],"to":[10.15434,14.75,8],"rotation":{"angle":-22.5,"axis":"y","origin":[10.14434,9.75,3]},"faces":{"east":{"uv":[0,6,5,11],"texture":"#1"},"west":{"uv":[5,6,0,11],"texture":"#1"}}},{"from":[6.64434,11.75,2],"to":[6.65434,18.75,6],"rotation":{"angle":0,"axis":"y","origin":[6.64434,11.75,3]},"faces":{"east":{"uv":[8,0,0,14],"texture":"#4"},"west":{"uv":[0,0,8,14],"texture":"#4"}}},{"from":[9.39434,12.25,10.25],"to":[9.39434,18.25,13.25],"rotation":{"angle":0,"axis":"y","origin":[9.39434,12.25,10.25]},"faces":{"east":{"uv":[16,0,10,12],"texture":"#4"},"west":{"uv":[10,0,16,12],"texture":"#4"}}},{"from":[7.88934,8.25,3.5],"to":[7.89934,17.25,12.5],"rotation":{"angle":45,"axis":"y","origin":[7.89434,12.75,8]},"faces":{"east":{"uv":[9,0,0,9],"texture":"#5"},"west":{"uv":[0,0,9,9],"texture":"#5"}}},{"from":[7.88934,8.25,3.5],"to":[7.89934,17.25,12.5],"rotation":{"angle":-45,"axis":"y","origin":[7.89434,12.75,8]},"faces":{"east":{"uv":[9,0,0,9],"texture":"#5"},"west":{"uv":[0,0,9,9],"texture":"#5"}}},{"from":[7.25,-0.75,7.25],"to":[8.75,1.25,9.25],"rotation":{"angle":-45,"axis":"x","origin":[7.5,0,8]},"faces":{"north":{"uv":[13.27273,13.09091,13.54545,13.45455],"texture":"#8"},"east":{"uv":[6.54545,7.81818,6.90909,8.18182],"texture":"#8"},"south":{"uv":[0,13.45455,0.27273,13.81818],"texture":"#8"},"west":{"uv":[2.72727,13.09091,3.09091,13.45455],"texture":"#8"},"up":{"uv":[13.72727,0.36364,13.45455,0],"texture":"#8"},"down":{"uv":[13.72727,0.54545,13.45455,0.90909],"texture":"#8"}}},{"from":[7.5,0.75,7.75],"to":[8.5,2.25,9.25],"rotation":{"angle":-45,"axis":"x","origin":[7.5,1,8]},"faces":{"north":{"uv":[14.18182,12,14.36364,12.27273],"texture":"#8"},"east":{"uv":[13.63636,11.09091,13.90909,11.36364],"texture":"#8"},"south":{"uv":[0.54545,14.36364,0.72727,14.63636],"texture":"#8"},"west":{"uv":[11.27273,13.63636,11.54545,13.90909],"texture":"#8"},"up":{"uv":[1.63636,14.63636,1.45455,14.36364],"texture":"#8"},"down":{"uv":[14.54545,1.63636,14.36364,1.90909],"texture":"#8"}}},{"from":[7.75,2.26777,7.04289],"to":[9.25,2.76777,8.54289],"rotation":{"angle":-45,"axis":"y","origin":[8,2.26777,7.29289]},"faces":{"north":{"uv":[14.72727,4.90909,15,5],"texture":"#8"},"east":{"uv":[14.72727,5.27273,15,5.36364],"texture":"#8"},"south":{"uv":[7.27273,14.72727,7.54545,14.81818],"texture":"#8"},"west":{"uv":[7.81818,14.72727,8.09091,14.81818],"texture":"#8"},"up":{"uv":[13.90909,11.90909,13.63636,11.63636],"texture":"#8"},"down":{"uv":[13.90909,12.18182,13.63636,12.45455],"texture":"#8"}}},{"from":[7.75,3.26777,7.04289],"to":[9.25,3.76777,8.54289],"rotation":{"angle":-45,"axis":"y","origin":[8,3.26777,7.29289]},"faces":{"north":{"uv":[8.36364,14.72727,8.63636,14.81818],"texture":"#8"},"east":{"uv":[14.72727,8.90909,15,9],"texture":"#8"},"south":{"uv":[14.72727,9.27273,15,9.36364],"texture":"#8"},"west":{"uv":[14.72727,9.63636,15,9.72727],"texture":"#8"},"up":{"uv":[13.54545,13.90909,13.27273,13.63636],"texture":"#8"},"down":{"uv":[0.81818,13.81818,0.54545,14.09091],"texture":"#8"}}},{"from":[8,2.76777,7.29289],"to":[9,3.26777,8.29289],"rotation":{"angle":-45,"axis":"y","origin":[8,2.76777,7.29289]},"faces":{"north":{"uv":[10.36364,14.90909,10.54545,15],"texture":"#8"},"east":{"uv":[14.90909,10.36364,15.09091,10.45455],"texture":"#8"},"south":{"uv":[10.72727,14.90909,10.90909,15],"texture":"#8"},"west":{"uv":[14.90909,10.72727,15.09091,10.81818],"texture":"#8"}}},{"from":[8,6.26777,7.29289],"to":[9,6.76777,8.29289],"rotation":{"angle":-45,"axis":"y","origin":[8,6.26777,7.29289]},"faces":{"north":{"uv":[14.90909,11.09091,15.09091,11.18182],"texture":"#8"},"east":{"uv":[14.90909,11.45455,15.09091,11.54545],"texture":"#8"},"south":{"uv":[14.90909,11.81818,15.09091,11.90909],"texture":"#8"},"west":{"uv":[14.90909,12.18182,15.09091,12.27273],"texture":"#8"}}},{"from":[7.75,5.76777,7.04289],"to":[9.25,6.26777,8.54289],"rotation":{"angle":-45,"axis":"y","origin":[8,5.76777,7.29289]},"faces":{"north":{"uv":[11.81818,14.72727,12.09091,14.81818],"texture":"#8"},"east":{"uv":[14.72727,12.54545,15,12.63636],"texture":"#8"},"south":{"uv":[14.72727,12.90909,15,13],"texture":"#8"},"west":{"uv":[14.72727,13.27273,15,13.36364],"texture":"#8"},"up":{"uv":[1.72727,14.09091,1.45455,13.81818],"texture":"#8"},"down":{"uv":[2.27273,13.81818,2,14.09091],"texture":"#8"}}},{"from":[7.75,6.76777,7.04289],"to":[9.25,7.26777,8.54289],"rotation":{"angle":-45,"axis":"y","origin":[8,5.76777,7.29289]},"faces":{"north":{"uv":[14.72727,13.63636,15,13.72727],"texture":"#8"},"east":{"uv":[14.72727,14,15,14.09091],"texture":"#8"},"south":{"uv":[14.36364,14.72727,14.63636,14.81818],"texture":"#8"},"west":{"uv":[14.72727,14.36364,15,14.45455],"texture":"#8"},"up":{"uv":[14.09091,7.90909,13.81818,7.63636],"texture":"#8"},"down":{"uv":[14.09091,8.72727,13.81818,9],"texture":"#8"}}},{"from":[8,3.76777,7.29289],"to":[9,5.76777,8.29289],"rotation":{"angle":-45,"axis":"y","origin":[8,3.76777,7.29289]},"faces":{"north":{"uv":[9.63636,4.54545,9.81818,4.90909],"texture":"#8"},"east":{"uv":[8.18182,12.54545,8.36364,12.90909],"texture":"#8"},"south":{"uv":[11.63636,12.54545,11.81818,12.90909],"texture":"#8"},"west":{"uv":[3.63636,13.63636,3.81818,14],"texture":"#8"}}},{"from":[7.75,11.71818,4.6047],"to":[8.25,13.21818,6.6047],"rotation":{"angle":0,"axis":"y","origin":[8,13.59572,4.10187]},"faces":{"north":{"uv":[14.90909,0,15,0.27273],"texture":"#8"},"east":{"uv":[13.45455,4,13.81818,4.27273],"texture":"#8"},"west":{"uv":[4.54545,13.45455,4.90909,13.72727],"texture":"#8"},"up":{"uv":[14.45455,14,14.36364,13.63636],"texture":"#8"},"down":{"uv":[14.09091,14.36364,14,14.72727],"texture":"#8"}}},{"from":[7.7535,13.65016,3.54048],"to":[8.2465,15.65016,4.54048],"rotation":{"angle":45,"axis":"x","origin":[8,14.90016,3.29048]},"faces":{"north":{"uv":[14.54545,0,14.63636,0.36364],"texture":"#8"},"east":{"uv":[4,14,4.18182,14.36364],"texture":"#8"},"south":{"uv":[14.54545,0.54545,14.63636,0.90909],"texture":"#8"},"west":{"uv":[14,4,14.18182,4.36364],"texture":"#8"},"up":{"uv":[13.72727,15.09091,13.63636,14.90909],"texture":"#8"},"down":{"uv":[14.09091,14.90909,14,15.09091],"texture":"#8"}}},{"from":[7.7535,12.9772,4.32438],"to":[8.2465,14.4772,7.44938],"rotation":{"angle":45,"axis":"x","origin":[8,14.30283,3.99476]},"faces":{"east":{"uv":[12.72727,2.36364,13.27273,2.63636],"texture":"#8"},"south":{"uv":[14.90909,0.54545,15,0.81818],"texture":"#8"},"west":{"uv":[12.72727,4,13.27273,4.27273],"texture":"#8"},"up":{"uv":[14.45455,3.63636,14.36364,3.09091],"texture":"#8"},"down":{"uv":[3.36364,14.36364,3.27273,14.90909],"texture":"#8"}}},{"from":[7.75,11.71818,9.3953],"to":[8.25,13.21818,11.3953],"rotation":{"angle":0,"axis":"y","origin":[8,13.59572,11.89813]},"faces":{"east":{"uv":[13.45455,4.54545,13.81818,4.81818],"texture":"#8"},"south":{"uv":[14.90909,1.09091,15,1.36364],"texture":"#8"},"west":{"uv":[5.09091,13.45455,5.45455,13.72727],"texture":"#8"},"up":{"uv":[1,14.90909,0.90909,14.54545],"texture":"#8"},"down":{"uv":[14.63636,1.09091,14.54545,1.45455],"texture":"#8"}}},{"from":[7.7535,12.9772,8.55062],"to":[8.2465,14.4772,11.67562],"rotation":{"angle":-45,"axis":"x","origin":[8,14.30283,12.00524]},"faces":{"north":{"uv":[1.27273,14.90909,1.36364,15.18182],"texture":"#8"},"east":{"uv":[12.72727,4.54545,13.27273,4.81818],"texture":"#8"},"west":{"uv":[12.72727,6,13.27273,6.27273],"texture":"#8"},"up":{"uv":[14.45455,4.36364,14.36364,3.81818],"texture":"#8"},"down":{"uv":[14.45455,4.54545,14.36364,5.09091],"texture":"#8"}}},{"from":[7.7535,13.65016,11.45952],"to":[8.2465,15.65016,12.45952],"rotation":{"angle":-45,"axis":"x","origin":[8,14.90016,12.70952]},"faces":{"north":{"uv":[2.54545,14.54545,2.63636,14.90909],"texture":"#8"},"east":{"uv":[4.36364,14,4.54545,14.36364],"texture":"#8"},"south":{"uv":[2.90909,14.54545,3,14.90909],"texture":"#8"},"west":{"uv":[14,4.54545,14.18182,4.90909],"texture":"#8"},"up":{"uv":[15,14.90909,14.90909,14.72727],"texture":"#8"},"down":{"uv":[0.09091,15.09091,0,15.27273],"texture":"#8"}}},{"from":[7.5,11.24277,6],"to":[8.5,14.24277,8],"rotation":{"angle":-22.5,"axis":"x","origin":[8,12.24277,6.5]},"faces":{"north":{"uv":[9.27273,10.18182,9.45455,10.72727],"texture":"#8"},"east":{"uv":[7.45455,11.81818,7.81818,12.36364],"texture":"#8"},"west":{"uv":[8,11.81818,8.36364,12.36364],"texture":"#8"},"up":{"uv":[4.90909,14.36364,4.72727,14],"texture":"#8"},"down":{"uv":[5.27273,14,5.09091,14.36364],"texture":"#8"}}},{"from":[7.25,11.26777,7],"to":[8.75,14.76777,9],"rotation":{"angle":0,"axis":"y","origin":[7.5,11.26777,7]},"faces":{"north":{"uv":[12.54545,3.09091,12.81818,3.72727],"texture":"#8"},"east":{"uv":[10.90909,11.63636,11.27273,12.27273],"texture":"#8"},"south":{"uv":[4,12.54545,4.27273,13.18182],"texture":"#8"},"west":{"uv":[11.45455,11.63636,11.81818,12.27273],"texture":"#8"},"up":{"uv":[5.90909,13.81818,5.63636,13.45455],"texture":"#8"},"down":{"uv":[13.72727,5.63636,13.45455,6],"texture":"#8"}}},{"from":[7.5,11.24277,8],"to":[8.5,14.24277,10],"rotation":{"angle":22.5,"axis":"x","origin":[8,12.24277,9.5]},"faces":{"east":{"uv":[12,9.27273,12.36364,9.81818],"texture":"#8"},"south":{"uv":[12.36364,13.27273,12.54545,13.81818],"texture":"#8"},"west":{"uv":[12,10,12.36364,10.54545],"texture":"#8"},"up":{"uv":[5.63636,14.36364,5.45455,14],"texture":"#8"},"down":{"uv":[14.18182,5.45455,14,5.81818],"texture":"#8"}}},{"from":[7.5,7.26777,6.79289],"to":[9.5,8.26777,8.79289],"rotation":{"angle":-45,"axis":"y","origin":[8,7.26777,7.29289]},"faces":{"north":{"uv":[13.81818,9.27273,14.18182,9.45455],"texture":"#8"},"east":{"uv":[14,6,14.36364,6.18182],"texture":"#8"},"south":{"uv":[14,6.36364,14.36364,6.54545],"texture":"#8"},"west":{"uv":[14,6.72727,14.36364,6.90909],"texture":"#8"},"up":{"uv":[13.45455,3.27273,13.09091,2.90909],"texture":"#8"},"down":{"uv":[13.45455,3.45455,13.09091,3.81818],"texture":"#8"}}},{"from":[7.5,10.26777,6.79289],"to":[9.5,11.26777,8.79289],"rotation":{"angle":-45,"axis":"y","origin":[8,10.26777,7.29289]},"faces":{"north":{"uv":[6.90909,14,7.27273,14.18182],"texture":"#8"},"east":{"uv":[7.45455,14,7.81818,14.18182],"texture":"#8"},"south":{"uv":[14,8.18182,14.36364,8.36364],"texture":"#8"},"west":{"uv":[8.54545,14,8.90909,14.18182],"texture":"#8"},"up":{"uv":[13.45455,5.45455,13.09091,5.09091],"texture":"#8"},"down":{"uv":[7.81818,13.09091,7.45455,13.45455],"texture":"#8"}}},{"from":[7.75,8.26777,7.04289],"to":[9.25,10.26777,8.54289],"rotation":{"angle":-45,"axis":"y","origin":[8,13.26777,7.29289]},"faces":{"north":{"uv":[13.45455,6.18182,13.72727,6.54545],"texture":"#8"},"east":{"uv":[13.45455,6.72727,13.72727,7.09091],"texture":"#8"},"south":{"uv":[6.90909,13.45455,7.18182,13.81818],"texture":"#8"},"west":{"uv":[13.45455,8.18182,13.72727,8.54545],"texture":"#8"}}},{"from":[7.75,-1.65,5.175],"to":[8.25,-0.65,6.675],"rotation":{"angle":0,"axis":"y","origin":[7.75,-1.65,6.675]},"faces":{"north":{"uv":[11.5,6,11,7],"texture":"#6"},"east":{"uv":[1.5,4,0,5],"texture":"#6"},"south":{"uv":[11.5,4,11,5],"texture":"#6"},"west":{"uv":[4.5,4,3,5],"texture":"#6"},"up":{"uv":[9.5,5,9,6.5],"texture":"#6"},"down":{"uv":[9.5,9.5,9,8],"texture":"#6"}}},{"from":[7.75,1.35,5.175],"to":[8.25,2.35,6.675],"rotation":{"angle":0,"axis":"y","origin":[7.75,1.35,6.175]},"faces":{"north":{"uv":[11.5,2,11,3],"texture":"#6"},"east":{"uv":[4.5,0,3,1],"texture":"#6"},"south":{"uv":[11.5,0,11,1],"texture":"#6"},"west":{"uv":[4.5,2,3,3],"texture":"#6"},"up":{"uv":[9.5,2,9,3.5],"texture":"#6"},"down":{"uv":[5.5,10.5,5,9],"texture":"#6"}}},{"from":[7.75,-0.65,4.675],"to":[8.25,-0.15,6.175],"rotation":{"angle":0,"axis":"y","origin":[7.75,-1.15,6.175]},"faces":{"north":{"uv":[11.5,10,11,10.5],"texture":"#6"},"east":{"uv":[9.5,0,8,0.5],"texture":"#6"},"south":{"uv":[9.5,11,9,11.5],"texture":"#6"},"west":{"uv":[3.5,8,2,8.5],"texture":"#6"},"up":{"uv":[7.5,8,7,9.5],"texture":"#6"},"down":{"uv":[0.5,10.5,0,9],"texture":"#6"}}},{"from":[7.75,0.85,4.675],"to":[8.25,1.35,6.175],"rotation":{"angle":0,"axis":"y","origin":[7.75,0.85,6.175]},"faces":{"north":{"uv":[11.5,8,11,8.5],"texture":"#6"},"east":{"uv":[3.5,6,2,6.5],"texture":"#6"},"south":{"uv":[7.5,11,7,11.5],"texture":"#6"},"west":{"uv":[7.5,3,6,3.5],"texture":"#6"},"up":{"uv":[5.5,6,5,7.5],"texture":"#6"},"down":{"uv":[7.5,6.5,7,5],"texture":"#6"}}},{"from":[7.75,-0.15,5.175],"to":[8.25,0.85,7.175],"rotation":{"angle":0,"axis":"y","origin":[7.75,-0.15,7.175]},"faces":{"north":{"uv":[2.5,10,2,11],"texture":"#6"},"east":{"uv":[2,0,0,1],"texture":"#6"},"west":{"uv":[2,2,0,3],"texture":"#6"},"up":{"uv":[0.5,6,0,8],"texture":"#6"},"down":{"uv":[6.5,2,6,0],"texture":"#6"}}},{"from":[7.75,-1.65,9.325],"to":[8.25,-0.65,10.825],"rotation":{"angle":0,"axis":"y","origin":[7.75,-1.65,9.325]},"faces":{"north":{"uv":[11,4,11.5,5],"texture":"#6"},"east":{"uv":[0,4,1.5,5],"texture":"#6"},"south":{"uv":[11,6,11.5,7],"texture":"#6"},"west":{"uv":[3,4,4.5,5],"texture":"#6"},"up":{"uv":[9.5,6.5,9,5],"texture":"#6"},"down":{"uv":[9.5,8,9,9.5],"texture":"#6"}}},{"from":[7.75,-0.65,9.825],"to":[8.25,-0.15,11.325],"rotation":{"angle":0,"axis":"y","origin":[7.75,-1.15,9.825]},"faces":{"north":{"uv":[9,11,9.5,11.5],"texture":"#6"},"east":{"uv":[8,0,9.5,0.5],"texture":"#6"},"south":{"uv":[11,10,11.5,10.5],"texture":"#6"},"west":{"uv":[2,8,3.5,8.5],"texture":"#6"},"up":{"uv":[7.5,9.5,7,8],"texture":"#6"},"down":{"uv":[0.5,9,0,10.5],"texture":"#6"}}},{"from":[7.75,1.35,9.325],"to":[8.25,2.35,10.825],"rotation":{"angle":0,"axis":"y","origin":[7.75,1.35,9.825]},"faces":{"north":{"uv":[11,0,11.5,1],"texture":"#6"},"east":{"uv":[3,0,4.5,1],"texture":"#6"},"south":{"uv":[11,2,11.5,3],"texture":"#6"},"west":{"uv":[3,2,4.5,3],"texture":"#6"},"up":{"uv":[9.5,3.5,9,2],"texture":"#6"},"down":{"uv":[5.5,9,5,10.5],"texture":"#6"}}},{"from":[7.75,0.85,9.825],"to":[8.25,1.35,11.325],"rotation":{"angle":0,"axis":"y","origin":[7.75,0.85,9.825]},"faces":{"north":{"uv":[7,11,7.5,11.5],"texture":"#6"},"east":{"uv":[2,6,3.5,6.5],"texture":"#6"},"south":{"uv":[11,8,11.5,8.5],"texture":"#6"},"west":{"uv":[6,3,7.5,3.5],"texture":"#6"},"up":{"uv":[5.5,7.5,5,6],"texture":"#6"},"down":{"uv":[7.5,5,7,6.5],"texture":"#6"}}},{"from":[7.75,-0.15,8.825],"to":[8.25,0.85,10.825],"rotation":{"angle":0,"axis":"y","origin":[7.75,-0.15,8.825]},"faces":{"east":{"uv":[0,0,2,1],"texture":"#6"},"south":{"uv":[2,10,2.5,11],"texture":"#6"},"west":{"uv":[0,2,2,3],"texture":"#6"},"up":{"uv":[0.5,8,0,6],"texture":"#6"},"down":{"uv":[6.5,0,6,2],"texture":"#6"}}}],"gui_light":"front","display":{"thirdperson_righthand":{"rotation":[180,0,0],"translation":[0,3.5,0.75]},"thirdperson_lefthand":{"rotation":[180,0,0],"translation":[0,3.5,0.75]},"firstperson_righthand":{"rotation":[165,-20,0],"translation":[0.25,4.5,1],"scale":[0.7,0.7,0.7]},"firstperson_lefthand":{"rotation":[165,-20,0],"translation":[0.25,4.5,1],"scale":[0.7,0.7,0.7]},"ground":{"rotation":[-135,0,0],"translation":[0,5,0],"scale":[0.7,0.7,0.7]},"gui":{"rotation":[-90,135,90],"translation":[0.5,0.5,0],"scale":[1.13,1.13,1.13]},"head":{"rotation":[0,-90,0]},"fixed":{"rotation":[0,-90,0],"translation":[0,0,-2.25],"scale":[2,2,2]}}}