{"credit":"Pologony Creation Co.,Ltd.","textures":{"1":"plny_coral_summer:coral","4":"plny_coral_summer:animated/bubble_1","5":"plny_coral_summer:animated/animated_1","8":"plny_coral_summer:weapons_tools","particle":"plny_coral_summer:coral"},"elements":[{"from":[3.7237,13.26777,0.20023],"to":[3.7337,18.26777,5.20023],"rotation":{"angle":45,"axis":"y","origin":[6.2287,13.76777,2.70023]},"faces":{"east":{"uv":[5,0,0,5],"texture":"#1"},"west":{"uv":[0,0,5,5],"texture":"#1"}}},{"from":[11.7663,9.26777,0.20023],"to":[11.7763,14.26777,5.20023],"rotation":{"angle":-45,"axis":"y","origin":[9.7713,13.76777,2.70023]},"faces":{"east":{"uv":[0,6,5,11],"texture":"#1"},"west":{"uv":[5,6,0,11],"texture":"#1"}}},{"from":[12.2663,8.26777,10.79977],"to":[12.2763,13.26777,15.79977],"rotation":{"angle":45,"axis":"y","origin":[9.7713,13.76777,13.29977]},"faces":{"east":{"uv":[0,0,5,5],"texture":"#1"},"west":{"uv":[5,0,0,5],"texture":"#1"}}},{"from":[4.2237,10.26777,10.79977],"to":[4.2337,15.26777,15.79977],"rotation":{"angle":-45,"axis":"y","origin":[6.2287,13.76777,13.29977]},"faces":{"east":{"uv":[5,6,0,11],"texture":"#1"},"west":{"uv":[0,6,5,11],"texture":"#1"}}},{"from":[4.75,12.75,4],"to":[4.76,19.75,8],"rotation":{"angle":0,"axis":"y","origin":[-6.25,15.75,3]},"faces":{"east":{"uv":[8,0,0,14],"texture":"#4"},"west":{"uv":[0,0,8,14],"texture":"#4"}}},{"from":[9,8.25,10.25],"to":[9,14.25,13.25],"rotation":{"angle":0,"axis":"y","origin":[-3.5,16.25,10.25]},"faces":{"east":{"uv":[16,0,10,12],"texture":"#4"},"west":{"uv":[10,0,16,12],"texture":"#4"}}},{"from":[7.995,9,3.5],"to":[8.005,18,12.5],"rotation":{"angle":45,"axis":"y","origin":[8,13.5,8]},"faces":{"east":{"uv":[9,0,0,9],"texture":"#5"},"west":{"uv":[0,0,9,9],"texture":"#5"}}},{"from":[7.995,9,3.5],"to":[8.005,18,12.5],"rotation":{"angle":-45,"axis":"y","origin":[8,13.5,8]},"faces":{"east":{"uv":[9,0,0,9],"texture":"#5"},"west":{"uv":[0,0,9,9],"texture":"#5"}}},{"from":[7.25,-0.75,7.25],"to":[8.75,1.25,9.25],"rotation":{"angle":-45,"axis":"x","origin":[7.5,0,8]},"faces":{"north":{"uv":[13.27273,13.09091,13.54545,13.45455],"texture":"#8"},"east":{"uv":[6.54545,7.81818,6.90909,8.18182],"texture":"#8"},"south":{"uv":[0,13.45455,0.27273,13.81818],"texture":"#8"},"west":{"uv":[2.72727,13.09091,3.09091,13.45455],"texture":"#8"},"up":{"uv":[13.72727,0.36364,13.45455,0],"texture":"#8"},"down":{"uv":[13.72727,0.54545,13.45455,0.90909],"texture":"#8"}}},{"from":[7.5,0.75,7.75],"to":[8.5,2.25,9.25],"rotation":{"angle":-45,"axis":"x","origin":[7.5,1,8]},"faces":{"north":{"uv":[14.18182,12,14.36364,12.27273],"texture":"#8"},"east":{"uv":[13.63636,11.09091,13.90909,11.36364],"texture":"#8"},"south":{"uv":[0.54545,14.36364,0.72727,14.63636],"texture":"#8"},"west":{"uv":[11.27273,13.63636,11.54545,13.90909],"texture":"#8"},"up":{"uv":[1.63636,14.63636,1.45455,14.36364],"texture":"#8"},"down":{"uv":[14.54545,1.63636,14.36364,1.90909],"texture":"#8"}}},{"from":[7.75,2.26777,7.04289],"to":[9.25,2.76777,8.54289],"rotation":{"angle":-45,"axis":"y","origin":[8,2.26777,7.29289]},"faces":{"north":{"uv":[14.72727,4.90909,15,5],"texture":"#8"},"east":{"uv":[14.72727,5.27273,15,5.36364],"texture":"#8"},"south":{"uv":[7.27273,14.72727,7.54545,14.81818],"texture":"#8"},"west":{"uv":[7.81818,14.72727,8.09091,14.81818],"texture":"#8"},"up":{"uv":[13.90909,11.90909,13.63636,11.63636],"texture":"#8"},"down":{"uv":[13.90909,12.18182,13.63636,12.45455],"texture":"#8"}}},{"from":[7.75,3.26777,7.04289],"to":[9.25,3.76777,8.54289],"rotation":{"angle":-45,"axis":"y","origin":[8,3.26777,7.29289]},"faces":{"north":{"uv":[8.36364,14.72727,8.63636,14.81818],"texture":"#8"},"east":{"uv":[14.72727,8.90909,15,9],"texture":"#8"},"south":{"uv":[14.72727,9.27273,15,9.36364],"texture":"#8"},"west":{"uv":[14.72727,9.63636,15,9.72727],"texture":"#8"},"up":{"uv":[13.54545,13.90909,13.27273,13.63636],"texture":"#8"},"down":{"uv":[0.81818,13.81818,0.54545,14.09091],"texture":"#8"}}},{"from":[8,2.76777,7.29289],"to":[9,3.26777,8.29289],"rotation":{"angle":-45,"axis":"y","origin":[8,2.76777,7.29289]},"faces":{"north":{"uv":[10.36364,14.90909,10.54545,15],"texture":"#8"},"east":{"uv":[14.90909,10.36364,15.09091,10.45455],"texture":"#8"},"south":{"uv":[10.72727,14.90909,10.90909,15],"texture":"#8"},"west":{"uv":[14.90909,10.72727,15.09091,10.81818],"texture":"#8"}}},{"from":[8,6.26777,7.29289],"to":[9,6.76777,8.29289],"rotation":{"angle":-45,"axis":"y","origin":[8,6.26777,7.29289]},"faces":{"north":{"uv":[14.90909,11.09091,15.09091,11.18182],"texture":"#8"},"east":{"uv":[14.90909,11.45455,15.09091,11.54545],"texture":"#8"},"south":{"uv":[14.90909,11.81818,15.09091,11.90909],"texture":"#8"},"west":{"uv":[14.90909,12.18182,15.09091,12.27273],"texture":"#8"}}},{"from":[7.75,5.76777,7.04289],"to":[9.25,6.26777,8.54289],"rotation":{"angle":-45,"axis":"y","origin":[8,5.76777,7.29289]},"faces":{"north":{"uv":[11.81818,14.72727,12.09091,14.81818],"texture":"#8"},"east":{"uv":[14.72727,12.54545,15,12.63636],"texture":"#8"},"south":{"uv":[14.72727,12.90909,15,13],"texture":"#8"},"west":{"uv":[14.72727,13.27273,15,13.36364],"texture":"#8"},"up":{"uv":[1.72727,14.09091,1.45455,13.81818],"texture":"#8"},"down":{"uv":[2.27273,13.81818,2,14.09091],"texture":"#8"}}},{"from":[7.75,6.76777,7.04289],"to":[9.25,7.26777,8.54289],"rotation":{"angle":-45,"axis":"y","origin":[8,5.76777,7.29289]},"faces":{"north":{"uv":[14.72727,13.63636,15,13.72727],"texture":"#8"},"east":{"uv":[14.72727,14,15,14.09091],"texture":"#8"},"south":{"uv":[14.36364,14.72727,14.63636,14.81818],"texture":"#8"},"west":{"uv":[14.72727,14.36364,15,14.45455],"texture":"#8"},"up":{"uv":[14.09091,7.90909,13.81818,7.63636],"texture":"#8"},"down":{"uv":[14.09091,8.72727,13.81818,9],"texture":"#8"}}},{"from":[8,3.76777,7.29289],"to":[9,5.76777,8.29289],"rotation":{"angle":-45,"axis":"y","origin":[8,3.76777,7.29289]},"faces":{"north":{"uv":[9.63636,4.54545,9.81818,4.90909],"texture":"#8"},"east":{"uv":[8.18182,12.54545,8.36364,12.90909],"texture":"#8"},"south":{"uv":[11.63636,12.54545,11.81818,12.90909],"texture":"#8"},"west":{"uv":[3.63636,13.63636,3.81818,14],"texture":"#8"}}},{"from":[7.5,16.61652,5.86418],"to":[8.5,19.61652,7.86418],"rotation":{"angle":-22.5,"axis":"x","origin":[8,17.64605,8]},"faces":{"north":{"uv":[9.27273,10.18182,9.45455,10.72727],"texture":"#8"},"east":{"uv":[7.45455,11.81818,7.81818,12.36364],"texture":"#8"},"west":{"uv":[8,11.81818,8.36364,12.36364],"texture":"#8"},"up":{"uv":[4.90909,14.36364,4.72727,14],"texture":"#8"},"down":{"uv":[5.27273,14,5.09091,14.36364],"texture":"#8"}}},{"from":[7.25,16.01777,7],"to":[8.75,19.51777,9],"rotation":{"angle":0,"axis":"y","origin":[7.5,16.01777,7]},"faces":{"north":{"uv":[12.54545,3.09091,12.81818,3.72727],"texture":"#8"},"east":{"uv":[10.90909,11.63636,11.27273,12.27273],"texture":"#8"},"south":{"uv":[4,12.54545,4.27273,13.18182],"texture":"#8"},"west":{"uv":[11.45455,11.63636,11.81818,12.27273],"texture":"#8"},"up":{"uv":[5.90909,13.81818,5.63636,13.45455],"texture":"#8"},"down":{"uv":[13.72727,5.63636,13.45455,6],"texture":"#8"}}},{"from":[7.5,16.61652,8.13582],"to":[8.5,19.61652,10.13582],"rotation":{"angle":22.5,"axis":"x","origin":[8,17.64605,8]},"faces":{"east":{"uv":[12,9.27273,12.36364,9.81818],"texture":"#8"},"south":{"uv":[12.36364,13.27273,12.54545,13.81818],"texture":"#8"},"west":{"uv":[12,10,12.36364,10.54545],"texture":"#8"},"up":{"uv":[5.63636,14.36364,5.45455,14],"texture":"#8"},"down":{"uv":[14.18182,5.45455,14,5.81818],"texture":"#8"}}},{"from":[7.63582,16.61652,7.5],"to":[9.63582,19.61652,8.5],"rotation":{"angle":-22.5,"axis":"z","origin":[7.5,17.64605,8]},"faces":{"north":{"uv":[8,11.81818,8.36364,12.36364],"texture":"#8"},"east":{"uv":[9.27273,10.18182,9.45455,10.72727],"texture":"#8"},"south":{"uv":[7.45455,11.81818,7.81818,12.36364],"texture":"#8"},"up":{"uv":[4.90909,14.36364,4.72727,14],"rotation":90,"texture":"#8"},"down":{"uv":[5.27273,14,5.09091,14.36364],"rotation":270,"texture":"#8"}}},{"from":[6.36418,16.61652,7.5],"to":[8.36418,19.61652,8.5],"rotation":{"angle":22.5,"axis":"z","origin":[8.5,17.64605,8]},"faces":{"north":{"uv":[12,10,12.36364,10.54545],"texture":"#8"},"south":{"uv":[12,9.27273,12.36364,9.81818],"texture":"#8"},"west":{"uv":[12.36364,13.27273,12.54545,13.81818],"texture":"#8"},"up":{"uv":[5.63636,14.36364,5.45455,14],"rotation":90,"texture":"#8"},"down":{"uv":[14.18182,5.45455,14,5.81818],"rotation":270,"texture":"#8"}}},{"from":[7.5,7.26777,6.79289],"to":[9.5,8.26777,8.79289],"rotation":{"angle":-45,"axis":"y","origin":[8,7.26777,7.29289]},"faces":{"north":{"uv":[13.81818,9.27273,14.18182,9.45455],"texture":"#8"},"east":{"uv":[14,6,14.36364,6.18182],"texture":"#8"},"south":{"uv":[14,6.36364,14.36364,6.54545],"texture":"#8"},"west":{"uv":[14,6.72727,14.36364,6.90909],"texture":"#8"},"up":{"uv":[13.45455,3.27273,13.09091,2.90909],"texture":"#8"},"down":{"uv":[13.45455,3.45455,13.09091,3.81818],"texture":"#8"}}},{"from":[7.995,13.25,7],"to":[8.005,21.75,11.5],"rotation":{"angle":0,"axis":"x","origin":[7.995,10,12.75]},"faces":{"east":{"uv":[0,9.90909,1.54545,9.09091],"rotation":270,"texture":"#8"},"west":{"uv":[0,9.09091,1.54545,9.90909],"rotation":270,"texture":"#8"}}},{"from":[7.99,13.25,4.5],"to":[8.01,21.75,9],"rotation":{"angle":0,"axis":"x","origin":[7.99,10,3.25]},"faces":{"east":{"uv":[0,9.09091,1.54545,9.90909],"rotation":270,"texture":"#8"},"west":{"uv":[0,9.90909,1.54545,9.09091],"rotation":270,"texture":"#8"}}},{"from":[6.9,13.25,7.99],"to":[11.4,21.75,8.01],"rotation":{"angle":0,"axis":"x","origin":[7.9,17.5,8]},"faces":{"north":{"uv":[0,9.90909,1.54545,9.09091],"rotation":270,"texture":"#8"},"south":{"uv":[0,9.09091,1.54545,9.90909],"rotation":270,"texture":"#8"}}},{"from":[4.6,13.25,7.995],"to":[9.1,21.75,8.005],"rotation":{"angle":0,"axis":"x","origin":[8.1,17.5,8]},"faces":{"north":{"uv":[0,9.09091,1.54545,9.90909],"rotation":270,"texture":"#8"},"south":{"uv":[0,9.90909,1.54545,9.09091],"rotation":270,"texture":"#8"}}},{"from":[4.46447,8.26777,8],"to":[9.46447,16.26777,13],"rotation":{"angle":45,"axis":"y","origin":[4.46447,8.26777,8]},"faces":{"north":{"uv":[3.81818,0,4.72727,1.45455],"texture":"#8"},"east":{"uv":[8.72727,6.72727,9.63636,8.18182],"texture":"#8"},"south":{"uv":[8.90909,1.27273,9.81818,2.72727],"texture":"#8"},"west":{"uv":[8.90909,2.90909,9.81818,4.36364],"texture":"#8"},"up":{"uv":[4.90909,11.63636,4,10.72727],"texture":"#8"},"down":{"uv":[6,10.72727,5.09091,11.63636],"texture":"#8"}}}],"gui_light":"front","display":{"thirdperson_righthand":{"translation":[0,1.25,0.75]},"thirdperson_lefthand":{"translation":[0,1.25,0.75]},"firstperson_righthand":{"rotation":[-5,0,0],"translation":[0.25,1.25,1],"scale":[0.7,0.7,0.7]},"firstperson_lefthand":{"rotation":[-5,0,0],"translation":[0.25,1.25,1],"scale":[0.7,0.7,0.7]},"ground":{"rotation":[45,0,0],"translation":[0,5,0],"scale":[0.7,0.7,0.7]},"gui":{"rotation":[-90,135,90],"translation":[-1.75,-2,0]},"head":{"rotation":[0,-90,0]},"fixed":{"rotation":[0,-90,0],"translation":[0,0,-2.25],"scale":[2,2,2]}}}