{"credit":"Pologony Creation Co.,Ltd.","textures":{"1":"plny_coral_summer:coral","3":"plny_coral_summer:animated/animated_2","4":"plny_coral_summer:animated/bubble_1","5":"plny_coral_summer:animated/animated_1","8":"plny_coral_summer:weapons_tools","particle":"plny_coral_summer:coral"},"elements":[{"from":[5.75,9.75,3],"to":[5.76,14.75,8],"rotation":{"angle":22.5,"axis":"y","origin":[5.75,9.75,3]},"faces":{"east":{"uv":[5,0,0,5],"texture":"#1"},"west":{"uv":[0,0,5,5],"texture":"#1"}}},{"from":[5.75,9.75,8],"to":[5.76,14.75,13],"rotation":{"angle":-22.5,"axis":"y","origin":[5.75,9.75,13]},"faces":{"east":{"uv":[5,6,0,11],"texture":"#1"},"west":{"uv":[0,6,5,11],"texture":"#1"}}},{"from":[10.25,9.75,8],"to":[10.26,14.75,13],"rotation":{"angle":22.5,"axis":"y","origin":[10.25,9.75,13]},"faces":{"east":{"uv":[0,0,5,5],"texture":"#1"},"west":{"uv":[5,0,0,5],"texture":"#1"}}},{"from":[10.25,9.75,3],"to":[10.26,14.75,8],"rotation":{"angle":-22.5,"axis":"y","origin":[10.25,9.75,3]},"faces":{"east":{"uv":[0,6,5,11],"texture":"#1"},"west":{"uv":[5,6,0,11],"texture":"#1"}}},{"from":[7.985,10.75,6.5],"to":[8.015,24.75,9.5],"rotation":{"angle":0,"axis":"y","origin":[7.985,10.75,6.5]},"faces":{"east":{"uv":[3,0,0,14],"texture":"#3"},"west":{"uv":[0,0,3,14],"texture":"#3"}}},{"from":[6.75,11.75,2],"to":[6.76,18.75,6],"rotation":{"angle":0,"axis":"y","origin":[6.75,11.75,3]},"faces":{"east":{"uv":[8,0,0,14],"texture":"#4"},"west":{"uv":[0,0,8,14],"texture":"#4"}}},{"from":[9.5,12.25,10.25],"to":[9.5,18.25,13.25],"rotation":{"angle":0,"axis":"y","origin":[9.5,12.25,10.25]},"faces":{"east":{"uv":[16,0,10,12],"texture":"#4"},"west":{"uv":[10,0,16,12],"texture":"#4"}}},{"from":[7.995,5,3.5],"to":[8.005,14,12.5],"rotation":{"angle":45,"axis":"y","origin":[8,9.5,8]},"faces":{"east":{"uv":[9,0,0,9],"texture":"#5"},"west":{"uv":[0,0,9,9],"texture":"#5"}}},{"from":[7.995,5,3.5],"to":[8.005,14,12.5],"rotation":{"angle":-45,"axis":"y","origin":[8,9.5,8]},"faces":{"east":{"uv":[9,0,0,9],"texture":"#5"},"west":{"uv":[0,0,9,9],"texture":"#5"}}},{"from":[7.25,-0.75,7.25],"to":[8.75,1.25,9.25],"rotation":{"angle":-45,"axis":"x","origin":[7.5,0,8]},"faces":{"north":{"uv":[13.27273,13.09091,13.54545,13.45455],"texture":"#8"},"east":{"uv":[6.54545,7.81818,6.90909,8.18182],"texture":"#8"},"south":{"uv":[0,13.45455,0.27273,13.81818],"texture":"#8"},"west":{"uv":[2.72727,13.09091,3.09091,13.45455],"texture":"#8"},"up":{"uv":[13.72727,0.36364,13.45455,0],"texture":"#8"},"down":{"uv":[13.72727,0.54545,13.45455,0.90909],"texture":"#8"}}},{"from":[7.5,0.75,7.75],"to":[8.5,2.25,9.25],"rotation":{"angle":-45,"axis":"x","origin":[7.5,1,8]},"faces":{"north":{"uv":[14.18182,12,14.36364,12.27273],"texture":"#8"},"east":{"uv":[13.63636,11.09091,13.90909,11.36364],"texture":"#8"},"south":{"uv":[0.54545,14.36364,0.72727,14.63636],"texture":"#8"},"west":{"uv":[11.27273,13.63636,11.54545,13.90909],"texture":"#8"},"up":{"uv":[1.63636,14.63636,1.45455,14.36364],"texture":"#8"},"down":{"uv":[14.54545,1.63636,14.36364,1.90909],"texture":"#8"}}},{"from":[7.75,2.26777,7.04289],"to":[9.25,2.76777,8.54289],"rotation":{"angle":-45,"axis":"y","origin":[8,2.26777,7.29289]},"faces":{"north":{"uv":[14.72727,4.90909,15,5],"texture":"#8"},"east":{"uv":[14.72727,5.27273,15,5.36364],"texture":"#8"},"south":{"uv":[7.27273,14.72727,7.54545,14.81818],"texture":"#8"},"west":{"uv":[7.81818,14.72727,8.09091,14.81818],"texture":"#8"},"up":{"uv":[13.90909,11.90909,13.63636,11.63636],"texture":"#8"},"down":{"uv":[13.90909,12.18182,13.63636,12.45455],"texture":"#8"}}},{"from":[7.75,3.26777,7.04289],"to":[9.25,3.76777,8.54289],"rotation":{"angle":-45,"axis":"y","origin":[8,3.26777,7.29289]},"faces":{"north":{"uv":[8.36364,14.72727,8.63636,14.81818],"texture":"#8"},"east":{"uv":[14.72727,8.90909,15,9],"texture":"#8"},"south":{"uv":[14.72727,9.27273,15,9.36364],"texture":"#8"},"west":{"uv":[14.72727,9.63636,15,9.72727],"texture":"#8"},"up":{"uv":[13.54545,13.90909,13.27273,13.63636],"texture":"#8"},"down":{"uv":[0.81818,13.81818,0.54545,14.09091],"texture":"#8"}}},{"from":[8,2.76777,7.29289],"to":[9,3.26777,8.29289],"rotation":{"angle":-45,"axis":"y","origin":[8,2.76777,7.29289]},"faces":{"north":{"uv":[10.36364,14.90909,10.54545,15],"texture":"#8"},"east":{"uv":[14.90909,10.36364,15.09091,10.45455],"texture":"#8"},"south":{"uv":[10.72727,14.90909,10.90909,15],"texture":"#8"},"west":{"uv":[14.90909,10.72727,15.09091,10.81818],"texture":"#8"}}},{"from":[8,6.26777,7.29289],"to":[9,6.76777,8.29289],"rotation":{"angle":-45,"axis":"y","origin":[8,6.26777,7.29289]},"faces":{"north":{"uv":[14.90909,11.09091,15.09091,11.18182],"texture":"#8"},"east":{"uv":[14.90909,11.45455,15.09091,11.54545],"texture":"#8"},"south":{"uv":[14.90909,11.81818,15.09091,11.90909],"texture":"#8"},"west":{"uv":[14.90909,12.18182,15.09091,12.27273],"texture":"#8"}}},{"from":[7.75,5.76777,7.04289],"to":[9.25,6.26777,8.54289],"rotation":{"angle":-45,"axis":"y","origin":[8,5.76777,7.29289]},"faces":{"north":{"uv":[11.81818,14.72727,12.09091,14.81818],"texture":"#8"},"east":{"uv":[14.72727,12.54545,15,12.63636],"texture":"#8"},"south":{"uv":[14.72727,12.90909,15,13],"texture":"#8"},"west":{"uv":[14.72727,13.27273,15,13.36364],"texture":"#8"},"up":{"uv":[1.72727,14.09091,1.45455,13.81818],"texture":"#8"},"down":{"uv":[2.27273,13.81818,2,14.09091],"texture":"#8"}}},{"from":[7.75,6.76777,7.04289],"to":[9.25,7.26777,8.54289],"rotation":{"angle":-45,"axis":"y","origin":[8,5.76777,7.29289]},"faces":{"north":{"uv":[14.72727,13.63636,15,13.72727],"texture":"#8"},"east":{"uv":[14.72727,14,15,14.09091],"texture":"#8"},"south":{"uv":[14.36364,14.72727,14.63636,14.81818],"texture":"#8"},"west":{"uv":[14.72727,14.36364,15,14.45455],"texture":"#8"},"up":{"uv":[14.09091,7.90909,13.81818,7.63636],"texture":"#8"},"down":{"uv":[14.09091,8.72727,13.81818,9],"texture":"#8"}}},{"from":[8,3.76777,7.29289],"to":[9,5.76777,8.29289],"rotation":{"angle":-45,"axis":"y","origin":[8,3.76777,7.29289]},"faces":{"north":{"uv":[9.63636,4.54545,9.81818,4.90909],"texture":"#8"},"east":{"uv":[8.18182,12.54545,8.36364,12.90909],"texture":"#8"},"south":{"uv":[11.63636,12.54545,11.81818,12.90909],"texture":"#8"},"west":{"uv":[3.63636,13.63636,3.81818,14],"texture":"#8"}}},{"from":[7.25,7.26777,7],"to":[8.75,10.76777,9],"rotation":{"angle":0,"axis":"y","origin":[7.5,7.26777,7]},"faces":{"north":{"uv":[12.18182,8.18182,12.45455,8.81818],"texture":"#8"},"east":{"uv":[11.63636,7.45455,12,8.09091],"texture":"#8"},"south":{"uv":[12.36364,1.45455,12.63636,2.09091],"texture":"#8"},"west":{"uv":[11.63636,8.36364,12,9],"texture":"#8"},"up":{"uv":[13.72727,1.45455,13.45455,1.09091],"texture":"#8"},"down":{"uv":[13.72727,1.63636,13.45455,2],"texture":"#8"}}},{"from":[7.5,7.24277,6],"to":[8.5,10.24277,8],"rotation":{"angle":-22.5,"axis":"x","origin":[8,8.24277,6.5]},"faces":{"north":{"uv":[3.27273,4.18182,3.45455,4.72727],"texture":"#8"},"east":{"uv":[4,11.81818,4.36364,12.36364],"texture":"#8"},"west":{"uv":[4.54545,11.81818,4.90909,12.36364],"texture":"#8"},"up":{"uv":[8.36364,14,8.18182,13.63636],"texture":"#8"},"down":{"uv":[6.72727,13.81818,6.54545,14.18182],"texture":"#8"}}},{"from":[7.5,7.24277,8],"to":[8.5,10.24277,10],"rotation":{"angle":22.5,"axis":"x","origin":[8,8.24277,9.5]},"faces":{"east":{"uv":[5.09091,11.81818,5.45455,12.36364],"texture":"#8"},"south":{"uv":[6.18182,2.54545,6.36364,3.09091],"texture":"#8"},"west":{"uv":[5.63636,11.81818,6,12.36364],"texture":"#8"},"up":{"uv":[14.18182,2,14,1.63636],"texture":"#8"},"down":{"uv":[14.18182,2.18182,14,2.54545],"texture":"#8"}}},{"from":[7.75,7.71818,4.6047],"to":[8.25,9.21818,6.6047],"rotation":{"angle":0,"axis":"y","origin":[8,9.59572,4.10187]},"faces":{"north":{"uv":[6.18182,14.72727,6.27273,15],"texture":"#8"},"east":{"uv":[13.45455,2.18182,13.81818,2.45455],"texture":"#8"},"west":{"uv":[4,13.45455,4.36364,13.72727],"texture":"#8"},"up":{"uv":[14.45455,13.45455,14.36364,13.09091],"texture":"#8"},"down":{"uv":[13.72727,14.36364,13.63636,14.72727],"texture":"#8"}}},{"from":[7.7535,8.9772,4.32438],"to":[8.2465,10.4772,7.44938],"rotation":{"angle":45,"axis":"x","origin":[8,10.30283,3.99476]},"faces":{"east":{"uv":[12.54545,10.18182,13.09091,10.45455],"texture":"#8"},"south":{"uv":[0.36364,14.90909,0.45455,15.18182],"texture":"#8"},"west":{"uv":[10.90909,12.54545,11.45455,12.81818],"texture":"#8"},"up":{"uv":[1.90909,14.90909,1.81818,14.36364],"texture":"#8"},"down":{"uv":[2.27273,14.36364,2.18182,14.90909],"texture":"#8"}}},{"from":[7.7535,9.65016,3.54048],"to":[8.2465,11.65016,4.54048],"rotation":{"angle":45,"axis":"x","origin":[8,10.90016,3.29048]},"faces":{"north":{"uv":[14.36364,14.18182,14.45455,14.54545],"texture":"#8"},"east":{"uv":[2.54545,14,2.72727,14.36364],"texture":"#8"},"south":{"uv":[0,14.54545,0.09091,14.90909],"texture":"#8"},"west":{"uv":[2.90909,14,3.09091,14.36364],"texture":"#8"},"up":{"uv":[12.45455,15.09091,12.36364,14.90909],"texture":"#8"},"down":{"uv":[12.81818,14.90909,12.72727,15.09091],"texture":"#8"}}},{"from":[7.7535,9.65016,11.45952],"to":[8.2465,11.65016,12.45952],"rotation":{"angle":-45,"axis":"x","origin":[8,10.90016,12.70952]},"faces":{"north":{"uv":[0.09091,14.54545,0,14.90909],"texture":"#8"},"east":{"uv":[2.72727,14,2.54545,14.36364],"texture":"#8"},"south":{"uv":[14.45455,14.18182,14.36364,14.54545],"texture":"#8"},"west":{"uv":[3.09091,14,2.90909,14.36364],"texture":"#8"},"up":{"uv":[12.45455,14.90909,12.36364,15.09091],"texture":"#8"},"down":{"uv":[12.81818,15.09091,12.72727,14.90909],"texture":"#8"}}},{"from":[7.7535,8.9772,8.55062],"to":[8.2465,10.4772,11.67562],"rotation":{"angle":-45,"axis":"x","origin":[8,10.30283,12.00524]},"faces":{"north":{"uv":[0.45455,14.90909,0.36364,15.18182],"texture":"#8"},"east":{"uv":[13.09091,10.18182,12.54545,10.45455],"texture":"#8"},"west":{"uv":[11.45455,12.54545,10.90909,12.81818],"texture":"#8"},"up":{"uv":[1.90909,14.36364,1.81818,14.90909],"texture":"#8"},"down":{"uv":[2.27273,14.90909,2.18182,14.36364],"texture":"#8"}}},{"from":[7.75,7.71818,9.3953],"to":[8.25,9.21818,11.3953],"rotation":{"angle":0,"axis":"y","origin":[8,9.59572,11.89813]},"faces":{"east":{"uv":[13.81818,2.18182,13.45455,2.45455],"texture":"#8"},"south":{"uv":[6.27273,14.72727,6.18182,15],"texture":"#8"},"west":{"uv":[4.36364,13.45455,4,13.72727],"texture":"#8"},"up":{"uv":[14.45455,13.09091,14.36364,13.45455],"texture":"#8"},"down":{"uv":[13.72727,14.72727,13.63636,14.36364],"texture":"#8"}}},{"from":[7.75,10,7.875],"to":[8.25,13.5,9.375],"rotation":{"angle":-45,"axis":"x","origin":[7.5,8.75,8.125]},"faces":{"north":{"uv":[11.09091,14.18182,11.18182,14.81818],"texture":"#8"},"east":{"uv":[4.54545,12.54545,4.81818,13.18182],"texture":"#8"},"south":{"uv":[14.18182,11.09091,14.27273,11.72727],"texture":"#8"},"west":{"uv":[5.09091,12.54545,5.36364,13.18182],"texture":"#8"},"up":{"uv":[4.09091,15.18182,4,14.90909],"texture":"#8"}}},{"from":[7.75,12.69975,5.56434],"to":[8.25,14.19975,6.56434],"rotation":{"angle":-45,"axis":"x","origin":[8,13.69975,7.06434]},"faces":{"east":{"uv":[14.36364,2.18182,14.54545,2.45455],"texture":"#8"},"south":{"uv":[4.36364,14.90909,4.45455,15.18182],"texture":"#8"},"west":{"uv":[14.36364,5.27273,14.54545,5.54545],"texture":"#8"},"up":{"uv":[0.81818,15.27273,0.72727,15.09091],"texture":"#8"},"down":{"uv":[1.72727,15.09091,1.63636,15.27273],"texture":"#8"}}},{"from":[7.7545,12.63909,5.91789],"to":[8.2455,24.86612,7.41789],"rotation":{"angle":0,"axis":"y","origin":[8.0045,11.88909,6.91789]},"faces":{"north":{"uv":[12,10.72727,12.09091,12.90909],"texture":"#8"},"east":{"uv":[9.27273,10.90909,9.54545,13.09091],"texture":"#8"},"south":{"uv":[1.09091,12.18182,1.18182,14.36364],"texture":"#8"},"west":{"uv":[10.90909,9.27273,11.18182,11.45455],"texture":"#8"}}},{"from":[7.75,23.50965,6.4856],"to":[8.25,25.00965,7.4856],"rotation":{"angle":45,"axis":"x","origin":[7.9955,24.62316,7.2356]},"faces":{"north":{"uv":[4.72727,14.90909,4.81818,15.18182],"texture":"#8"},"east":{"uv":[6.54545,14.36364,6.72727,14.63636],"texture":"#8"},"south":{"uv":[5.09091,14.90909,5.18182,15.18182],"texture":"#8"},"west":{"uv":[6.90909,14.36364,7.09091,14.63636],"texture":"#8"},"up":{"uv":[15.18182,1.81818,15.09091,1.63636],"texture":"#8"},"down":{"uv":[2.09091,15.09091,2,15.27273],"texture":"#8"}}},{"from":[7.995,11.86612,3.41789],"to":[8.005,31.86612,7.41789],"rotation":{"angle":0,"axis":"y","origin":[7.995,1.86612,0.41789]},"faces":{"east":{"uv":[0.72727,4.90909,0,8.54545],"texture":"#8"},"west":{"uv":[0,4.90909,0.72727,8.54545],"texture":"#8"}}},{"from":[7.7545,12.63909,8.58211],"to":[8.2455,24.86612,10.08211],"rotation":{"angle":0,"axis":"y","origin":[8.0045,11.88909,9.08211]},"faces":{"north":{"uv":[1.18182,12.18182,1.09091,14.36364],"texture":"#8"},"east":{"uv":[9.54545,10.90909,9.27273,13.09091],"texture":"#8"},"south":{"uv":[12.09091,10.72727,12,12.90909],"texture":"#8"},"west":{"uv":[11.18182,9.27273,10.90909,11.45455],"texture":"#8"}}},{"from":[7.75,23.50965,8.5144],"to":[8.25,25.00965,9.5144],"rotation":{"angle":-45,"axis":"x","origin":[7.9955,24.62316,8.7644]},"faces":{"north":{"uv":[5.18182,14.90909,5.09091,15.18182],"texture":"#8"},"east":{"uv":[6.72727,14.36364,6.54545,14.63636],"texture":"#8"},"south":{"uv":[4.81818,14.90909,4.72727,15.18182],"texture":"#8"},"west":{"uv":[7.09091,14.36364,6.90909,14.63636],"texture":"#8"},"up":{"uv":[15.18182,1.63636,15.09091,1.81818],"texture":"#8"},"down":{"uv":[2.09091,15.27273,2,15.09091],"texture":"#8"}}},{"from":[7.995,11.86612,8.58211],"to":[8.005,31.86612,12.58211],"rotation":{"angle":0,"axis":"y","origin":[7.995,1.86612,15.58211]},"faces":{"east":{"uv":[0,4.90909,0.72727,8.54545],"texture":"#8"},"west":{"uv":[0.72727,4.90909,0,8.54545],"texture":"#8"}}},{"from":[7.75,10,6.625],"to":[8.25,13.5,8.125],"rotation":{"angle":45,"axis":"x","origin":[7.5,8.75,7.875]},"faces":{"north":{"uv":[14.27273,11.09091,14.18182,11.72727],"texture":"#8"},"east":{"uv":[4.81818,12.54545,4.54545,13.18182],"texture":"#8"},"south":{"uv":[11.18182,14.18182,11.09091,14.81818],"texture":"#8"},"west":{"uv":[5.36364,12.54545,5.09091,13.18182],"texture":"#8"},"up":{"uv":[4.09091,14.90909,4,15.18182],"texture":"#8"}}},{"from":[7.75,12.69975,9.43566],"to":[8.25,14.19975,10.43566],"rotation":{"angle":45,"axis":"x","origin":[8,13.69975,8.93566]},"faces":{"north":{"uv":[4.45455,14.90909,4.36364,15.18182],"texture":"#8"},"east":{"uv":[14.54545,2.18182,14.36364,2.45455],"texture":"#8"},"west":{"uv":[14.54545,5.27273,14.36364,5.54545],"texture":"#8"},"up":{"uv":[0.81818,15.09091,0.72727,15.27273],"texture":"#8"},"down":{"uv":[1.72727,15.27273,1.63636,15.09091],"texture":"#8"}}}],"gui_light":"front","display":{"thirdperson_righthand":{"translation":[0,1.25,0.75]},"thirdperson_lefthand":{"translation":[0,1.25,0.75]},"firstperson_righthand":{"rotation":[-5,0,0],"translation":[0.25,1.25,1],"scale":[0.7,0.7,0.7]},"firstperson_lefthand":{"rotation":[-5,0,0],"translation":[0.25,1.25,1],"scale":[0.7,0.7,0.7]},"ground":{"rotation":[45,0,0],"translation":[0,5,0],"scale":[0.7,0.7,0.7]},"gui":{"rotation":[-90,135,90],"translation":[-4.25,-4.25,0],"scale":[0.75,0.75,0.75]},"head":{"rotation":[0,-90,0]},"fixed":{"rotation":[0,-90,0],"translation":[0,0,-2.25],"scale":[2,2,2]}}}