{"credit":"Pologony Creation Co.,Ltd.","texture_size":[88,88],"textures":{"0":"plny_coral_summer:wings","1":"plny_coral_summer:coral","4":"plny_coral_summer:animated/bubble_1","5":"plny_coral_summer:animated/animated_1","8":"plny_coral_summer:weapons_tools","particle":"plny_coral_summer:wings"},"elements":[{"from":[12.14853,-7.875,8.94254],"to":[14.64853,-5.375,8.94754],"rotation":{"angle":0,"axis":"y","origin":[13.42353,-6.125,8.94504]},"faces":{"north":{"uv":[0,0,5,5],"texture":"#1","tintindex":0},"south":{"uv":[5,0,0,5],"texture":"#1","tintindex":0}}},{"from":[9.76139,-8.9,7.97514],"to":[12.26139,-6.4,7.98014],"rotation":{"angle":0,"axis":"y","origin":[10.76481,-7.65,7.37985]},"faces":{"north":{"uv":[5,6,0,11],"texture":"#1","tintindex":0},"south":{"uv":[0,6,5,11],"texture":"#1","tintindex":0}}},{"from":[3.73862,-8.9,7.97514],"to":[6.23861,-6.4,7.98014],"rotation":{"angle":0,"axis":"y","origin":[5.23519,-7.65,7.37985]},"faces":{"north":{"uv":[0,6,5,11],"texture":"#1","tintindex":0},"south":{"uv":[5,6,0,11],"texture":"#1","tintindex":0}}},{"from":[1.35147,-7.875,8.94254],"to":[3.85147,-5.375,8.94754],"rotation":{"angle":0,"axis":"y","origin":[2.57647,-6.125,8.94504]},"faces":{"north":{"uv":[5,0,0,5],"texture":"#1","tintindex":0},"south":{"uv":[0,0,5,5],"texture":"#1","tintindex":0}}},{"from":[10.50125,-8.5,7.49875],"to":[12.50125,-5,7.50375],"rotation":{"angle":0,"axis":"y","origin":[16.06375,-2.25,7.9375]},"faces":{"north":{"uv":[0,0,8,14],"texture":"#4","tintindex":0},"south":{"uv":[8,0,0,14],"texture":"#4","tintindex":0}}},{"from":[14.50125,-5.5,10.62375],"to":[16.50125,-2,10.62875],"rotation":{"angle":-22.5,"axis":"y","origin":[15.50125,-3.75,10.62625]},"faces":{"north":{"uv":[0,0,8,14],"texture":"#4","tintindex":0},"south":{"uv":[8,0,0,14],"texture":"#4","tintindex":0}}},{"from":[12.87625,-6.75,8.37375],"to":[14.37625,-3.75,8.37375],"rotation":{"angle":0,"axis":"y","origin":[16.06375,-2.25,7.9375]},"faces":{"north":{"uv":[10,0,16,12],"texture":"#4","tintindex":0},"south":{"uv":[16,0,10,12],"texture":"#4","tintindex":0}}},{"from":[-0.50125,-5.5,10.62375],"to":[1.49875,-2,10.62875],"rotation":{"angle":22.5,"axis":"y","origin":[0.49875,-3.75,10.62625]},"faces":{"north":{"uv":[8,0,0,14],"texture":"#4","tintindex":0},"south":{"uv":[0,0,8,14],"texture":"#4","tintindex":0}}},{"from":[1.62375,-6.75,8.37375],"to":[3.12375,-3.75,8.37375],"rotation":{"angle":0,"axis":"y","origin":[-0.06375,-2.25,7.9375]},"faces":{"north":{"uv":[16,0,10,12],"texture":"#4","tintindex":0},"south":{"uv":[10,0,16,12],"texture":"#4","tintindex":0}}},{"from":[3.49875,-8.5,7.49875],"to":[5.49875,-5,7.50375],"rotation":{"angle":0,"axis":"y","origin":[-0.06375,-2.25,7.9375]},"faces":{"north":{"uv":[8,0,0,14],"texture":"#4","tintindex":0},"south":{"uv":[0,0,8,14],"texture":"#4","tintindex":0}}},{"from":[7.9975,-11.5,5.75],"to":[8.0025,-7,10.25],"rotation":{"angle":45,"axis":"y","origin":[8,-9.25,8]},"faces":{"east":{"uv":[0,0,9,9],"texture":"#5","tintindex":0},"west":{"uv":[9,0,0,9],"texture":"#5","tintindex":0}}},{"from":[5.75,-11.5,7.9975],"to":[10.25,-7,8.0025],"rotation":{"angle":45,"axis":"y","origin":[8,-9.25,8]},"faces":{"north":{"uv":[9,0,0,9],"texture":"#5","tintindex":0},"south":{"uv":[0,0,9,9],"texture":"#5","tintindex":0}}},{"from":[9.10684,-7.375,8.77781],"to":[11.85684,-3.375,8.78281],"rotation":{"angle":-22.5,"axis":"y","origin":[10.48184,-5.375,8.78031]},"faces":{"north":{"uv":[9.72727,5.09091,8.72727,6.54545],"texture":"#8","tintindex":0},"south":{"uv":[8.72727,5.09091,9.72727,6.54545],"texture":"#8","tintindex":0}}},{"from":[4.14316,-7.375,8.77781],"to":[6.89316,-3.375,8.78281],"rotation":{"angle":22.5,"axis":"y","origin":[5.51816,-5.375,8.78031]},"faces":{"north":{"uv":[8.72727,5.09091,9.72727,6.54545],"texture":"#8","tintindex":0},"south":{"uv":[9.72727,5.09091,8.72727,6.54545],"texture":"#8","tintindex":0}}},{"from":[10.29416,-8.875,8.32312],"to":[10.29916,-4.375,11.57312],"rotation":{"angle":22.5,"axis":"y","origin":[10.29666,-6.625,9.94812]},"faces":{"east":{"uv":[9.36364,8.36364,8.18182,10],"texture":"#8","tintindex":0},"west":{"uv":[8.18182,8.36364,9.36364,10],"texture":"#8","tintindex":0}}},{"from":[11.74469,-8.875,8.35273],"to":[11.74969,-5.375,11.60273],"rotation":{"angle":45,"axis":"y","origin":[11.74719,-7.125,9.97773]},"faces":{"east":{"uv":[3.72727,8.54545,2.54545,9.81818],"texture":"#8","tintindex":0},"west":{"uv":[2.54545,8.54545,3.72727,9.81818],"texture":"#8","tintindex":0}}},{"from":[5.70084,-8.875,8.32312],"to":[5.70584,-4.375,11.57312],"rotation":{"angle":-22.5,"axis":"y","origin":[5.70334,-6.625,9.94812]},"faces":{"east":{"uv":[9.36364,8.36364,8.18182,10],"texture":"#8","tintindex":0},"west":{"uv":[8.18182,8.36364,9.36364,10],"texture":"#8","tintindex":0}}},{"from":[4.25032,-8.875,8.35273],"to":[4.25531,-5.375,11.60273],"rotation":{"angle":-45,"axis":"y","origin":[4.25282,-7.125,9.97773]},"faces":{"east":{"uv":[3.72727,8.54545,2.54545,9.81818],"texture":"#8","tintindex":0},"west":{"uv":[2.54545,8.54545,3.72727,9.81818],"texture":"#8","tintindex":0}}},{"from":[7.5,-9.875,9.25],"to":[9,-8.375,9.75],"rotation":{"angle":-22.5,"axis":"y","origin":[12.60963,-7.875,10.7893]},"faces":{"north":{"uv":[0,11,1.5,12.5],"texture":"#0","tintindex":0},"east":{"uv":[7,12,7.5,13.5],"texture":"#0","tintindex":0},"south":{"uv":[2,11,3.5,12.5],"texture":"#0","tintindex":0},"west":{"uv":[8,12,8.5,13.5],"texture":"#0","tintindex":0},"up":{"uv":[10.5,12.5,9,12],"texture":"#0","tintindex":0},"down":{"uv":[12.5,12,11,12.5],"texture":"#0","tintindex":0}}},{"from":[7.5,-12.875,9.5],"to":[12.5,-2.375,9.505],"rotation":{"angle":-22.5,"axis":"y","origin":[12.60963,-7.875,10.7893]},"faces":{"north":{"uv":[7,0,12,10.5],"texture":"#0","tintindex":0},"south":{"uv":[12,0,7,10.5],"texture":"#0","tintindex":0}}},{"from":[12.01495,-12.875,9.64009],"to":[15.51495,-2.375,9.6451],"rotation":{"angle":-45,"axis":"y","origin":[12.60963,-7.875,10.7893]},"faces":{"north":{"uv":[3.5,0,7,10.5],"texture":"#0","tintindex":0},"south":{"uv":[7,0,3.5,10.5],"texture":"#0","tintindex":0}}},{"from":[14.77817,-12.875,13.03369],"to":[14.78317,-2.375,16.53369],"rotation":{"angle":22.5,"axis":"y","origin":[12.60963,-7.875,10.7893]},"faces":{"east":{"uv":[0,0,3.5,10.5],"texture":"#0","tintindex":0},"west":{"uv":[3.5,0,0,10.5],"texture":"#0","tintindex":0}}},{"from":[7.75,-9.625,9.125],"to":[8.75,-8.625,9.875],"rotation":{"angle":-22.5,"axis":"y","origin":[12.60963,-7.875,10.7893]},"faces":{"north":{"uv":[4,12,5,13],"texture":"#0","tintindex":0},"east":{"uv":[0,13,0.75,14],"texture":"#0","tintindex":0},"south":{"uv":[5.5,12,6.5,13],"texture":"#0","tintindex":0},"west":{"uv":[1.5,13,2.25,14],"texture":"#0","tintindex":0},"up":{"uv":[10,13.75,9,13],"texture":"#0","tintindex":0},"down":{"uv":[11.5,13,10.5,13.75],"texture":"#0","tintindex":0}}},{"from":[8.5,-8.375,9.25],"to":[9,-7.375,9.75],"rotation":{"angle":-22.5,"axis":"y","origin":[12.60963,-7.875,10.7893]},"faces":{"north":{"uv":[3,13,3.5,14],"texture":"#0","tintindex":0},"east":{"uv":[12,13,12.5,14],"texture":"#0","tintindex":0},"south":{"uv":[13,12,13.5,13],"texture":"#0","tintindex":0},"west":{"uv":[13.5,0,14,1],"texture":"#0","tintindex":0},"up":{"uv":[0.5,15,0,14.5],"texture":"#0","tintindex":0}}},{"from":[9,-8.875,9.25],"to":[10,-8.375,9.75],"rotation":{"angle":-22.5,"axis":"y","origin":[12.60963,-7.875,10.7893]},"faces":{"north":{"uv":[13.5,1.5,14.5,2],"texture":"#0","tintindex":0},"south":{"uv":[13.5,2.5,14.5,3],"texture":"#0","tintindex":0},"up":{"uv":[14.5,4,13.5,3.5],"texture":"#0","tintindex":0},"down":{"uv":[5,13.5,4,14],"texture":"#0","tintindex":0}}},{"from":[10,-8.875,9.25],"to":[10.5,-7.875,9.75],"rotation":{"angle":-22.5,"axis":"y","origin":[12.60963,-7.875,10.7893]},"faces":{"north":{"uv":[13.5,9,14,10],"texture":"#0","tintindex":0},"east":{"uv":[13,13.5,13.5,14.5],"texture":"#0","tintindex":0},"south":{"uv":[6.5,14,7,15],"texture":"#0","tintindex":0},"west":{"uv":[7.5,14,8,15],"texture":"#0","tintindex":0},"down":{"uv":[2.5,14.5,2,15],"texture":"#0","tintindex":0}}},{"from":[9.5,-7.875,9.25],"to":[11.5,-7.375,9.75],"rotation":{"angle":-22.5,"axis":"y","origin":[12.60963,-7.875,10.7893]},"faces":{"north":{"uv":[4,11,6,11.5],"texture":"#0","tintindex":0},"east":{"uv":[3,14.5,3.5,15],"texture":"#0","tintindex":0},"south":{"uv":[6.5,11,8.5,11.5],"texture":"#0","tintindex":0},"west":{"uv":[4,14.5,4.5,15],"texture":"#0","tintindex":0},"up":{"uv":[11,11.5,9,11],"texture":"#0","tintindex":0},"down":{"uv":[13.5,11,11.5,11.5],"texture":"#0","tintindex":0}}},{"from":[11,-7.375,9.25],"to":[11.5,-6.875,9.75],"rotation":{"angle":-22.5,"axis":"y","origin":[12.60963,-7.875,10.7893]},"faces":{"north":{"uv":[14.5,4.5,15,5],"texture":"#0","tintindex":0},"east":{"uv":[14.5,5.5,15,6],"texture":"#0","tintindex":0},"south":{"uv":[14.5,6.5,15,7],"texture":"#0","tintindex":0},"west":{"uv":[14.5,7.5,15,8],"texture":"#0","tintindex":0}}},{"from":[11,-6.875,9.25],"to":[12,-6.375,9.75],"rotation":{"angle":-22.5,"axis":"y","origin":[12.60963,-7.875,10.7893]},"faces":{"north":{"uv":[14,10.5,15,11],"texture":"#0","tintindex":0},"east":{"uv":[8.5,14.5,9,15],"texture":"#0","tintindex":0},"south":{"uv":[14,11.5,15,12],"texture":"#0","tintindex":0},"west":{"uv":[14.5,8.5,15,9],"texture":"#0","tintindex":0},"up":{"uv":[15,13,14,12.5],"texture":"#0","tintindex":0},"down":{"uv":[15,13.5,14,14],"texture":"#0","tintindex":0}}},{"from":[8,-7.875,9.25],"to":[8.5,-6.875,9.75],"rotation":{"angle":-22.5,"axis":"y","origin":[12.60963,-7.875,10.7893]},"faces":{"north":{"uv":[13.5,4.5,14,5.5],"texture":"#0","tintindex":0},"east":{"uv":[5.5,13.5,6,14.5],"texture":"#0","tintindex":0},"south":{"uv":[13.5,6,14,7],"texture":"#0","tintindex":0},"west":{"uv":[13.5,7.5,14,8.5],"texture":"#0","tintindex":0},"up":{"uv":[15,0.5,14.5,0],"texture":"#0","tintindex":0},"down":{"uv":[1.5,14.5,1,15],"texture":"#0","tintindex":0}}},{"from":[7,-9.875,9.25],"to":[8.5,-8.375,9.75],"rotation":{"angle":22.5,"axis":"y","origin":[3.39037,-7.875,10.7893]},"faces":{"north":{"uv":[1.5,11,0,12.5],"texture":"#0","tintindex":0},"east":{"uv":[8.5,12,8,13.5],"texture":"#0","tintindex":0},"south":{"uv":[3.5,11,2,12.5],"texture":"#0","tintindex":0},"west":{"uv":[7.5,12,7,13.5],"texture":"#0","tintindex":0},"up":{"uv":[9,12.5,10.5,12],"texture":"#0","tintindex":0},"down":{"uv":[11,12,12.5,12.5],"texture":"#0","tintindex":0}}},{"from":[7,-8.375,9.25],"to":[7.5,-7.375,9.75],"rotation":{"angle":22.5,"axis":"y","origin":[3.39037,-7.875,10.7893]},"faces":{"north":{"uv":[3.5,13,3,14],"texture":"#0","tintindex":0},"east":{"uv":[14,0,13.5,1],"texture":"#0","tintindex":0},"south":{"uv":[13.5,12,13,13],"texture":"#0","tintindex":0},"west":{"uv":[12.5,13,12,14],"texture":"#0","tintindex":0},"up":{"uv":[0,15,0.5,14.5],"texture":"#0","tintindex":0}}},{"from":[6,-8.875,9.25],"to":[7,-8.375,9.75],"rotation":{"angle":22.5,"axis":"y","origin":[3.39037,-7.875,10.7893]},"faces":{"north":{"uv":[14.5,1.5,13.5,2],"texture":"#0","tintindex":0},"south":{"uv":[14.5,2.5,13.5,3],"texture":"#0","tintindex":0},"up":{"uv":[13.5,4,14.5,3.5],"texture":"#0","tintindex":0},"down":{"uv":[4,13.5,5,14],"texture":"#0","tintindex":0}}},{"from":[7.5,-7.875,9.25],"to":[8,-6.875,9.75],"rotation":{"angle":22.5,"axis":"y","origin":[3.39037,-7.875,10.7893]},"faces":{"north":{"uv":[14,4.5,13.5,5.5],"texture":"#0","tintindex":0},"east":{"uv":[14,7.5,13.5,8.5],"texture":"#0","tintindex":0},"south":{"uv":[14,6,13.5,7],"texture":"#0","tintindex":0},"west":{"uv":[6,13.5,5.5,14.5],"texture":"#0","tintindex":0},"up":{"uv":[14.5,0.5,15,0],"texture":"#0","tintindex":0},"down":{"uv":[1,14.5,1.5,15],"texture":"#0","tintindex":0}}},{"from":[5.5,-8.875,9.25],"to":[6,-7.875,9.75],"rotation":{"angle":22.5,"axis":"y","origin":[3.39037,-7.875,10.7893]},"faces":{"north":{"uv":[14,9,13.5,10],"texture":"#0","tintindex":0},"east":{"uv":[8,14,7.5,15],"texture":"#0","tintindex":0},"south":{"uv":[7,14,6.5,15],"texture":"#0","tintindex":0},"west":{"uv":[13.5,13.5,13,14.5],"texture":"#0","tintindex":0},"down":{"uv":[2,14.5,2.5,15],"texture":"#0","tintindex":0}}},{"from":[4.5,-7.875,9.25],"to":[6.5,-7.375,9.75],"rotation":{"angle":22.5,"axis":"y","origin":[3.39037,-7.875,10.7893]},"faces":{"north":{"uv":[6,11,4,11.5],"texture":"#0","tintindex":0},"east":{"uv":[4.5,14.5,4,15],"texture":"#0","tintindex":0},"south":{"uv":[8.5,11,6.5,11.5],"texture":"#0","tintindex":0},"west":{"uv":[3.5,14.5,3,15],"texture":"#0","tintindex":0},"up":{"uv":[9,11.5,11,11],"texture":"#0","tintindex":0},"down":{"uv":[11.5,11,13.5,11.5],"texture":"#0","tintindex":0}}},{"from":[4.5,-7.375,9.25],"to":[5,-6.875,9.75],"rotation":{"angle":22.5,"axis":"y","origin":[3.39037,-7.875,10.7893]},"faces":{"north":{"uv":[15,4.5,14.5,5],"texture":"#0","tintindex":0},"east":{"uv":[15,7.5,14.5,8],"texture":"#0","tintindex":0},"south":{"uv":[15,6.5,14.5,7],"texture":"#0","tintindex":0},"west":{"uv":[15,5.5,14.5,6],"texture":"#0","tintindex":0}}},{"from":[4,-6.875,9.25],"to":[5,-6.375,9.75],"rotation":{"angle":22.5,"axis":"y","origin":[3.39037,-7.875,10.7893]},"faces":{"north":{"uv":[15,10.5,14,11],"texture":"#0","tintindex":0},"east":{"uv":[15,8.5,14.5,9],"texture":"#0","tintindex":0},"south":{"uv":[15,11.5,14,12],"texture":"#0","tintindex":0},"west":{"uv":[9,14.5,8.5,15],"texture":"#0","tintindex":0},"up":{"uv":[14,13,15,12.5],"texture":"#0","tintindex":0},"down":{"uv":[14,13.5,15,14],"texture":"#0","tintindex":0}}},{"from":[7.25,-9.625,9.125],"to":[8.25,-8.625,9.875],"rotation":{"angle":22.5,"axis":"y","origin":[3.39037,-7.875,10.7893]},"faces":{"north":{"uv":[5,12,4,13],"texture":"#0","tintindex":0},"east":{"uv":[2.25,13,1.5,14],"texture":"#0","tintindex":0},"south":{"uv":[6.5,12,5.5,13],"texture":"#0","tintindex":0},"west":{"uv":[0.75,13,0,14],"texture":"#0","tintindex":0},"up":{"uv":[9,13.75,10,13],"texture":"#0","tintindex":0},"down":{"uv":[10.5,13,11.5,13.75],"texture":"#0","tintindex":0}}},{"from":[3.5,-12.875,9.5],"to":[8.5,-2.375,9.505],"rotation":{"angle":22.5,"axis":"y","origin":[3.39037,-7.875,10.7893]},"faces":{"north":{"uv":[12,0,7,10.5],"texture":"#0","tintindex":0},"south":{"uv":[7,0,12,10.5],"texture":"#0","tintindex":0}}},{"from":[0.48505,-12.875,9.64009],"to":[3.98505,-2.375,9.6451],"rotation":{"angle":45,"axis":"y","origin":[3.39037,-7.875,10.7893]},"faces":{"north":{"uv":[7,0,3.5,10.5],"texture":"#0","tintindex":0},"south":{"uv":[3.5,0,7,10.5],"texture":"#0","tintindex":0}}},{"from":[1.21683,-12.875,13.03369],"to":[1.22183,-2.375,16.53369],"rotation":{"angle":-22.5,"axis":"y","origin":[3.39037,-7.875,10.7893]},"faces":{"east":{"uv":[0,0,3.5,10.5],"texture":"#0","tintindex":0},"west":{"uv":[3.5,0,0,10.5],"texture":"#0","tintindex":0}}}],"gui_light":"front","display":{"thirdperson_righthand":{"rotation":[-131.5,0,-180],"translation":[0,2.25,3],"scale":[0.5,0.5,0.5]},"thirdperson_lefthand":{"rotation":[66.5,0,0],"translation":[-5.5,-7,11.25]},"firstperson_righthand":{"rotation":[156.25,0,-180],"translation":[1.5,5.25,1],"scale":[0.7,0.7,0.7]},"firstperson_lefthand":{"rotation":[-5,0,0],"translation":[0.25,1.25,1],"scale":[0,0,0]},"ground":{"rotation":[-45,0,0],"translation":[0,5,0],"scale":[0.7,0.7,0.7]},"gui":{"rotation":[0,180,0],"translation":[0,18.25,0],"scale":[1.17,1.17,1.17]},"head":{"translation":[0,-56.25,7.5],"scale":[3.2,3.2,3.2]},"fixed":{"rotation":[0,180,0],"translation":[0,7,-3],"scale":[2,2,2]}}}