{"credit":"Pologony Creation Co.,Ltd.","texture_size":[88,88],"textures":{"0":"plny_coral_summer:wings","1":"plny_coral_summer:coral","4":"plny_coral_summer:animated/bubble_1","5":"plny_coral_summer:animated/animated_1","8":"plny_coral_summer:weapons_tools","particle":"plny_coral_summer:wings"},"elements":[{"from":[16.29706,5.25,9.88507],"to":[21.29706,10.25,9.89507],"rotation":{"angle":0,"axis":"y","origin":[18.84706,8.75,9.89007]},"faces":{"north":{"uv":[0,0,5,5],"texture":"#1"},"south":{"uv":[5,0,0,5],"texture":"#1"}}},{"from":[11.52277,3.2,7.95028],"to":[16.52277,8.2,7.96028],"rotation":{"angle":0,"axis":"y","origin":[13.52962,5.7,6.7597]},"faces":{"north":{"uv":[5,6,0,11],"texture":"#1"},"south":{"uv":[0,6,5,11],"texture":"#1"}}},{"from":[-0.52277,3.2,7.95028],"to":[4.47723,8.2,7.96028],"rotation":{"angle":0,"axis":"y","origin":[2.47038,5.7,6.7597]},"faces":{"north":{"uv":[0,6,5,11],"texture":"#1"},"south":{"uv":[5,6,0,11],"texture":"#1"}}},{"from":[-5.29706,5.25,9.88507],"to":[-0.29706,10.25,9.89507],"rotation":{"angle":0,"axis":"y","origin":[-2.84706,8.75,9.89007]},"faces":{"north":{"uv":[5,0,0,5],"texture":"#1"},"south":{"uv":[0,0,5,5],"texture":"#1"}}},{"from":[13.0025,4,6.9975],"to":[17.0025,11,7.0075],"rotation":{"angle":0,"axis":"y","origin":[24.1275,16.5,7.875]},"faces":{"north":{"uv":[0,0,8,14],"texture":"#4"},"south":{"uv":[8,0,0,14],"texture":"#4"}}},{"from":[21.0025,10,13.2475],"to":[25.0025,17,13.2575],"rotation":{"angle":-22.5,"axis":"y","origin":[23.0025,13.5,13.2525]},"faces":{"north":{"uv":[0,0,8,14],"texture":"#4"},"south":{"uv":[8,0,0,14],"texture":"#4"}}},{"from":[17.7525,7.5,8.7475],"to":[20.7525,13.5,8.7475],"rotation":{"angle":0,"axis":"y","origin":[24.1275,16.5,7.875]},"faces":{"north":{"uv":[10,0,16,12],"texture":"#4"},"south":{"uv":[16,0,10,12],"texture":"#4"}}},{"from":[-9.0025,10,13.2475],"to":[-5.0025,17,13.2575],"rotation":{"angle":22.5,"axis":"y","origin":[-7.0025,13.5,13.2525]},"faces":{"north":{"uv":[8,0,0,14],"texture":"#4"},"south":{"uv":[0,0,8,14],"texture":"#4"}}},{"from":[-4.7525,7.5,8.7475],"to":[-1.7525,13.5,8.7475],"rotation":{"angle":0,"axis":"y","origin":[-8.1275,16.5,7.875]},"faces":{"north":{"uv":[16,0,10,12],"texture":"#4"},"south":{"uv":[10,0,16,12],"texture":"#4"}}},{"from":[-1.0025,4,6.9975],"to":[2.9975,11,7.0075],"rotation":{"angle":0,"axis":"y","origin":[-8.1275,16.5,7.875]},"faces":{"north":{"uv":[8,0,0,14],"texture":"#4"},"south":{"uv":[0,0,8,14],"texture":"#4"}}},{"from":[7.995,-2,3.5],"to":[8.005,7,12.5],"rotation":{"angle":45,"axis":"y","origin":[8,2.5,8]},"faces":{"east":{"uv":[0,0,9,9],"texture":"#5"},"west":{"uv":[9,0,0,9],"texture":"#5"}}},{"from":[3.5,-2,7.995],"to":[12.5,7,8.005],"rotation":{"angle":45,"axis":"y","origin":[8,2.5,8]},"faces":{"north":{"uv":[9,0,0,9],"texture":"#5"},"south":{"uv":[0,0,9,9],"texture":"#5"}}},{"from":[10.21368,6.25,9.55561],"to":[15.71368,14.25,9.56561],"rotation":{"angle":-22.5,"axis":"y","origin":[12.96368,10.25,9.56061]},"faces":{"north":{"uv":[9.72727,5.09091,8.72727,6.54545],"texture":"#8"},"south":{"uv":[8.72727,5.09091,9.72727,6.54545],"texture":"#8"}}},{"from":[0.28632,6.25,9.55561],"to":[5.78632,14.25,9.56561],"rotation":{"angle":22.5,"axis":"y","origin":[3.03632,10.25,9.56061]},"faces":{"north":{"uv":[8.72727,5.09091,9.72727,6.54545],"texture":"#8"},"south":{"uv":[9.72727,5.09091,8.72727,6.54545],"texture":"#8"}}},{"from":[12.58832,3.25,8.64623],"to":[12.59832,12.25,15.14623],"rotation":{"angle":22.5,"axis":"y","origin":[12.59332,7.75,11.89623]},"faces":{"east":{"uv":[9.36364,8.36364,8.18182,10],"texture":"#8"},"west":{"uv":[8.18182,8.36364,9.36364,10],"texture":"#8"}}},{"from":[15.48937,3.25,8.70546],"to":[15.49937,10.25,15.20546],"rotation":{"angle":45,"axis":"y","origin":[15.49437,6.75,11.95546]},"faces":{"east":{"uv":[3.72727,8.54545,2.54545,9.81818],"texture":"#8"},"west":{"uv":[2.54545,8.54545,3.72727,9.81818],"texture":"#8"}}},{"from":[3.40168,3.25,8.64623],"to":[3.41168,12.25,15.14623],"rotation":{"angle":-22.5,"axis":"y","origin":[3.40668,7.75,11.89623]},"faces":{"east":{"uv":[9.36364,8.36364,8.18182,10],"texture":"#8"},"west":{"uv":[8.18182,8.36364,9.36364,10],"texture":"#8"}}},{"from":[0.50063,3.25,8.70546],"to":[0.51063,10.25,15.20546],"rotation":{"angle":-45,"axis":"y","origin":[0.50563,6.75,11.95546]},"faces":{"east":{"uv":[3.72727,8.54545,2.54545,9.81818],"texture":"#8"},"west":{"uv":[2.54545,8.54545,3.72727,9.81818],"texture":"#8"}}},{"from":[7,1.25,10.5],"to":[10,4.25,11.5],"rotation":{"angle":-22.5,"axis":"y","origin":[17.21925,5.25,13.5786]},"faces":{"north":{"uv":[0,11,1.5,12.5],"texture":"#0"},"east":{"uv":[7,12,7.5,13.5],"texture":"#0"},"south":{"uv":[2,11,3.5,12.5],"texture":"#0"},"west":{"uv":[8,12,8.5,13.5],"texture":"#0"},"up":{"uv":[10.5,12.5,9,12],"texture":"#0"},"down":{"uv":[12.5,12,11,12.5],"texture":"#0"}}},{"from":[7,-4.75,11],"to":[17,16.25,11.01],"rotation":{"angle":-22.5,"axis":"y","origin":[17.21925,5.25,13.5786]},"faces":{"north":{"uv":[7,0,12,10.5],"texture":"#0"},"south":{"uv":[12,0,7,10.5],"texture":"#0"}}},{"from":[16.0299,-4.75,11.28019],"to":[23.0299,16.25,11.29019],"rotation":{"angle":-45,"axis":"y","origin":[17.21925,5.25,13.5786]},"faces":{"north":{"uv":[3.5,0,7,10.5],"texture":"#0"},"south":{"uv":[7,0,3.5,10.5],"texture":"#0"}}},{"from":[21.55634,-4.75,18.06738],"to":[21.56634,16.25,25.06738],"rotation":{"angle":22.5,"axis":"y","origin":[17.21925,5.25,13.5786]},"faces":{"east":{"uv":[0,0,3.5,10.5],"texture":"#0"},"west":{"uv":[3.5,0,0,10.5],"texture":"#0"}}},{"from":[7.5,1.75,10.25],"to":[9.5,3.75,11.75],"rotation":{"angle":-22.5,"axis":"y","origin":[17.21925,5.25,13.5786]},"faces":{"north":{"uv":[4,12,5,13],"texture":"#0"},"east":{"uv":[0,13,0.75,14],"texture":"#0"},"south":{"uv":[5.5,12,6.5,13],"texture":"#0"},"west":{"uv":[1.5,13,2.25,14],"texture":"#0"},"up":{"uv":[10,13.75,9,13],"texture":"#0"},"down":{"uv":[11.5,13,10.5,13.75],"texture":"#0"}}},{"from":[9,4.25,10.5],"to":[10,6.25,11.5],"rotation":{"angle":-22.5,"axis":"y","origin":[17.21925,5.25,13.5786]},"faces":{"north":{"uv":[3,13,3.5,14],"texture":"#0"},"east":{"uv":[12,13,12.5,14],"texture":"#0"},"south":{"uv":[13,12,13.5,13],"texture":"#0"},"west":{"uv":[13.5,0,14,1],"texture":"#0"},"up":{"uv":[0.5,15,0,14.5],"texture":"#0"}}},{"from":[10,3.25,10.5],"to":[12,4.25,11.5],"rotation":{"angle":-22.5,"axis":"y","origin":[17.21925,5.25,13.5786]},"faces":{"north":{"uv":[13.5,1.5,14.5,2],"texture":"#0"},"south":{"uv":[13.5,2.5,14.5,3],"texture":"#0"},"up":{"uv":[14.5,4,13.5,3.5],"texture":"#0"},"down":{"uv":[5,13.5,4,14],"texture":"#0"}}},{"from":[12,3.25,10.5],"to":[13,5.25,11.5],"rotation":{"angle":-22.5,"axis":"y","origin":[17.21925,5.25,13.5786]},"faces":{"north":{"uv":[13.5,9,14,10],"texture":"#0"},"east":{"uv":[13,13.5,13.5,14.5],"texture":"#0"},"south":{"uv":[6.5,14,7,15],"texture":"#0"},"west":{"uv":[7.5,14,8,15],"texture":"#0"},"down":{"uv":[2.5,14.5,2,15],"texture":"#0"}}},{"from":[11,5.25,10.5],"to":[15,6.25,11.5],"rotation":{"angle":-22.5,"axis":"y","origin":[17.21925,5.25,13.5786]},"faces":{"north":{"uv":[4,11,6,11.5],"texture":"#0"},"east":{"uv":[3,14.5,3.5,15],"texture":"#0"},"south":{"uv":[6.5,11,8.5,11.5],"texture":"#0"},"west":{"uv":[4,14.5,4.5,15],"texture":"#0"},"up":{"uv":[11,11.5,9,11],"texture":"#0"},"down":{"uv":[13.5,11,11.5,11.5],"texture":"#0"}}},{"from":[14,6.25,10.5],"to":[15,7.25,11.5],"rotation":{"angle":-22.5,"axis":"y","origin":[17.21925,5.25,13.5786]},"faces":{"north":{"uv":[14.5,4.5,15,5],"texture":"#0"},"east":{"uv":[14.5,5.5,15,6],"texture":"#0"},"south":{"uv":[14.5,6.5,15,7],"texture":"#0"},"west":{"uv":[14.5,7.5,15,8],"texture":"#0"}}},{"from":[14,7.25,10.5],"to":[16,8.25,11.5],"rotation":{"angle":-22.5,"axis":"y","origin":[17.21925,5.25,13.5786]},"faces":{"north":{"uv":[14,10.5,15,11],"texture":"#0"},"east":{"uv":[8.5,14.5,9,15],"texture":"#0"},"south":{"uv":[14,11.5,15,12],"texture":"#0"},"west":{"uv":[14.5,8.5,15,9],"texture":"#0"},"up":{"uv":[15,13,14,12.5],"texture":"#0"},"down":{"uv":[15,13.5,14,14],"texture":"#0"}}},{"from":[8,5.25,10.5],"to":[9,7.25,11.5],"rotation":{"angle":-22.5,"axis":"y","origin":[17.21925,5.25,13.5786]},"faces":{"north":{"uv":[13.5,4.5,14,5.5],"texture":"#0"},"east":{"uv":[5.5,13.5,6,14.5],"texture":"#0"},"south":{"uv":[13.5,6,14,7],"texture":"#0"},"west":{"uv":[13.5,7.5,14,8.5],"texture":"#0"},"up":{"uv":[15,0.5,14.5,0],"texture":"#0"},"down":{"uv":[1.5,14.5,1,15],"texture":"#0"}}},{"from":[6,1.25,10.5],"to":[9,4.25,11.5],"rotation":{"angle":22.5,"axis":"y","origin":[-1.21925,5.25,13.5786]},"faces":{"north":{"uv":[1.5,11,0,12.5],"texture":"#0"},"east":{"uv":[8.5,12,8,13.5],"texture":"#0"},"south":{"uv":[3.5,11,2,12.5],"texture":"#0"},"west":{"uv":[7.5,12,7,13.5],"texture":"#0"},"up":{"uv":[9,12.5,10.5,12],"texture":"#0"},"down":{"uv":[11,12,12.5,12.5],"texture":"#0"}}},{"from":[6,4.25,10.5],"to":[7,6.25,11.5],"rotation":{"angle":22.5,"axis":"y","origin":[-1.21925,5.25,13.5786]},"faces":{"north":{"uv":[3.5,13,3,14],"texture":"#0"},"east":{"uv":[14,0,13.5,1],"texture":"#0"},"south":{"uv":[13.5,12,13,13],"texture":"#0"},"west":{"uv":[12.5,13,12,14],"texture":"#0"},"up":{"uv":[0,15,0.5,14.5],"texture":"#0"}}},{"from":[4,3.25,10.5],"to":[6,4.25,11.5],"rotation":{"angle":22.5,"axis":"y","origin":[-1.21925,5.25,13.5786]},"faces":{"north":{"uv":[14.5,1.5,13.5,2],"texture":"#0"},"south":{"uv":[14.5,2.5,13.5,3],"texture":"#0"},"up":{"uv":[13.5,4,14.5,3.5],"texture":"#0"},"down":{"uv":[4,13.5,5,14],"texture":"#0"}}},{"from":[7,5.25,10.5],"to":[8,7.25,11.5],"rotation":{"angle":22.5,"axis":"y","origin":[-1.21925,5.25,13.5786]},"faces":{"north":{"uv":[14,4.5,13.5,5.5],"texture":"#0"},"east":{"uv":[14,7.5,13.5,8.5],"texture":"#0"},"south":{"uv":[14,6,13.5,7],"texture":"#0"},"west":{"uv":[6,13.5,5.5,14.5],"texture":"#0"},"up":{"uv":[14.5,0.5,15,0],"texture":"#0"},"down":{"uv":[1,14.5,1.5,15],"texture":"#0"}}},{"from":[3,3.25,10.5],"to":[4,5.25,11.5],"rotation":{"angle":22.5,"axis":"y","origin":[-1.21925,5.25,13.5786]},"faces":{"north":{"uv":[14,9,13.5,10],"texture":"#0"},"east":{"uv":[8,14,7.5,15],"texture":"#0"},"south":{"uv":[7,14,6.5,15],"texture":"#0"},"west":{"uv":[13.5,13.5,13,14.5],"texture":"#0"},"down":{"uv":[2,14.5,2.5,15],"texture":"#0"}}},{"from":[1,5.25,10.5],"to":[5,6.25,11.5],"rotation":{"angle":22.5,"axis":"y","origin":[-1.21925,5.25,13.5786]},"faces":{"north":{"uv":[6,11,4,11.5],"texture":"#0"},"east":{"uv":[4.5,14.5,4,15],"texture":"#0"},"south":{"uv":[8.5,11,6.5,11.5],"texture":"#0"},"west":{"uv":[3.5,14.5,3,15],"texture":"#0"},"up":{"uv":[9,11.5,11,11],"texture":"#0"},"down":{"uv":[11.5,11,13.5,11.5],"texture":"#0"}}},{"from":[1,6.25,10.5],"to":[2,7.25,11.5],"rotation":{"angle":22.5,"axis":"y","origin":[-1.21925,5.25,13.5786]},"faces":{"north":{"uv":[15,4.5,14.5,5],"texture":"#0"},"east":{"uv":[15,7.5,14.5,8],"texture":"#0"},"south":{"uv":[15,6.5,14.5,7],"texture":"#0"},"west":{"uv":[15,5.5,14.5,6],"texture":"#0"}}},{"from":[0,7.25,10.5],"to":[2,8.25,11.5],"rotation":{"angle":22.5,"axis":"y","origin":[-1.21925,5.25,13.5786]},"faces":{"north":{"uv":[15,10.5,14,11],"texture":"#0"},"east":{"uv":[15,8.5,14.5,9],"texture":"#0"},"south":{"uv":[15,11.5,14,12],"texture":"#0"},"west":{"uv":[9,14.5,8.5,15],"texture":"#0"},"up":{"uv":[14,13,15,12.5],"texture":"#0"},"down":{"uv":[14,13.5,15,14],"texture":"#0"}}},{"from":[6.5,1.75,10.25],"to":[8.5,3.75,11.75],"rotation":{"angle":22.5,"axis":"y","origin":[-1.21925,5.25,13.5786]},"faces":{"north":{"uv":[5,12,4,13],"texture":"#0"},"east":{"uv":[2.25,13,1.5,14],"texture":"#0"},"south":{"uv":[6.5,12,5.5,13],"texture":"#0"},"west":{"uv":[0.75,13,0,14],"texture":"#0"},"up":{"uv":[9,13.75,10,13],"texture":"#0"},"down":{"uv":[10.5,13,11.5,13.75],"texture":"#0"}}},{"from":[-1,-4.75,11],"to":[9,16.25,11.01],"rotation":{"angle":22.5,"axis":"y","origin":[-1.21925,5.25,13.5786]},"faces":{"north":{"uv":[12,0,7,10.5],"texture":"#0"},"south":{"uv":[7,0,12,10.5],"texture":"#0"}}},{"from":[-7.0299,-4.75,11.28019],"to":[-0.0299,16.25,11.29019],"rotation":{"angle":45,"axis":"y","origin":[-1.21925,5.25,13.5786]},"faces":{"north":{"uv":[7,0,3.5,10.5],"texture":"#0"},"south":{"uv":[3.5,0,7,10.5],"texture":"#0"}}},{"from":[-5.56634,-4.75,18.06738],"to":[-5.55634,16.25,25.06738],"rotation":{"angle":-22.5,"axis":"y","origin":[-1.21925,5.25,13.5786]},"faces":{"east":{"uv":[0,0,3.5,10.5],"texture":"#0"},"west":{"uv":[3.5,0,0,10.5],"texture":"#0"}}}],"gui_light":"front","display":{"thirdperson_righthand":{"rotation":[-131.5,0,-180],"translation":[0,2.25,3],"scale":[0.5,0.5,0.5]},"thirdperson_lefthand":{"rotation":[66.5,0,0],"translation":[-5.5,-7,11.25]},"firstperson_righthand":{"rotation":[156.25,0,-180],"translation":[1.5,5.25,1],"scale":[0.7,0.7,0.7]},"firstperson_lefthand":{"rotation":[-5,0,0],"translation":[0.25,1.25,1],"scale":[0,0,0]},"ground":{"rotation":[-45,0,0],"translation":[0,5,0],"scale":[0.7,0.7,0.7]},"gui":{"rotation":[0,180,0],"translation":[0,1.75,0],"scale":[0.58,0.58,0.58]},"head":{"translation":[0,-6,7.5],"scale":[1.6,1.6,1.6]},"fixed":{"rotation":[0,180,0],"translation":[0,7,-3],"scale":[2,2,2]}}}