{
    "model": {
        "type": "range_dispatch",
        "property": "custom_model_data",
        "fallback": {
            "type": "minecraft:condition",
            "property": "minecraft:using_item",
            "on_false": {
                "type": "minecraft:model",
                "model": "minecraft:item/bow"
            },
            "on_true": {
                "type": "minecraft:range_dispatch",
                "property": "minecraft:use_duration",
                "scale": 0.05,
                "fallback": {
                    "type": "minecraft:model",
                    "model": "minecraft:item/bow_pulling_0"
                },
                "entries": [
                    {
                        "threshold": 0.65,
                        "model": {
                            "type": "minecraft:model",
                            "model": "minecraft:item/bow_pulling_1"
                        }
                    },
                    {
                        "threshold": 0.9,
                        "model": {
                            "type": "minecraft:model",
                            "model": "minecraft:item/bow_pulling_2"
                        }
                    }
                ]
            }
        },
        "entries": [
            {
                "threshold": 10000,
                "model": {
                    "type": "minecraft:condition",
                    "property": "minecraft:using_item",
                    "on_false": {
                        "type": "minecraft:model",
                        "model": "plny_coral_summer:bow"
                    },
                    "on_true": {
                        "type": "minecraft:range_dispatch",
                        "property": "minecraft:use_duration",
                        "scale": 0.05,
                        "fallback": {
                            "type": "minecraft:model",
                            "model": "plny_coral_summer:bow"
                        },
                        "entries": [
                            {
                                "threshold": 0.0,
                                "model": {
                                    "type": "minecraft:model",
                                    "model": "plny_coral_summer:bow_0"
                                }
                            },
                            {
                                "threshold": 0.65,
                                "model": {
                                    "type": "minecraft:model",
                                    "model": "plny_coral_summer:bow_1"
                                }
                            },
                            {
                                "threshold": 0.9,
                                "model": {
                                    "type": "minecraft:model",
                                    "model": "plny_coral_summer:bow_2"
                                }
                            }
                        ]
                    }
                }
            },
            {
                "threshold": 10004,
                "model": {
                    "type": "minecraft:condition",
                    "property": "minecraft:using_item",
                    "on_false": {
                        "type": "minecraft:model",
                        "model": "minewave:item/coral_summer/bow"
                    },
                    "on_true": {
                        "type": "minecraft:range_dispatch",
                        "property": "minecraft:use_duration",
                        "scale": 0.05,
                        "fallback": {
                            "type": "minecraft:model",
                            "model": "minewave:item/coral_summer/bow"
                        },
                        "entries": [
                            {
                                "threshold": 0.0,
                                "model": {
                                    "type": "minecraft:model",
                                    "model": "minewave:item/coral_summer/bow_0"
                                }
                            },
                            {
                                "threshold": 0.65,
                                "model": {
                                    "type": "minecraft:model",
                                    "model": "minewave:item/coral_summer/bow_1"
                                }
                            },
                            {
                                "threshold": 0.9,
                                "model": {
                                    "type": "minecraft:model",
                                    "model": "minewave:item/coral_summer/bow_2"
                                }
                            }
                        ]
                    }
                }
            },
            {
                "threshold": 11000,
                "model": {
                    "type": "minecraft:condition",
                    "property": "minecraft:using_item",
                    "on_false": {
                        "type": "minecraft:model",
                        "model": "minewave:item/parrot/bow"
                    },
                    "on_true": {
                        "type": "minecraft:range_dispatch",
                        "property": "minecraft:use_duration",
                        "scale": 0.05,
                        "fallback": {
                            "type": "minecraft:model",
                            "model": "minewave:item/parrot/bow"
                        },
                        "entries": [
                            {
                                "threshold": 0.0,
                                "model": {
                                    "type": "minecraft:model",
                                    "model": "minewave:item/parrot/bow_0"
                                }
                            },
                            {
                                "threshold": 0.65,
                                "model": {
                                    "type": "minecraft:model",
                                    "model": "minewave:item/parrot/bow_1"
                                }
                            },
                            {
                                "threshold": 0.9,
                                "model": {
                                    "type": "minecraft:model",
                                    "model": "minewave:item/parrot/bow_2"
                                }
                            }
                        ]
                    }
                }
            },
            {
                "threshold": 12000,
                "model": {
                    "type": "minecraft:condition",
                    "property": "minecraft:using_item",
                    "on_false": {
                        "type": "minecraft:model",
                        "model": "minewave:item/dinosaur/bow"
                    },
                    "on_true": {
                        "type": "minecraft:range_dispatch",
                        "property": "minecraft:use_duration",
                        "scale": 0.05,
                        "fallback": {
                            "type": "minecraft:model",
                            "model": "minewave:item/dinosaur/bow"
                        },
                        "entries": [
                            {
                                "threshold": 0.0,
                                "model": {
                                    "type": "minecraft:model",
                                    "model": "minewave:item/dinosaur/bow_0"
                                }
                            },
                            {
                                "threshold": 0.65,
                                "model": {
                                    "type": "minecraft:model",
                                    "model": "minewave:item/dinosaur/bow_1"
                                }
                            },
                            {
                                "threshold": 0.9,
                                "model": {
                                    "type": "minecraft:model",
                                    "model": "minewave:item/dinosaur/bow_2"
                                }
                            }
                        ]
                    }
                }
            }
        ]
    }
}