{
   "model":{
      "type":"range_dispatch",
      "property":"custom_model_data",
      "index":0,
      "fallback":{
         "type":"minecraft:condition",
         "on_false":{
            "type":"minecraft:select",
            "cases":[
               {
                  "model":{
                     "type":"minecraft:model",
                     "model":"minecraft:item/crossbow_arrow"
                  },
                  "when":"arrow"
               },
               {
                  "model":{
                     "type":"minecraft:model",
                     "model":"minecraft:item/crossbow_firework"
                  },
                  "when":"rocket"
               }
            ],
            "fallback":{
               "type":"minecraft:model",
               "model":"minecraft:item/crossbow"
            },
            "property":"minecraft:charge_type"
         },
         "on_true":{
            "type":"minecraft:range_dispatch",
            "entries":[
               {
                  "model":{
                     "type":"minecraft:model",
                     "model":"minecraft:item/crossbow_pulling_1"
                  },
                  "threshold":0.58
               },
               {
                  "model":{
                     "type":"minecraft:model",
                     "model":"minecraft:item/crossbow_pulling_2"
                  },
                  "threshold":1.0
               }
            ],
            "fallback":{
               "type":"minecraft:model",
               "model":"minecraft:item/crossbow_pulling_0"
            },
            "property":"minecraft:crossbow/pull"
         },
         "property":"minecraft:using_item"
      },
      "entries":[
         {
            "threshold":10000,
            "model":{
               "type":"minecraft:condition",
               "on_false":{
                  "type":"minecraft:select",
                  "cases":[
                     {
                        "model":{
                           "type":"model",
                           "model":"plny_coral_summer:crossbow_charged"
                        },
                        "when":"arrow"
                     },
                     {
                        "model":{
                           "type":"model",
                           "model":"plny_coral_summer:crossbow_firework"
                        },
                        "when":"rocket"
                     }
                  ],
                  "fallback":{
                     "type":"model",
                     "model":"plny_coral_summer:crossbow"
                  },
                  "property":"minecraft:charge_type",
                  "model":"plny_coral_summer:crossbow"
               },
               "on_true":{
                  "type":"minecraft:range_dispatch",
                  "entries":[
                     {
                        "threshold":0.58,
                        "model":{
                           "type":"model",
                           "model":"plny_coral_summer:crossbow_1"
                        }
                     },
                     {
                        "threshold":1.0,
                        "model":{
                           "type":"model",
                           "model":"plny_coral_summer:crossbow_2"
                        }
                     }
                  ],
                  "fallback":{
                     "type":"minecraft:model",
                     "model":"plny_coral_summer:crossbow"
                  },
                  "property":"minecraft:crossbow/pull"
               },
               "property":"minecraft:using_item"
            }
         },
         {
            "threshold":10002,
            "model":{
               "type":"minecraft:condition",
               "on_false":{
                  "type":"minecraft:select",
                  "cases":[
                     {
                        "model":{
                           "type":"model",
                           "model":"minewave:item/bunny/crossbow_charged"
                        },
                        "when":"arrow"
                     },
                     {
                        "model":{
                           "type":"model",
                           "model":"minewave:item/bunny/crossbow_firework"
                        },
                        "when":"rocket"
                     }
                  ],
                  "fallback":{
                     "type":"model",
                     "model":"minewave:item/bunny/crossbow"
                  },
                  "property":"minecraft:charge_type",
                  "model":"minewave:item/bunny/crossbow"
               },
               "on_true":{
                  "type":"minecraft:range_dispatch",
                  "entries":[
                     {
                        "threshold":0.58,
                        "model":{
                           "type":"model",
                           "model":"minewave:item/bunny/crossbow_1"
                        }
                     },
                     {
                        "threshold":1.0,
                        "model":{
                           "type":"model",
                           "model":"minewave:item/bunny/crossbow_2"
                        }
                     }
                  ],
                  "fallback":{
                     "type":"minecraft:model",
                     "model":"minewave:item/bunny/crossbow"
                  },
                  "property":"minecraft:crossbow/pull"
               },
               "property":"minecraft:using_item"
            }
         },
         {
            "threshold":10004,
            "model":{
               "type":"minecraft:condition",
               "on_false":{
                  "type":"minecraft:select",
                  "cases":[
                     {
                        "model":{
                           "type":"model",
                           "model":"minewave:item/coral_summer/crossbow_charged"
                        },
                        "when":"arrow"
                     },
                     {
                        "model":{
                           "type":"model",
                           "model":"minewave:item/coral_summer/crossbow_firework"
                        },
                        "when":"rocket"
                     }
                  ],
                  "fallback":{
                     "type":"model",
                     "model":"minewave:item/coral_summer/crossbow"
                  },
                  "property":"minecraft:charge_type",
                  "model":"minewave:item/coral_summer/crossbow"
               },
               "on_true":{
                  "type":"minecraft:range_dispatch",
                  "entries":[
                     {
                        "threshold":0.58,
                        "model":{
                           "type":"model",
                           "model":"minewave:item/coral_summer/crossbow_1"
                        }
                     },
                     {
                        "threshold":1.0,
                        "model":{
                           "type":"model",
                           "model":"minewave:item/coral_summer/crossbow_2"
                        }
                     }
                  ],
                  "fallback":{
                     "type":"minecraft:model",
                     "model":"minewave:item/coral_summer/crossbow"
                  },
                  "property":"minecraft:crossbow/pull"
               },
               "property":"minecraft:using_item"
            }
         },
         {
            "threshold":11000,
            "model":{
               "type":"minecraft:condition",
               "on_false":{
                  "type":"minecraft:select",
                  "cases":[
                     {
                        "model":{
                           "type":"model",
                           "model":"minewave:item/parrot/crossbow_charged"
                        },
                        "when":"arrow"
                     },
                     {
                        "model":{
                           "type":"model",
                           "model":"minewave:item/parrot/crossbow_firework"
                        },
                        "when":"rocket"
                     }
                  ],
                  "fallback":{
                     "type":"model",
                     "model":"minewave:item/parrot/crossbow"
                  },
                  "property":"minecraft:charge_type",
                  "model":"minewave:item/parrot/crossbow"
               },
               "on_true":{
                  "type":"minecraft:range_dispatch",
                  "entries":[
                     {
                        "threshold":0.58,
                        "model":{
                           "type":"model",
                           "model":"minewave:item/parrot/crossbow_1"
                        }
                     },
                     {
                        "threshold":1.0,
                        "model":{
                           "type":"model",
                           "model":"minewave:item/parrot/crossbow_2"
                        }
                     }
                  ],
                  "fallback":{
                     "type":"minecraft:model",
                     "model":"minewave:item/parrot/crossbow"
                  },
                  "property":"minecraft:crossbow/pull"
               },
               "property":"minecraft:using_item"
            }
         },
         {
            "threshold":11001,
            "model":{
               "type":"minecraft:condition",
               "on_false":{
                  "type":"minecraft:select",
                  "cases":[
                     {
                        "model":{
                           "type":"minecraft:model",
                           "model":"minecraft:item/crossbow_arrow"
                        },
                        "when":"arrow"
                     },
                     {
                        "model":{
                           "type":"minecraft:model",
                           "model":"minecraft:item/crossbow_firework"
                        },
                        "when":"rocket"
                     }
                  ],
                  "fallback":{
                     "type":"model",
                     "model":"item/crossbow"
                  },
                  "property":"minecraft:charge_type",
                  "model":"item/crossbow"
               },
               "on_true":{
                  "type":"minecraft:range_dispatch",
                  "entries":[
                     
                  ],
                  "fallback":{
                     "type":"minecraft:model",
                     "model":"item/crossbow"
                  },
                  "property":"minecraft:crossbow/pull"
               },
               "property":"minecraft:using_item"
            }
         }
      ]
   },
   "oversized_in_gui":true
}