{
    "model": {
        "type": "range_dispatch",
        "property": "custom_model_data",
        "fallback": {
            "type": "minecraft:condition",
            "property": "minecraft:using_item",
            "on_false": {
                "type": "minecraft:select",
                "property": "minecraft:charge_type",
                "fallback": {
                    "type": "minecraft:model",
                    "model": "minecraft:item/crossbow"
                },
                "cases": [
                    {
                        "model": {
                            "type": "minecraft:model",
                            "model": "minecraft:item/crossbow_arrow"
                        },
                        "when": "arrow"
                    },
                    {
                        "model": {
                            "type": "minecraft:model",
                            "model": "minecraft:item/crossbow_firework"
                        },
                        "when": "rocket"
                    }
                ]
            },
            "on_true": {
                "type": "minecraft:range_dispatch",
                "property": "minecraft:crossbow/pull",
                "fallback": {
                    "type": "minecraft:model",
                    "model": "minecraft:item/crossbow_pulling_0"
                },
                "entries": [
                    {
                        "threshold": 0.58,
                        "model": {
                            "type": "minecraft:model",
                            "model": "minecraft:item/crossbow_pulling_1"
                        }
                    },
                    {
                        "threshold": 1.0,
                        "model": {
                            "type": "minecraft:model",
                            "model": "minecraft:item/crossbow_pulling_2"
                        }
                    }
                ]
            }
        },
        "entries": [
            {
                "threshold": 10000,
                "model": {
                    "type": "minecraft:condition",
                    "property": "minecraft:using_item",
                    "on_false": {
                        "type": "minecraft:select",
                        "property": "minecraft:charge_type",
                        "fallback": {
                            "type": "minecraft:model",
                            "model": "plny_coral_summer:crossbow"
                        },
                        "cases": [
                            {
                                "model": {
                                    "type": "minecraft:model",
                                    "model": "plny_coral_summer:crossbow_charged"
                                },
                                "when": "arrow"
                            },
                            {
                                "model": {
                                    "type": "minecraft:model",
                                    "model": "plny_coral_summer:crossbow_firework"
                                },
                                "when": "rocket"
                            }
                        ]
                    },
                    "on_true": {
                        "type": "minecraft:range_dispatch",
                        "property": "minecraft:crossbow/pull",
                        "fallback": {
                            "type": "minecraft:model",
                            "model": "plny_coral_summer:crossbow_0"
                        },
                        "entries": [
                            {
                                "threshold": 0.58,
                                "model": {
                                    "type": "minecraft:model",
                                    "model": "plny_coral_summer:crossbow_1"
                                }
                            },
                            {
                                "threshold": 1.0,
                                "model": {
                                    "type": "minecraft:model",
                                    "model": "plny_coral_summer:crossbow_2"
                                }
                            }
                        ]
                    }
                }
            },
            {
                "threshold": 10002,
                "model": {
                    "type": "minecraft:condition",
                    "property": "minecraft:using_item",
                    "on_false": {
                        "type": "minecraft:select",
                        "property": "minecraft:charge_type",
                        "fallback": {
                            "type": "minecraft:model",
                            "model": "minewave:item/bunny/crossbow"
                        },
                        "cases": [
                            {
                                "model": {
                                    "type": "minecraft:model",
                                    "model": "minewave:item/bunny/crossbow_charged"
                                },
                                "when": "arrow"
                            },
                            {
                                "model": {
                                    "type": "minecraft:model",
                                    "model": "minewave:item/bunny/crossbow_firework"
                                },
                                "when": "rocket"
                            }
                        ]
                    },
                    "on_true": {
                        "type": "minecraft:range_dispatch",
                        "property": "minecraft:crossbow/pull",
                        "fallback": {
                            "type": "minecraft:model",
                            "model": "minewave:item/bunny/crossbow_0"
                        },
                        "entries": [
                            {
                                "threshold": 0.58,
                                "model": {
                                    "type": "minecraft:model",
                                    "model": "minewave:item/bunny/crossbow_1"
                                }
                            },
                            {
                                "threshold": 1.0,
                                "model": {
                                    "type": "minecraft:model",
                                    "model": "minewave:item/bunny/crossbow_2"
                                }
                            }
                        ]
                    }
                }
            },
            {
                "threshold": 10004,
                "model": {
                    "type": "minecraft:condition",
                    "property": "minecraft:using_item",
                    "on_false": {
                        "type": "minecraft:select",
                        "property": "minecraft:charge_type",
                        "fallback": {
                            "type": "minecraft:model",
                            "model": "minewave:item/coral_summer/crossbow"
                        },
                        "cases": [
                            {
                                "model": {
                                    "type": "minecraft:model",
                                    "model": "minewave:item/coral_summer/crossbow_charged"
                                },
                                "when": "arrow"
                            },
                            {
                                "model": {
                                    "type": "minecraft:model",
                                    "model": "minewave:item/coral_summer/crossbow_firework"
                                },
                                "when": "rocket"
                            }
                        ]
                    },
                    "on_true": {
                        "type": "minecraft:range_dispatch",
                        "property": "minecraft:crossbow/pull",
                        "fallback": {
                            "type": "minecraft:model",
                            "model": "minewave:item/coral_summer/crossbow_0"
                        },
                        "entries": [
                            {
                                "threshold": 0.58,
                                "model": {
                                    "type": "minecraft:model",
                                    "model": "minewave:item/coral_summer/crossbow_1"
                                }
                            },
                            {
                                "threshold": 1.0,
                                "model": {
                                    "type": "minecraft:model",
                                    "model": "minewave:item/coral_summer/crossbow_2"
                                }
                            }
                        ]
                    }
                }
            },
            {
                "threshold": 11000,
                "model": {
                    "type": "minecraft:condition",
                    "property": "minecraft:using_item",
                    "on_false": {
                        "type": "minecraft:select",
                        "property": "minecraft:charge_type",
                        "fallback": {
                            "type": "minecraft:model",
                            "model": "minewave:item/parrot/crossbow"
                        },
                        "cases": [
                            {
                                "model": {
                                    "type": "minecraft:model",
                                    "model": "minewave:item/parrot/crossbow_charged"
                                },
                                "when": "arrow"
                            },
                            {
                                "model": {
                                    "type": "minecraft:model",
                                    "model": "minewave:item/parrot/crossbow_firework"
                                },
                                "when": "rocket"
                            }
                        ]
                    },
                    "on_true": {
                        "type": "minecraft:range_dispatch",
                        "property": "minecraft:crossbow/pull",
                        "fallback": {
                            "type": "minecraft:model",
                            "model": "minewave:item/parrot/crossbow_0"
                        },
                        "entries": [
                            {
                                "threshold": 0.58,
                                "model": {
                                    "type": "minecraft:model",
                                    "model": "minewave:item/parrot/crossbow_1"
                                }
                            },
                            {
                                "threshold": 1.0,
                                "model": {
                                    "type": "minecraft:model",
                                    "model": "minewave:item/parrot/crossbow_2"
                                }
                            }
                        ]
                    }
                }
            },
            {
                "threshold": 12000,
                "model": {
                    "type": "minecraft:condition",
                    "property": "minecraft:using_item",
                    "on_false": {
                        "type": "minecraft:select",
                        "property": "minecraft:charge_type",
                        "fallback": {
                            "type": "minecraft:model",
                            "model": "minewave:item/dinosaur/crossbow"
                        },
                        "cases": [
                            {
                                "model": {
                                    "type": "minecraft:model",
                                    "model": "minewave:item/dinosaur/crossbow_charged"
                                },
                                "when": "arrow"
                            },
                            {
                                "model": {
                                    "type": "minecraft:model",
                                    "model": "minewave:item/dinosaur/crossbow_firework"
                                },
                                "when": "rocket"
                            }
                        ]
                    },
                    "on_true": {
                        "type": "minecraft:range_dispatch",
                        "property": "minecraft:crossbow/pull",
                        "fallback": {
                            "type": "minecraft:model",
                            "model": "minewave:item/dinosaur/crossbow_0"
                        },
                        "entries": [
                            {
                                "threshold": 0.58,
                                "model": {
                                    "type": "minecraft:model",
                                    "model": "minewave:item/dinosaur/crossbow_1"
                                }
                            },
                            {
                                "threshold": 1.0,
                                "model": {
                                    "type": "minecraft:model",
                                    "model": "minewave:item/dinosaur/crossbow_2"
                                }
                            }
                        ]
                    }
                }
            },
            {
                "threshold": 13000,
                "model": {
                    "type": "minecraft:condition",
                    "property": "minecraft:using_item",
                    "on_false": {
                        "type": "minecraft:select",
                        "property": "minecraft:charge_type",
                        "fallback": {
                            "type": "minecraft:model",
                            "model": "minewave:item/halloween_pumpkin/crossbow"
                        },
                        "cases": [
                            {
                                "model": {
                                    "type": "minecraft:model",
                                    "model": "minewave:item/halloween_pumpkin/crossbow_charged"
                                },
                                "when": "arrow"
                            },
                            {
                                "model": {
                                    "type": "minecraft:model",
                                    "model": "minewave:item/halloween_pumpkin/crossbow_firework"
                                },
                                "when": "rocket"
                            }
                        ]
                    },
                    "on_true": {
                        "type": "minecraft:range_dispatch",
                        "property": "minecraft:crossbow/pull",
                        "fallback": {
                            "type": "minecraft:model",
                            "model": "minewave:item/halloween_pumpkin/crossbow_0"
                        },
                        "entries": [
                            {
                                "threshold": 0.58,
                                "model": {
                                    "type": "minecraft:model",
                                    "model": "minewave:item/halloween_pumpkin/crossbow_1"
                                }
                            },
                            {
                                "threshold": 1.0,
                                "model": {
                                    "type": "minecraft:model",
                                    "model": "minewave:item/halloween_pumpkin/crossbow_2"
                                }
                            }
                        ]
                    }
                }
            },
            {
                "threshold": 14000,
                "model": {
                    "type": "minecraft:condition",
                    "property": "minecraft:using_item",
                    "on_false": {
                        "type": "minecraft:select",
                        "property": "minecraft:charge_type",
                        "fallback": {
                            "type": "minecraft:model",
                            "model": "minewave:item/thor/crossbow"
                        },
                        "cases": [
                            {
                                "model": {
                                    "type": "minecraft:model",
                                    "model": "minewave:item/thor/crossbow_charged"
                                },
                                "when": "arrow"
                            },
                            {
                                "model": {
                                    "type": "minecraft:model",
                                    "model": "minewave:item/thor/crossbow_firework"
                                },
                                "when": "rocket"
                            }
                        ]
                    },
                    "on_true": {
                        "type": "minecraft:range_dispatch",
                        "property": "minecraft:crossbow/pull",
                        "fallback": {
                            "type": "minecraft:model",
                            "model": "minewave:item/thor/crossbow_0"
                        },
                        "entries": [
                            {
                                "threshold": 0.58,
                                "model": {
                                    "type": "minecraft:model",
                                    "model": "minewave:item/thor/crossbow_1"
                                }
                            },
                            {
                                "threshold": 1.0,
                                "model": {
                                    "type": "minecraft:model",
                                    "model": "minewave:item/thor/crossbow_2"
                                }
                            }
                        ]
                    }
                }
            }
        ]
    }
}