{
   "model":{
      "type":"range_dispatch",
      "property":"custom_model_data",
      "index":0,
      "fallback":{
         "type":"minecraft:condition",
         "on_false":{
            "type":"minecraft:model",
            "model":"minecraft:item/fishing_rod"
         },
         "on_true":{
            "type":"minecraft:model",
            "model":"minecraft:item/fishing_rod_cast"
         },
         "property":"minecraft:fishing_rod/cast"
      },
      "entries":[
         {
            "threshold":10000,
            "model":{
               "type":"minecraft:condition",
               "on_false":{
                  "type":"model",
                  "model":"plny_coral_summer:fishing_rod"
               },
               "on_true":{
                  "type":"model",
                  "model":"plny_coral_summer:fishing_rod_cast"
               },
               "property":"minecraft:fishing_rod/cast"
            }
         },
         {
            "threshold":10004,
            "model":{
               "type":"minecraft:condition",
               "on_false":{
                  "type":"model",
                  "model":"minewave:item/coral_summer/fishing_rod"
               },
               "on_true":{
                  "type":"model",
                  "model":"minewave:item/coral_summer/fishing_rod_cast"
               },
               "property":"minecraft:fishing_rod/cast"
            }
         },
         {
            "threshold":11000,
            "model":{
               "type":"minecraft:condition",
               "on_false":{
                  "type":"model",
                  "model":"minewave:item/parrot/fishing_rod"
               },
               "on_true":{
                  "type":"model",
                  "model":"minewave:item/parrot/fishing_rod_cast"
               },
               "property":"minecraft:fishing_rod/cast"
            }
         },
         {
            "threshold":11001,
            "model":{
               "type":"minecraft:condition",
               "on_false":{
                  "type":"model",
                  "model":"item/fishing_rod"
               },
               "on_true":{
                  "type":"minecraft:model",
                  "model":"minecraft:item/fishing_rod_cast"
               },
               "property":"minecraft:fishing_rod/cast"
            }
         }
      ]
   },
   "oversized_in_gui":true
}