{
    "model": {
        "type": "range_dispatch",
        "property": "custom_model_data",
        "fallback": {
            "type": "minecraft:condition",
            "property": "minecraft:fishing_rod/cast",
            "on_false": {
                "type": "minecraft:model",
                "model": "minecraft:item/fishing_rod"
            },
            "on_true": {
                "type": "minecraft:model",
                "model": "minecraft:item/fishing_rod_cast"
            }
        },
        "entries": [
            {
                "threshold": 10000,
                "model": {
                    "type": "minecraft:condition",
                    "property": "minecraft:fishing_rod/cast",
                    "on_false": {
                        "type": "minecraft:model",
                        "model": "plny_coral_summer:fishing_rod"
                    },
                    "on_true": {
                        "type": "minecraft:model",
                        "model": "plny_coral_summer:fishing_rod_cast"
                    }
                }
            },
            {
                "threshold": 10004,
                "model": {
                    "type": "minecraft:condition",
                    "property": "minecraft:fishing_rod/cast",
                    "on_false": {
                        "type": "minecraft:model",
                        "model": "minewave:item/coral_summer/fishing_rod"
                    },
                    "on_true": {
                        "type": "minecraft:model",
                        "model": "minewave:item/coral_summer/fishing_rod_cast"
                    }
                }
            },
            {
                "threshold": 11000,
                "model": {
                    "type": "minecraft:condition",
                    "property": "minecraft:fishing_rod/cast",
                    "on_false": {
                        "type": "minecraft:model",
                        "model": "minewave:item/parrot/fishing_rod"
                    },
                    "on_true": {
                        "type": "minecraft:model",
                        "model": "minewave:item/parrot/fishing_rod_cast"
                    }
                }
            },
            {
                "threshold": 12000,
                "model": {
                    "type": "minecraft:condition",
                    "property": "minecraft:fishing_rod/cast",
                    "on_false": {
                        "type": "minecraft:model",
                        "model": "minewave:item/dinosaur/fishing_rod"
                    },
                    "on_true": {
                        "type": "minecraft:model",
                        "model": "minewave:item/dinosaur/fishing_rod_cast"
                    }
                }
            }
        ]
    }
}