{
   "model":{
      "type":"range_dispatch",
      "property":"custom_model_data",
      "index":0,
      "fallback":{
         "type":"minecraft:model",
         "model":"minecraft:item/mace"
      },
      "entries":[
         {
            "threshold":10000,
            "model":{
               "type":"model",
               "model":"plny_coral_summer:mace"
            }
         },
         {
            "threshold":10001,
            "model":{
               "type":"model",
               "model":"minewave:item/blossom/mace"
            }
         },
         {
            "threshold":10003,
            "model":{
               "type":"model",
               "model":"minewave:item/lavachicken/mace"
            }
         },
         {
            "threshold":10004,
            "model":{
               "type":"model",
               "model":"minewave:item/coral_summer/mace"
            }
         },
         {
            "threshold":11000,
            "model":{
               "type":"model",
               "model":"minewave:item/parrot/hammer"
            }
         },
         {
            "threshold":11001,
            "model":{
               "type":"model",
               "model":"item/mace"
            }
         }
      ]
   },
   "oversized_in_gui":true
}