{
    "model": {
        "type": "range_dispatch",
        "property": "custom_model_data",
        "fallback": {
            "type": "model",
            "model": "item/netherite_pickaxe"
        },
        "entries": [
            {
                "threshold": 10000,
                "model": {
                    "type": "model",
                    "model": "plny_coral_summer:pickaxe"
                }
            },
            {
                "threshold": 10001,
                "model": {
                    "type": "model",
                    "model": "minewave:item/blossom/pickaxe"
                }
            },
            {
                "threshold": 10002,
                "model": {
                    "type": "model",
                    "model": "minewave:item/bunny/pickaxe"
                }
            },
            {
                "threshold": 10003,
                "model": {
                    "type": "model",
                    "model": "minewave:item/lavachicken/pickaxe"
                }
            },
            {
                "threshold": 10004,
                "model": {
                    "type": "model",
                    "model": "minewave:item/coral_summer/pickaxe"
                }
            },
            {
                "threshold": 11000,
                "model": {
                    "type": "model",
                    "model": "minewave:item/parrot/pickaxe"
                }
            },
            {
                "threshold": 12000,
                "model": {
                    "type": "model",
                    "model": "minewave:item/dinosaur/pickaxe"
                }
            },
            {
                "threshold": 13000,
                "model": {
                    "type": "model",
                    "model": "minewave:item/halloween_pumpkin/pickaxe"
                }
            },
            {
                "threshold": 13001,
                "model": {
                    "type": "model",
                    "model": "item/netherite_pickaxe"
                }
            }
        ]
    }
}