{
    "model": {
        "type": "range_dispatch",
        "property": "custom_model_data",
        "fallback": {
            "type": "model",
            "model": "item/netherite_hoe"
        },
        "entries": [
            {
                "threshold": 10000,
                "model": {
                    "type": "model",
                    "model": "plny_coral_summer:hoe"
                }
            },
            {
                "threshold": 10001,
                "model": {
                    "type": "model",
                    "model": "minewave:item/blossom/hoe"
                }
            },
            {
                "threshold": 10002,
                "model": {
                    "type": "model",
                    "model": "minewave:item/bunny/hoe"
                }
            },
            {
                "threshold": 10003,
                "model": {
                    "type": "model",
                    "model": "minewave:item/lavachicken/hoe"
                }
            },
            {
                "threshold": 10004,
                "model": {
                    "type": "model",
                    "model": "minewave:item/coral_summer/hoe"
                }
            },
            {
                "threshold": 11000,
                "model": {
                    "type": "model",
                    "model": "minewave:item/parrot/hoe"
                }
            },
            {
                "threshold": 12000,
                "model": {
                    "type": "model",
                    "model": "minewave:item/dinosaur/hoe"
                }
            },
            {
                "threshold": 12001,
                "model": {
                    "type": "model",
                    "model": "item/netherite_hoe"
                }
            }
        ]
    }
}