{
   "model":{
      "type":"range_dispatch",
      "property":"custom_model_data",
      "index":0,
      "fallback":{
         "type":"minecraft:model",
         "model":"minecraft:item/netherite_shovel"
      },
      "entries":[
         {
            "threshold":10000,
            "model":{
               "type":"model",
               "model":"plny_coral_summer:shovel"
            }
         },
         {
            "threshold":11000,
            "model":{
               "type":"model",
               "model":"minewave:item/parrot/shovel"
            }
         },
         {
            "threshold":11001,
            "model":{
               "type":"model",
               "model":"item/netherite_shovel"
            }
         }
      ]
   },
   "oversized_in_gui":true
}