{
   "model":{
      "type":"range_dispatch",
      "property":"custom_model_data",
      "index":0,
      "fallback":{
         "type":"minecraft:model",
         "model":"minecraft:item/netherite_pickaxe"
      },
      "entries":[
         {
            "threshold":10000,
            "model":{
               "type":"model",
               "model":"plny_coral_summer:pickaxe"
            }
         },
         {
            "threshold":10001,
            "model":{
               "type":"model",
               "model":"minewave:item/blossom/pickaxe"
            }
         },
         {
            "threshold":10002,
            "model":{
               "type":"model",
               "model":"minewave:item/bunny/pickaxe"
            }
         },
         {
            "threshold":10003,
            "model":{
               "type":"model",
               "model":"minewave:item/lavachicken/pickaxe"
            }
         },
         {
            "threshold":10004,
            "model":{
               "type":"model",
               "model":"minewave:item/coral_summer/pickaxe"
            }
         },
         {
            "threshold":11000,
            "model":{
               "type":"model",
               "model":"minewave:item/parrot/pickaxe"
            }
         },
         {
            "threshold":11001,
            "model":{
               "type":"model",
               "model":"item/netherite_pickaxe"
            }
         }
      ]
   },
   "oversized_in_gui":true
}