{
    "model": {
        "type": "range_dispatch",
        "property": "custom_model_data",
        "fallback": {
            "type": "model",
            "model": "minecraft:item/netherite_shovel"
        },
        "entries": [
            {
                "threshold": 10000,
                "model": {
                    "type": "model",
                    "model": "plny_coral_summer:shovel"
                }
            },
            {
                "threshold": 11000,
                "model": {
                    "type": "model",
                    "model": "minewave:item/parrot/shovel"
                }
            },
            {
                "threshold": 12000,
                "model": {
                    "type": "model",
                    "model": "minewave:item/dinosaur/shovel"
                }
            },
            {
                "threshold": 13000,
                "model": {
                    "type": "model",
                    "model": "minewave:item/halloween_pumpkin/shovel"
                }
            },
            {
                "threshold": 14000,
                "model": {
                    "type": "model",
                    "model": "minewave:item/thor/shovel"
                }
            },
            {
                "threshold": 14001,
                "model": {
                    "type": "model",
                    "model": "item/netherite_shovel"
                }
            }
        ]
    }
}