{
   "model":{
      "type":"range_dispatch",
      "property":"custom_model_data",
      "index":0,
      "fallback":{
         "type":"minecraft:select",
         "cases":[
            {
               "model":{
                  "type":"minecraft:model",
                  "model":"minecraft:item/netherite_helmet_quartz_trim"
               },
               "when":"minecraft:quartz"
            },
            {
               "model":{
                  "type":"minecraft:model",
                  "model":"minecraft:item/netherite_helmet_iron_trim"
               },
               "when":"minecraft:iron"
            },
            {
               "model":{
                  "type":"minecraft:model",
                  "model":"minecraft:item/netherite_helmet_netherite_trim"
               },
               "when":"minecraft:netherite"
            },
            {
               "model":{
                  "type":"minecraft:model",
                  "model":"minecraft:item/netherite_helmet_redstone_trim"
               },
               "when":"minecraft:redstone"
            },
            {
               "model":{
                  "type":"minecraft:model",
                  "model":"minecraft:item/netherite_helmet_copper_trim"
               },
               "when":"minecraft:copper"
            },
            {
               "model":{
                  "type":"minecraft:model",
                  "model":"minecraft:item/netherite_helmet_gold_trim"
               },
               "when":"minecraft:gold"
            },
            {
               "model":{
                  "type":"minecraft:model",
                  "model":"minecraft:item/netherite_helmet_emerald_trim"
               },
               "when":"minecraft:emerald"
            },
            {
               "model":{
                  "type":"minecraft:model",
                  "model":"minecraft:item/netherite_helmet_diamond_trim"
               },
               "when":"minecraft:diamond"
            },
            {
               "model":{
                  "type":"minecraft:model",
                  "model":"minecraft:item/netherite_helmet_lapis_trim"
               },
               "when":"minecraft:lapis"
            },
            {
               "model":{
                  "type":"minecraft:model",
                  "model":"minecraft:item/netherite_helmet_amethyst_trim"
               },
               "when":"minecraft:amethyst"
            },
            {
               "model":{
                  "type":"minecraft:model",
                  "model":"minecraft:item/netherite_helmet_resin_trim"
               },
               "when":"minecraft:resin"
            }
         ],
         "fallback":{
            "type":"minecraft:model",
            "model":"minecraft:item/netherite_helmet"
         },
         "property":"minecraft:trim_material"
      },
      "entries":[
         {
            "threshold":10001,
            "model":{
               "type":"model",
               "cases":[
                  {
                     "model":{
                        "type":"minecraft:model",
                        "model":"minecraft:item/netherite_helmet_quartz_trim"
                     },
                     "when":"minecraft:quartz"
                  },
                  {
                     "model":{
                        "type":"minecraft:model",
                        "model":"minecraft:item/netherite_helmet_iron_trim"
                     },
                     "when":"minecraft:iron"
                  },
                  {
                     "model":{
                        "type":"minecraft:model",
                        "model":"minecraft:item/netherite_helmet_netherite_trim"
                     },
                     "when":"minecraft:netherite"
                  },
                  {
                     "model":{
                        "type":"minecraft:model",
                        "model":"minecraft:item/netherite_helmet_redstone_trim"
                     },
                     "when":"minecraft:redstone"
                  },
                  {
                     "model":{
                        "type":"minecraft:model",
                        "model":"minecraft:item/netherite_helmet_copper_trim"
                     },
                     "when":"minecraft:copper"
                  },
                  {
                     "model":{
                        "type":"minecraft:model",
                        "model":"minecraft:item/netherite_helmet_gold_trim"
                     },
                     "when":"minecraft:gold"
                  },
                  {
                     "model":{
                        "type":"minecraft:model",
                        "model":"minecraft:item/netherite_helmet_emerald_trim"
                     },
                     "when":"minecraft:emerald"
                  },
                  {
                     "model":{
                        "type":"minecraft:model",
                        "model":"minecraft:item/netherite_helmet_diamond_trim"
                     },
                     "when":"minecraft:diamond"
                  },
                  {
                     "model":{
                        "type":"minecraft:model",
                        "model":"minecraft:item/netherite_helmet_lapis_trim"
                     },
                     "when":"minecraft:lapis"
                  },
                  {
                     "model":{
                        "type":"minecraft:model",
                        "model":"minecraft:item/netherite_helmet_amethyst_trim"
                     },
                     "when":"minecraft:amethyst"
                  },
                  {
                     "model":{
                        "type":"minecraft:model",
                        "model":"minecraft:item/netherite_helmet_resin_trim"
                     },
                     "when":"minecraft:resin"
                  }
               ],
               "fallback":{
                  "type":"minecraft:model",
                  "model":"minecraft:item/netherite_helmet"
               },
               "property":"minecraft:trim_material",
               "model":"minewave:item/blossom/helmet"
            }
         },
         {
            "threshold":10002,
            "model":{
               "type":"model",
               "cases":[
                  {
                     "model":{
                        "type":"minecraft:model",
                        "model":"minecraft:item/netherite_helmet_quartz_trim"
                     },
                     "when":"minecraft:quartz"
                  },
                  {
                     "model":{
                        "type":"minecraft:model",
                        "model":"minecraft:item/netherite_helmet_iron_trim"
                     },
                     "when":"minecraft:iron"
                  },
                  {
                     "model":{
                        "type":"minecraft:model",
                        "model":"minecraft:item/netherite_helmet_netherite_trim"
                     },
                     "when":"minecraft:netherite"
                  },
                  {
                     "model":{
                        "type":"minecraft:model",
                        "model":"minecraft:item/netherite_helmet_redstone_trim"
                     },
                     "when":"minecraft:redstone"
                  },
                  {
                     "model":{
                        "type":"minecraft:model",
                        "model":"minecraft:item/netherite_helmet_copper_trim"
                     },
                     "when":"minecraft:copper"
                  },
                  {
                     "model":{
                        "type":"minecraft:model",
                        "model":"minecraft:item/netherite_helmet_gold_trim"
                     },
                     "when":"minecraft:gold"
                  },
                  {
                     "model":{
                        "type":"minecraft:model",
                        "model":"minecraft:item/netherite_helmet_emerald_trim"
                     },
                     "when":"minecraft:emerald"
                  },
                  {
                     "model":{
                        "type":"minecraft:model",
                        "model":"minecraft:item/netherite_helmet_diamond_trim"
                     },
                     "when":"minecraft:diamond"
                  },
                  {
                     "model":{
                        "type":"minecraft:model",
                        "model":"minecraft:item/netherite_helmet_lapis_trim"
                     },
                     "when":"minecraft:lapis"
                  },
                  {
                     "model":{
                        "type":"minecraft:model",
                        "model":"minecraft:item/netherite_helmet_amethyst_trim"
                     },
                     "when":"minecraft:amethyst"
                  },
                  {
                     "model":{
                        "type":"minecraft:model",
                        "model":"minecraft:item/netherite_helmet_resin_trim"
                     },
                     "when":"minecraft:resin"
                  }
               ],
               "fallback":{
                  "type":"minecraft:model",
                  "model":"minecraft:item/netherite_helmet"
               },
               "property":"minecraft:trim_material",
               "model":"minewave:item/bunny/helmet"
            }
         },
         {
            "threshold":10003,
            "model":{
               "type":"model",
               "cases":[
                  {
                     "model":{
                        "type":"minecraft:model",
                        "model":"minecraft:item/netherite_helmet_quartz_trim"
                     },
                     "when":"minecraft:quartz"
                  },
                  {
                     "model":{
                        "type":"minecraft:model",
                        "model":"minecraft:item/netherite_helmet_iron_trim"
                     },
                     "when":"minecraft:iron"
                  },
                  {
                     "model":{
                        "type":"minecraft:model",
                        "model":"minecraft:item/netherite_helmet_netherite_trim"
                     },
                     "when":"minecraft:netherite"
                  },
                  {
                     "model":{
                        "type":"minecraft:model",
                        "model":"minecraft:item/netherite_helmet_redstone_trim"
                     },
                     "when":"minecraft:redstone"
                  },
                  {
                     "model":{
                        "type":"minecraft:model",
                        "model":"minecraft:item/netherite_helmet_copper_trim"
                     },
                     "when":"minecraft:copper"
                  },
                  {
                     "model":{
                        "type":"minecraft:model",
                        "model":"minecraft:item/netherite_helmet_gold_trim"
                     },
                     "when":"minecraft:gold"
                  },
                  {
                     "model":{
                        "type":"minecraft:model",
                        "model":"minecraft:item/netherite_helmet_emerald_trim"
                     },
                     "when":"minecraft:emerald"
                  },
                  {
                     "model":{
                        "type":"minecraft:model",
                        "model":"minecraft:item/netherite_helmet_diamond_trim"
                     },
                     "when":"minecraft:diamond"
                  },
                  {
                     "model":{
                        "type":"minecraft:model",
                        "model":"minecraft:item/netherite_helmet_lapis_trim"
                     },
                     "when":"minecraft:lapis"
                  },
                  {
                     "model":{
                        "type":"minecraft:model",
                        "model":"minecraft:item/netherite_helmet_amethyst_trim"
                     },
                     "when":"minecraft:amethyst"
                  },
                  {
                     "model":{
                        "type":"minecraft:model",
                        "model":"minecraft:item/netherite_helmet_resin_trim"
                     },
                     "when":"minecraft:resin"
                  }
               ],
               "fallback":{
                  "type":"minecraft:model",
                  "model":"minecraft:item/netherite_helmet"
               },
               "property":"minecraft:trim_material",
               "model":"minewave:item/lavachicken/helmet"
            }
         },
         {
            "threshold":10004,
            "model":{
               "type":"model",
               "cases":[
                  {
                     "model":{
                        "type":"minecraft:model",
                        "model":"minecraft:item/netherite_helmet_quartz_trim"
                     },
                     "when":"minecraft:quartz"
                  },
                  {
                     "model":{
                        "type":"minecraft:model",
                        "model":"minecraft:item/netherite_helmet_iron_trim"
                     },
                     "when":"minecraft:iron"
                  },
                  {
                     "model":{
                        "type":"minecraft:model",
                        "model":"minecraft:item/netherite_helmet_netherite_trim"
                     },
                     "when":"minecraft:netherite"
                  },
                  {
                     "model":{
                        "type":"minecraft:model",
                        "model":"minecraft:item/netherite_helmet_redstone_trim"
                     },
                     "when":"minecraft:redstone"
                  },
                  {
                     "model":{
                        "type":"minecraft:model",
                        "model":"minecraft:item/netherite_helmet_copper_trim"
                     },
                     "when":"minecraft:copper"
                  },
                  {
                     "model":{
                        "type":"minecraft:model",
                        "model":"minecraft:item/netherite_helmet_gold_trim"
                     },
                     "when":"minecraft:gold"
                  },
                  {
                     "model":{
                        "type":"minecraft:model",
                        "model":"minecraft:item/netherite_helmet_emerald_trim"
                     },
                     "when":"minecraft:emerald"
                  },
                  {
                     "model":{
                        "type":"minecraft:model",
                        "model":"minecraft:item/netherite_helmet_diamond_trim"
                     },
                     "when":"minecraft:diamond"
                  },
                  {
                     "model":{
                        "type":"minecraft:model",
                        "model":"minecraft:item/netherite_helmet_lapis_trim"
                     },
                     "when":"minecraft:lapis"
                  },
                  {
                     "model":{
                        "type":"minecraft:model",
                        "model":"minecraft:item/netherite_helmet_amethyst_trim"
                     },
                     "when":"minecraft:amethyst"
                  },
                  {
                     "model":{
                        "type":"minecraft:model",
                        "model":"minecraft:item/netherite_helmet_resin_trim"
                     },
                     "when":"minecraft:resin"
                  }
               ],
               "fallback":{
                  "type":"minecraft:model",
                  "model":"minecraft:item/netherite_helmet"
               },
               "property":"minecraft:trim_material",
               "model":"minewave:item/coral_summer/armor/helmet"
            }
         },
         {
            "threshold":10005,
            "model":{
               "type":"model",
               "cases":[
                  {
                     "model":{
                        "type":"minecraft:model",
                        "model":"minecraft:item/netherite_helmet_quartz_trim"
                     },
                     "when":"minecraft:quartz"
                  },
                  {
                     "model":{
                        "type":"minecraft:model",
                        "model":"minecraft:item/netherite_helmet_iron_trim"
                     },
                     "when":"minecraft:iron"
                  },
                  {
                     "model":{
                        "type":"minecraft:model",
                        "model":"minecraft:item/netherite_helmet_netherite_trim"
                     },
                     "when":"minecraft:netherite"
                  },
                  {
                     "model":{
                        "type":"minecraft:model",
                        "model":"minecraft:item/netherite_helmet_redstone_trim"
                     },
                     "when":"minecraft:redstone"
                  },
                  {
                     "model":{
                        "type":"minecraft:model",
                        "model":"minecraft:item/netherite_helmet_copper_trim"
                     },
                     "when":"minecraft:copper"
                  },
                  {
                     "model":{
                        "type":"minecraft:model",
                        "model":"minecraft:item/netherite_helmet_gold_trim"
                     },
                     "when":"minecraft:gold"
                  },
                  {
                     "model":{
                        "type":"minecraft:model",
                        "model":"minecraft:item/netherite_helmet_emerald_trim"
                     },
                     "when":"minecraft:emerald"
                  },
                  {
                     "model":{
                        "type":"minecraft:model",
                        "model":"minecraft:item/netherite_helmet_diamond_trim"
                     },
                     "when":"minecraft:diamond"
                  },
                  {
                     "model":{
                        "type":"minecraft:model",
                        "model":"minecraft:item/netherite_helmet_lapis_trim"
                     },
                     "when":"minecraft:lapis"
                  },
                  {
                     "model":{
                        "type":"minecraft:model",
                        "model":"minecraft:item/netherite_helmet_amethyst_trim"
                     },
                     "when":"minecraft:amethyst"
                  },
                  {
                     "model":{
                        "type":"minecraft:model",
                        "model":"minecraft:item/netherite_helmet_resin_trim"
                     },
                     "when":"minecraft:resin"
                  }
               ],
               "fallback":{
                  "type":"minecraft:model",
                  "model":"minecraft:item/netherite_helmet"
               },
               "property":"minecraft:trim_material",
               "model":"minewave:item/coral_summer/helmet"
            }
         },
         {
            "threshold":11000,
            "model":{
               "type":"model",
               "cases":[
                  {
                     "model":{
                        "type":"minecraft:model",
                        "model":"minecraft:item/netherite_helmet_quartz_trim"
                     },
                     "when":"minecraft:quartz"
                  },
                  {
                     "model":{
                        "type":"minecraft:model",
                        "model":"minecraft:item/netherite_helmet_iron_trim"
                     },
                     "when":"minecraft:iron"
                  },
                  {
                     "model":{
                        "type":"minecraft:model",
                        "model":"minecraft:item/netherite_helmet_netherite_trim"
                     },
                     "when":"minecraft:netherite"
                  },
                  {
                     "model":{
                        "type":"minecraft:model",
                        "model":"minecraft:item/netherite_helmet_redstone_trim"
                     },
                     "when":"minecraft:redstone"
                  },
                  {
                     "model":{
                        "type":"minecraft:model",
                        "model":"minecraft:item/netherite_helmet_copper_trim"
                     },
                     "when":"minecraft:copper"
                  },
                  {
                     "model":{
                        "type":"minecraft:model",
                        "model":"minecraft:item/netherite_helmet_gold_trim"
                     },
                     "when":"minecraft:gold"
                  },
                  {
                     "model":{
                        "type":"minecraft:model",
                        "model":"minecraft:item/netherite_helmet_emerald_trim"
                     },
                     "when":"minecraft:emerald"
                  },
                  {
                     "model":{
                        "type":"minecraft:model",
                        "model":"minecraft:item/netherite_helmet_diamond_trim"
                     },
                     "when":"minecraft:diamond"
                  },
                  {
                     "model":{
                        "type":"minecraft:model",
                        "model":"minecraft:item/netherite_helmet_lapis_trim"
                     },
                     "when":"minecraft:lapis"
                  },
                  {
                     "model":{
                        "type":"minecraft:model",
                        "model":"minecraft:item/netherite_helmet_amethyst_trim"
                     },
                     "when":"minecraft:amethyst"
                  },
                  {
                     "model":{
                        "type":"minecraft:model",
                        "model":"minecraft:item/netherite_helmet_resin_trim"
                     },
                     "when":"minecraft:resin"
                  }
               ],
               "fallback":{
                  "type":"minecraft:model",
                  "model":"minecraft:item/netherite_helmet"
               },
               "property":"minecraft:trim_material",
               "model":"minewave:item/parrot/armor/helmet"
            }
         },
         {
            "threshold":11001,
            "model":{
               "type":"model",
               "fallback":{
                  "type":"minecraft:model",
                  "model":"minecraft:item/netherite_helmet"
               },
               "property":"minecraft:trim_material",
               "model":"minewave:item/parrot/hat"
            }
         },
         {
            "threshold":11002,
            "model":{
               "type":"model",
               "fallback":{
                  "type":"minecraft:model",
                  "model":"minecraft:item/netherite_helmet"
               },
               "property":"minecraft:trim_material",
               "model":"minewave:item/parrot/head"
            }
         }
      ]
   },
   "oversized_in_gui":true
}