{
    "model": {
        "type": "range_dispatch",
        "property": "custom_model_data",
        "fallback": {
            "type": "model",
            "model": "item/netherite_sword"
        },
        "entries": [
            {
                "threshold": 10001,
                "model": {
                    "type": "model",
                    "model": "minewave:item/blossom/sword"
                }
            },
            {
                "threshold": 10002,
                "model": {
                    "type": "model",
                    "model": "minewave:item/bunny/sword"
                }
            },
            {
                "threshold": 10002,
                "model": {
                    "type": "model",
                    "model": "plny_coral_summer:scythe"
                }
            },
            {
                "threshold": 10003,
                "model": {
                    "type": "model",
                    "model": "minewave:item/lavachicken/sword"
                }
            },
            {
                "threshold": 10003,
                "model": {
                    "type": "model",
                    "model": "plny_coral_summer:spear"
                }
            },
            {
                "threshold": 10004,
                "model": {
                    "type": "model",
                    "model": "minewave:item/coral_summer/hammer"
                }
            },
            {
                "threshold": 10004,
                "model": {
                    "type": "model",
                    "model": "plny_coral_summer:staff"
                }
            },
            {
                "threshold": 10005,
                "model": {
                    "type": "model",
                    "model": "minewave:item/coral_summer/scythe"
                }
            },
            {
                "threshold": 10005,
                "model": {
                    "type": "model",
                    "model": "plny_coral_summer:sword"
                }
            },
            {
                "threshold": 10006,
                "model": {
                    "type": "model",
                    "model": "minewave:item/coral_summer/spear"
                }
            },
            {
                "threshold": 10006,
                "model": {
                    "type": "model",
                    "model": "plny_coral_summer:trident"
                }
            },
            {
                "threshold": 10007,
                "model": {
                    "type": "model",
                    "model": "minewave:item/coral_summer/staff"
                }
            },
            {
                "threshold": 10008,
                "model": {
                    "type": "model",
                    "model": "minewave:item/coral_summer/sword"
                }
            },
            {
                "threshold": 10009,
                "model": {
                    "type": "model",
                    "model": "minewave:item/coral_summer/trident"
                }
            },
            {
                "threshold": 11000,
                "model": {
                    "type": "model",
                    "model": "minewave:item/parrot/staff"
                }
            },
            {
                "threshold": 11001,
                "model": {
                    "type": "model",
                    "model": "minewave:item/parrot/sword"
                }
            },
            {
                "threshold": 11002,
                "model": {
                    "type": "model",
                    "model": "minewave:item/parrot/trident"
                }
            },
            {
                "threshold": 11003,
                "model": {
                    "type": "model",
                    "model": "minewave:item/parrot/spear"
                }
            },
            {
                "threshold": 12000,
                "model": {
                    "type": "model",
                    "model": "minewave:item/dinosaur/spear"
                }
            },
            {
                "threshold": 12001,
                "model": {
                    "type": "model",
                    "model": "minewave:item/dinosaur/staff"
                }
            },
            {
                "threshold": 12002,
                "model": {
                    "type": "model",
                    "model": "minewave:item/dinosaur/sword"
                }
            },
            {
                "threshold": 12003,
                "model": {
                    "type": "model",
                    "model": "minewave:item/dinosaur/trident"
                }
            },
            {
                "threshold": 12004,
                "model": {
                    "type": "model",
                    "model": "item/netherite_sword"
                }
            }
        ]
    }
}