{
    "model": {
        "type": "range_dispatch",
        "property": "custom_model_data",
        "fallback": {
            "type": "model",
            "model": "minecraft:item/netherite_boots"
        },
        "entries": [
            {
                "threshold": 10001,
                "model": {
                    "type": "model",
                    "model": "minewave:item/blossom/boots"
                }
            },
            {
                "threshold": 10002,
                "model": {
                    "type": "model",
                    "model": "minewave:item/bunny/boots"
                }
            },
            {
                "threshold": 10003,
                "model": {
                    "type": "model",
                    "model": "minewave:item/lavachicken/boots"
                }
            },
            {
                "threshold": 10004,
                "model": {
                    "type": "model",
                    "model": "minewave:item/coral_summer/armor/boots"
                }
            },
            {
                "threshold": 11000,
                "model": {
                    "type": "model",
                    "model": "minewave:item/parrot/armor/boots"
                }
            },
            {
                "threshold": 12000,
                "model": {
                    "type": "model",
                    "model": "minewave:item/dinosaur/armor/boots"
                }
            }
        ]
    }
}