{
    "model": {
        "type": "range_dispatch",
        "property": "custom_model_data",
        "fallback": {
            "type": "model",
            "model": "minecraft:item/netherite_helmet"
        },
        "entries": [
            {
                "threshold": 10001,
                "model": {
                    "type": "model",
                    "model": "minewave:item/blossom/helmet"
                }
            },
            {
                "threshold": 10002,
                "model": {
                    "type": "model",
                    "model": "minewave:item/bunny/helmet"
                }
            },
            {
                "threshold": 10003,
                "model": {
                    "type": "model",
                    "model": "minewave:item/lavachicken/helmet"
                }
            },
            {
                "threshold": 10004,
                "model": {
                    "type": "model",
                    "model": "minewave:item/coral_summer/armor/helmet"
                }
            },
            {
                "threshold": 10005,
                "model": {
                    "type": "model",
                    "model": "minewave:item/coral_summer/helmet"
                }
            },
            {
                "threshold": 11000,
                "model": {
                    "type": "model",
                    "model": "minewave:item/parrot/armor/helmet"
                }
            },
            {
                "threshold": 11001,
                "model": {
                    "type": "model",
                    "model": "minewave:item/parrot/hat"
                }
            },
            {
                "threshold": 11002,
                "model": {
                    "type": "model",
                    "model": "minewave:item/parrot/head"
                }
            },
            {
                "threshold": 12000,
                "model": {
                    "type": "model",
                    "model": "minewave:item/dinosaur/armor/helmet"
                }
            },
            {
                "threshold": 12001,
                "model": {
                    "type": "model",
                    "model": "minewave:item/dinosaur/hat"
                }
            },
            {
                "threshold": 13000,
                "model": {
                    "type": "model",
                    "model": "minewave:item/halloween_pumpkin/armor/helmet"
                }
            },
            {
                "threshold": 13001,
                "model": {
                    "type": "model",
                    "model": "minewave:item/halloween_pumpkin/hat"
                }
            },
            {
                "threshold": 14000,
                "model": {
                    "type": "model",
                    "model": "minewave:item/thor/armor/helmet"
                }
            },
            {
                "threshold": 14001,
                "model": {
                    "type": "model",
                    "model": "minewave:item/thor/hat"
                }
            }
        ]
    }
}