{
   "model":{
      "type":"range_dispatch",
      "property":"custom_model_data",
      "index":0,
      "fallback":{
         "type":"minecraft:model",
         "model":"minecraft:item/netherite_sword"
      },
      "entries":[
         {
            "threshold":10001,
            "model":{
               "type":"model",
               "model":"minewave:item/blossom/sword"
            }
         },
         {
            "threshold":10002,
            "model":{
               "type":"model",
               "model":"plny_coral_summer:scythe"
            }
         },
         {
            "threshold":10003,
            "model":{
               "type":"model",
               "model":"plny_coral_summer:spear"
            }
         },
         {
            "threshold":10004,
            "model":{
               "type":"model",
               "model":"plny_coral_summer:staff"
            }
         },
         {
            "threshold":10005,
            "model":{
               "type":"model",
               "model":"plny_coral_summer:sword"
            }
         },
         {
            "threshold":10006,
            "model":{
               "type":"model",
               "model":"plny_coral_summer:trident"
            }
         },
         {
            "threshold":10007,
            "model":{
               "type":"model",
               "model":"minewave:item/coral_summer/staff"
            }
         },
         {
            "threshold":10008,
            "model":{
               "type":"model",
               "model":"minewave:item/coral_summer/sword"
            }
         },
         {
            "threshold":10009,
            "model":{
               "type":"model",
               "model":"minewave:item/coral_summer/trident"
            }
         },
         {
            "threshold":11000,
            "model":{
               "type":"model",
               "model":"minewave:item/parrot/staff"
            }
         },
         {
            "threshold":11001,
            "model":{
               "type":"model",
               "model":"minewave:item/parrot/sword"
            }
         },
         {
            "threshold":11002,
            "model":{
               "type":"model",
               "model":"minewave:item/parrot/trident"
            }
         },
         {
            "threshold":11003,
            "model":{
               "type":"model",
               "model":"minewave:item/parrot/spear"
            }
         },
         {
            "threshold":11004,
            "model":{
               "type":"model",
               "model":"item/netherite_sword"
            }
         }
      ]
   },
   "oversized_in_gui":true
}