{
    "model": {
        "type": "range_dispatch",
        "property": "custom_model_data",
        "fallback": {
            "type": "model",
            "model": "item/netherite_axe"
        },
        "entries": [
            {
                "threshold": 10000,
                "model": {
                    "type": "model",
                    "model": "plny_coral_summer:axe"
                }
            },
            {
                "threshold": 10001,
                "model": {
                    "type": "model",
                    "model": "minewave:item/blossom/axe"
                }
            },
            {
                "threshold": 10002,
                "model": {
                    "type": "model",
                    "model": "minewave:item/bunny/axe"
                }
            },
            {
                "threshold": 10003,
                "model": {
                    "type": "model",
                    "model": "minewave:item/lavachicken/axe"
                }
            },
            {
                "threshold": 10004,
                "model": {
                    "type": "model",
                    "model": "minewave:item/coral_summer/axe"
                }
            },
            {
                "threshold": 11000,
                "model": {
                    "type": "model",
                    "model": "minewave:item/parrot/axe"
                }
            },
            {
                "threshold": 12000,
                "model": {
                    "type": "model",
                    "model": "minewave:item/dinosaur/axe"
                }
            },
            {
                "threshold": 13000,
                "model": {
                    "type": "model",
                    "model": "minewave:item/halloween_pumpkin/axe"
                }
            },
            {
                "threshold": 13001,
                "model": {
                    "type": "model",
                    "model": "minewave:item/halloween_pumpkin/hammer"
                }
            },
            {
                "threshold": 14000,
                "model": {
                    "type": "model",
                    "model": "minewave:item/thor/axe"
                }
            },
            {
                "threshold": 14001,
                "model": {
                    "type": "model",
                    "model": "item/netherite_axe"
                }
            }
        ]
    }
}