{
   "model":{
      "type":"range_dispatch",
      "property":"custom_model_data",
      "index":0,
      "fallback":{
         "type":"minecraft:condition",
         "on_false":{
            "type":"minecraft:special",
            "base":"minecraft:item/shield",
            "model":{
               "type":"minecraft:shield"
            }
         },
         "on_true":{
            "type":"minecraft:special",
            "base":"minecraft:item/shield_blocking",
            "model":{
               "type":"minecraft:shield"
            }
         },
         "property":"minecraft:using_item"
      },
      "entries":[
         {
            "threshold":10000,
            "model":{
               "type":"minecraft:condition",
               "on_false":{
                  "type":"model",
                  "base":"minecraft:item/shield",
                  "model":"plny_coral_summer:shield"
               },
               "on_true":{
                  "type":"model",
                  "base":"minecraft:item/shield_blocking",
                  "model":"plny_coral_summer:shield_blocking"
               },
               "property":"minecraft:using_item"
            }
         },
         {
            "threshold":10002,
            "model":{
               "type":"minecraft:condition",
               "on_false":{
                  "type":"model",
                  "base":"minecraft:item/shield",
                  "model":"minewave:item/bunny/shield"
               },
               "on_true":{
                  "type":"model",
                  "base":"minecraft:item/shield_blocking",
                  "model":"minewave:item/bunny/shield_blocking"
               },
               "property":"minecraft:using_item"
            }
         },
         {
            "threshold":10004,
            "model":{
               "type":"minecraft:condition",
               "on_false":{
                  "type":"model",
                  "base":"minecraft:item/shield",
                  "model":"minewave:item/coral_summer/shield"
               },
               "on_true":{
                  "type":"model",
                  "base":"minecraft:item/shield_blocking",
                  "model":"minewave:item/coral_summer/shield_blocking"
               },
               "property":"minecraft:using_item"
            }
         },
         {
            "threshold":11000,
            "model":{
               "type":"minecraft:condition",
               "on_false":{
                  "type":"model",
                  "base":"minecraft:item/shield",
                  "model":"minewave:item/parrot/shield"
               },
               "on_true":{
                  "type":"model",
                  "base":"minecraft:item/shield_blocking",
                  "model":"minewave:item/parrot/shield_blocking"
               },
               "property":"minecraft:using_item"
            }
         },
         {
            "threshold":11001,
            "model":{
               "type":"minecraft:condition",
               "on_false":{
                  "type":"model",
                  "base":"minecraft:item/shield",
                  "model":"item/shield"
               },
               "on_true":{
                  "type":"minecraft:special",
                  "base":"minecraft:item/shield_blocking",
                  "model":{
                     "type":"minecraft:shield"
                  }
               },
               "property":"minecraft:using_item"
            }
         }
      ]
   },
   "oversized_in_gui":true
}