{"credit":"Made with Blockbench","texture_size":[64,64],"textures":{"0":"minewave:item/cosmetics/summer_hats/surf_board_hat_texture","particle":"minewave:item/cosmetics/summer_hats/surf_board_hat_texture"},"elements":[{"from":[2,3,7],"to":[28,9,9],"rotation":{"angle":0,"axis":"y","origin":[0,0,7]},"faces":{"north":{"uv":[0.5,0.5,7,2],"texture":"#0"},"east":{"uv":[0,0.5,0.5,2],"texture":"#0"},"south":{"uv":[7.5,0.5,14,2],"texture":"#0"},"west":{"uv":[7,0.5,7.5,2],"texture":"#0"},"up":{"uv":[7,0.5,0.5,0],"texture":"#0"},"down":{"uv":[13.5,0,7,0.5],"texture":"#0"}}},{"from":[16,2,7],"to":[17,3,9],"rotation":{"angle":0,"axis":"y","origin":[0,-1,7]},"faces":{"north":{"uv":[6.5,3.75,6.75,4],"texture":"#0"},"east":{"uv":[6,3.75,6.5,4],"texture":"#0"},"south":{"uv":[7.25,3.75,7.5,4],"texture":"#0"},"west":{"uv":[6.75,3.75,7.25,4],"texture":"#0"},"up":{"uv":[6.75,3.75,6.5,3.25],"texture":"#0"},"down":{"uv":[7,3.25,6.75,3.75],"texture":"#0"}}},{"from":[14,2,7],"to":[15,3,9],"rotation":{"angle":0,"axis":"y","origin":[-2,-1,7]},"faces":{"north":{"uv":[5.5,5.75,5.75,6],"texture":"#0"},"east":{"uv":[5,5.75,5.5,6],"texture":"#0"},"south":{"uv":[6.25,5.75,6.5,6],"texture":"#0"},"west":{"uv":[5.75,5.75,6.25,6],"texture":"#0"},"up":{"uv":[5.75,5.75,5.5,5.25],"texture":"#0"},"down":{"uv":[6,5.25,5.75,5.75],"texture":"#0"}}},{"from":[20,0,7],"to":[28,3,9],"rotation":{"angle":0,"axis":"y","origin":[0,-2,7]},"faces":{"north":{"uv":[4.5,2.5,6.5,3.25],"texture":"#0"},"east":{"uv":[4,2.5,4.5,3.25],"texture":"#0"},"south":{"uv":[7,2.5,9,3.25],"texture":"#0"},"west":{"uv":[6.5,2.5,7,3.25],"texture":"#0"},"up":{"uv":[6.5,2.5,4.5,2],"texture":"#0"},"down":{"uv":[8.5,2,6.5,2.5],"texture":"#0"}}},{"from":[18,1,7],"to":[19,3,9],"rotation":{"angle":0,"axis":"y","origin":[-9,-2,7]},"faces":{"north":{"uv":[5.5,4.75,5.75,5.25],"texture":"#0"},"east":{"uv":[5,4.75,5.5,5.25],"texture":"#0"},"south":{"uv":[6.25,4.75,6.5,5.25],"texture":"#0"},"west":{"uv":[5.75,4.75,6.25,5.25],"texture":"#0"},"up":{"uv":[5.75,4.75,5.5,4.25],"texture":"#0"},"down":{"uv":[6,4.25,5.75,4.75],"texture":"#0"}}},{"from":[12,1,7],"to":[13,3,9],"rotation":{"angle":0,"axis":"y","origin":[-15,-2,7]},"faces":{"north":{"uv":[0.5,2.5,0.75,3],"texture":"#0"},"east":{"uv":[0,2.5,0.5,3],"texture":"#0"},"south":{"uv":[1.25,2.5,1.5,3],"texture":"#0"},"west":{"uv":[0.75,2.5,1.25,3],"texture":"#0"},"up":{"uv":[0.75,2.5,0.5,2],"texture":"#0"},"down":{"uv":[1,2,0.75,2.5],"texture":"#0"}}},{"from":[2,0,7],"to":[11,3,9],"rotation":{"angle":0,"axis":"y","origin":[-19,-2,7]},"faces":{"north":{"uv":[0.5,4,2.75,4.75],"texture":"#0"},"east":{"uv":[0,4,0.5,4.75],"texture":"#0"},"south":{"uv":[3.25,4,5.5,4.75],"texture":"#0"},"west":{"uv":[2.75,4,3.25,4.75],"texture":"#0"},"up":{"uv":[2.75,4,0.5,3.5],"texture":"#0"},"down":{"uv":[5,3.5,2.75,4],"texture":"#0"}}},{"from":[28,1,7],"to":[32,8,9],"rotation":{"angle":0,"axis":"y","origin":[4,0,7]},"faces":{"north":{"uv":[0.5,5.25,1.5,7],"texture":"#0"},"east":{"uv":[0,5.25,0.5,7],"texture":"#0"},"south":{"uv":[2,5.25,3,7],"texture":"#0"},"west":{"uv":[1.5,5.25,2,7],"texture":"#0"},"up":{"uv":[1.5,5.25,0.5,4.75],"texture":"#0"},"down":{"uv":[2.5,4.75,1.5,5.25],"texture":"#0"}}},{"from":[0,1,7],"to":[2,8,9],"rotation":{"angle":0,"axis":"y","origin":[-26,0,7]},"faces":{"north":{"uv":[3.5,5.25,4,7],"texture":"#0"},"east":{"uv":[3,5.25,3.5,7],"texture":"#0"},"south":{"uv":[4.5,5.25,5,7],"texture":"#0"},"west":{"uv":[4,5.25,4.5,7],"texture":"#0"},"up":{"uv":[4,5.25,3.5,4.75],"texture":"#0"},"down":{"uv":[4.5,4.75,4,5.25],"texture":"#0"}}},{"from":[2,4.5,1],"to":[7,4.5,7],"rotation":{"angle":22.5,"axis":"y","origin":[4,4.5,7]},"faces":{"north":{"uv":[1.5,3.5,2.75,3.5],"texture":"#0"},"east":{"uv":[0,3.5,1.5,3.5],"texture":"#0"},"south":{"uv":[4.25,3.5,5.5,3.5],"texture":"#0"},"west":{"uv":[2.75,3.5,4.25,3.5],"texture":"#0"},"up":{"uv":[2.75,3.5,1.5,2],"texture":"#0"},"down":{"uv":[4,2,2.75,3.5],"texture":"#0"}}},{"from":[4,4.5,7],"to":[7,4.5,9],"rotation":{"angle":22.5,"axis":"y","origin":[4,4.5,7]},"faces":{"north":{"uv":[5,3.75,5.75,3.75],"texture":"#0"},"east":{"uv":[4.5,3.75,5,3.75],"texture":"#0"},"south":{"uv":[6.25,3.75,7,3.75],"texture":"#0"},"west":{"uv":[5.75,3.75,6.25,3.75],"texture":"#0"},"up":{"uv":[5.75,3.75,5,3.25],"texture":"#0"},"down":{"uv":[6.5,3.25,5.75,3.75],"texture":"#0"}}}],"gui_light":"front","display":{"thirdperson_righthand":{"rotation":[0,90,90],"translation":[0,1,1]},"thirdperson_lefthand":{"rotation":[0,90,-90],"translation":[0,1,-6]},"firstperson_righthand":{"rotation":[50,90,0],"translation":[4,0,0]},"firstperson_lefthand":{"rotation":[50,-90,0],"translation":[4,0,0]},"ground":{"translation":[0,2,0],"scale":[0.5,0.5,0.5]},"gui":{"rotation":[-24,-31,13],"translation":[-4.25,-0.75,0],"scale":[0.62,0.62,0.62]},"head":{"rotation":[0,0,10.25],"translation":[-13.5,12,0],"scale":[1.6,1.6,1.6]},"fixed":{"translation":[-13,4.5,-1.5],"scale":[1.6,1.6,1.6]}}}