{"credit":"Made with Blockbench","texture_size":[64,64],"textures":{"0":"minewave:item/cosmetics/halloween_hats/halloween_cat_hat_texture","particle":"minewave:item/cosmetics/halloween_hats/halloween_cat_hat_texture"},"elements":[{"from":[3,9,3],"to":[13,9,6],"rotation":{"angle":-45,"axis":"x","origin":[8,9,3]},"faces":{"north":{"uv":[0,0,2.5,0],"texture":"#0"},"east":{"uv":[0,0,0.75,0],"texture":"#0"},"south":{"uv":[0,0,2.5,0],"texture":"#0"},"west":{"uv":[0,0,0.75,0],"texture":"#0"},"up":{"uv":[4.5,6.25,2,5.5],"texture":"#0"},"down":{"uv":[7,5.5,4.5,6.25],"texture":"#0"}}},{"from":[3,9,6],"to":[13,9,9],"rotation":{"angle":-45,"axis":"x","origin":[8,9,6]},"faces":{"north":{"uv":[0,0,2.5,0],"texture":"#0"},"east":{"uv":[0,0,0.75,0],"texture":"#0"},"south":{"uv":[0,0,2.5,0],"texture":"#0"},"west":{"uv":[0,0,0.75,0],"texture":"#0"},"up":{"uv":[8.25,3.25,5.75,2.5],"texture":"#0"},"down":{"uv":[8.25,3.25,5.75,4],"texture":"#0"}}},{"from":[13,-1,3],"to":[16,9,3],"rotation":{"angle":-45,"axis":"y","origin":[13,4,3]},"faces":{"north":{"uv":[0,6,0.75,8.5],"texture":"#0"},"east":{"uv":[0,0,0,2.5],"texture":"#0"},"south":{"uv":[0.75,6,1.5,8.5],"texture":"#0"},"west":{"uv":[0,0,0,2.5],"texture":"#0"},"up":{"uv":[0.75,0,0,0],"texture":"#0"},"down":{"uv":[0.75,0,0,0],"texture":"#0"}}},{"from":[13,-1,6],"to":[16,9,6],"rotation":{"angle":-45,"axis":"y","origin":[13,4,6]},"faces":{"north":{"uv":[6.25,0,7,2.5],"texture":"#0"},"east":{"uv":[0,0,0,2.5],"texture":"#0"},"south":{"uv":[1.5,6.25,2.25,8.75],"texture":"#0"},"west":{"uv":[0,0,0,2.5],"texture":"#0"},"up":{"uv":[0.75,0,0,0],"texture":"#0"},"down":{"uv":[0.75,0,0,0],"texture":"#0"}}},{"from":[0,-1,3],"to":[3,9,3],"rotation":{"angle":45,"axis":"y","origin":[3,4,3]},"faces":{"north":{"uv":[2.25,6.25,3,8.75],"texture":"#0"},"east":{"uv":[0,0,0,2.5],"texture":"#0"},"south":{"uv":[3,6.25,3.75,8.75],"texture":"#0"},"west":{"uv":[0,0,0,2.5],"texture":"#0"},"up":{"uv":[0.75,0,0,0],"texture":"#0"},"down":{"uv":[0.75,0,0,0],"texture":"#0"}}},{"from":[0,-1,6],"to":[3,9,6],"rotation":{"angle":45,"axis":"y","origin":[3,4,6]},"faces":{"north":{"uv":[3.75,6.25,4.5,8.75],"texture":"#0"},"east":{"uv":[0,0,0,2.5],"texture":"#0"},"south":{"uv":[4.5,6.25,5.25,8.75],"texture":"#0"},"west":{"uv":[0,0,0,2.5],"texture":"#0"},"up":{"uv":[0.75,0,0,0],"texture":"#0"},"down":{"uv":[0.75,0,0,0],"texture":"#0"}}},{"from":[3,-1,3],"to":[13,-1,6],"rotation":{"angle":45,"axis":"x","origin":[8,-1,3]},"faces":{"north":{"uv":[0,0,2.5,0],"texture":"#0"},"east":{"uv":[0,0,0.75,0],"texture":"#0"},"south":{"uv":[0,0,2.5,0],"texture":"#0"},"west":{"uv":[0,0,0.75,0],"texture":"#0"},"up":{"uv":[8.25,4.75,5.75,4],"texture":"#0"},"down":{"uv":[8.25,4.75,5.75,5.5],"texture":"#0"}}},{"from":[3,-1,6],"to":[13,-1,9],"rotation":{"angle":45,"axis":"x","origin":[8,-1,6]},"faces":{"north":{"uv":[0,0,2.5,0],"texture":"#0"},"east":{"uv":[0,0,0.75,0],"texture":"#0"},"south":{"uv":[0,0,2.5,0],"texture":"#0"},"west":{"uv":[0,0,0.75,0],"texture":"#0"},"up":{"uv":[7.75,7,5.25,6.25],"texture":"#0"},"down":{"uv":[9.5,0,7,0.75],"texture":"#0"}}},{"from":[2.75,2,2],"to":[5.75,4,3],"rotation":{"angle":-22.5,"axis":"z","origin":[12.75,1,-2]},"faces":{"north":{"uv":[5.25,7.75,6,8.25],"texture":"#0"},"east":{"uv":[3.25,5,3.5,5.5],"texture":"#0"},"south":{"uv":[8,1.75,8.75,2.25],"texture":"#0"},"west":{"uv":[3.5,5,3.75,5.5],"texture":"#0"},"up":{"uv":[9,5.5,8.25,5.25],"texture":"#0"},"down":{"uv":[9,5.5,8.25,5.75],"texture":"#0"}}},{"from":[10.25,2,2],"to":[13.25,4,3],"rotation":{"angle":22.5,"axis":"z","origin":[3.25,1,-2]},"faces":{"north":{"uv":[6,8,6.75,8.5],"texture":"#0"},"east":{"uv":[6,8.5,6.25,9],"texture":"#0"},"south":{"uv":[6.75,8,7.5,8.5],"texture":"#0"},"west":{"uv":[6.25,8.5,6.5,9],"texture":"#0"},"up":{"uv":[9,6,8.25,5.75],"texture":"#0"},"down":{"uv":[0.75,8.5,0,8.75],"texture":"#0"}}},{"from":[6,0,1],"to":[10,3,3],"rotation":{"angle":0,"axis":"y","origin":[3,3,-2]},"faces":{"north":{"uv":[7,1.75,8,2.5],"texture":"#0"},"east":{"uv":[7.5,8,8,8.75],"texture":"#0"},"south":{"uv":[5.25,7,6.25,7.75],"texture":"#0"},"west":{"uv":[8,8,8.5,8.75],"texture":"#0"},"up":{"uv":[8.5,7.5,7.5,7],"texture":"#0"},"down":{"uv":[8.5,7.5,7.5,8],"texture":"#0"}}},{"from":[9,2.5,2],"to":[13,3.5,2],"rotation":{"angle":45,"axis":"z","origin":[10,3,2]},"faces":{"north":{"uv":[8,2.25,9,2.5],"texture":"#0"},"east":{"uv":[0,0,0,0.25],"texture":"#0"},"south":{"uv":[8.25,2.5,9.25,2.75],"texture":"#0"},"west":{"uv":[0,0,0,0.25],"texture":"#0"},"up":{"uv":[1,0,0,0],"texture":"#0"},"down":{"uv":[1,0,0,0],"texture":"#0"}}},{"from":[10,1,2],"to":[13,2,2],"rotation":{"angle":0,"axis":"y","origin":[11,1.5,2]},"faces":{"north":{"uv":[0.75,8.5,1.5,8.75],"texture":"#0"},"east":{"uv":[0,0,0,0.25],"texture":"#0"},"south":{"uv":[8.5,4.25,9.25,4.5],"texture":"#0"},"west":{"uv":[0,0,0,0.25],"texture":"#0"},"up":{"uv":[0.75,0,0,0],"texture":"#0"},"down":{"uv":[0.75,0,0,0],"texture":"#0"}}},{"from":[9,-0.4,2],"to":[13,0.6,2],"rotation":{"angle":-22.5,"axis":"z","origin":[10,0.1,2]},"faces":{"north":{"uv":[8.25,2.75,9.25,3],"texture":"#0"},"east":{"uv":[0,0,0,0.25],"texture":"#0"},"south":{"uv":[8.25,3,9.25,3.25],"texture":"#0"},"west":{"uv":[0,0,0,0.25],"texture":"#0"},"up":{"uv":[1,0,0,0],"texture":"#0"},"down":{"uv":[1,0,0,0],"texture":"#0"}}},{"from":[3,-0.5,2],"to":[7,0.5,2],"rotation":{"angle":45,"axis":"z","origin":[6,0,2]},"faces":{"north":{"uv":[8.25,3.25,9.25,3.5],"texture":"#0"},"east":{"uv":[0,0,0,0.25],"texture":"#0"},"south":{"uv":[8.25,3.5,9.25,3.75],"texture":"#0"},"west":{"uv":[0,0,0,0.25],"texture":"#0"},"up":{"uv":[1,0,0,0],"texture":"#0"},"down":{"uv":[1,0,0,0],"texture":"#0"}}},{"from":[3,1,2],"to":[6,2,2],"rotation":{"angle":0,"axis":"y","origin":[5,1.5,2]},"faces":{"north":{"uv":[8.5,4.5,9.25,4.75],"texture":"#0"},"east":{"uv":[0,0,0,0.25],"texture":"#0"},"south":{"uv":[8.5,4.75,9.25,5],"texture":"#0"},"west":{"uv":[0,0,0,0.25],"texture":"#0"},"up":{"uv":[0.75,0,0,0],"texture":"#0"},"down":{"uv":[0.75,0,0,0],"texture":"#0"}}},{"from":[3,2.4,2],"to":[7,3.4,2],"rotation":{"angle":-22.5,"axis":"z","origin":[6,2.9,2]},"faces":{"north":{"uv":[8.25,3.75,9.25,4],"texture":"#0"},"east":{"uv":[0,0,0,0.25],"texture":"#0"},"south":{"uv":[8.25,4,9.25,4.25],"texture":"#0"},"west":{"uv":[0,0,0,0.25],"texture":"#0"},"up":{"uv":[1,0,0,0],"texture":"#0"},"down":{"uv":[1,0,0,0],"texture":"#0"}}},{"from":[3.5,3,8],"to":[3.5,5,13],"rotation":{"angle":0,"axis":"y","origin":[3,4,8]},"faces":{"north":{"uv":[0,0,0,0.5],"texture":"#0"},"east":{"uv":[2,5,3.25,5.5],"texture":"#0"},"south":{"uv":[0,0,0,0.5],"texture":"#0"},"west":{"uv":[7,5.5,8.25,6],"texture":"#0"},"up":{"uv":[0,1.25,0,0],"texture":"#0"},"down":{"uv":[0,0,0,1.25],"texture":"#0"}}},{"from":[3.5,3,13],"to":[12.5,5,13],"rotation":{"angle":0,"axis":"y","origin":[13,4,8]},"faces":{"north":{"uv":[7,0.75,9.25,1.25],"texture":"#0"},"east":{"uv":[0,0,0,0.5],"texture":"#0"},"south":{"uv":[7,1.25,9.25,1.75],"texture":"#0"},"west":{"uv":[0,0,0,0.5],"texture":"#0"},"up":{"uv":[2.25,0,0,0],"texture":"#0"},"down":{"uv":[2.25,0,0,0],"texture":"#0"}}},{"from":[12.5,3,8],"to":[12.5,5,13],"rotation":{"angle":0,"axis":"y","origin":[13,4,8]},"faces":{"north":{"uv":[0,0,0,0.5],"texture":"#0"},"east":{"uv":[6.25,7,7.5,7.5],"texture":"#0"},"south":{"uv":[0,0,0,0.5],"texture":"#0"},"west":{"uv":[6.25,7.5,7.5,8],"texture":"#0"},"up":{"uv":[0,1.25,0,0],"texture":"#0"},"down":{"uv":[0,0,0,1.25],"texture":"#0"}}},{"from":[0.75,7,5],"to":[8.75,11,6],"rotation":{"angle":-45,"axis":"z","origin":[3.25,9.5,5.5]},"faces":{"north":{"uv":[3.75,2.5,5.75,3.5],"texture":"#0"},"east":{"uv":[8.25,4.25,8.5,5.25],"texture":"#0"},"south":{"uv":[3.75,3.5,5.75,4.5],"texture":"#0"},"west":{"uv":[5.25,8.25,5.5,9.25],"texture":"#0"},"up":{"uv":[9,6.25,7,6],"texture":"#0"},"down":{"uv":[9.75,6.25,7.75,6.5],"texture":"#0"}}},{"from":[7.25,7,5],"to":[15.25,11,6],"rotation":{"angle":45,"axis":"z","origin":[12.75,9.5,5.5]},"faces":{"north":{"uv":[3.75,4.5,5.75,5.5],"texture":"#0"},"east":{"uv":[5.5,8.25,5.75,9.25],"texture":"#0"},"south":{"uv":[0,5,2,6],"texture":"#0"},"west":{"uv":[5.75,8.25,6,9.25],"texture":"#0"},"up":{"uv":[9.75,6.75,7.75,6.5],"texture":"#0"},"down":{"uv":[9.75,6.75,7.75,7],"texture":"#0"}}},{"from":[3,-1,3],"to":[13,9,8],"rotation":{"angle":0,"axis":"y","origin":[3,4,3]},"faces":{"north":{"uv":[0,0,2.5,2.5],"texture":"#0"},"east":{"uv":[2.5,0,3.75,2.5],"texture":"#0"},"south":{"uv":[0,2.5,2.5,5],"texture":"#0"},"west":{"uv":[2.5,2.5,3.75,5],"texture":"#0"},"up":{"uv":[6.25,1.25,3.75,0],"texture":"#0"},"down":{"uv":[6.25,1.25,3.75,2.5],"texture":"#0"}}}],"gui_light":"front","display":{"thirdperson_righthand":{"translation":[0,2,-3]},"thirdperson_lefthand":{"translation":[0,2,-3]},"firstperson_righthand":{"translation":[2.5,2,0]},"firstperson_lefthand":{"translation":[2.5,2,0]},"ground":{"translation":[0,3,0],"scale":[0.5,0.5,0.5]},"gui":{"rotation":[12,-153,0],"translation":[-1,3.25,0]},"head":{"translation":[0,6.5,0],"scale":[1.6,1.6,1.6]},"fixed":{"translation":[0,8,0],"scale":[2,2,2]}},"groups":[{"name":"halloween_cat_hat","origin":[5,1.5,2],"color":0,"children":[{"name":"hair","origin":[8,-1,6],"color":0,"children":[0,1,2,3,4,5,6,7]},{"name":"eyes","origin":[3.25,1,-2],"color":0,"children":[8,9]},{"name":"nose_and_whiskers","origin":[6,2.9,2],"color":0,"children":[10,11,12,13,14,15,16]},{"name":"strap","origin":[13,4,8],"color":0,"children":[17,18,19]},{"name":"ears","origin":[12.75,9.5,5.5],"color":0,"children":[20,21]},22]}],"mcmodels":"b7cfd19538e7c7d6d03cb9b83a35bd5c"}