{"credit":"Made with Blockbench","texture_size":[32,32],"textures":{"0":"minewave:item/cosmetics/halloween_hats/halloween_hand_hat_texture","particle":"minewave:item/cosmetics/halloween_hats/halloween_hand_hat_texture"},"elements":[{"from":[1.78179,2.81285,3.5],"to":[3.78179,4.81285,6.5],"rotation":{"angle":-22.5,"axis":"z","origin":[2.78179,3.81285,4.5]},"faces":{"north":{"uv":[5,10.5,6,11.5],"texture":"#0"},"east":{"uv":[9.5,5,11,6],"texture":"#0"},"south":{"uv":[11,4,12,5],"texture":"#0"},"west":{"uv":[0,10,1.5,11],"texture":"#0"},"up":{"uv":[11,4.5,10,3],"texture":"#0"},"down":{"uv":[7,10,6,11.5],"texture":"#0"}}},{"from":[4,7.75209,3.00366],"to":[6,9.75209,8.00366],"rotation":{"angle":-22.5,"axis":"x","origin":[5.5,6.75209,5.75366]},"faces":{"north":{"uv":[11,5,12,6],"texture":"#0"},"east":{"uv":[7,5,9.5,6],"texture":"#0"},"south":{"uv":[11,7,12,8],"texture":"#0"},"west":{"uv":[8,0,10.5,1],"texture":"#0"},"up":{"uv":[3,10.5,2,8],"texture":"#0"},"down":{"uv":[4,8,3,10.5],"texture":"#0"}}},{"from":[4,4.75209,6.00366],"to":[6,7.75209,8.00366],"rotation":{"angle":-22.5,"axis":"x","origin":[5.5,6.75209,5.75366]},"faces":{"north":{"uv":[7,10,8,11.5],"texture":"#0"},"east":{"uv":[10,8,11,9.5],"texture":"#0"},"south":{"uv":[9,10,10,11.5],"texture":"#0"},"west":{"uv":[10,9.5,11,11],"texture":"#0"},"up":{"uv":[9,12,8,11],"texture":"#0"},"down":{"uv":[12,8,11,9],"texture":"#0"}}},{"from":[7,8,4.25],"to":[9,10,9.25],"rotation":{"angle":22.5,"axis":"x","origin":[8,8,7.5]},"faces":{"north":{"uv":[11,9,12,10],"texture":"#0"},"east":{"uv":[8,1,10.5,2],"texture":"#0"},"south":{"uv":[10,11,11,12],"texture":"#0"},"west":{"uv":[8,2,10.5,3],"texture":"#0"},"up":{"uv":[5,10.5,4,8],"texture":"#0"},"down":{"uv":[6,8,5,10.5],"texture":"#0"}}},{"from":[7,6,7.25],"to":[9,8,9.25],"rotation":{"angle":22.5,"axis":"x","origin":[8,8,7.5]},"faces":{"north":{"uv":[11,10,12,11],"texture":"#0"},"east":{"uv":[11,11,12,12],"texture":"#0"},"south":{"uv":[11.5,0,12.5,1],"texture":"#0"},"west":{"uv":[11.5,1,12.5,2],"texture":"#0"},"up":{"uv":[12.5,3,11.5,2],"texture":"#0"},"down":{"uv":[4.5,11.5,3.5,12.5],"texture":"#0"}}},{"from":[9,2,6.5],"to":[11,4,8.5],"rotation":{"angle":22.5,"axis":"z","origin":[10,6.5,6.25]},"faces":{"north":{"uv":[4.5,11.5,5.5,12.5],"texture":"#0"},"east":{"uv":[5.5,11.5,6.5,12.5],"texture":"#0"},"south":{"uv":[11.5,6,12.5,7],"texture":"#0"},"west":{"uv":[6.5,11.5,7.5,12.5],"texture":"#0"},"up":{"uv":[10,12.5,9,11.5],"texture":"#0"},"down":{"uv":[1,12,0,13],"texture":"#0"}}},{"from":[11,2,4.5],"to":[13,4,8.5],"rotation":{"angle":22.5,"axis":"z","origin":[10,6.5,6.25]},"faces":{"north":{"uv":[1,12,2,13],"texture":"#0"},"east":{"uv":[6,8,8,9],"texture":"#0"},"south":{"uv":[2,12,3,13],"texture":"#0"},"west":{"uv":[8,6,10,7],"texture":"#0"},"up":{"uv":[9,9,8,7],"texture":"#0"},"down":{"uv":[10,3,9,5],"texture":"#0"}}},{"from":[10.72523,9.64595,4.5],"to":[12.72523,11.64595,8.5],"rotation":{"angle":-22.5,"axis":"z","origin":[8.22523,8.64595,6.25]},"faces":{"north":{"uv":[12,4,13,5],"texture":"#0"},"east":{"uv":[6,9,8,10],"texture":"#0"},"south":{"uv":[12,5,13,6],"texture":"#0"},"west":{"uv":[9,7,11,8],"texture":"#0"},"up":{"uv":[9,11,8,9],"texture":"#0"},"down":{"uv":[10,8,9,10],"texture":"#0"}}},{"from":[10.72523,6.64595,6.5],"to":[12.72523,9.64595,8.5],"rotation":{"angle":-22.5,"axis":"z","origin":[8.22523,8.64595,6.25]},"faces":{"north":{"uv":[10.5,0,11.5,1.5],"texture":"#0"},"east":{"uv":[1.5,10.5,2.5,12],"texture":"#0"},"south":{"uv":[10.5,1.5,11.5,3],"texture":"#0"},"west":{"uv":[2.5,10.5,3.5,12],"texture":"#0"},"up":{"uv":[13,8,12,7],"texture":"#0"},"down":{"uv":[8.5,12,7.5,13],"texture":"#0"}}},{"from":[4,0,6.5],"to":[12,6,9.5],"rotation":{"angle":0,"axis":"y","origin":[4.5,5,6.25]},"faces":{"north":{"uv":[0,0,4,3],"texture":"#0"},"east":{"uv":[4,3,5.5,6],"texture":"#0"},"south":{"uv":[0,3,4,6],"texture":"#0"},"west":{"uv":[5.5,3,7,6],"texture":"#0"},"up":{"uv":[8,1.5,4,0],"texture":"#0"},"down":{"uv":[8,1.5,4,3],"texture":"#0"}}},{"from":[6,0,9.5],"to":[10,4,13.5],"rotation":{"angle":22.5,"axis":"x","origin":[4.5,5,9.25]},"faces":{"north":{"uv":[0,6,2,8],"texture":"#0"},"east":{"uv":[2,6,4,8],"texture":"#0"},"south":{"uv":[4,6,6,8],"texture":"#0"},"west":{"uv":[6,6,8,8],"texture":"#0"},"up":{"uv":[9,5,7,3],"texture":"#0"},"down":{"uv":[2,8,0,10],"texture":"#0"}}},{"from":[1.78179,2.81285,6.5],"to":[4.78179,4.81285,8.5],"rotation":{"angle":-22.5,"axis":"z","origin":[2.78179,3.81285,8.5]},"faces":{"north":{"uv":[10,6,11.5,7],"texture":"#0"},"east":{"uv":[12,8,13,9],"texture":"#0"},"south":{"uv":[3.5,10.5,5,11.5],"texture":"#0"},"west":{"uv":[12,9,13,10],"texture":"#0"},"up":{"uv":[1.5,12,0,11],"texture":"#0"},"down":{"uv":[12.5,3,11,4],"texture":"#0"}}},{"from":[7,0.32406,10.65411],"to":[9,2.32406,12.65411],"rotation":{"angle":22.5,"axis":"x","origin":[7,-2.4916,9.52614]},"faces":{"north":{"uv":[0,0,1,1],"texture":"#0"},"east":{"uv":[12,11.5,13,12.5],"texture":"#0"},"south":{"uv":[4.5,6.5,5.5,7.5],"texture":"#0"},"west":{"uv":[12,10,13,11],"texture":"#0"},"up":{"uv":[6.5,12.5,7.5,13.5],"texture":"#0"},"down":{"uv":[3,12.5,4,13.5],"texture":"#0"}}}],"gui_light":"front","display":{"thirdperson_righthand":{"translation":[0,6,-5.25]},"thirdperson_lefthand":{"translation":[0,6,-5.25]},"firstperson_righthand":{"translation":[2.5,2.5,-0.5]},"firstperson_lefthand":{"translation":[2.5,2.5,-0.5]},"ground":{"translation":[0,3,0],"scale":[0.5,0.5,0.5]},"gui":{"rotation":[0,44,0],"translation":[1,2.75,0]},"head":{"translation":[0,7.25,7],"scale":[1.9,1.9,1.9]},"fixed":{"translation":[0,6.25,-11],"scale":[2,2,2]}},"groups":[{"name":"halloween_hand_hat","origin":[2.78179,3.81285,13.5],"color":0,"children":[0,1,2,3,4,5,6,7,8,9,10,11,12]}],"mcmodels":"b7cfd19538e7c7d6d03cb9b83a35bd5c"}