{
   "sources":[
      {
         "source":"entity",
         "prefix":"entity/",
         "type":"directory"
      },
      {
         "pattern":{
            "namespace":"minecraft",
            "path":"entity/fishing_hook"
         },
         "type":"filter"
      },
      {
         "type":"single",
         "resource":"_iainternal:icons/icon_left_blue"
      },
      {
         "type":"single",
         "resource":"plny_coral_summer:armor/plny_coral_summer_leggings_icon"
      },
      {
         "type":"single",
         "resource":"plny_coral_summer:staff_outline"
      },
      {
         "type":"single",
         "resource":"plny_coral_summer:helmet"
      },
      {
         "type":"single",
         "resource":"_iainternal:icons/icon_next_orange"
      },
      {
         "type":"single",
         "resource":"plny_coral_summer:pearl_outline_2"
      },
      {
         "type":"single",
         "resource":"modelengine:entity/nm_squirrel_red_texture"
      },
      {
         "type":"single",
         "resource":"plny_coral_summer:key"
      },
      {
         "type":"single",
         "resource":"modelengine:entity/scorpion"
      },
      {
         "type":"single",
         "resource":"_iainternal:icons/icon_cancel"
      },
      {
         "type":"single",
         "resource":"modelengine:entity/nm_blue_tit_texture"
      },
      {
         "type":"single",
         "resource":"_iainternal:icons/icon_arrow_chest"
      },
      {
         "type":"single",
         "resource":"plny_coral_summer:armor/plny_coral_summer_helmet_icon"
      },
      {
         "type":"single",
         "resource":"modelengine:entity/nm_squirrel_gray_texture"
      },
      {
         "type":"single",
         "resource":"modelengine:entity/nm_squirrel_brown_texture"
      },
      {
         "type":"single",
         "resource":"modelengine:entity/nm_cardinal_texture"
      },
      {
         "type":"single",
         "resource":"plny_coral_summer:animated/bubble_1"
      },
      {
         "type":"single",
         "resource":"plny_coral_summer:chest"
      },
      {
         "type":"single",
         "resource":"plny_coral_summer:animated/animated_1"
      },
      {
         "type":"single",
         "resource":"plny_coral_summer:animated/animated_2"
      },
      {
         "type":"single",
         "resource":"plny_coral_summer:wings"
      },
      {
         "type":"single",
         "resource":"modelengine:entity/nm_alligator_texture"
      },
      {
         "type":"single",
         "resource":"modelengine:entity/nm_robin_texture"
      },
      {
         "type":"single",
         "resource":"plny_coral_summer:weapons_tools"
      },
      {
         "type":"single",
         "resource":"plny_coral_summer:coral"
      },
      {
         "type":"single",
         "resource":"_iainternal:icons/icon_back_orange"
      },
      {
         "type":"single",
         "resource":"_iainternal:icons/icon_search"
      },
      {
         "type":"single",
         "resource":"_iainternal:icons/icon_right_blue"
      },
      {
         "type":"single",
         "resource":"plny_coral_summer:armor/plny_coral_summer_chestplate_icon"
      },
      {
         "type":"single",
         "resource":"plny_coral_summer:armor/plny_coral_summer_boots_icon"
      },
      {
         "type":"single",
         "resource":"minewave:item/parrot/axe"
      },
      {
         "type":"single",
         "resource":"minewave:item/parrot/bow"
      },
      {
         "type":"single",
         "resource":"minewave:item/parrot/bow_0"
      },
      {
         "type":"single",
         "resource":"minewave:item/parrot/bow_1"
      },
      {
         "type":"single",
         "resource":"minewave:item/parrot/bow_2"
      },
      {
         "type":"single",
         "resource":"minewave:item/parrot/crate"
      },
      {
         "type":"single",
         "resource":"minewave:item/parrot/crossbow"
      },
      {
         "type":"single",
         "resource":"minewave:item/parrot/crossbow_1"
      },
      {
         "type":"single",
         "resource":"minewave:item/parrot/crossbow_2"
      },
      {
         "type":"single",
         "resource":"minewave:item/parrot/fishing_rod"
      },
      {
         "type":"single",
         "resource":"minewave:item/parrot/hammer"
      },
      {
         "type":"single",
         "resource":"minewave:item/parrot/hat"
      },
      {
         "type":"single",
         "resource":"minewave:item/parrot/head"
      },
      {
         "type":"single",
         "resource":"minewave:item/parrot/key"
      },
      {
         "type":"single",
         "resource":"minewave:item/parrot/pickaxe"
      },
      {
         "type":"single",
         "resource":"minewave:item/parrot/shield"
      },
      {
         "type":"single",
         "resource":"minewave:item/parrot/shovel"
      },
      {
         "type":"single",
         "resource":"minewave:item/parrot/spear"
      },
      {
         "type":"single",
         "resource":"minewave:item/parrot/staff"
      },
      {
         "type":"single",
         "resource":"minewave:item/parrot/sword"
      },
      {
         "type":"single",
         "resource":"minewave:item/parrot/trident"
      },
      {
         "type":"single",
         "resource":"minewave:item/parrot/wings"
      },
      {
         "type":"single",
         "resource":"minewave:item/parrot/armor/boots"
      },
      {
         "type":"single",
         "resource":"minewave:item/parrot/armor/legs"
      },
      {
         "type":"single",
         "resource":"minewave:item/parrot/armor/chest"
      },
      {
         "type":"single",
         "resource":"minewave:item/parrot/armor/helmet"
      },
      {
         "type":"single",
         "resource":"minewave:item/dinosaur/armor/helmet"
      },
      {
         "type":"single",
         "resource":"minewave:item/dinosaur/armor/chest"
      },
      {
         "type":"single",
         "resource":"minewave:item/dinosaur/armor/legs"
      },
      {
         "type":"single",
         "resource":"minewave:item/dinosaur/armor/boots"
      },
      {
         "type":"single",
         "resource":"minewave:item/dinosaur/armor/helmet"
      },
      {
         "type":"single",
         "resource":"minewave:item/dinosaur/bow"
      },
      {
         "type":"single",
         "resource":"minewave:item/dinosaur/bow_0"
      },
      {
         "type":"single",
         "resource":"minewave:item/dinosaur/bow_1"
      },
      {
         "type":"single",
         "resource":"minewave:item/dinosaur/bow_2"
      },
      {
         "type":"single",
         "resource":"minewave:item/dinosaur/crate"
      },
      {
         "type":"single",
         "resource":"minewave:item/dinosaur/crossbow"
      },
      {
         "type":"single",
         "resource":"minewave:item/dinosaur/crossbow_0"
      },
      {
         "type":"single",
         "resource":"minewave:item/dinosaur/crossbow_1"
      },
      {
         "type":"single",
         "resource":"minewave:item/dinosaur/crossbow_2"
      },
      {
         "type":"single",
         "resource":"minewave:item/dinosaur/crossbow_charged"
      },
      {
         "type":"single",
         "resource":"minewave:item/dinosaur/crossbow_firework"
      },
      {
         "type":"single",
         "resource":"minewave:item/dinosaur/dinosauraxe"
      },
      {
         "type":"single",
         "resource":"minewave:item/dinosaur/dinosaurhammer"
      },
      {
         "type":"single",
         "resource":"minewave:item/dinosaur/dinosaurhat"
      },
      {
         "type":"single",
         "resource":"minewave:item/dinosaur/dinosaurhoe"
      },
      {
         "type":"single",
         "resource":"minewave:item/dinosaur/dinosaurshovel"
      },
      {
         "type":"single",
         "resource":"minewave:item/dinosaur/dinosaurspear"
      },
      {
         "type":"single",
         "resource":"minewave:item/dinosaur/dinosaurstaff"
      },
      {
         "type":"single",
         "resource":"minewave:item/dinosaur/dinosaursword"
      },
      {
         "type":"single",
         "resource":"minewave:item/dinosaur/dinosaurtrident"
      },
      {
         "type":"single",
         "resource":"minewave:item/dinosaur/dinosaurwings"
      },
      {
         "type":"single",
         "resource":"minewave:item/dinosaur/fishing_rod"
      },
      {
         "type":"single",
         "resource":"minewave:item/dinosaur/fishing_rod_cast"
      },
      {
         "type":"single",
         "resource":"minewave:item/dinosaur/pickaxe"
      },
      {
         "type":"single",
         "resource":"minewave:item/dinosaur/shield"
      },
      {
         "type":"single",
         "resource":"minewave:item/dinosaur/shield_blocking"
      }
   ]
}