{
   "sources":[
      {
         "source":"entity",
         "prefix":"entity/",
         "type":"directory"
      },
      {
         "pattern":{
            "namespace":"minecraft",
            "path":"entity/fishing_hook"
         },
         "type":"filter"
      },
      {
         "type":"single",
         "resource":"_iainternal:icons/icon_left_blue"
      },
      {
         "type":"single",
         "resource":"plny_coral_summer:armor/plny_coral_summer_leggings_icon"
      },
      {
         "type":"single",
         "resource":"plny_coral_summer:staff_outline"
      },
      {
         "type":"single",
         "resource":"plny_coral_summer:helmet"
      },
      {
         "type":"single",
         "resource":"_iainternal:icons/icon_next_orange"
      },
      {
         "type":"single",
         "resource":"plny_coral_summer:pearl_outline_2"
      },
      {
         "type":"single",
         "resource":"modelengine:entity/nm_squirrel_red_texture"
      },
      {
         "type":"single",
         "resource":"plny_coral_summer:key"
      },
      {
         "type":"single",
         "resource":"modelengine:entity/scorpion"
      },
      {
         "type":"single",
         "resource":"_iainternal:icons/icon_cancel"
      },
      {
         "type":"single",
         "resource":"modelengine:entity/nm_blue_tit_texture"
      },
      {
         "type":"single",
         "resource":"_iainternal:icons/icon_arrow_chest"
      },
      {
         "type":"single",
         "resource":"plny_coral_summer:armor/plny_coral_summer_helmet_icon"
      },
      {
         "type":"single",
         "resource":"modelengine:entity/nm_squirrel_gray_texture"
      },
      {
         "type":"single",
         "resource":"modelengine:entity/nm_squirrel_brown_texture"
      },
      {
         "type":"single",
         "resource":"modelengine:entity/nm_cardinal_texture"
      },
      {
         "type":"single",
         "resource":"plny_coral_summer:animated/bubble_1"
      },
      {
         "type":"single",
         "resource":"plny_coral_summer:chest"
      },
      {
         "type":"single",
         "resource":"plny_coral_summer:animated/animated_1"
      },
      {
         "type":"single",
         "resource":"plny_coral_summer:animated/animated_2"
      },
      {
         "type":"single",
         "resource":"plny_coral_summer:wings"
      },
      {
         "type":"single",
         "resource":"modelengine:entity/nm_alligator_texture"
      },
      {
         "type":"single",
         "resource":"modelengine:entity/nm_robin_texture"
      },
      {
         "type":"single",
         "resource":"plny_coral_summer:weapons_tools"
      },
      {
         "type":"single",
         "resource":"plny_coral_summer:coral"
      },
      {
         "type":"single",
         "resource":"_iainternal:icons/icon_back_orange"
      },
      {
         "type":"single",
         "resource":"_iainternal:icons/icon_search"
      },
      {
         "type":"single",
         "resource":"_iainternal:icons/icon_right_blue"
      },
      {
         "type":"single",
         "resource":"plny_coral_summer:armor/plny_coral_summer_chestplate_icon"
      },
      {
         "type":"single",
         "resource":"plny_coral_summer:armor/plny_coral_summer_boots_icon"
      },
      {
         "type":"single",
         "resource":"minewave:item/parrot/axe"
      },
      {
         "type":"single",
         "resource":"minewave:item/parrot/bow"
      },
      {
         "type":"single",
         "resource":"minewave:item/parrot/bow_0"
      },
      {
         "type":"single",
         "resource":"minewave:item/parrot/bow_1"
      },
      {
         "type":"single",
         "resource":"minewave:item/parrot/bow_2"
      },
      {
         "type":"single",
         "resource":"minewave:item/parrot/crate"
      },
      {
         "type":"single",
         "resource":"minewave:item/parrot/crossbow"
      },
      {
         "type":"single",
         "resource":"minewave:item/parrot/crossbow_1"
      },
      {
         "type":"single",
         "resource":"minewave:item/parrot/crossbow_2"
      },
      {
         "type":"single",
         "resource":"minewave:item/parrot/fishing_rod"
      },
      {
         "type":"single",
         "resource":"minewave:item/parrot/hammer"
      },
      {
         "type":"single",
         "resource":"minewave:item/parrot/hat"
      },
      {
         "type":"single",
         "resource":"minewave:item/parrot/head"
      },
      {
         "type":"single",
         "resource":"minewave:item/parrot/key"
      },
      {
         "type":"single",
         "resource":"minewave:item/parrot/pickaxe"
      },
      {
         "type":"single",
         "resource":"minewave:item/parrot/shield"
      },
      {
         "type":"single",
         "resource":"minewave:item/parrot/shovel"
      },
      {
         "type":"single",
         "resource":"minewave:item/parrot/spear"
      },
      {
         "type":"single",
         "resource":"minewave:item/parrot/staff"
      },
      {
         "type":"single",
         "resource":"minewave:item/parrot/sword"
      },
      {
         "type":"single",
         "resource":"minewave:item/parrot/trident"
      },
      {
         "type":"single",
         "resource":"minewave:item/parrot/wings"
      },
      {
         "type":"single",
         "resource":"minewave:item/parrot/armor/boots"
      },
      {
         "type":"single",
         "resource":"minewave:item/parrot/armor/legs"
      },
      {
         "type":"single",
         "resource":"minewave:item/parrot/armor/chest"
      },
      {
         "type":"single",
         "resource":"minewave:item/parrot/armor/helmet"
      },
      {
         "type":"single",
         "resource":"minewave:item/dinosaur/armor/helmet"
      },
      {
         "type":"single",
         "resource":"minewave:item/dinosaur/armor/chest"
      },
      {
         "type":"single",
         "resource":"minewave:item/dinosaur/armor/legs"
      },
      {
         "type":"single",
         "resource":"minewave:item/dinosaur/armor/boots"
      },
      {
         "type":"single",
         "resource":"minewave:item/dinosaur/armor/helmet"
      },
      {
         "type":"single",
         "resource":"minewave:item/dinosaur/bow"
      },
      {
         "type":"single",
         "resource":"minewave:item/dinosaur/bow_0"
      },
      {
         "type":"single",
         "resource":"minewave:item/dinosaur/bow_1"
      },
      {
         "type":"single",
         "resource":"minewave:item/dinosaur/bow_2"
      },
      {
         "type":"single",
         "resource":"minewave:item/dinosaur/crate"
      },
      {
         "type":"single",
         "resource":"minewave:item/dinosaur/crossbow"
      },
      {
         "type":"single",
         "resource":"minewave:item/dinosaur/crossbow_0"
      },
      {
         "type":"single",
         "resource":"minewave:item/dinosaur/crossbow_1"
      },
      {
         "type":"single",
         "resource":"minewave:item/dinosaur/crossbow_2"
      },
      {
         "type":"single",
         "resource":"minewave:item/dinosaur/crossbow_charged"
      },
      {
         "type":"single",
         "resource":"minewave:item/dinosaur/crossbow_firework"
      },
      {
         "type":"single",
         "resource":"minewave:item/dinosaur/dinosauraxe"
      },
      {
         "type":"single",
         "resource":"minewave:item/dinosaur/dinosaurhammer"
      },
      {
         "type":"single",
         "resource":"minewave:item/dinosaur/dinosaurhat"
      },
      {
         "type":"single",
         "resource":"minewave:item/dinosaur/dinosaurhoe"
      },
      {
         "type":"single",
         "resource":"minewave:item/dinosaur/dinosaurshovel"
      },
      {
         "type":"single",
         "resource":"minewave:item/dinosaur/dinosaurspear"
      },
      {
         "type":"single",
         "resource":"minewave:item/dinosaur/dinosaurstaff"
      },
      {
         "type":"single",
         "resource":"minewave:item/dinosaur/dinosaursword"
      },
      {
         "type":"single",
         "resource":"minewave:item/dinosaur/dinosaurtrident"
      },
      {
         "type":"single",
         "resource":"minewave:item/dinosaur/dinosaurwings"
      },
      {
         "type":"single",
         "resource":"minewave:item/dinosaur/fishing_rod"
      },
      {
         "type":"single",
         "resource":"minewave:item/dinosaur/fishing_rod_cast"
      },
      {
         "type":"single",
         "resource":"minewave:item/dinosaur/pickaxe"
      },
      {
         "type":"single",
         "resource":"minewave:item/dinosaur/shield"
      },
      {
         "type":"single",
         "resource":"minewave:item/dinosaur/shield_blocking"
      },
      {
         "type":"single",
         "resource":"minewave:item/cosmetics/fall_hats/acorn_hat_texture"
      },
      {
         "type":"single",
         "resource":"minewave:item/cosmetics/fall_hats/fedora_hat_texture"
      },
      {
         "type":"single",
         "resource":"minewave:item/cosmetics/fall_hats/fox_hat_texture"
      },
      {
         "type":"single",
         "resource":"minewave:item/cosmetics/fall_hats/mushroom_hat_texture"
      },
      {
         "type":"single",
         "resource":"minewave:item/cosmetics/fall_hats/owl_hat_texture"
      },
      {
         "type":"single",
         "resource":"minewave:item/cosmetics/fall_hats/patchwork_hat_texture"
      },
      {
         "type":"single",
         "resource":"minewave:item/cosmetics/fall_hats/pumpkin_hat_texture"
      },
      {
         "type":"single",
         "resource":"minewave:item/cosmetics/fall_hats/scarecrow_hat_texture"
      },
      {
         "type":"single",
         "resource":"minewave:item/cosmetics/fall_hats/squirrel_hat_texture"
      },
      {
         "type":"single",
         "resource":"minewave:item/cosmetics/fall_hats/turkey_hat_texture"
      },
      {
         "type":"single",
         "resource":"minewave:item/cosmetics/halloween_hats/halloween_cat_hat_texture"
      },
      {
         "type":"single",
         "resource":"minewave:item/cosmetics/halloween_hats/halloween_cowboy_hat_texture"
      },
      {
         "type":"single",
         "resource":"minewave:item/cosmetics/halloween_hats/halloween_devil_hat_texture"
      },
      {
         "type":"single",
         "resource":"minewave:item/cosmetics/halloween_hats/halloween_ghost_hat_texture"
      },
      {
         "type":"single",
         "resource":"minewave:item/cosmetics/halloween_hats/halloween_hand_hat_texture"
      },
      {
         "type":"single",
         "resource":"minewave:item/cosmetics/halloween_hats/halloween_hog_hat_texture"
      },
      {
         "type":"single",
         "resource":"minewave:item/cosmetics/halloween_hats/halloween_pumpkin_hat_texture"
      },
      {
         "type":"single",
         "resource":"minewave:item/cosmetics/halloween_hats/halloween_skeleton_hat_texture"
      },
      {
         "type":"single",
         "resource":"minewave:item/cosmetics/halloween_hats/halloween_spider_hat_texture"
      },
      {
         "type":"single",
         "resource":"minewave:item/cosmetics/halloween_hats/halloween_witch_hat_texture"
      },
      {
         "type":"single",
         "resource":"minewave:item/halloween_pumpkin/axe"
      },
      {
         "type":"single",
         "resource":"minewave:item/halloween_pumpkin/bow"
      },
      {
         "type":"single",
         "resource":"minewave:item/halloween_pumpkin/chest"
      },
      {
         "type":"single",
         "resource":"minewave:item/halloween_pumpkin/crossbow"
      },
      {
         "type":"single",
         "resource":"minewave:item/halloween_pumpkin/fishing_rod"
      },
      {
         "type":"single",
         "resource":"minewave:item/halloween_pumpkin/hammer"
      },
      {
         "type":"single",
         "resource":"minewave:item/halloween_pumpkin/helmet"
      },
      {
         "type":"single",
         "resource":"minewave:item/halloween_pumpkin/hoe"
      },
      {
         "type":"single",
         "resource":"minewave:item/halloween_pumpkin/key"
      },
      {
         "type":"single",
         "resource":"minewave:item/halloween_pumpkin/mace"
      },
      {
         "type":"single",
         "resource":"minewave:item/halloween_pumpkin/pickaxe"
      },
      {
         "type":"single",
         "resource":"minewave:item/halloween_pumpkin/scythe"
      },
      {
         "type":"single",
         "resource":"minewave:item/halloween_pumpkin/shield"
      },
      {
         "type":"single",
         "resource":"minewave:item/halloween_pumpkin/shovel"
      },
      {
         "type":"single",
         "resource":"minewave:item/halloween_pumpkin/spear"
      },
      {
         "type":"single",
         "resource":"minewave:item/halloween_pumpkin/staff"
      },
      {
         "type":"single",
         "resource":"minewave:item/halloween_pumpkin/sword"
      },
      {
         "type":"single",
         "resource":"minewave:item/halloween_pumpkin/trident"
      },
      {
         "type":"single",
         "resource":"minewave:item/halloween_pumpkin/animated/animated_1"
      },
      {
         "type":"single",
         "resource":"minewave:item/halloween_pumpkin/animated/animated_2"
      },
      {
         "type":"single",
         "resource":"minewave:item/halloween_pumpkin/animated/animated_3"
      },
      {
         "type":"single",
         "resource":"minewave:item/halloween_pumpkin/animated/animated_4"
      },
      {
         "type":"single",
         "resource":"minewave:item/halloween_pumpkin/animated/animated_5"
      },
      {
         "type":"single",
         "resource":"minewave:item/halloween_pumpkin/animated/animated_6"
      },
      {
         "type":"single",
         "resource":"minewave:item/halloween_pumpkin/animated/animated_7"
      },
      {
         "type":"single",
         "resource":"minewave:item/halloween_pumpkin/animated/animated_8"
      },
      {
         "type":"single",
         "resource":"minewave:item/halloween_pumpkin/animated/animated_9"
      },
      {
         "type":"single",
         "resource":"minewave:item/halloween_pumpkin/animated/staff_outline"
      },
      {
         "type":"single",
         "resource":"minewave:item/halloween_pumpkin/animated/wings"
      },
      {
         "type":"single",
         "resource":"minewave:item/halloween_pumpkin/armor/boots"
      },
      {
         "type":"single",
         "resource":"minewave:item/halloween_pumpkin/armor/chest"
      },
      {
         "type":"single",
         "resource":"minewave:item/halloween_pumpkin/armor/legs"
      },
      {
         "type":"single",
         "resource":"minewave:item/halloween_pumpkin/armor/helmet"
      },
      {
         "type":"single",
         "resource":"minewave:item/thor/bow"
      },
      {
         "type":"single",
         "resource":"minewave:item/thor/bow_0"
      },
      {
         "type":"single",
         "resource":"minewave:item/thor/bow_1"
      },
      {
         "type":"single",
         "resource":"minewave:item/thor/bow_2"
      },
      {
         "type":"single",
         "resource":"minewave:item/thor/crate"
      },
      {
         "type":"single",
         "resource":"minewave:item/thor/crossbow"
      },
      {
         "type":"single",
         "resource":"minewave:item/thor/crossbow_0"
      },
      {
         "type":"single",
         "resource":"minewave:item/thor/crossbow_1"
      },
      {
         "type":"single",
         "resource":"minewave:item/thor/crossbow_2"
      },
      {
         "type":"single",
         "resource":"minewave:item/thor/fishing_rod"
      },
      {
         "type":"single",
         "resource":"minewave:item/thor/fishing_rod_cast"
      },
      {
         "type":"single",
         "resource":"minewave:item/thor/pickaxe"
      },
      {
         "type":"single",
         "resource":"minewave:item/thor/shield"
      },
      {
         "type":"single",
         "resource":"minewave:item/thor/thoraxe"
      },
      {
         "type":"single",
         "resource":"minewave:item/thor/thorcape"
      },
      {
         "type":"single",
         "resource":"minewave:item/thor/thorhammer"
      },
      {
         "type":"single",
         "resource":"minewave:item/thor/thorhelmet"
      },
      {
         "type":"single",
         "resource":"minewave:item/thor/thorhoe"
      },
      {
         "type":"single",
         "resource":"minewave:item/thor/thorkey"
      },
      {
         "type":"single",
         "resource":"minewave:item/thor/thorshovel"
      },
      {
         "type":"single",
         "resource":"minewave:item/thor/thorspear"
      },
      {
         "type":"single",
         "resource":"minewave:item/thor/thorstaff"
      },
      {
         "type":"single",
         "resource":"minewave:item/thor/thorsword"
      },
      {
         "type":"single",
         "resource":"minewave:item/thor/thortrident"
      },
      {
         "type":"single",
         "resource":"minewave:item/thor/armor/boots"
      },
      {
         "type":"single",
         "resource":"minewave:item/thor/armor/chest"
      },
      {
         "type":"single",
         "resource":"minewave:item/thor/armor/legs"
      },
      {
         "type":"single",
         "resource":"minewave:item/thor/armor/helmet"
      }
   ]
}