{"sources":[{"source":"entity","prefix":"entity/","type":"directory"},{"pattern":{"namespace":"minecraft","path":"entity/fishing_hook"},"type":"filter"},{"type":"single","resource":"_iainternal:icons/icon_left_blue"},{"type":"single","resource":"plny_coral_summer:armor/plny_coral_summer_leggings_icon"},{"type":"single","resource":"plny_coral_summer:staff_outline"},{"type":"single","resource":"plny_coral_summer:helmet"},{"type":"single","resource":"_iainternal:icons/icon_next_orange"},{"type":"single","resource":"plny_coral_summer:pearl_outline_2"},{"type":"single","resource":"modelengine:entity/nm_squirrel_red_texture"},{"type":"single","resource":"plny_coral_summer:key"},{"type":"single","resource":"modelengine:entity/scorpion"},{"type":"single","resource":"_iainternal:icons/icon_cancel"},{"type":"single","resource":"modelengine:entity/nm_blue_tit_texture"},{"type":"single","resource":"_iainternal:icons/icon_arrow_chest"},{"type":"single","resource":"plny_coral_summer:armor/plny_coral_summer_helmet_icon"},{"type":"single","resource":"modelengine:entity/nm_squirrel_gray_texture"},{"type":"single","resource":"modelengine:entity/nm_squirrel_brown_texture"},{"type":"single","resource":"modelengine:entity/nm_cardinal_texture"},{"type":"single","resource":"plny_coral_summer:animated/bubble_1"},{"type":"single","resource":"plny_coral_summer:chest"},{"type":"single","resource":"plny_coral_summer:animated/animated_1"},{"type":"single","resource":"plny_coral_summer:animated/animated_2"},{"type":"single","resource":"plny_coral_summer:wings"},{"type":"single","resource":"modelengine:entity/nm_alligator_texture"},{"type":"single","resource":"modelengine:entity/nm_robin_texture"},{"type":"single","resource":"plny_coral_summer:weapons_tools"},{"type":"single","resource":"plny_coral_summer:coral"},{"type":"single","resource":"_iainternal:icons/icon_back_orange"},{"type":"single","resource":"_iainternal:icons/icon_search"},{"type":"single","resource":"_iainternal:icons/icon_right_blue"},{"type":"single","resource":"plny_coral_summer:armor/plny_coral_summer_chestplate_icon"},{"type":"single","resource":"plny_coral_summer:armor/plny_coral_summer_boots_icon"}]}